Date,ret_1d,ret_5d,vol_5d,vol_10d,mom_10d,mom_20d,drawdown_20d,Risk_Off,hawkish_share,dovish_share,neutral_share,macro_tone_signal,macro_tone_signal_ema
2016-04-01,-0.0032758709810812,-0.0004470938897168,0.0114033857025175,0.0092232378702363,0.0285780963493915,0.0679492682386497,-0.0032758709810812,0,0.2966507177033493,0.2942583732057416,0.4090909090909091,0.0023923444976076,0.0023923444976076
2016-04-04,0.0059315056948936,0.0188704022271539,0.00882243367105,0.0092636377277955,0.0327784840034341,0.052918705089668,0.0,0,0.2966507177033493,0.2942583732057416,0.4090909090909091,0.0023923444976076,0.0023923444976076
2016-04-05,-0.0200546476259215,0.0008161116230089,0.0139544788603553,0.0112153203675464,-0.0001512292306378,0.017068864037669,-0.0200546476259215,1,0.2966507177033493,0.2942583732057416,0.4090909090909091,0.0023923444976076,0.0023923444976076
2016-04-06,0.0014664877946128,-0.0156233840107559,0.0100281838076334,0.0102684200709837,-0.0116688840575006,0.0172336630885663,-0.0186175697272773,1,0.2966507177033493,0.2942583732057416,0.4090909090909091,0.0023923444976076,0.0023923444976076
2016-04-07,-0.008917373117863,-0.0248048692236121,0.0100780655783552,0.0105027991586539,-0.0218343724481198,0.0081693452500233,-0.0273689230293344,0,0.2966507177033493,0.2942583732057416,0.4090909090909091,0.0023923444976076,0.0023923444976076
2016-04-08,0.0011594855859378,-0.0204653152773546,0.0104526968470066,0.0105308769813515,-0.0209032592496598,0.0031068270532939,-0.0262411713151519,0,0.2966507177033493,0.2942583732057416,0.4090909090909091,0.0023923444976076,0.0023923444976076
2016-04-11,0.0153801355357898,-0.0112646285508068,0.0132070223049768,0.0110460852826752,0.0073932056046537,0.0247456970538928,-0.0112646285508068,0,0.2966507177033493,0.2942583732057416,0.4090909090909091,0.0023923444976076,0.0023923444976076
2016-04-12,0.0048948040774825,0.0139086174242424,0.0087237368020049,0.0110536601559379,0.0147360800315914,0.0264640089478309,-0.0064249626230861,0,0.2966507177033493,0.2942583732057416,0.4090909090909091,0.0023923444976076,0.0023923444976076
2016-04-13,0.0183552883336901,0.0310072429032024,0.011041602640422,0.0110812149554613,0.014899420829455,0.0413463770518984,0.0,0,0.2966507177033493,0.2942583732057416,0.4090909090909091,0.0023923444976076,0.0023923444976076
2016-04-18,0.0081842442152997,0.0487977790881806,0.00716677091973,0.0112647505515681,0.0227824873358835,0.0608664182505427,0.0,0,0.2966507177033493,0.2942583732057416,0.4090909090909091,0.0023923444976076,0.0023923444976076
2016-04-20,6.317358838714426e-06,0.0475897395171538,0.0075161312002576,0.0111308548857819,0.0261504852166134,0.0554759126521087,0.0,0,0.2966507177033493,0.2942583732057416,0.4090909090909091,0.0023923444976076,0.0023923444976076
2016-04-21,-0.0003411352222116,0.0313697630158771,0.0076573162699977,0.0111015002367973,0.0197517657369696,0.0531776826776526,-0.0003411352222116,0,0.2966507177033493,0.2942583732057416,0.4090909090909091,0.0023923444976076,0.0023923444976076
2016-04-22,-0.0016114660549415,0.0246920786877591,0.0084505343550217,0.0081739222917915,0.0389441287878788,0.0387870100666065,-0.0019520515493224,0,0.2966507177033493,0.2942583732057416,0.4090909090909091,0.0023923444976076,0.0023923444976076
2016-04-25,-0.0056017621814591,0.0005859536714456,0.0050247855501488,0.0086928084254327,0.0316113653824685,0.0195736119674205,-0.0075428788022362,0,0.2966507177033493,0.2942583732057416,0.4090909090909091,0.0023923444976076,0.0023923444976076
2016-04-26,0.0136981941553522,0.0060583471262334,0.0073172507547119,0.0081277450871372,0.0551517600991193,0.032113183579826,0.0,0,0.2966507177033493,0.2942583732057416,0.4090909090909091,0.0023923444976076,0.0023923444976076
2016-04-27,0.002166364212919,0.0082314665655895,0.0072906571164252,0.008075272457514,0.0562129394324437,0.0341346465366421,0.0,0,0.2966507177033493,0.2942583732057416,0.4090909090909091,0.0023923444976076,0.0023923444976076
2016-04-28,-0.0166230153260065,-0.008190039243938,0.0110671281840227,0.0098720659363694,0.0229228041817661,0.030485482790771,-0.0166230153260065,0,0.2966507177033493,0.2942583732057416,0.4090909090909091,0.0023923444976076,0.0023923444976076
2016-04-29,0.0003249546019306,-0.0062663780334966,0.0111002111125575,0.009844995640216,0.0182709707547721,0.0332762932736607,-0.016303462449404,0,0.2966507177033493,0.2942583732057416,0.4090909090909091,0.0023923444976076,0.0023923444976076
2016-05-02,-0.0055924991719534,-0.0062571212150146,0.0110992950130683,0.0081527757294823,-0.0056748339267176,0.0091400351639259,-0.0218047845211092,0,0.2966507177033493,0.2942583732057416,0.4090909090909091,0.0023923444976076,0.0023923444976076
2016-05-03,-0.0075455745013386,-0.0270826923197678,0.0074264230334327,0.0077921952707133,-0.0211884215447205,0.0011113408456528,-0.0291858293963582,0,0.2966507177033493,0.2942583732057416,0.4090909090909091,0.0023923444976076,0.0023923444976076
2016-05-04,-0.0052213760165225,-0.0342548152232483,0.006157843320791,0.0078096324588997,-0.0263053160238794,-0.0008427275850668,-0.0342548152232483,0,0.2966507177033493,0.2942583732057416,0.4090909090909091,0.0023923444976076,0.0023923444976076
2016-05-05,0.0037565447573817,-0.0142406575551945,0.0047148637289146,0.0080472352939953,-0.0223140652548959,-0.0030030417074805,-0.0306269502124086,0,0.2966507177033493,0.2942583732057416,0.4090909090909091,0.0023923444976076,0.0023923444976076
2016-05-06,-0.0002650119578566,-0.0148220336823868,0.0046218334665524,0.0080698733302911,-0.0209955312496044,0.0171309448653198,-0.0308838456622263,0,0.2966507177033493,0.2942583732057416,0.4090909090909091,0.0023923444976076,0.0023923444976076
2016-05-09,0.0171462930516135,0.0077057097836252,0.0097466090465171,0.0099558763742836,0.0014003730084468,0.0330560060937572,-0.0142670960788982,0,0.2966507177033493,0.2942583732057416,0.4090909090909091,0.0023923444976076,0.0023923444976076
2016-05-10,0.0027650472600606,0.0181747773331613,0.0083212395681077,0.0088453435195726,-0.0094001368891009,0.0452331891154118,-0.0115414980137594,0,0.2966507177033493,0.2942583732057416,0.4090909090909091,0.0023923444976076,0.0023923444976076
2016-05-11,-0.0049380055275235,0.0184648123998416,0.0082464589859453,0.0088562042602459,-0.0164225115602951,0.0388672702244812,-0.0164225115602951,0,0.2966507177033493,0.2942583732057416,0.4090909090909091,0.0023923444976076,0.0023923444976076
2016-05-12,0.0065678411487031,0.0213173033417362,0.0083471026162711,0.0074088966990896,0.0067730733696518,0.0298511353859791,-0.0099625308587827,0,0.2966507177033493,0.2942583732057416,0.4090909090909091,0.0023923444976076,0.0023923444976076
2016-05-13,-0.0108222368487671,0.0105321686957309,0.0107622368388241,0.0082611343405618,-0.0044459731458127,0.0137437653636356,-0.0206769508389829,0,0.2966507177033493,0.2942583732057416,0.4090909090909091,0.0023923444976076,0.0023923444976076
2016-05-16,0.0058669976583194,-0.0006737816311872,0.0075273766079176,0.0082579235533262,0.0070267361867306,0.0013120266991064,-0.014931264802817,0,0.2966507177033493,0.2942583732057416,0.4090909090909091,0.0023923444976076,0.0023923444976076
2016-05-17,0.0038164297299876,0.0003739952838559,0.007641659218125,0.0077592039283085,0.018555569898025,-0.0030260148836973,-0.0111718191957291,0,0.2966507177033493,0.2942583732057416,0.4090909090909091,0.0023923444976076,0.0023923444976076
2016-05-18,-0.0026106517124481,0.0027137733553321,0.0073224141237399,0.0075348714880441,0.0212286950710758,-0.0056350484854228,-0.0137533051792628,0,0.2966507177033493,0.2942583732057416,0.4090909090909091,0.0023923444976076,0.0023923444976076
2016-05-19,-0.0110226615757006,-0.0148093767404181,0.0079180025305252,0.0085597471549533,0.0061922306250403,-0.0162600084680961,-0.0246243687264251,0,0.2966507177033493,0.2942583732057416,0.4090909090909091,0.0023923444976076,0.0023923444976076
2016-05-20,-0.0043297273685021,-0.0083430370190277,0.0067516203220724,0.0087033516796835,0.0021012614033839,-0.0189383869456787,-0.0288474792917203,0,0.2966507177033493,0.2942583732057416,0.4090909090909091,0.0023923444976076,0.0023923444976076
2016-05-23,-0.0024065447694748,-0.0164996978659797,0.0053060416171802,0.0063669185655731,-0.0171623623038246,-0.0157860230043093,-0.0311846013107932,0,0.2966507177033493,0.2942583732057416,0.4090909090909091,0.0023923444976076,0.0023923444976076
2016-05-24,0.0023024039425434,-0.0179830814561352,0.004818428736416,0.0063323644124836,-0.0176158117599329,-0.0268503576070779,-0.0289539969172545,0,0.2966507177033493,0.2942583732057416,0.4090909090909091,0.0023923444976076,0.0023923444976076
2016-05-25,0.0240100143892318,0.0082272891876267,0.013352775929454,0.0101704727138736,0.0109633895411429,-0.0056391684106317,0.0,0,0.2966507177033493,0.2942583732057416,0.4090909090909091,0.0023923444976076,0.0023923444976076
2016-05-26,0.0169819405411535,0.0367769869208829,0.0125240510129313,0.0112628470446186,0.0214229659257758,0.0283411386154384,0.0,0,0.2966507177033493,0.2942583732057416,0.4090909090909091,0.0023923444976076,0.0023923444976076
2016-05-27,0.0107811367283587,0.0525117101307146,0.0107034624105944,0.0105408041647725,0.0437305659701339,0.0390901679023669,0.0,0,0.2966507177033493,0.2942583732057416,0.4090909090909091,0.0023923444976076,0.0023923444976076
2016-05-30,0.00267879582917,0.0578770024770245,0.0093456821115999,0.0105376657098828,0.0404223515567852,0.0477331249439527,0.0,0,0.2966507177033493,0.2942583732057416,0.4090909090909091,0.0023923444976076,0.0023923444976076
2016-05-31,-0.0022498013083083,0.0530723913871089,0.0105868550262885,0.0107236603262462,0.0341349047935874,0.0533238673034723,-0.0022498013083083,0,0.2966507177033493,0.2942583732057416,0.4090909090909091,0.0023923444976076,0.0023923444976076
2016-06-01,0.0024325682283303,0.0308825568060089,0.0076681229719293,0.0105256328910327,0.0393639257193318,0.0614282655663038,0.0,0,0.2966507177033493,0.2942583732057416,0.4090909090909091,0.0023923444976076,0.0023923444976076
2016-06-02,0.0047677553041278,0.0185014219947583,0.0047257372956155,0.0091267095299569,0.0559588354703601,0.0624975761101416,0.0,0,0.2966507177033493,0.2942583732057416,0.4090909090909091,0.0023923444976076,0.0023923444976076
2016-06-03,0.000225089579569,0.007864748395481,0.0026738901114705,0.008684767016551,0.0607894499141901,0.0630184458424119,0.0,0,0.2966507177033493,0.2942583732057416,0.4090909090909091,0.0023923444976076,0.0023923444976076
2016-06-06,-0.0024024425846632,0.00275722932078,0.0030819955767456,0.0086843284073788,0.0607938119660329,0.0425880842354167,-0.0024024425846632,0,0.2966507177033493,0.2942583732057416,0.4090909090909091,0.0023923444976076,0.0023923444976076
2016-06-07,0.0079745886197499,0.0130329285180328,0.0040086790035701,0.0086042852423752,0.0667970085883711,0.0480045132990187,0.0,0,0.2966507177033493,0.2942583732057416,0.4090909090909091,0.0023923444976076,0.0023923444976076
2016-06-08,0.0007984080227907,0.0113814876619049,0.0040914556778578,0.0061396708081238,0.0426155339071696,0.0540461341470404,0.0,0,0.2966507177033493,0.2942583732057416,0.4090909090909091,0.0023923444976076,0.0023923444976076
2016-06-09,-0.0083947274584341,-0.001867635160209,0.0059135019932975,0.0054777422386812,0.0165992329283179,0.0383778036555111,-0.0083947274584341,0,0.2966507177033493,0.2942583732057416,0.4090909090909091,0.0023923444976076,0.0023923444976076
2016-06-10,-0.0040896679506557,-0.0061733651226156,0.0061180934782037,0.0046884517998212,0.0016428313094223,0.0454452392225108,-0.0124500637612487,0,0.2966507177033493,0.2942583732057416,0.4090909090909091,0.0023923444976076,0.0023923444976076
2016-06-13,-0.0072765772547291,-0.0110290755452044,0.0067124847338432,0.0051333496101602,-0.0083022559148987,0.0317844989345801,-0.0196360471651928,0,0.2966507177033493,0.2942583732057416,0.4090909090909091,0.0023923444976076,0.0023923444976076
2016-06-14,-0.0002157670209356,-0.0190650158169468,0.0041008456232517,0.0051107138406967,-0.0062805602872514,0.0276399581788804,-0.0198475773747286,0,0.2966507177033493,0.2942583732057416,0.4090909090909091,0.0023923444976076,0.0023923444976076
2016-06-15,0.0120547303255085,-0.0080321042420871,0.0082607027812788,0.0064731031314282,0.0032579661244873,0.0427501381803396,-0.0080321042420871,0,0.2966507177033493,0.2942583732057416,0.4090909090909091,0.0023923444976076,0.0023923444976076
2016-06-16,-0.0080240294397192,-0.0076612706616607,0.0081856219521774,0.006759392333129,-0.0095145973634102,0.045911812318524,-0.0159916838409049,0,0.2966507177033493,0.2942583732057416,0.4090909090909091,0.0023923444976076,0.0023923444976076
2016-06-17,0.0036176028007246,1.8359740760365284e-05,0.0083032958663687,0.0069075980740178,-0.0061551187232385,0.0542601649096095,-0.0124319326004314,1,0.2966507177033493,0.2942583732057416,0.4090909090909091,0.0023923444976076,0.0023923444976076
2016-06-20,0.0083596484786174,0.0157694868443765,0.0077916666615957,0.0074146085974085,0.0045664884374563,0.0656379146429009,-0.0041762107082634,1,0.2966507177033493,0.2942583732057416,0.4090909090909091,0.0023923444976076,0.0023923444976076
2016-06-21,-0.0022576925411179,0.0136949135820738,0.0080615692027784,0.0069574304304871,-0.005631195978927,0.0607896655632771,-0.0064244746496152,1,0.2966507177033493,0.2942583732057416,0.4090909090909091,0.0023923444976076,0.0023923444976076
2016-06-22,-0.0019708268957041,-0.0003533741135183,0.0062514397875407,0.0069532251470385,-0.0083826400178892,0.0338756632093664,-0.0083826400178892,1,0.2966507177033493,0.2942583732057416,0.4090909090909091,0.0023923444976076,0.0023923444976076
2016-06-23,0.0081365725221547,0.0159321929797624,0.0051886255508931,0.0069172285954608,0.0081488614754499,0.0248833592534993,-0.0003142734541672,1,0.2966507177033493,0.2942583732057416,0.4090909090909091,0.0023923444976076,0.0023923444976076
2016-06-24,-0.0219879208507397,-0.009987515605493,0.0123454546301374,0.0099731516229197,-0.0099693392329299,-0.0083428858661336,-0.0222952840850713,1,0.2966507177033493,0.2942583732057416,0.4090909090909091,0.0023923444976076,0.0023923444976076
2016-06-27,0.0007541478129713,-0.0174546337318687,0.0111712402462695,0.009728002397547,-0.0019603975045003,-0.0102463776976218,-0.0215579502118323,1,0.2966507177033493,0.2942583732057416,0.4090909090909091,0.0023923444976076,0.0023923444976076
2016-06-28,0.0040952722151532,-0.0111984330709618,0.0116920523916946,0.0098200175081601,0.0023431189379505,-0.0039521574490508,-0.0175509636711973,1,0.2966507177033493,0.2942583732057416,0.4090909090909091,0.0023923444976076,0.0023923444976076
2016-06-29,0.0093690213279034,3.656886526792746e-05,0.0127941791293076,0.0094934324819945,-0.0003168181707406,0.0029401157708788,-0.0083463776962545,1,0.2966507177033493,0.2942583732057416,0.4090909090909091,0.0023923444976076,0.0023923444976076
2016-06-30,0.0102084349098001,0.0020917846066417,0.0131492362898514,0.0095299378012562,0.0180573043024292,0.0083708989591126,0.0,0,0.2966507177033493,0.2942583732057416,0.4090909090909091,0.0023923444976076,0.0023923444976076
2016-07-01,0.0048987964163977,0.0296404816655539,0.0039156700597296,0.0095651511931558,0.0193569312868717,0.013082668353445,0.0,0,0.2966507177033493,0.2942583732057416,0.4090909090909091,0.0023923444976076,0.0023923444976076
2016-07-04,0.0050850408544309,0.0340963840537635,0.0028312948462025,0.00937591892895,0.0160466104266554,0.0206863755250854,0.0,0,0.2966507177033493,0.2942583732057416,0.4090909090909091,0.0023923444976076,0.0023923444976076
2016-07-05,-0.0041513851888133,0.0256033268330493,0.0056997338006584,0.0094817604938523,0.0141181766201536,0.0084074784218135,-0.0041513851888133,0,0.2966507177033493,0.2942583732057416,0.4090909090909091,0.0023923444976076,0.0023923444976076
2016-07-07,0.0002339265470641,0.0163213066796683,0.0054401930020549,0.0094189668881268,0.0163584723966014,0.0078387051933688,-0.003918429760952,0,0.2966507177033493,0.2942583732057416,0.4090909090909091,0.0023923444976076,0.0023923444976076
2016-07-08,-0.001763033857446,0.0042773973635787,0.0040788816044859,0.0091803313627336,0.006378129364182,0.0145789653322931,-0.0056745552940614,0,0.2966507177033493,0.2942583732057416,0.4090909090909091,0.0023923444976076,0.0023923444976076
2016-07-11,0.0173851403306419,0.0167560201000196,0.0085457449144505,0.0064045470141988,0.0468931582721359,0.0364563252366876,0.0,0,0.2966507177033493,0.2942583732057416,0.4090909090909091,0.0023923444976076,0.0023923444976076
2016-07-12,0.0062766447407267,0.0179614608097289,0.0086222242780214,0.0062716943206405,0.0526702657294277,0.0506066135674301,0.0,0,0.2966507177033493,0.2942583732057416,0.4090909090909091,0.0023923444976076,0.0023923444976076
2016-07-13,-0.0001819024650716,0.0220190860069937,0.0078814364937138,0.0064945497366714,0.0481861746956451,0.0506421995720725,-0.0001819024650716,0,0.2966507177033493,0.2942583732057416,0.4090909090909091,0.0023923444976076,0.0023923444976076
2016-07-14,0.0053406890075708,0.0272370740834022,0.007531295366573,0.0062971876734146,0.0440029254022427,0.0436721663051689,0.0,0,0.2966507177033493,0.2942583732057416,0.4090909090909091,0.0023923444976076,0.0023923444976076
2016-07-15,-0.0027553998832458,0.026215878508266,0.0077767122575517,0.0062876936769814,0.03060541160146,0.0492153671344777,-0.0027553998832458,0,0.2966507177033493,0.2942583732057416,0.4090909090909091,0.0023923444976076,0.0023923444976076
2016-07-18,-0.0038284122040882,0.0048181957746313,0.0046231386400446,0.0065985218751078,0.0216549496598965,0.0414310543193559,-0.0065732632807938,0,0.2966507177033493,0.2942583732057416,0.4090909090909091,0.0023923444976076,0.0023923444976076
2016-07-19,0.0023329063194141,0.0008801732180894,0.0037444164598233,0.0065200866008343,0.0188574432245807,0.0352066516963038,-0.0042556917688266,0,0.2966507177033493,0.2942583732057416,0.4090909090909091,0.0023923444976076,0.0023923444976076
2016-07-20,0.004373545327166,0.005440460120899,0.0041645133693725,0.0061916111814202,0.0275793400872126,0.0420868867017847,0.0,0,0.2966507177033493,0.2942583732057416,0.4090909090909091,0.0023923444976076,0.0023923444976076
2016-07-21,-0.0065084025519942,-0.0064098073555165,0.0045006396524226,0.0068292679387897,0.0206526823300832,0.0373490010604971,-0.0065084025519942,0,0.2966507177033493,0.2942583732057416,0.4090909090909091,0.0023923444976076,0.0023923444976076
2016-07-22,0.0036544811459324,-2.341536516248244e-05,0.0048718967178398,0.0067054221212272,0.0261918492887351,0.032737033655968,-0.0028777062404781,0,0.2966507177033493,0.2942583732057416,0.4090909090909091,0.0023923444976076,0.0023923444976076
2016-07-25,0.0110581651290215,0.0149200230352462,0.0062869335846019,0.0053094703698601,0.0198101064018234,0.0676322231288479,0.0,0,0.2966507177033493,0.2942583732057416,0.4090909090909091,0.0023923444976076,0.0023923444976076
2016-07-26,-0.0052109569053864,0.0072814253302144,0.007304544470299,0.0055144245539705,0.008168007463869,0.0612684843168986,-0.0052109569053864,0,0.2966507177033493,0.2942583732057416,0.4090909090909091,0.0023923444976076,0.0023923444976076
2016-07-27,0.0029276015202575,0.0058312952012933,0.0071887253918007,0.0055387996447688,0.0113034802511884,0.060034326420886,-0.0022986109904871,0,0.2966507177033493,0.2942583732057416,0.4090909090909091,0.0023923444976076,0.0023923444976076
2016-07-28,0.005861324543281,0.0183546609323037,0.0058908610112445,0.0055849437295547,0.0118272037361353,0.0563505607020964,0.0,0,0.2966507177033493,0.2942583732057416,0.4090909090909091,0.0023923444976076,0.0023923444976076
2016-07-29,-0.0032078280234931,0.0113918418957523,0.0066432670383365,0.0056221689092778,0.0113681597864518,0.0423214985973274,-0.0032078280234931,0,0.2966507177033493,0.2942583732057416,0.4090909090909091,0.0023923444976076,0.0023923444976076
2016-08-01,-0.0002257336343115,0.0001042191381077,0.0044837761298266,0.00537818076286,0.0150257971252951,0.0370061296655399,-0.0034328375431268,0,0.2966507177033493,0.2942583732057416,0.4090909090909091,0.0023923444976076,0.0023923444976076
2016-08-02,-0.0015804922104312,0.0037540814722982,0.0036371388471609,0.0054531419411835,0.0110628418664369,0.0301289020034165,-0.0050079041805614,0,0.2966507177033493,0.2942583732057416,0.4090909090909091,0.0023923444976076,0.0023923444976076
2016-08-03,-0.0090514792007327,-0.0082348708187282,0.0053773056809515,0.006167338636549,-0.0024515955801234,0.0250601311188285,-0.0140140544407646,0,0.2966507177033493,0.2942583732057416,0.4090909090909091,0.0023923444976076,0.0023923444976076
2016-08-04,0.0007314347238394,-0.0132928700829648,0.0038647027269319,0.005759677215502,0.0048178047261489,0.0255699876467696,-0.0132928700829648,0,0.2966507177033493,0.2942583732057416,0.4090909090909091,0.0023923444976076,0.0023923444976076
2016-08-05,0.015442457695501,0.005168721421543,0.0089138980504597,0.0074393705029307,0.0166194445745326,0.0432465878508265,0.0,0,0.2966507177033493,0.2942583732057416,0.4090909090909091,0.0023923444976076,0.0023923444976076
2016-08-08,0.0032476693365888,0.008660865739213,0.0089236722291774,0.0067199422648489,0.0087659875052834,0.0287497490523034,0.0,0,0.2966507177033493,0.2942583732057416,0.4090909090909091,0.0023923444976076,0.0023923444976076
2016-08-09,-0.0037996406986288,0.0064189541801482,0.0091826501685823,0.0065910789322594,0.0101971329294059,0.0184484306511523,-0.0037996406986288,0,0.2966507177033493,0.2942583732057416,0.4090909090909091,0.0023923444976076,0.0023923444976076
2016-08-10,-0.0118629908103593,0.0035635499745458,0.0100236440683699,0.0076874146507447,-0.0047006662178787,0.0065496801455484,-0.0156175564062976,0,0.2966507177033493,0.2942583732057416,0.4090909090909091,0.0023923444976076,0.0023923444976076
2016-08-11,0.0019649458327988,0.004800551975769,0.0100381870149683,0.0074266091305482,-0.0085561312209362,0.0031698774080559,-0.0136832982258777,0,0.2966507177033493,0.2942583732057416,0.4090909090909091,0.0023923444976076,0.0023923444976076
2016-08-12,0.0093108244153092,-0.0012668213724281,0.0080001263786212,0.008013915635387,0.0038953522023499,0.0153077949750626,-0.0044998765977719,0,0.2966507177033493,0.2942583732057416,0.4090909090909091,0.0023923444976076,0.0023923444976076
2016-08-16,-0.0034132250941232,-0.0078977426001711,0.0078294654980073,0.0081052216465231,0.0006947218507389,0.0157309577256219,-0.0078977426001711,0,0.2966507177033493,0.2942583732057416,0.4090909090909091,0.0023923444976076,0.0023923444976076
2016-08-17,-0.0021405719376804,-0.0062454988044825,0.0077455269144626,0.0081200378032878,0.0001333658050075,0.0111976830762556,-0.0100214088516706,0,0.2966507177033493,0.2942583732057416,0.4090909090909091,0.0023923444976076,0.0023923444976076
2016-08-18,0.0057049762002772,0.0114223409093561,0.0053201582691212,0.0076084014197031,0.0150265949665586,0.0125381602526311,-0.0043736045503854,0,0.2966507177033493,0.2942583732057416,0.4090909090909091,0.0023923444976076,0.0023923444976076
2016-08-19,-0.0007321361657971,0.0086998015630546,0.005494639770725,0.0076392400319156,0.013542117388406,0.0184251653917109,-0.0051025386421164,0,0.2966507177033493,0.2942583732057416,0.4090909090909091,0.0023923444976076,0.0023923444976076
2016-08-22,-0.0043556519632164,-0.0049584013191653,0.0039816018445265,0.0059708806246437,-0.0062189412828294,0.010297147941741,-0.0094359657228788,0,0.2966507177033493,0.2942583732057416,0.4090909090909091,0.0023923444976076,0.0023923444976076
2016-08-23,0.0003998076287932,-0.0011512805826983,0.0037597835869815,0.005832891308552,-0.0090399306651667,-0.0003531870791427,-0.0090399306651667,0,0.2966507177033493,0.2942583732057416,0.4090909090909091,0.0023923444976076,0.0023923444976076
2016-08-24,0.0020503672126588,0.0030438135214894,0.0036924446385421,0.0058021908268554,-0.0032206954167027,0.0069435956534138,-0.0070080986299484,0,0.2966507177033493,0.2942583732057416,0.4090909090909091,0.0023923444976076,0.0023923444976076
2016-08-25,-0.006716530062541,-0.009344824604387,0.0035875951469922,0.0048060733966587,0.0019707765325995,-0.0027391536479489,-0.01367755858736,0,0.2966507177033493,0.2942583732057416,0.4090909090909091,0.0023923444976076,0.0023923444976076
2016-08-26,-0.0022869579385956,-0.010886245370317,0.0035311614433089,0.0048213534723938,-0.0022811519817508,-0.0108177653669963,-0.0159332365247637,0,0.2966507177033493,0.2942583732057416,0.4090909090909091,0.0023923444976076,0.0023923444976076
2016-08-29,0.0040711340266317,-0.0025147320419738,0.0041847250254286,0.0038595153657328,-0.0074606643104649,-0.0035943740232678,-0.0119269688395023,0,0.2966507177033493,0.2942583732057416,0.4090909090909091,0.0023923444976076,0.0023923444976076
2016-08-30,0.0159048266327426,0.0129451150290758,0.0085171111478667,0.0063833179162194,0.0117789309868037,0.0124818359182776,0.0,0,0.2966507177033493,0.2942583732057416,0.4090909090909091,0.0023923444976076,0.0023923444976076
2016-08-31,0.0047859474975269,0.015710437788285,0.0085603640031,0.0063575170772848,0.0188020709527427,0.0189379443110788,0.0,0,0.2966507177033493,0.2942583732057416,0.4090909090909091,0.0023923444976076,0.0023923444976076
2016-09-01,-0.0013145614713984,0.0212343753637018,0.007243079007239,0.00627557696936,0.0116911192459574,0.0268933919261309,-0.0013145614713984,0,0.2966507177033493,0.2942583732057416,0.4090909090909091,0.0023923444976076,0.0023923444976076
2016-09-02,0.0039887630845674,0.0276580480720438,0.0063153229306446,0.0062932423747214,0.0164707104039507,0.0302358760861174,0.0,0,0.2966507177033493,0.2942583732057416,0.4090909090909091,0.0023923444976076,0.0023923444976076
2016-09-06,0.0151368102024485,0.0389836711221092,0.0075191858830252,0.007181526136839,0.0363709055932508,0.0299257757841335,0.0,0,0.2966507177033493,0.2942583732057416,0.4090909090909091,0.0023923444976076,0.0023923444976076
2016-09-07,-0.00280107346528,0.0198528192490008,0.0070557992569673,0.0074078738666635,0.0330549313069064,0.0237161863545833,-0.00280107346528,0,0.2966507177033493,0.2942583732057416,0.4090909090909091,0.0023923444976076,0.0023923444976076
2016-09-08,0.0038742087587393,0.0189274088912156,0.0070408562967969,0.0073966281652109,0.0349352045593795,0.0316019934894709,0.0,0,0.2966507177033493,0.2942583732057416,0.4090909090909091,0.0023923444976076,0.0023923444976076
2016-09-09,-0.0095839151075117,0.0104904469124125,0.0091815769452638,0.0078752435785667,0.0319475803635855,0.033981318437839,-0.0095839151075117,0,0.2966507177033493,0.2942583732057416,0.4090909090909091,0.0023923444976076,0.0023923444976076
2016-09-12,-0.0170412893184612,-0.0106757930224241,0.0123747724815102,0.0100848941050862,0.0166869834529983,0.0143677659258742,-0.0264618821558223,0,0.2966507177033493,0.2942583732057416,0.4090909090909091,0.0023923444976076,0.0023923444976076
2016-09-14,0.0012621047317453,-0.0241976965224197,0.0084956593435038,0.0100506380519241,0.0138426595565468,0.0062787198099665,-0.0252331750907567,0,0.2966507177033493,0.2942583732057416,0.4090909090909091,0.0023923444976076,0.0023923444976076
2016-09-15,0.0018277450553478,-0.0196681972874933,0.0090123234075209,0.0086904215516213,-0.0002058472041948,0.011570659122597,-0.0234515498464117,0,0.2966507177033493,0.2942583732057416,0.4090909090909091,0.0023923444976076,0.0023923444976076
2016-09-16,0.0042664897541335,-0.0192851158894162,0.0090985662991146,0.0086602251496662,-0.0007227242721541,0.0180657579675442,-0.0192851158894162,0,0.2966507177033493,0.2942583732057416,0.4090909090909091,0.0023923444976076,0.0023923444976076
2016-09-19,0.0032517639823002,-0.006575163251266,0.0088859274966239,0.0087057299803705,0.0038463072601186,0.0155823941429107,-0.0160960625523597,0,0.2966507177033493,0.2942583732057416,0.4090909090909091,0.0023923444976076,0.0023923444976076
2016-09-20,-0.0036896598701239,0.0069186286658404,0.0030720954412295,0.0086944221071895,-0.0038310262042192,0.0125765844765717,-0.0197263334264172,0,0.2966507177033493,0.2942583732057416,0.4090909090909091,0.0023923444976076,0.0023923444976076
2016-09-21,0.0001424355336774,0.0057926340155385,0.0031235507282477,0.006817171195072,-0.0185452309068545,0.017151167843878,-0.0195867076235688,0,0.2966507177033493,0.2942583732057416,0.4090909090909091,0.0023923444976076,0.0023923444976076
2016-09-22,0.0102880775650411,0.0142864496056644,0.0051863015568284,0.0077998372024924,-0.0056627363912109,0.0272050135532748,-0.0095001396258027,0,0.2966507177033493,0.2942583732057416,0.4090909090909091,0.0023923444976076,0.0023923444976076
2016-09-23,-0.0040485145109362,0.0058884832884387,0.0059028888093685,0.007703400356144,-0.0135101926836079,0.020953030530733,-0.0135101926836079,0,0.2966507177033493,0.2942583732057416,0.4090909090909091,0.0023923444976076,0.0023923444976076
2016-09-26,-0.0122854991479411,-0.0096896144589255,0.0081914075633229,0.0080638700754558,-0.0162010669132824,0.0152289285631153,-0.0256297123708462,0,0.2966507177033493,0.2942583732057416,0.4090909090909091,0.0023923444976076,0.0023923444976076
2016-09-27,-0.0019087360498907,-0.0079194156724666,0.0081336623372063,0.0060007057711318,-0.0010555785029143,0.0156137905290725,-0.0274895280647864,0,0.2966507177033493,0.2942583732057416,0.4090909090909091,0.0023923444976076,0.0023923444976076
2016-09-28,0.0044507488743912,-0.003645830366349,0.0085756259573164,0.0061630235846322,0.0021256846881947,0.0159977693742048,-0.023161128176487,0,0.2966507177033493,0.2942583732057416,0.4090909090909091,0.0023923444976076,0.0023923444976076
2016-09-29,-0.0175983259292292,-0.0311476241760597,0.0087092903062844,0.0082958150485953,-0.0173061635335227,-0.0175084483123388,-0.0403518570231778,0,0.2966507177033493,0.2942583732057416,0.4090909090909091,0.0023923444976076,0.0023923444976076
2016-09-30,0.0023163101993306,-0.0249559816793201,0.0095419749791602,0.0081614621038437,-0.0192144512719466,-0.0199232887937903,-0.0381290142418319,0,0.2966507177033493,0.2942583732057416,0.4090909090909091,0.0023923444976076,0.0023923444976076
2016-10-03,0.0147425140660655,0.0017253139670185,0.0117798399617776,0.0096430810517682,-0.007981018119068,-0.0041654083068839,-0.0239486177045518,0,0.2152777777777778,0.3055555555555556,0.4791666666666667,-0.0902777777777777,-0.0593877370193159
2016-10-04,0.0035534040580904,0.007207341725627,0.01176541256894,0.0096704815119578,-0.0007691518818582,-0.004597231445063,-0.0204803127617984,0,0.2152777777777778,0.3055555555555556,0.4791666666666667,-0.0902777777777777,-0.0593877370193159
2016-10-05,-0.002873710678914,-0.0001372189156273,0.0117610485519127,0.0097112904040328,-0.0037825490050868,-0.0222576316672257,-0.0232951689472213,0,0.2152777777777778,0.3055555555555556,0.4791666666666667,-0.0902777777777777,-0.0593877370193159
2016-10-06,-0.0039341487542816,0.0137698239487851,0.0074323164915588,0.0089976559651462,-0.0178066975286019,-0.0233685992857104,-0.0271376710416085,0,0.2152777777777778,0.3055555555555556,0.4791666666666667,-0.0902777777777777,-0.0593877370193159
2016-10-07,-0.0013720571097242,0.0100393094998927,0.0076668113317914,0.0089617065448912,-0.0151672130033797,-0.0284724937168387,-0.0191543228323813,0,0.2152777777777778,0.3055555555555556,0.4791666666666667,-0.0902777777777777,-0.0593877370193159
2016-10-10,0.0012877115526119,-0.0033531316876668,0.0030689429494963,0.008134870912701,-0.0016336029255822,-0.0178082037285576,-0.017891276522563,0,0.2152777777777778,0.3055555555555556,0.4791666666666667,-0.0902777777777777,-0.0593877370193159
2016-10-13,-0.0155532335109312,-0.0223282758306105,0.0064888367983978,0.009496087443777,-0.0152818616190387,-0.0163213089173436,-0.0331662428319302,0,0.2152777777777778,0.3055555555555556,0.4791666666666667,-0.0902777777777777,-0.0593877370193159
2016-10-14,0.001172237223489,-0.0183612669331367,0.0069747263399765,0.0093229005039747,-0.018495966335626,-0.0164095982398644,-0.0320328843128522,0,0.2152777777777778,0.3055555555555556,0.4791666666666667,-0.0902777777777777,-0.0593877370193159
2016-10-17,-0.0073397488174848,-0.021717539941788,0.0071693352456239,0.0078411885871997,-0.0082467626946021,-0.0254102064043099,-0.0391375198055812,0,0.2152777777777778,0.3055555555555556,0.4791666666666667,-0.0902777777777777,-0.0593877370193159
2016-10-18,0.018485047650345,-0.0022649926416483,0.0126465942383796,0.009941044807092,0.0077515778960999,-0.011611815691612,-0.0213759310737586,0,0.2152777777777778,0.3055555555555556,0.4791666666666667,-0.0902777777777777,-0.0593877370193159
2016-10-19,-0.0021664227520482,-0.0057068712107292,0.0126263902114599,0.0086653992088591,-0.0090408670077019,-0.0169497298033693,-0.0234960445223824,0,0.2152777777777778,0.3055555555555556,0.4791666666666667,-0.0902777777777777,-0.0593877370193159
2016-10-20,0.004654063355314,0.0147025375145071,0.009739841907326,0.0087345986773545,-0.0079540206291374,-0.0087170546610604,-0.0189513332468749,0,0.2152777777777778,0.3055555555555556,0.4791666666666667,-0.0902777777777777,-0.0593877370193159
2016-10-21,-0.0007299353978436,0.0127746580609082,0.0098635426652624,0.0087033182864592,-0.0058211677788644,-0.0095816979315609,-0.0196674353957452,0,0.2152777777777778,0.3055555555555556,0.4791666666666667,-0.0902777777777777,-0.0593877370193159
2016-10-24,0.0018290473424174,0.0221292427585559,0.0082839608123093,0.008644919211576,-6.888989672237944e-05,-0.0178743607237706,-0.0138820478851389,0,0.2152777777777778,0.3055555555555556,0.4791666666666667,-0.0902777777777777,-0.0593877370193159
2016-10-25,-0.0020266507443493,0.0015441523870982,0.0029091426071017,0.0086591537570211,-0.0007243377483444,-0.0158805645668087,-0.0088777133473598,0,0.2152777777777778,0.3055555555555556,0.4791666666666667,-0.0902777777777777,-0.0593877370193159
2016-10-26,-0.0087501294397844,-0.0050640366781767,0.0050289979823782,0.0090607856496503,-0.0107420080837772,-0.0123580628335271,-0.0175501616462256,0,0.2152777777777778,0.3055555555555556,0.4791666666666667,-0.0902777777777777,-0.0593877370193159
2016-10-27,0.0,-0.0096730809021311,0.0040564407368833,0.0074923508902369,0.0048872377775315,-0.0104693099329228,-0.0175501616462256,0,0.2152777777777778,0.3055555555555556,0.4791666666666667,-0.0902777777777777,-0.0593877370193159
2016-10-28,0.0026406662604103,-0.0063326450440293,0.004556171450901,0.0075210472831528,0.0063611156418204,-0.0122525056745738,-0.0149558395055392,0,0.2152777777777778,0.3055555555555556,0.4791666666666667,-0.0902777777777777,-0.0593877370193159
2016-10-30,-0.00142394072702,-0.009559131697851,0.0042247448136085,0.0070391549843107,0.0123585747148022,0.0040098937872836,-0.0163584840035806,0,0.2152777777777778,0.3055555555555556,0.4791666666666667,-0.0902777777777777,-0.0593877370193159
2016-11-01,6.376294097854007e-05,-0.007484495990243,0.0043130745758715,0.0035965495419483,-0.0059519008054943,0.0017535404678818,-0.0162957641276519,0,0.2152777777777778,0.3055555555555556,0.4791666666666667,-0.0902777777777777,-0.0593877370193159
2016-11-02,-0.0130126068685697,-0.0117524157743535,0.0061401182463861,0.0053382051342375,-0.0167569377879918,-0.0256463075496962,-0.0290963206240056,0,0.2152777777777778,0.3055555555555556,0.4791666666666667,-0.0902777777777777,-0.0593877370193159
2016-11-03,-0.0034120272492365,-0.0151243434607236,0.0060022002052816,0.004863842931323,-0.0246511253649676,-0.0324090704344205,-0.0296204804464801,0,0.2152777777777778,0.3055555555555556,0.4791666666666667,-0.0902777777777777,-0.0593877370193159
2016-11-04,-0.0060342135192311,-0.0236455197962491,0.0051464570032889,0.0049401500444422,-0.0298284261565272,-0.035475957662155,-0.0316663891934714,0,0.2152777777777778,0.3055555555555556,0.4791666666666667,-0.0902777777777777,-0.0593877370193159
2016-11-07,0.0075055580257892,-0.0149147315580187,0.0075726393410644,0.0058081711457077,-0.0243312913726685,-0.0243985050892411,-0.0243312913726685,0,0.2152777777777778,0.3055555555555556,0.4791666666666667,-0.0902777777777777,-0.0593877370193159
2016-11-08,0.0054724875103713,-0.0095870163744385,0.0084511241766349,0.0063289539726825,-0.0169997583790687,-0.0177117825607064,-0.0189919565504453,0,0.2152777777777778,0.3055555555555556,0.4791666666666667,-0.0902777777777777,-0.0593877370193159
2016-11-09,-0.0130566333666917,-0.0096311956777073,0.0084656125956573,0.0069758138324215,-0.0212704216360523,-0.0317839426786697,-0.0318006189035418,0,0.2152777777777778,0.3055555555555556,0.4791666666666667,-0.0902777777777777,-0.0593877370193159
2016-11-10,0.0111183586337761,0.0048085138981373,0.0101461286516347,0.0081409963114383,-0.0103885551783174,-0.0055520887401074,-0.0210358309555113,0,0.2152777777777778,0.3055555555555556,0.4791666666666667,-0.0902777777777777,-0.0593877370193159
2016-11-11,-0.0269125883353371,-0.0162976137542611,0.0162347870176747,0.0113848414753445,-0.0395577680018524,-0.0334482838968241,-0.0473822906320511,1,0.2152777777777778,0.3055555555555556,0.4791666666666667,-0.0902777777777777,-0.0593877370193159
2016-11-15,-0.0226426238202571,-0.0457335192802207,0.0168629107863464,0.0127528966923359,-0.0599661476749714,-0.0483486690765692,-0.0689520550697846,1,0.2152777777777778,0.3055555555555556,0.4791666666666667,-0.0902777777777777,-0.0593877370193159
2016-11-16,0.0003884836189407,-0.0505586085409459,0.0158814045792565,0.0127707106620706,-0.0596609187074336,-0.0652577236428166,-0.0685903581947307,1,0.2152777777777778,0.3055555555555556,0.4791666666666667,-0.0902777777777777,-0.0593877370193159
2016-11-17,-0.0039018196163519,-0.0417516603415559,0.0160000403029426,0.0125424255510951,-0.0509807376086446,-0.0668833943481425,-0.0722245506059858,1,0.2152777777777778,0.3055555555555556,0.4791666666666667,-0.0902777777777777,-0.0593877370193159
2016-11-18,-0.000724014381277,-0.0529748116001523,0.01298217220111,0.0126123606747766,-0.0484210278198458,-0.0718785203577258,-0.0728962733739428,1,0.2152777777777778,0.3055555555555556,0.4791666666666667,-0.0902777777777777,-0.0593877370193159
2016-11-21,-0.0179586579309148,-0.0442606945264755,0.0105948163570084,0.0132797908874232,-0.0598369645768489,-0.0878805482540648,-0.0895458120668967,1,0.2152777777777778,0.3055555555555556,0.4791666666666667,-0.0902777777777777,-0.0593877370193159
2016-11-22,0.0092318169779672,-0.0130912813176377,0.0098745265795717,0.0134855123795795,-0.0582260902313154,-0.0811406656370745,-0.0792746769758263,1,0.2152777777777778,0.3055555555555556,0.4791666666666667,-0.0902777777777777,-0.0593877370193159
2016-11-23,0.003873886257701,-0.0096528428423492,0.0102533621346599,0.0133444785081759,-0.0597234170807216,-0.0757078917998457,-0.0700046307015512,1,0.2152777777777778,0.3055555555555556,0.4791666666666667,-0.0902777777777777,-0.0593877370193159
2016-11-24,-0.0084398690450997,-0.0141646916131906,0.0106678028462878,0.0131539619763714,-0.0553249525616698,-0.0754185891297408,-0.0778536698309794,1,0.2152777777777778,0.3055555555555556,0.4791666666666667,-0.0902777777777777,-0.0593877370193159
2016-11-25,0.0186805599146318,0.0049788830953294,0.0144666513241467,0.0143817552548682,-0.0482596838987772,-0.0581468906880241,-0.0606274600601991,1,0.2152777777777778,0.3055555555555556,0.4791666666666667,-0.0902777777777777,-0.0593877370193159
2016-11-28,0.0015528141675806,0.0249460846754359,0.0099855553800432,0.012175487386772,-0.0204187408844905,-0.0591687890715444,-0.0578872627155485,1,0.2152777777777778,0.3055555555555556,0.4791666666666667,-0.0902777777777777,-0.0593877370193159
2016-11-29,0.0018764842682941,0.0174762255851441,0.0097413630213335,0.0097904484592649,0.0041561580820008,-0.0560592183822763,-0.0561194029850746,1,0.2152777777777778,0.3055555555555556,0.4791666666666667,-0.0902777777777777,-0.0593877370193159
2016-11-30,0.0101140362189349,0.0238009286345586,0.0101892699429374,0.0102548205959875,0.0139183391685979,-0.0465729604405158,-0.0373439612339132,1,0.2152777777777778,0.3055555555555556,0.4791666666666667,-0.0902777777777777,-0.0593877370193159
2016-12-01,-0.0038421788558575,0.0285481137405059,0.008815433248022,0.0102513915608353,0.0139790469000427,-0.0377143528306319,-0.0410426579115238,1,0.2152777777777778,0.3055555555555556,0.4791666666666667,-0.0902777777777777,-0.0593877370193159
2016-12-02,-0.0129502374006761,-0.0033890785403546,0.0084939071476185,0.0112209194453772,0.0015729307291214,-0.0469242600133177,-0.0534613831486909,1,0.2152777777777778,0.3055555555555556,0.4791666666666667,-0.0902777777777777,-0.0593877370193159
2016-12-05,0.0051874659939654,0.00022763907517,0.0088764573380976,0.0092742360543565,0.0251794024542506,-0.0361642211353193,-0.0485512462617997,0,0.2152777777777778,0.3055555555555556,0.4791666666666667,-0.0902777777777777,-0.0593877370193159
2016-12-06,0.0017714900815009,0.0001228176832901,0.0088712590946409,0.0089701710425934,0.0176011896579733,-0.0416497490305458,-0.0468657642314962,0,0.2152777777777778,0.3055555555555556,0.4791666666666667,-0.0902777777777777,-0.0593877370193159
2016-12-07,-0.0050471868994184,-0.0148884430664477,0.0069589211041033,0.0091802136889713,0.0085581267972065,-0.0516764108596542,-0.0496965076386241,0,0.2152777777777778,0.3055555555555556,0.4791666666666667,-0.0902777777777777,-0.0593877370193159
2016-12-08,0.0178720200443098,0.0065849699129734,0.0115466482068249,0.0099475297289208,0.0353210721235328,-0.0219580170777987,-0.032712664574964,0,0.2152777777777778,0.3055555555555556,0.4791666666666667,-0.0902777777777777,-0.0593877370193159
2016-12-09,0.0018067504562346,0.0216340208735221,0.0084404567873291,0.0084014003870357,0.0181716229372834,-0.0309650177403747,-0.0041645070694164,0,0.2152777777777778,0.3055555555555556,0.4791666666666667,-0.0902777777777777,-0.0593877370193159
2016-12-12,-0.0110085635609888,0.0051729970782716,0.0108010884193177,0.0093352912919921,0.0054018137297124,-0.0151272253896314,-0.0110085635609888,0,0.2152777777777778,0.3055555555555556,0.4791666666666667,-0.0902777777777777,-0.0593877370193159
2016-12-13,0.0062417388750182,0.0096584245654323,0.0110547797970199,0.0095033048829337,0.0097824284740517,0.0139792438752164,-0.0048355372651073,0,0.2152777777777778,0.3055555555555556,0.4791666666666667,-0.0902777777777777,-0.0593877370193159
2016-12-14,-0.0047860565812838,0.0099234144444924,0.0110138643829248,0.0090765868043714,-0.0051127728129369,0.0087344050495585,-0.0095984506914394,0,0.2152777777777778,0.3055555555555556,0.4791666666666667,-0.0902777777777777,-0.0593877370193159
2016-12-15,-0.0035258388380007,-0.0113073476539526,0.0065829047583203,0.0090640919766008,-0.0047968362850759,0.0091151554155657,-0.0130904469392078,0,0.2152777777777778,0.3055555555555556,0.4791666666666667,-0.0902777777777777,-0.0593877370193159
2016-12-16,-0.0017354297488226,-0.0148031591369867,0.0062170242520906,0.0079728772674881,0.0065106098827718,0.0080937813502433,-0.0148031591369867,0,0.2152777777777778,0.3055555555555556,0.4791666666666667,-0.0902777777777777,-0.0593877370193159
2016-12-19,-0.0043123306857342,-0.0081326185930385,0.004547663642903,0.0079417153983683,-0.0030016915269874,0.0221021301282617,-0.0190516537053286,0,0.2152777777777778,0.3055555555555556,0.4791666666666667,-0.0902777777777777,-0.0593877370193159
2016-12-20,-0.0027084220202731,-0.01695492471235,0.0012265279087286,0.0079399683601224,-0.0074602580082646,0.0100096222336076,-0.0217084758071837,0,0.2152777777777778,0.3055555555555556,0.4791666666666667,-0.0902777777777777,-0.0593877370193159
2016-12-21,-0.0026106107096901,-0.0148060788639099,0.0009787993145591,0.0078290461137232,-0.0050295912762818,0.003485491641044,-0.0242624141374405,0,0.2152777777777778,0.3055555555555556,0.4791666666666667,-0.0902777777777777,-0.0593877370193159
2016-12-22,-0.0101968665103643,-0.0214015894819465,0.0034182068906451,0.0050625749045358,-0.0324669419232798,0.0017073630029502,-0.0342118800496262,0,0.2152777777777778,0.3055555555555556,0.4791666666666667,-0.0902777777777777,-0.0593877370193159
2016-12-23,0.0008334273288967,-0.0188833397834006,0.0040390969492654,0.0049621966977273,-0.0334069658365357,-0.0158424016859125,-0.0334069658365357,0,0.2152777777777778,0.3055555555555556,0.4791666666666667,-0.0902777777777777,-0.0593877370193159
2016-12-26,-0.0097047866512225,-0.0241968819214373,0.0048491425470282,0.004752202527468,-0.032132716502668,-0.0269044777221326,-0.04278754501165,0,0.2152777777777778,0.3055555555555556,0.4791666666666667,-0.0902777777777777,-0.0593877370193159
2016-12-27,0.0157556981633104,-0.00613060477086,0.010569935796019,0.0071905232494369,-0.022981585540879,-0.0134239727836013,-0.0277059944926921,0,0.2152777777777778,0.3055555555555556,0.4791666666666667,-0.0902777777777777,-0.0593877370193159
2016-12-28,0.0002489776355838,-0.0032811085060722,0.0105508354930183,0.0071732948327494,-0.0180386070186802,-0.0230591525320688,-0.0274639150301085,0,0.2152777777777778,0.3055555555555556,0.4791666666666667,-0.0902777777777777,-0.0593877370193159
2016-12-29,0.0085564758520693,0.0156032635259615,0.0095807210307804,0.007836378017408,-0.0061322605965462,-0.0108996814314832,-0.0191424335037976,0,0.2152777777777778,0.3055555555555556,0.4791666666666667,-0.0902777777777777,-0.0593877370193159
2016-12-30,0.0101436398637642,0.0250508718655104,0.0099195962427894,0.0085140738616341,0.005694487956803,0.0122421724291437,-0.0091929675916119,0,0.2152777777777778,0.3055555555555556,0.4791666666666667,-0.0902777777777777,-0.0593877370193159
2017-01-02,-0.0007696254489482,0.0342996238105774,0.0069764594766689,0.0083592344315728,0.0092727979418461,0.0062432723358449,-0.0099555178987502,0,0.2152777777777778,0.3055555555555556,0.4791666666666667,-0.0902777777777777,-0.0593877370193159
2017-01-03,0.001558774986246,0.0198435175560354,0.0050316785191038,0.0082597819090348,0.0135912600217757,0.0060296077070913,-0.0084122613247799,0,0.2152777777777778,0.3055555555555556,0.4791666666666667,-0.0902777777777777,-0.0593877370193159
2017-01-04,-0.0002136165278159,0.0193718613290851,0.0051201639804505,0.0081652979483615,0.0160271916440275,0.0109169901444696,-0.0086240808545404,0,0.2152777777777778,0.3055555555555556,0.4791666666666667,-0.0902777777777777,-0.0593877370193159
2017-01-05,0.0101703192723277,0.0210030110074532,0.0055254498047036,0.0073935928108537,0.0369339900490028,0.0032679144158072,0.0,0,0.2152777777777778,0.3055555555555556,0.4791666666666667,-0.0902777777777777,-0.0593877370193159
2017-01-06,-0.0036259034542773,0.00708544064111,0.0052323888069852,0.0077105610789837,0.0323138089722316,-0.0021726631766878,-0.0036259034542773,0,0.2152777777777778,0.3055555555555556,0.4791666666666667,-0.0902777777777777,-0.0593877370193159
2017-01-09,-0.0009401004391178,0.0069136255272326,0.0052507792981593,0.0064789354301718,0.0414503840925615,0.0079857541489203,-0.0045625951799657,0,0.2152777777777778,0.3055555555555556,0.4791666666666667,-0.0902777777777777,-0.0593877370193159
2017-01-10,0.0063804857911258,0.0117611156886081,0.0057120581267134,0.0051438095346685,0.031838015150289,0.0081247415407819,0.0,0,0.2152777777777778,0.3055555555555556,0.4791666666666667,-0.0902777777777777,-0.0593877370193159
2017-01-11,0.0111056149410031,0.0232159208839508,0.0066120756519539,0.0055896505503593,0.0430375178130268,0.024222573923458,0.0,0,0.2152777777777778,0.3055555555555556,0.4791666666666667,-0.0902777777777777,-0.0593877370193159
2017-01-12,0.0031680120277068,0.0161231840266868,0.0058383879982399,0.0053828411332108,0.0374648304457279,0.0311028257456829,0.0,0,0.2152777777777778,0.3055555555555556,0.4791666666666667,-0.0902777777777777,-0.0593877370193159
2017-01-13,-0.0008147778094966,0.0189900288701814,0.0051037491378578,0.0050285821801244,0.0262100222336241,0.0320537628463839,-0.0008147778094966,0,0.2152777777777778,0.3055555555555556,0.4791666666666667,-0.0902777777777777,-0.0593877370193159
2017-01-16,0.0014820811037634,0.0214605302299037,0.0046373875491174,0.0049098479087429,0.0285225258267618,0.0380598073873905,0.0,0,0.2152777777777778,0.3055555555555556,0.4791666666666667,-0.0902777777777777,-0.0593877370193159
2017-01-17,-0.0017592240395586,0.0131988514345002,0.0051130911426398,0.0051129920944011,0.0251152003417864,0.0390478075819065,-0.0017592240395586,0,0.2152777777777778,0.3055555555555556,0.4791666666666667,-0.0902777777777777,-0.0593877370193159
2017-01-18,0.002262443438914,0.0043373723995157,0.0020824066794629,0.0050264539476298,0.0276539893779379,0.0441243968094475,0.0,0,0.2152777777777778,0.3055555555555556,0.4791666666666667,-0.0902777777777777,-0.0593877370193159
2017-01-19,0.0021504098847571,0.0033185840707963,0.0018366063028763,0.0042965059131561,0.0194952742391647,0.0571493025529195,0.0,0,0.2152777777777778,0.3055555555555556,0.4791666666666667,-0.0902777777777777,-0.0593877370193159
2017-01-20,-0.0101658545838223,-0.0060711756057783,0.0052703514641075,0.005552245106883,0.0128035614643733,0.045531102275929,-0.0101658545838223,0,0.2152777777777778,0.3055555555555556,0.4791666666666667,-0.0902777777777777,-0.0593877370193159
2017-01-23,0.0050482971728338,-0.0025318562190945,0.0059256539219289,0.0056080221361257,0.0188743390338816,0.0611070717288906,-0.0051688776659435,0,0.2152777777777778,0.3055555555555556,0.4791666666666667,-0.0902777777777777,-0.0593877370193159
2017-01-24,0.0100458797592801,0.0092641105025004,0.0074505201882558,0.0060377587446361,0.0225852375551962,0.0551423218409405,0.0,0,0.2152777777777778,0.3055555555555556,0.4791666666666667,-0.0902777777777777,-0.0593877370193159
2017-01-25,0.0149779371858704,0.0220684329333491,0.0095054344423049,0.0067507368797677,0.0265015243447703,0.0706796019838578,0.0,0,0.2152777777777778,0.3055555555555556,0.4791666666666667,-0.0902777777777777,-0.0593877370193159
2017-01-27,0.0044753131266164,0.0244395442851892,0.0094236990712931,0.0067747239686307,0.0278392330383479,0.0663470556295966,0.0,0,0.2152777777777778,0.3055555555555556,0.4791666666666667,-0.0902777777777777,-0.0593877370193159
2017-01-30,-0.0009836539852451,0.0339427620114141,0.0060505006918829,0.0067848563618343,0.0276655139369192,0.0546006499059346,-0.0009836539852451,0,0.2152777777777778,0.3055555555555556,0.4791666666666667,-0.0902777777777777,-0.0593877370193159
2017-01-31,-0.008276621007211,0.0202347613656674,0.0091218763083382,0.0076363868978223,0.0176516736401672,0.0466776697842166,-0.0092521336612181,0,0.2152777777777778,0.3055555555555556,0.4791666666666667,-0.0902777777777777,-0.0593877370193159
2017-02-01,0.0181164075549273,0.0283867009603813,0.0109744823491689,0.0090662827374649,0.0379137889973801,0.0639812017455521,0.0,0,0.2152777777777778,0.3055555555555556,0.4791666666666667,-0.0902777777777777,-0.0593877370193159
2017-02-02,0.0020478637969805,0.0152858097701316,0.009677187024318,0.009070487210543,0.0376915765712249,0.066387888407301,0.0,0,0.2152777777777778,0.3055555555555556,0.4791666666666667,-0.0902777777777777,-0.0593877370193159
2017-02-03,0.0007670950568166,0.0115376826269348,0.0096852150097935,0.0091079550652504,0.0362592026176336,0.0564613599555223,0.0,0,0.2152777777777778,0.3055555555555556,0.4791666666666667,-0.0902777777777777,-0.0593877370193159
2017-02-06,0.0068756828491181,0.0194955257594624,0.0096498231597975,0.0077359482631036,0.0541000197620171,0.0675962541546373,0.0,0,0.2152777777777778,0.3055555555555556,0.4791666666666667,-0.0902777777777777,-0.0593877370193159
2017-02-07,-0.0037211469086074,0.0241785710114117,0.0083378986293778,0.0082488834330156,0.044902579991658,0.0646244255437982,-0.0037211469086074,0,0.2152777777777778,0.3055555555555556,0.4791666666666667,-0.0902777777777777,-0.0593877370193159
2017-02-08,8.55353945463655e-05,0.0060403377541187,0.003826838385025,0.008095687746346,0.0345985039760259,0.0579651569625749,-0.0036359298038302,0,0.2152777777777778,0.3055555555555556,0.4791666666666667,-0.0902777777777777,-0.0593877370193159
2017-02-09,0.0010662500498914,0.0050548129490224,0.0037982455942707,0.0070152185072183,0.0204178896283164,0.0474605191721406,-0.0025735565642734,0,0.2152777777777778,0.3055555555555556,0.4791666666666667,-0.0902777777777777,-0.0593877370193159
2017-02-10,0.0017258270299826,0.0060176525434876,0.0038068120017666,0.0069630819918587,0.0176247649356284,0.0459546579122656,-0.0008521710477726,0,0.2152777777777778,0.3055555555555556,0.4791666666666667,-0.0902777777777777,-0.0593877370193159
2017-02-13,0.0013077767227114,0.0004544912254786,0.0022156711455813,0.0068997994115535,0.0199588775303349,0.0481765640717348,0.0,0,0.2152777777777778,0.3055555555555556,0.4791666666666667,-0.0902777777777777,-0.0593877370193159
2017-02-14,-0.001448032663074,0.0027371326254803,0.0012679845031504,0.0060561208143159,0.0269818835924451,0.0451098326359833,-0.001448032663074,0,0.2152777777777778,0.3055555555555556,0.4791666666666667,-0.0902777777777777,-0.0593877370193159
2017-02-15,-0.0076885456592699,-0.0050575603970781,0.0039358119312665,0.003841931409319,0.0009522279840301,0.0389021195522745,-0.0091254450570977,0,0.2152777777777778,0.3055555555555556,0.4791666666666667,-0.0902777777777777,-0.0593877370193159
2017-02-16,0.006109092576249,-4.5566390230566967e-05,0.005079869497858,0.0042621685427564,0.0050090162292126,0.0428893905191873,-0.003072100669502,0,0.2152777777777778,0.3055555555555556,0.4791666666666667,-0.0902777777777777,-0.0593877370193159
2017-02-17,0.004978354978355,0.003201209977768,0.0055430607205811,0.0044924453952646,0.0092381262906204,0.0458322960012329,0.0,0,0.2152777777777778,0.3055555555555556,0.4791666666666667,-0.0902777777777777,-0.0593877370193159
2017-02-20,0.0065180180690795,0.0084213036836817,0.006153367217792,0.0044409701285937,0.0088796223177918,0.0634600298226808,0.0,0,0.2152777777777778,0.3055555555555556,0.4791666666666667,-0.0902777777777777,-0.0593877370193159
2017-02-21,0.0032266420398232,0.0131421812267553,0.0059068582749319,0.0041743123019807,0.0159152857452415,0.0615325031281654,0.0,0,0.2152777777777778,0.3055555555555556,0.4791666666666667,-0.0902777777777777,-0.0593877370193159
2017-02-22,0.002138563177422,0.0231755819684342,0.001873760756144,0.0041425676311416,0.0180008096658133,0.0532221147266336,0.0,0,0.2152777777777778,0.3055555555555556,0.4791666666666667,-0.0902777777777777,-0.0593877370193159
2017-02-23,0.0014114642261031,0.0183982683982684,0.0020895372719765,0.0041372698125438,0.0183518636653605,0.0391444596204701,0.0,0,0.2152777777777778,0.3055555555555556,0.4791666666666667,-0.0902777777777777,-0.0593877370193159
2017-02-27,-0.0047877398064768,0.0085017626987995,0.0041203847735242,0.0046376099982485,0.0117301886041474,0.0295616953565747,-0.0047877398064768,0,0.2152777777777778,0.3055555555555556,0.4791666666666667,-0.0902777777777777,-0.0593877370193159
2017-02-28,-0.001922060988906,4.5049103522876166e-05,0.0033012414026745,0.0047388217406637,0.0084667321593858,0.0285945961599722,-0.0067005984674757,0,0.2152777777777778,0.3055555555555556,0.4791666666666667,-0.0902777777777777,-0.0593877370193159
2017-03-01,0.0074552907788638,0.004260287274707,0.0046117654238369,0.0050822808678056,0.0174584579689045,0.0449114036419702,0.0,0,0.2152777777777778,0.3055555555555556,0.4791666666666667,-0.0902777777777777,-0.0593877370193159
2017-03-02,-0.0051476670616378,-0.0030413693443411,0.0052177573310609,0.0045988311084188,0.0200637271195569,0.0210350603460145,-0.0051476670616378,0,0.2152777777777778,0.3055555555555556,0.4791666666666667,-0.0902777777777777,-0.0593877370193159
2017-03-03,-0.0002471979549988,-0.0046926561888249,0.0051096569567743,0.0044025593998358,0.0136192754613806,0.0186965108624093,-0.0053935925238659,0,0.2152777777777778,0.3055555555555556,0.4791666666666667,-0.0902777777777777,-0.0593877370193159
2017-03-06,0.0074065332591557,0.0075027819303787,0.0056856595858308,0.0046822328053182,0.016068331500731,0.0254548990670351,0.0,0,0.2152777777777778,0.3055555555555556,0.4791666666666667,-0.0902777777777777,-0.0593877370193159
2017-03-07,-0.0018463872727577,0.0075791702328933,0.00567433259795,0.0044483558008281,0.0076245607712406,0.01657188630902,-0.0018463872727577,0,0.2152777777777778,0.3055555555555556,0.4791666666666667,-0.0902777777777777,-0.0593877370193159
2017-03-08,-0.0025260145972347,-0.0024033624717744,0.0047458297741247,0.0044671105505142,0.0018466857883774,0.0177913620656227,-0.0043677378687895,0,0.2152777777777778,0.3055555555555556,0.4791666666666667,-0.0902777777777777,-0.0593877370193159
2017-03-09,0.0003025447374025,0.0030618837607798,0.0039651701003233,0.0044157185680466,1.1202097032647629e-05,0.0180122134096625,-0.0040665145674936,0,0.2152777777777778,0.3055555555555556,0.4791666666666667,-0.0902777777777777,-0.0593877370193159
2017-03-10,0.0008457488517978,0.0041584481121208,0.0039355723638355,0.0043993606269288,-0.0005537222439734,0.0177879795862572,-0.003224204965722,0,0.2152777777777778,0.3055555555555556,0.4791666666666667,-0.0902777777777777,-0.0593877370193159
2017-03-14,0.0170629746321864,0.0137837551389252,0.0081154017008583,0.0066391706517617,0.021389953578293,0.0333710503721478,0.0,0,0.2152777777777778,0.3055555555555556,0.4791666666666667,-0.0902777777777777,-0.0593877370193159
2017-03-15,-0.0002421041047651,0.0154131598654281,0.0079166457301126,0.0065456057566299,0.0231091490607684,0.031771540195683,-0.0002421041047651,0,0.2152777777777778,0.3055555555555556,0.4791666666666667,-0.0902777777777777,-0.0593877370193159
2017-03-16,0.0075840965128568,0.0257050973185573,0.0073982301311081,0.0065569805450115,0.023239956180554,0.0411041479476361,0.0,0,0.2152777777777778,0.3055555555555556,0.4791666666666667,-0.0902777777777777,-0.0593877370193159
2017-03-17,0.0006937085550102,0.0261061946902654,0.0073364863578215,0.0060591646008128,0.029248012584623,0.0498985638474673,0.0,0,0.2152777777777778,0.3055555555555556,0.4791666666666667,-0.0902777777777777,-0.0593877370193159
2017-03-20,-0.0036244343644411,0.0215231880732662,0.0082175328771143,0.0063418100868647,0.025771139246197,0.0397413989519253,-0.0036244343644411,0,0.2152777777777778,0.3055555555555556,0.4791666666666667,-0.0902777777777777,-0.0593877370193159
2017-03-21,-0.000586182527378,0.0037966325519973,0.004141625485852,0.0061651242150301,0.0176327195443717,0.0339843794280012,-0.0042084923117231,0,0.2152777777777778,0.3055555555555556,0.4791666666666667,-0.0902777777777777,-0.0593877370193159
2017-03-22,-0.0099819108699226,-0.0059825202536102,0.0064054984505337,0.0071525491229926,0.0093384300707508,0.0170341922695738,-0.0141483943864934,0,0.2152777777777778,0.3055555555555556,0.4791666666666667,-0.0902777777777777,-0.0593877370193159
2017-03-23,0.0061846308877187,-0.0073631427728679,0.00594033037078,0.0072119673382014,0.0181526842441424,0.0200328923365344,-0.008051266095709,0,0.2152777777777778,0.3055555555555556,0.4791666666666667,-0.0902777777777777,-0.0593877370193159
2017-03-24,0.0023882108228872,-0.0056822833936495,0.0061391309426057,0.0071932155565755,0.0202755685000559,0.0202869977259743,-0.0056822833936495,0,0.2152777777777778,0.3055555555555556,0.4791666666666667,-0.0902777777777777,-0.0593877370193159
2017-03-27,-0.0068950373298198,-0.0089461314692362,0.0066270177444786,0.0077314747249485,0.0123845073338892,0.0118239275127245,-0.0125381411673515,0,0.2152777777777778,0.3055555555555556,0.4791666666666667,-0.0902777777777777,-0.0593877370193159
2017-03-28,0.006146906646619,-0.0022693635915146,0.0075496200837642,0.0057752159399692,0.0015186530207988,0.0229410905167082,-0.0064683053040103,0,0.2152777777777778,0.3055555555555556,0.4791666666666667,-0.0902777777777777,-0.0593877370193159
2017-03-29,0.0047248593530238,0.012551976922523,0.005479625074148,0.0059471731593483,0.006494364212751,0.0297535925041667,-0.0017740077838003,0,0.2152777777777778,0.3055555555555556,0.4791666666666667,-0.0902777777777777,-0.0593877370193159
2017-03-30,0.0032754434698922,0.0096243795604371,0.0051355374872939,0.0055316345738146,0.0021903711067654,0.0254812314158601,0.0,0,0.2152777777777778,0.3055555555555556,0.4791666666666667,-0.0902777777777777,-0.0593877370193159
2017-03-31,0.0,0.0072189284145804,0.0051927840987124,0.0055295591047241,0.0014956250238808,0.0307873816680244,0.0,0,0.2152777777777778,0.3055555555555556,0.4791666666666667,-0.0902777777777777,-0.0593877370193159
2017-04-03,0.0069873279738383,0.0212985893070356,0.0027534662144958,0.0057362858862068,0.0121619178577494,0.0382464835825593,0.0,0,0.3217922606924643,0.2830957230142566,0.395112016293279,0.0386965376782077,-0.0033395800493024
2017-04-05,0.0029552330899504,0.0180588519690576,0.0025602591552846,0.0057213830650897,0.01574850627638,0.0336589148151658,0.0,0,0.3217922606924643,0.2830957230142566,0.395112016293279,0.0386965376782077,-0.0033395800493024
2017-04-06,-0.0003453802690727,0.0129213237384895,0.0029691362882617,0.0041550328436625,0.0256354888183867,0.0352133141087975,-0.0003453802690727,0,0.3217922606924643,0.2830957230142566,0.395112016293279,0.0386965376782077,-0.0033395800493024
2017-04-07,-0.0068722029378264,0.002676113911977,0.0050847201180288,0.0048727676213599,0.0123262494084501,0.0307026881660186,-0.0072152096835993,0,0.3217922606924643,0.2830957230142566,0.395112016293279,0.0386965376782077,-0.0033395800493024
2017-04-10,-0.0018318602350432,0.000839351410274,0.0051985285341695,0.0049441613141359,0.0080643390426,0.0285034166013218,-0.0090338526629357,0,0.3217922606924643,0.2830957230142566,0.395112016293279,0.0386965376782077,-0.0033395800493024
2017-04-11,0.006050242608738,-9.201275188497338e-05,0.0049000159254258,0.0043616999393608,0.0212046168133372,0.0338517328796639,-0.0030382670544999,0,0.3217922606924643,0.2830957230142566,0.395112016293279,0.0386965376782077,-0.0033395800493024
2017-04-12,-0.0036321316444731,-0.0066593633130601,0.0047881383253604,0.0044511408644368,0.0112792281997189,0.0128150104544955,-0.0066593633130601,0,0.3217922606924643,0.2830957230142566,0.395112016293279,0.0386965376782077,-0.0033395800493024
2017-04-13,-0.0057206808316447,-0.0120007125929206,0.0051057576037176,0.0047309368161884,0.0007655460530633,0.0072648820007044,-0.0123419480526489,0,0.3217922606924643,0.2830957230142566,0.395112016293279,0.0386965376782077,-0.0033395800493024
2017-04-17,-0.0012567207238711,-0.0064142287161758,0.004452238263126,0.0046069705295123,-0.0037552800109007,-0.0015731343609689,-0.0135831583946294,0,0.3217922606924643,0.2830957230142566,0.395112016293279,0.0386965376782077,-0.0033395800493024
2017-04-18,-0.0037366100248377,-0.0083102342222635,0.0045907846043471,0.0047239791893658,-0.0074778580188037,-0.0059934170665006,-0.0172690134536408,0,0.3217922606924643,0.2830957230142566,0.395112016293279,0.0386965376782077,-0.0033395800493024
2017-04-19,-0.0001812161249402,-0.0144527443975316,0.0021956876066703,0.0038916101178591,-0.0145434273126323,-0.0025583854232292,-0.0174471001548813,0,0.3217922606924643,0.2830957230142566,0.395112016293279,0.0386965376782077,-0.0033395800493024
2017-04-20,0.0036139946174547,-0.0072853114864536,0.0035622435330881,0.0039791906983925,-0.0138961592634765,0.0016335032615248,-0.0138961592634765,0,0.3217922606924643,0.2830957230142566,0.395112016293279,0.0386965376782077,-0.0033395800493024
2017-04-21,-0.0018606891116851,-0.0034313939764828,0.0027274797572732,0.0039637597353161,-0.0153909273964987,0.0098500074747105,-0.0157309919429259,0,0.3217922606924643,0.2830957230142566,0.395112016293279,0.0386965376782077,-0.0033395800493024
2017-04-24,0.0108066320152642,0.0086056919020058,0.005752484084065,0.0051017850033786,0.0021362643097095,0.0144888458448435,-0.0050943589688239,0,0.3217922606924643,0.2830957230142566,0.395112016293279,0.0386965376782077,-0.0033395800493024
2017-04-25,0.009617105755618,0.0221248414358907,0.0056803322209126,0.0058226071557302,0.0136307445991645,0.0218050065876154,0.0,0,0.3217922606924643,0.2830957230142566,0.395112016293279,0.0386965376782077,-0.0033395800493024
2017-04-26,0.0048621408462812,0.0272807162080519,0.0050796667630788,0.0057278460910696,0.0124336905921835,0.0339019590501039,0.0,0,0.3217922606924643,0.2830957230142566,0.395112016293279,0.0386965376782077,-0.0033395800493024
2017-04-27,-0.001037227928164,0.0225198108664244,0.0058567540768116,0.005537655946427,0.0150704355431929,0.0265196466244725,-0.001037227928164,0,0.3217922606924643,0.2830957230142566,0.395112016293279,0.0386965376782077,-0.0033395800493024
2017-04-28,-0.0040782903293139,0.0202480426343838,0.0065048450906685,0.0053194087926189,0.0167471696463696,0.0175255364290558,-0.0051112881408492,0,0.3217922606924643,0.2830957230142566,0.395112016293279,0.0386965376782077,-0.0033395800493024
2017-05-02,0.0010479307398389,0.0103981904870387,0.0053210680405132,0.0052274115416037,0.0190933660127143,0.0152663850660852,-0.0040687136769731,0,0.3217922606924643,0.2830957230142566,0.395112016293279,0.0386965376782077,-0.0033395800493024
2017-05-03,-0.0001986299899072,0.0005748608514388,0.0032563513008226,0.004913423563822,0.0227124209925153,0.0150647227142663,-0.0042665354983237,0,0.3217922606924643,0.2830957230142566,0.395112016293279,0.0386965376782077,-0.0033395800493024
2017-05-04,0.005149297408169,0.0008607922496617,0.0033617407793109,0.0049083991594191,0.0281649914867907,0.0132119486677093,0.0,0,0.3217922606924643,0.2830957230142566,0.395112016293279,0.0386965376782077,-0.0033395800493024
2017-05-05,-0.007970170621481,-0.0060853229716928,0.005012204611989,0.0059494727968555,0.0162974475723478,0.0021748163818178,-0.007970170621481,0,0.3217922606924643,0.2830957230142566,0.395112016293279,0.0386965376782077,-0.0033395800493024
2017-05-08,0.0030962919884118,0.0010748007588092,0.0050127467898646,0.0058312968217659,0.021344606004781,0.0056251653269558,-0.0048985566085107,0,0.3217922606924643,0.2830957230142566,0.395112016293279,0.0386965376782077,-0.0033395800493024
2017-05-09,0.0003006211046752,0.000327471064442,0.0049931765161887,0.0049782964840046,0.010729066657988,0.0128882510898753,-0.0045994081133344,0,0.3217922606924643,0.2830957230142566,0.395112016293279,0.0386965376782077,-0.0033395800493024
2017-05-10,0.0097082168329423,0.0102395309253162,0.0065729096964013,0.0049957119728623,0.010820278082221,0.0245985111284163,0.0,0,0.3217922606924643,0.2830957230142566,0.395112016293279,0.0386965376782077,-0.0033395800493024
2017-05-11,0.0016051364365972,0.0066774217673266,0.0063431296651801,0.0048255896993919,0.0075439618898933,0.020071451770055,0.0,0,0.3217922606924643,0.2830957230142566,0.395112016293279,0.0386965376782077,-0.0033395800493024
2017-05-12,-0.002281796569876,0.0124497862212313,0.0044949014864074,0.0048927408280435,0.0062887022794537,0.0214539113049996,-0.002281796569876,0,0.3217922606924643,0.2830957230142566,0.395112016293279,0.0386965376782077,-0.0033395800493024
2017-05-15,0.0047335893371911,0.014102350749674,0.0046087040653423,0.004740114924838,0.0151923087257699,0.0321939065436902,0.0,0,0.3217922606924643,0.2830957230142566,0.395112016293279,0.0386965376782077,-0.0033395800493024
2017-05-16,0.0070775192157028,0.0209727536667434,0.0046810079026208,0.0050470811645156,0.0213070927011531,0.0408072828334775,0.0,0,0.3217922606924643,0.2830957230142566,0.395112016293279,0.0386965376782077,-0.0033395800493024
2017-05-17,0.0014192225814082,0.0125912854910548,0.0035628803812152,0.0049900351598937,0.0229597452735463,0.0461936376665952,0.0,0,0.3217922606924643,0.2830957230142566,0.395112016293279,0.0386965376782077,-0.0033395800493024
2017-05-18,-0.0101094402015589,0.0007482170147734,0.0067412702790836,0.0062021703855848,0.0074306349426811,0.035804910199374,-0.0101094402015589,0,0.3217922606924643,0.2830957230142566,0.395112016293279,0.0386965376782077,-0.0033395800493024
2017-05-19,-0.0001643786222951,0.0028720654405429,0.0066142260981423,0.0054240237509115,0.0153576082625224,0.0319053456503655,-0.0102721570480015,0,0.3217922606924643,0.2830957230142566,0.395112016293279,0.0386965376782077,-0.0033395800493024
2017-05-22,0.0010978054497821,-0.0007569822347385,0.006233902616642,0.0053969991318601,0.0133346932859497,0.0349639230651139,-0.0091856284282078,0,0.3217922606924643,0.2830957230142566,0.395112016293279,0.0386965376782077,-0.0033395800493024
2017-05-23,-0.0055200911185866,-0.0132565901863387,0.005016559038872,0.0058187928126209,0.0074381362799658,0.0182470071979126,-0.0146550140408892,0,0.3217922606924643,0.2830957230142566,0.395112016293279,0.0386965376782077,-0.0033395800493024
2017-05-24,-0.0027274228517549,-0.0173424664724562,0.004489636919379,0.0049583494921749,-0.0049695449278751,0.0057969612962842,-0.0173424664724562,0,0.3217922606924643,0.2830957230142566,0.395112016293279,0.0386965376782077,-0.0033395800493024
2017-05-25,0.0159392343398625,0.0085158731421237,0.0083415076127438,0.007196945021559,0.0092704618780778,0.016884359779081,-0.0016796577697294,0,0.3217922606924643,0.2830957230142566,0.395112016293279,0.0386965376782077,-0.0033395800493024
2017-05-26,0.0089749993427798,0.0177345962515513,0.008812059235395,0.0075094697537564,0.0206575966130904,0.0270762083674529,0.0,0,0.3217922606924643,0.2830957230142566,0.395112016293279,0.0386965376782077,-0.0033395800493024
2017-05-29,0.001021354649769,0.0176568749503349,0.0088174488417386,0.007454839765222,0.016886526774938,0.0323353808287789,0.0,0,0.3217922606924643,0.2830957230142566,0.395112016293279,0.0386965376782077,-0.0033395800493024
2017-05-30,0.0020458307738757,0.0253991253069683,0.0074115511781843,0.0072176533509627,0.0118058293253435,0.0333644699263457,0.0,0,0.3217922606924643,0.2830957230142566,0.395112016293279,0.0386965376782077,-0.0033395800493024
2017-05-31,-0.0003428731732911,0.0278509275630172,0.0068406525853677,0.0072331375906852,0.0100254573130724,0.0332153845327776,-0.0003428731732911,0,0.3217922606924643,0.2830957230142566,0.395112016293279,0.0386965376782077,-0.0033395800493024
2017-06-01,-0.0005352734831752,0.0111832592865217,0.0039133148483566,0.0061483848478018,0.019794367646045,0.0273720873086251,-0.0008779631255486,0,0.3217922606924643,0.2830957230142566,0.395112016293279,0.0386965376782077,-0.0033395800493024
2017-06-02,0.0038893106352886,0.0060864399537263,0.0018282600688066,0.0061249613311947,0.0239289767604662,0.039654076874199,0.0,0,0.3217922606924643,0.2830957230142566,0.395112016293279,0.0386965376782077,-0.0033395800493024
2017-06-05,0.002237530429378,0.0073087694822435,0.0018762171638608,0.0061089457732653,0.0250946944613672,0.0387640178010642,0.0,0,0.3217922606924643,0.2830957230142566,0.395112016293279,0.0386965376782077,-0.0033395800493024
2017-06-06,-0.0039224400781388,0.0013091521162029,0.0029820758462815,0.0058930199034271,0.0267415287418164,0.0343785721568985,-0.0039224400781388,0,0.3217922606924643,0.2830957230142566,0.395112016293279,0.0386965376782077,-0.0033395800493024
2017-06-07,0.0027757168872539,0.0044328959334805,0.0031447817656948,0.0055830248642541,0.0324072837600355,0.0272766893795244,-0.0011576107740489,0,0.3217922606924643,0.2830957230142566,0.395112016293279,0.0386965376782077,-0.0033395800493024
2017-06-08,-0.0017229069009405,0.003239358991691,0.0033192598410612,0.0035210141770838,0.0144588448697389,0.0238633469179827,-0.0028785232193982,0,0.3217922606924643,0.2830957230142566,0.395112016293279,0.0386965376782077,-0.0033395800493024
2017-06-09,0.0021767861307626,0.0015279432330241,0.0029717956532406,0.0023746772200612,0.007623682921491,0.0284387665010796,-0.0007080030180567,0,0.3217922606924643,0.2830957230142566,0.395112016293279,0.0386965376782077,-0.0033395800493024
2017-06-12,-0.0053629146950069,-0.0060671207532739,0.0036132865198796,0.0030573614103003,0.0011973055419629,0.0181040506489931,-0.0060671207532739,0,0.3217922606924643,0.2830957230142566,0.395112016293279,0.0386965376782077,-0.0033395800493024
2017-06-13,-0.0009878956782163,-0.0031388947977358,0.003286327984886,0.0029953465685481,-0.0018338519723,0.0099503272096506,-0.0070490227491188,0,0.3217922606924643,0.2830957230142566,0.395112016293279,0.0386965376782077,-0.0033395800493024
2017-06-14,0.0011710333198013,-0.0047341135566386,0.002930362389433,0.0030242897352554,-0.0003222034558919,0.0097000236201874,-0.0058862440698288,0,0.3217922606924643,0.2830957230142566,0.395112016293279,0.0386965376782077,-0.0033395800493024
2017-06-15,-0.0041692009378103,-0.007173028583275,0.0032764568528857,0.0032979432302768,-0.0039569056062229,0.0157591375955117,-0.010030904073343,0,0.3217922606924643,0.2830957230142566,0.395112016293279,0.0386965376782077,-0.0033395800493024
2017-06-16,0.0010440538522977,-0.0082951930287281,0.0029910718333354,0.0029965499305889,-0.0067799243797587,0.0169868157277865,-0.0089973230250851,0,0.3217922606924643,0.2830957230142566,0.395112016293279,0.0386965376782077,-0.0033395800493024
2017-06-19,0.0072486063380978,0.0042791481219581,0.0041729030750904,0.003838600431441,-0.0018139347396927,0.023235239583609,-0.0018139347396927,0,0.3217922606924643,0.2830957230142566,0.395112016293279,0.0386965376782077,-0.0033395800493024
2017-06-20,-0.0004193610180635,0.0048506802402439,0.0041172921901479,0.0036117453620907,0.0016965596675366,0.0284834570084646,-0.0022325350642371,0,0.3217922606924643,0.2830957230142566,0.395112016293279,0.0386965376782077,-0.0033395800493024
2017-06-21,-0.0020614284974361,0.0016063380171862,0.0043272467312234,0.0035481484577272,-0.0031353801260359,0.0291702944805594,-0.0042893613502702,0,0.3217922606924643,0.2830957230142566,0.395112016293279,0.0386965376782077,-0.0033395800493024
2017-06-22,-0.0003736920777279,0.0054238597626865,0.0036153347660604,0.0035138678313523,-0.0017880743216979,0.0126449170588081,-0.0046614505276431,0,0.3217922606924643,0.2830957230142566,0.395112016293279,0.0386965376782077,-0.0033395800493024
2017-06-23,-0.0057165109034267,-0.0013662840723607,0.0047285316591335,0.0038020122321263,-0.0096501435109765,-0.00210003022376,-0.0103513141983028,0,0.3217922606924643,0.2830957230142566,0.395112016293279,0.0386965376782077,-0.0033395800493024
2017-06-27,-0.0066371103765555,-0.0151332377259242,0.0029596219919789,0.0039829118373805,-0.0109188469697599,-0.0097346146237857,-0.0169197217599819,0,0.3217922606924643,0.2830957230142566,0.395112016293279,0.0386965376782077,-0.0033395800493024
2017-06-28,-0.002118510419076,-0.0168073755632671,0.0026662668087361,0.0039957132477345,-0.0120382225275582,-0.013849998181733,-0.0190023875722215,0,0.3217922606924643,0.2830957230142566,0.395112016293279,0.0386965376782077,-0.0033395800493024
2017-06-29,0.0013538785723692,-0.0134425344627138,0.0034199390832729,0.0040081839524137,-0.0118577896996823,-0.0121761725347537,-0.0176742359252101,0,0.3217922606924643,0.2830957230142566,0.395112016293279,0.0386965376782077,-0.0033395800493024
2017-06-30,0.0017676581685797,-0.0113291796469366,0.0038861362194462,0.0039563885397354,-0.0059667677658813,-0.0099000634352804,-0.0159378197641368,0,0.3217922606924643,0.2830957230142566,0.395112016293279,0.0386965376782077,-0.0033395800493024
2017-07-03,0.0098835194151813,0.0041827894662633,0.0060739060535548,0.0051651600502186,0.0028107905152769,-0.0039881908116227,-0.00621182210003,0,0.3217922606924643,0.2830957230142566,0.395112016293279,0.0386965376782077,-0.0033395800493024
2017-07-04,-0.0001768070722829,0.0107134596379081,0.0045886055970997,0.0045513380894871,-0.0045819074195836,-0.0063875308782339,-0.0056835518320276,0,0.3217922606924643,0.2830957230142566,0.395112016293279,0.0386965376782077,-0.0033395800493024
2017-07-05,0.0025277480157699,0.0154194652969841,0.0039338594283248,0.0046479223650598,-0.0016470710105143,4.669430277637332e-05,-0.0031701704031236,0,0.3217922606924643,0.2830957230142566,0.395112016293279,0.0386965376782077,-0.0033395800493024
2017-07-06,0.0038339420602637,0.0179343651687164,0.0038178345455386,0.0047519793594241,0.0042507473841553,0.0011020395492502,0.0,0,0.3217922606924643,0.2830957230142566,0.395112016293279,0.0386965376782077,-0.0033395800493024
2017-07-07,-0.0009044348315941,0.015219149450157,0.0042904737002573,0.004764954002954,0.0037175493250258,0.0019228277488403,-0.0009044348315941,0,0.3217922606924643,0.2830957230142566,0.395112016293279,0.0386965376782077,-0.0033395800493024
2017-07-10,0.0108889072813425,0.0162298491939676,0.0046961839690181,0.0052704033576973,0.0204805247024786,0.010632741188943,0.0,0,0.3217922606924643,0.2830957230142566,0.395112016293279,0.0386965376782077,-0.0033395800493024
2017-07-11,0.0015351471950302,0.0179698958734253,0.0044408151093872,0.004323677752757,0.0288758752654709,0.0176417370325692,0.0,0,0.3217922606924643,0.2830957230142566,0.395112016293279,0.0386965376782077,-0.0033395800493024
2017-07-12,0.0030706975746088,0.0185212085996513,0.0044153315382904,0.0039556293734361,0.034226261029896,0.0217760151557735,0.0,0,0.3217922606924643,0.2830957230142566,0.395112016293279,0.0386965376782077,-0.0033395800493024
2017-07-13,0.0077016330314483,0.0224454884206501,0.004772344989765,0.0041013553930776,0.0407823991750928,0.0284410203625438,0.0,0,0.3217922606924643,0.2830957230142566,0.395112016293279,0.0386965376782077,-0.0033395800493024
2017-07-14,-0.0005408574865797,0.02281756295392,0.0046719175487537,0.0043018375886994,0.038383976304761,0.0321881802663381,-0.0005408574865797,0,0.3217922606924643,0.2830957230142566,0.395112016293279,0.0386965376782077,-0.0033395800493024
2017-07-17,0.0029940271181982,0.014829521903992,0.0030324245470819,0.0037297217031602,0.03130005200208,0.0341988204066521,0.0,0,0.3217922606924643,0.2830957230142566,0.395112016293279,0.0386965376782077,-0.0033395800493024
2017-07-18,-0.0089552690362497,0.0041998559173517,0.0062159256905144,0.0052910871593351,0.0222452227642953,0.0175613897934776,-0.0089552690362497,0,0.3217922606924643,0.2830957230142566,0.395112016293279,0.0386965376782077,-0.0033395800493024
2017-07-19,0.007372432495688,0.008506433308544,0.0068634131510934,0.0055388841510415,0.027185191333942,0.0254933443828664,-0.0016488586570122,0,0.3217922606924643,0.2830957230142566,0.395112016293279,0.0386965376782077,-0.0033395800493024
2017-07-20,-0.0026566729968888,-0.0018601453744049,0.0061283366214037,0.0057667972188802,0.0205435911747833,0.0248816641753859,-0.0043011511756313,0,0.3217922606924643,0.2830957230142566,0.395112016293279,0.0386965376782077,-0.0033395800493024
2017-07-21,0.0042488327104412,0.0029232224228354,0.0064579460941346,0.0057032966356679,0.0258074861884169,0.0296209761163033,-7.059333699754866e-05,0,0.3217922606924643,0.2830957230142566,0.395112016293279,0.0386965376782077,-0.0033395800493024
2017-07-24,0.0051587201532992,0.0050877626450314,0.0067255251557848,0.0050212321902276,0.0199927336366101,0.0408827200142036,0.0,0,0.3217922606924643,0.2830957230142566,0.395112016293279,0.0386965376782077,-0.0033395800493024
2017-07-25,-0.0001856236956173,0.013981673221636,0.0041005569261507,0.0050679293444508,0.018240250152002,0.0476428286056731,-0.0001856236956173,0,0.3217922606924643,0.2830957230142566,0.395112016293279,0.0386965376782077,-0.0033395800493024
2017-07-26,0.0056299582018255,0.0122277667784556,0.0036643252865797,0.0052009365859792,0.0208382147696131,0.055777689977611,0.0,0,0.3217922606924643,0.2830957230142566,0.395112016293279,0.0386965376782077,-0.0033395800493024
2017-07-27,-9.979392554426704e-06,0.0149139598715728,0.0028433919725583,0.0048329357696951,0.0130260723636987,0.0543397060216115,-9.979392554426704e-06,0,0.3217922606924643,0.2830957230142566,0.395112016293279,0.0386965376782077,-0.0033395800493024
2017-07-28,-0.0006037592746904,0.0100098333375355,0.0031124996860292,0.0048356461119342,0.0129623167296322,0.0518438382925985,-0.000613732642094,0,0.3217922606924643,0.2830957230142566,0.395112016293279,0.0386965376782077,-0.0033395800493024
2017-07-31,0.0062509361425933,0.0111073205972067,0.0034135627578768,0.0050666374132909,0.016251594653059,0.0480603224128965,0.0,0,0.3217922606924643,0.2830957230142566,0.395112016293279,0.0386965376782077,-0.0033395800493024
2017-08-01,0.0037262704547935,0.0150633997521212,0.0031646399056783,0.0034549402552861,0.0292556845066982,0.052151706489967,0.0,0,0.3217922606924643,0.2830957230142566,0.395112016293279,0.0386965376782077,-0.0033395800493024
2017-08-02,-0.0032774243300558,0.0060724603693373,0.0037635569581816,0.0035605673687507,0.0183744797769607,0.046059184859301,-0.0032774243300558,0,0.3217922606924643,0.2830957230142566,0.395112016293279,0.0386965376782077,-0.0033395800493024
2017-08-03,-0.0067301492833408,-0.0006885849579114,0.0052268493331931,0.0042891347367863,0.0142151053852308,0.0350507258735548,-0.0099855160583905,0,0.3217922606924643,0.2830957230142566,0.395112016293279,0.0386965376782077,-0.0033395800493024
2017-08-04,0.0052678094401141,0.0051824853961754,0.005728424073088,0.0043750303728144,0.0152441945488011,0.0414450950774898,-0.0047703084140331,0,0.3217922606924643,0.2830957230142566,0.395112016293279,0.0386965376782077,-0.0033395800493024
2017-08-07,-0.0008940634188985,-0.0019549275089063,0.0049432510042848,0.0042324698382766,0.0091306790817144,0.0293059599531269,-0.0056601068746817,0,0.3217922606924643,0.2830957230142566,0.395112016293279,0.0386965376782077,-0.0033395800493024
2017-08-08,-0.0078399984091316,-0.0134557300549204,0.0052378994583258,0.0050644796845232,0.0014049806564271,0.019670858007061,-0.0134557300549204,0,0.3217922606924643,0.2830957230142566,0.395112016293279,0.0386965376782077,-0.0033395800493024
2017-08-09,-0.0070651547569536,-0.0172047810345683,0.0056043241296443,0.0051294604699876,-0.0112367960162265,0.009367263984678,-0.0204258179966682,0,0.3217922606924643,0.2830957230142566,0.395112016293279,0.0386965376782077,-0.0033395800493024
2017-08-10,-0.0088614813207441,-0.019313636885651,0.0059841494608509,0.005653996725231,-0.0199889227637204,-0.0072232275544144,-0.029106296312774,0,0.3217922606924643,0.2830957230142566,0.395112016293279,0.0386965376782077,-0.0033395800493024
2017-08-11,-0.0111453374404929,-0.035325439084479,0.003824633989328,0.0063089651977883,-0.0303260272604724,-0.0177568061013418,-0.039927234259218,0,0.3217922606924643,0.2830957230142566,0.395112016293279,0.0386965376782077,-0.0033395800493024
2017-08-14,0.0085832269226016,-0.0261747568954202,0.0078923634982715,0.0067209454527205,-0.0280785146520329,-0.0122832406375588,-0.0316867118486551,0,0.3217922606924643,0.2830957230142566,0.395112016293279,0.0386965376782077,-0.0033395800493024
2017-08-16,0.0105317970421119,-0.0081424655886876,0.0103027755204829,0.0077271145197935,-0.0214886328246652,0.0071383870196344,-0.0214886328246652,0,0.3217922606924643,0.2830957230142566,0.395112016293279,0.0386965376782077,-0.0033395800493024
2017-08-17,0.0006921079486323,-0.0003936193297369,0.0098463948941551,0.0077642378520196,-0.0175916282299261,0.0004596145298798,-0.0208113973296159,0,0.3217922606924643,0.2830957230142566,0.395112016293279,0.0386965376782077,-0.0033395800493024
2017-08-18,-0.0067395990569609,0.001746391385148,0.0094070627963958,0.0077649123983619,-0.0176009746695759,-0.0036360689941559,-0.0274107359127602,0,0.3217922606924643,0.2830957230142566,0.395112016293279,0.0386965376782077,-0.0033395800493024
2017-08-21,-0.0084422713318559,0.0044846974502616,0.0086238778778586,0.0075972608798116,-0.0309991655408089,-0.0162275283023625,-0.0356215983746347,0,0.3217922606924643,0.2830957230142566,0.395112016293279,0.0386965376782077,-0.0033395800493024
2017-08-22,0.0011482056723408,-0.0029201104741095,0.0075470412971043,0.0076905656674736,-0.0290184341877622,-0.02015271311607,-0.0345142936236053,0,0.3217922606924643,0.2830957230142566,0.395112016293279,0.0386965376782077,-0.0033395800493024
2017-08-23,0.0089037483807876,-0.0045264870217128,0.0069611320368916,0.0082976342418046,-0.0126320958455886,-0.0112448630394749,-0.0259178518287829,0,0.3217922606924643,0.2830957230142566,0.395112016293279,0.0386965376782077,-0.0033395800493024
2017-08-24,0.0004618117229129,-0.004755582255923,0.0069488179231416,0.0080480979636642,-0.0051473296965598,-0.0163262862189579,-0.0254680092736773,0,0.3217922606924643,0.2830957230142566,0.395112016293279,0.0386965376782077,-0.0033395800493024
2017-08-28,0.0056558503811992,0.007664626832293,0.0065598513460082,0.0076700564717238,0.0094244036557114,-0.0107529027847772,-0.0199562021424369,0,0.3217922606924643,0.2830957230142566,0.395112016293279,0.0386965376782077,-0.0033395800493024
2017-08-29,-0.011777701557582,0.0042750157621982,0.0078685051996176,0.0077827731418195,0.0087788853647485,-0.0218133706126117,-0.0314988655069626,0,0.3217922606924643,0.2830957230142566,0.395112016293279,0.0386965376782077,-0.0033395800493024
2017-08-30,0.0090189413079762,0.012170333468161,0.0086812972384297,0.0078316222991719,0.0092146842758176,-0.0191225650236676,-0.0227640106182616,0,0.3217922606924643,0.2830957230142566,0.395112016293279,0.0386965376782077,-0.0033395800493024
2017-08-31,0.0033891789081785,0.0066379091601116,0.0079786697634038,0.0071568035487686,0.0020813757287341,-0.019451983014736,-0.0162277438873184,0,0.3217922606924643,0.2830957230142566,0.395112016293279,0.0386965376782077,-0.0033395800493024
2017-09-01,0.0056967704856873,0.011905184614058,0.0081741250329194,0.0073645971636254,0.0070929862734308,-0.0106234191340575,-0.0091393149487403,0,0.3217922606924643,0.2830957230142566,0.395112016293279,0.0386965376782077,-0.0033395800493024
2017-09-04,-0.0061707972409367,5.0439835366233865e-06,0.008690068049758,0.0073024171217436,0.0076697094760811,-0.0100662595557063,-0.0152537153302073,0,0.3217922606924643,0.2830957230142566,0.395112016293279,0.0386965376782077,-0.0033395800493024
2017-09-05,0.0039695950206046,0.0159400983049291,0.0056685975273417,0.0065780576481736,0.020283258238632,-0.0113446713820232,-0.0104599598305723,0,0.3217922606924643,0.2830957230142566,0.395112016293279,0.0386965376782077,-0.0033395800493024
2017-09-06,-0.0036172906493037,0.0032171907247784,0.0052135805371308,0.0068172715789173,0.0154266784768908,-0.0140394137649888,-0.0062484028240574,0,0.3217922606924643,0.2830957230142566,0.395112016293279,0.0386965376782077,-0.0033395800493024
2017-09-07,0.0013815776204593,0.0012099335544824,0.0050240849540603,0.0063123729049374,0.0078558741436183,-0.0048754578571034,-0.0044614212383702,0,0.3217922606924643,0.2830957230142566,0.395112016293279,0.0386965376782077,-0.0033395800493024
2017-09-08,0.0004934591486318,-0.0039701636188643,0.0040608898134288,0.0063121920018586,0.007887755464363,0.0026998248898622,-0.0039701636188643,0,0.3217922606924643,0.2830957230142566,0.395112016293279,0.0386965376782077,-0.0033395800493024
2017-09-11,0.007171759874381,0.0094019378886998,0.004023687818422,0.0064581744294434,0.0094070292954564,0.0189200885924492,0.0,0,0.3217922606924643,0.2830957230142566,0.395112016293279,0.0386965376782077,-0.0033395800493024
2017-09-12,0.0086947396824921,0.0141526496654005,0.0050589234267138,0.0050686340295205,0.0303183425972712,0.0393633892161304,0.0,0,0.3217922606924643,0.2830957230142566,0.395112016293279,0.0386965376782077,-0.0033395800493024
2017-09-13,-0.0013623235790964,0.0164478328391923,0.0043984400640323,0.0047528073947033,0.0197179393792237,0.0291143182409907,-0.0013623235790964,0,0.3217922606924643,0.2830957230142566,0.395112016293279,0.0386965376782077,-0.0033395800493024
2017-09-14,0.0007242566448066,0.0157806221613512,0.0044783098603714,0.0047387504845988,0.017009649220097,0.0191264284198722,-0.0006390536061942,0,0.3217922606924643,0.2830957230142566,0.395112016293279,0.0386965376782077,-0.0033395800493024
2017-09-15,-0.0001189697222058,0.0151588356081653,0.004576245487051,0.00454646098733,0.0111284889316649,0.0183004094243321,-0.00075794730037,0,0.3217922606924643,0.2830957230142566,0.395112016293279,0.0386965376782077,-0.0033395800493024
2017-09-18,0.0067126737660381,0.0146961088541432,0.0044756677217582,0.0040502983510369,0.0242362186454954,0.0320918128773863,0.0,0,0.3217922606924643,0.2830957230142566,0.395112016293279,0.0386965376782077,-0.0033395800493024
2017-09-19,-0.0005466310781929,0.005399755277146,0.0032365858706351,0.0041078288067341,0.0196288257872629,0.0403102205682592,-0.0005466310781929,0,0.3217922606924643,0.2830957230142566,0.395112016293279,0.0386965376782077,-0.0033395800493024
2017-09-20,-0.00063069410843,0.0061363388330539,0.0031126271175622,0.0037508774777725,0.022685101147617,0.0384617353861278,-0.0011769804296225,0,0.3217922606924643,0.2830957230142566,0.395112016293279,0.0386965376782077,-0.0033395800493024
2017-09-21,-0.0018982068108646,0.0034996926615509,0.0034241205318077,0.0039723002012507,0.0193355421504748,0.0273433138797258,-0.0030729530882194,0,0.3217922606924643,0.2830957230142566,0.395112016293279,0.0386965376782077,-0.0033395800493024
2017-09-22,-0.0155603197028225,-0.0119975409998611,0.0081094215826979,0.0068304492426214,0.0029794258565849,0.010890682303529,-0.0185854566585575,0,0.3217922606924643,0.2830957230142566,0.395112016293279,0.0386965376782077,-0.0033395800493024
2017-09-25,-0.009212797559311,-0.0276270301681259,0.0066368197334394,0.0069676445282858,-0.0133369311566501,-0.0040553627632958,-0.0276270301681259,0,0.3217922606924643,0.2830957230142566,0.395112016293279,0.0386965376782077,-0.0033395800493024
2017-09-26,-0.0001114194842291,-0.0272036107237706,0.0067214814894078,0.0060584787884061,-0.0219507482871876,0.0077020840032462,-0.0277353714629029,0,0.3217922606924643,0.2830957230142566,0.395112016293279,0.0386965376782077,-0.0033395800493024
2017-09-27,-0.0137517094666463,-0.0399757423960792,0.0069122342333594,0.0070531797995986,-0.0340847082634706,-0.0150388490955444,-0.0411056721592419,0,0.3217922606924643,0.2830957230142566,0.395112016293279,0.0386965376782077,-0.0033395800493024
2017-09-28,0.0034101122152891,-0.0348699354864204,0.0083602314219645,0.0072769377599846,-0.0314922768822001,-0.0150183002450113,-0.0378357348987008,0,0.3217922606924643,0.2830957230142566,0.395112016293279,0.0386965376782077,-0.0033395800493024
2017-09-29,0.0020114751329467,-0.0176428083978964,0.0075388547821877,0.007406249764993,-0.0294286790806511,-0.0186276868784086,-0.0359003654056396,0,0.3217922606924643,0.2830957230142566,0.395112016293279,0.0386965376782077,-0.0033395800493024
2017-10-03,0.0072431195472284,-0.0013269047667281,0.0080151787687285,0.0074846905115189,-0.0289172764968335,-0.0053819032871474,-0.0289172764968335,0,0.2211221122112211,0.297029702970297,0.4818481848184818,-0.0759075907590758,-0.0420425190945149
2017-10-04,0.0056189461940259,0.004396494960239,0.0084367061892224,0.0079405851835129,-0.0229267163009789,-0.0037479150338619,-0.0234608149235209,0,0.2211221122112211,0.297029702970297,0.4818481848184818,-0.0759075907590758,-0.0420425190945149
2017-10-05,-0.0026424875692139,0.0157101404617006,0.0038001237948599,0.0079193834194204,-0.0248936264624819,-0.0027732397490974,-0.0260413075809358,0,0.2211221122112211,0.297029702970297,0.4818481848184818,-0.0759075907590758,-0.0420425190945149
2017-10-06,0.0092024229676297,0.0215734546701538,0.0046869477626731,0.0087462686560483,-0.0140487457888339,0.0050151562452795,-0.017078527740296,0,0.2211221122112211,0.297029702970297,0.4818481848184818,-0.0759075907590758,-0.0420425190945149
2017-10-09,0.0009068408870005,0.0204472549700671,0.0048443952899376,0.0071916787866186,0.0024436995704708,0.0054304062487418,-0.0161871743605401,0,0.2211221122112211,0.297029702970297,0.4818481848184818,-0.0759075907590758,-0.0420425190945149
2017-10-10,0.0028231760730823,0.015969369643491,0.0045114841865794,0.0063914210111854,0.0146212750440613,0.0010893409487262,-0.0134096975308033,0,0.2211221122112211,0.297029702970297,0.4818481848184818,-0.0759075907590758,-0.0420425190945149
2017-10-11,-0.0032095597961456,0.0070499954613763,0.0050183387410626,0.0065497786168947,0.011477485691131,-0.0107252019954324,-0.0165762181008757,0,0.2211221122112211,0.297029702970297,0.4818481848184818,-0.0759075907590758,-0.0420425190945149
2017-10-12,0.0111769890233155,0.0210037719821614,0.0059443822972456,0.0047360541874707,0.0370438846519272,0.0016965463871498,-0.0055845012853218,0,0.2211221122112211,0.297029702970297,0.4818481848184818,-0.0759075907590758,-0.0420425190945149
2017-10-13,0.0070371617606277,0.0188131907772779,0.005553007741292,0.0048527413357232,0.0407925109658664,0.0080155850336089,0.0,0,0.2211221122112211,0.297029702970297,0.4818481848184818,-0.0759075907590758,-0.0420425190945149
2017-10-16,0.0062355851270474,0.024237266925291,0.0053803314179943,0.0048426253690529,0.0451801074719571,0.0144218375076845,0.0,0,0.2211221122112211,0.297029702970297,0.4818481848184818,-0.0759075907590758,-0.0420425190945149
2017-10-17,0.0003518769212724,0.0217131961325554,0.0057120703720076,0.0048893850384791,0.0380293118312289,0.0080123312091873,0.0,0,0.2211221122112211,0.297029702970297,0.4818481848184818,-0.0759075907590758,-0.0420425190945149
2017-10-18,-0.0023059373000015,0.0226394119060973,0.0054212390608124,0.0051860638210319,0.0298490151186598,0.0062379589161916,-0.0023059373000015,0,0.2211221122112211,0.297029702970297,0.4818481848184818,-0.0759075907590758,-0.0420425190945149
2017-10-19,-0.0062972230519497,0.0049671169921952,0.0056669509182005,0.0057253086396288,0.0260752171670692,0.0005324839885023,-0.0085886393504293,0,0.2211221122112211,0.297029702970297,0.4818481848184818,-0.0759075907590758,-0.0420425190945149
2017-10-23,0.0037746820347803,0.001711343552218,0.0049398411905731,0.0052680260440436,0.0205567301622293,0.0062191880970965,-0.0048463766983082,0,0.2211221122112211,0.297029702970297,0.4818481848184818,-0.0759075907590758,-0.0420425190945149
2017-10-24,0.0022435283779338,-0.0022627640909601,0.0039805936551865,0.0052527512994152,0.0219196596170692,0.0244169242503313,-0.002613721304027,0,0.2211221122112211,0.297029702970297,0.4818481848184818,-0.0759075907590758,-0.0420425190945149
2017-10-25,0.0085866551720759,0.0059504907444951,0.0057179664861643,0.0056332095563264,0.0277928910496707,0.0428205335980389,0.0,0,0.2211221122112211,0.297029702970297,0.4818481848184818,-0.0759075907590758,-0.0420425190945149
2017-10-26,0.0047060080521788,0.0130204635265427,0.0054986998630088,0.0052439702120281,0.0359546510696258,0.047844805753938,0.0,0,0.2211221122112211,0.297029702970297,0.4818481848184818,-0.0759075907590758,-0.0420425190945149
2017-10-27,-0.0020060325992381,0.0173950751733347,0.003850047564595,0.0047473610484006,0.0224485955390039,0.0603240633746757,-0.0020060325992381,0,0.2211221122112211,0.297029702970297,0.4818481848184818,-0.0759075907590758,-0.0420425190945149
2017-10-30,0.0039329461738537,0.017555486826021,0.0038539201576549,0.0044929682012455,0.0192968738474248,0.060876552751319,0.0,0,0.2211221122112211,0.297029702970297,0.4818481848184818,-0.0759075907590758,-0.0420425190945149
2017-10-31,-0.0027355227164175,0.0125003673697305,0.0047875399343572,0.004431228082749,0.0102093178963622,0.0558506834480925,-0.0027355227164175,0,0.2211221122112211,0.297029702970297,0.4818481848184818,-0.0759075907590758,-0.0420425190945149
2017-11-01,0.0101787079233308,0.0140985979107073,0.0053174375168997,0.005274685099114,0.0201329822315805,0.0589279375221867,0.0,0,0.2211221122112211,0.297029702970297,0.4818481848184818,-0.0759075907590758,-0.0420425190945149
2017-11-02,-0.0015995402519036,0.0077341015874243,0.0055014458318051,0.0052148870992902,0.0208552667015966,0.0513267909913361,-0.0015995402519036,0,0.2211221122112211,0.297029702970297,0.4818481848184818,-0.0759075907590758,-0.0420425190945149
2017-11-03,0.0027533145302098,0.0125398985764866,0.0051307116436615,0.0043059167776861,0.0301531062282254,0.0570145721884574,0.0,0,0.2211221122112211,0.297029702970297,0.4818481848184818,-0.0759075907590758,-0.0420425190945149
2017-11-06,-6.696962449181942e-05,0.0085056905626879,0.0051643196300679,0.0043978738072109,0.0262104989273281,0.0473060312434239,-6.696962449181942e-05,0,0.2211221122112211,0.297029702970297,0.4818481848184818,-0.0759075907590758,-0.0420425190945149
2017-11-07,-0.009725597504736,0.0014368233142725,0.0072087243839823,0.0058833324016643,0.0139551515032767,0.0361807032912024,-0.0097919158096149,0,0.2211221122112211,0.297029702970297,0.4818481848184818,-0.0759075907590758,-0.0420425190945149
2017-11-08,-0.0045409969903817,-0.0131555002155069,0.0047594716957066,0.005557769742835,0.0007576235873476,0.0285715711868381,-0.0142884477397752,0,0.2211221122112211,0.297029702970297,0.4818481848184818,-0.0759075907590758,-0.0420425190945149
2017-11-09,0.0005629346364948,-0.0110180548360481,0.0049707588951366,0.005324949868674,-0.0033691680040215,0.0324643458056246,-0.0137335565654148,0,0.2211221122112211,0.297029702970297,0.4818481848184818,-0.0759075907590758,-0.0420425190945149
2017-11-10,0.0012416395462195,-0.0125089691461373,0.0046280620085875,0.0053100268314022,-0.0001259317740396,0.0223198367735033,-0.0125089691461373,0,0.2211221122112211,0.297029702970297,0.4818481848184818,-0.0759075907590758,-0.0420425190945149
2017-11-13,-0.0093782546564292,-0.0217043954151436,0.0052349451505359,0.0058550518591902,-0.0133833157237073,0.0056553019685368,-0.0217699115044247,0,0.2211221122112211,0.297029702970297,0.4818481848184818,-0.0759075907590758,-0.0420425190945149
2017-11-14,-0.0037506295874307,-0.015801703356956,0.0043057086225573,0.0058907980186116,-0.014387584298472,-0.0043251538239735,-0.0254388902176512,0,0.2211221122112211,0.297029702970297,0.4818481848184818,-0.0759075907590758,-0.0420425190945149
2017-11-15,-0.0067294288575188,-0.0179653795198556,0.0045818981282433,0.0044342227563977,-0.0308845361812174,-0.0113733517678039,-0.0319971298732361,0,0.2211221122112211,0.297029702970297,0.4818481848184818,-0.0759075907590758,-0.0420425190945149
2017-11-16,0.0095571775193836,-0.0091376910354595,0.0074794804743822,0.0059906185372742,-0.0200550662906041,0.0003819466547838,-0.0227457546041617,0,0.2211221122112211,0.297029702970297,0.4818481848184818,-0.0759075907590758,-0.0420425190945149
2017-11-17,0.0067402530654201,-0.0036960786688303,0.0083895585717441,0.0064571863412142,-0.0161588136809375,0.0135070541218444,-0.0161588136809375,0,0.2211221122112211,0.297029702970297,0.4818481848184818,-0.0759075907590758,-0.0420425190945149
2017-11-20,0.0014732194951183,0.0072176392060596,0.0068495058029146,0.0065161530982798,-0.0146434107043762,0.0111832771223925,-0.0147093996651518,0,0.2211221122112211,0.297029702970297,0.4818481848184818,-0.0759075907590758,-0.0420425190945149
2017-11-21,0.0027333414249302,0.0137729958965699,0.0061997919737741,0.005923197115469,-0.0022463442558803,0.0116774591729771,-0.0120162640516623,0,0.2211221122112211,0.297029702970297,0.4818481848184818,-0.0759075907590758,-0.0420425190945149
2017-11-22,0.0014912510046576,0.0221633615172884,0.0036013148813112,0.0057372576557023,0.0037998087963388,0.004560311208458,-0.0105429323128438,0,0.2211221122112211,0.297029702970297,0.4818481848184818,-0.0759075907590758,-0.0420425190945149
2017-11-23,0.0006236523790645,0.0131182848332069,0.0024271187720331,0.0057374882527276,0.0038607229640263,0.0004785475357218,-0.0099258550585984,0,0.2211221122112211,0.297029702970297,0.4818481848184818,-0.0759075907590758,-0.0420425190945149
2017-11-24,0.0039569996376374,0.010317398576374,0.0013021890039601,0.0058449817789037,0.0065831859907476,0.0064564251844174,-0.006008132025831,0,0.2211221122112211,0.297029702970297,0.4818481848184818,-0.0759075907590758,-0.0420425190945149
2017-11-27,0.0009480543230313,0.0097875955819879,0.0013797837646709,0.0046652929474364,0.0170758781216533,0.0034640305297843,-0.0050657737383401,0,0.2211221122112211,0.297029702970297,0.4818481848184818,-0.0759075907590758,-0.0420425190945149
2017-11-28,-0.0028174296003191,0.0041977747436308,0.0024277091385348,0.004552009982616,0.0180285865745193,0.003381614466924,-0.0078689308777804,0,0.2211221122112211,0.297029702970297,0.4818481848184818,-0.0759075907590758,-0.0420425190945149
2017-11-29,-0.0008630457317808,0.001837115535229,0.0024972565616081,0.0036119130677534,0.0240411937082738,-0.0075858435898664,-0.0087251853623535,0,0.2211221122112211,0.297029702970297,0.4818481848184818,-0.0759075907590758,-0.0420425190945149
2017-11-30,-0.0130051248395471,-0.0118081893948545,0.0064539993203049,0.0052903881082043,0.0011551922465062,-0.0189230415011799,-0.021616838077015,0,0.2211221122112211,0.297029702970297,0.4818481848184818,-0.0759075907590758,-0.0420425190945149
2017-12-01,-0.0102429460570768,-0.0257851526030589,0.0060958098021378,0.0056459381790579,-0.0157337897234433,-0.0316383640277446,-0.0315735088692856,0,0.2211221122112211,0.297029702970297,0.4818481848184818,-0.0759075907590758,-0.0420425190945149
2017-12-04,0.0005878401074908,-0.0261357462582514,0.0060065166633256,0.0055996617116093,-0.0166039567908726,-0.0310042289366424,-0.0261357462582514,0,0.2211221122112211,0.297029702970297,0.4818481848184818,-0.0759075907590758,-0.0420425190945149
2017-12-05,-0.0009380168349337,-0.0243002820568453,0.0062520100968001,0.005396367828375,-0.0202045144234959,-0.0224054723844581,-0.0270492473232014,0,0.2211221122112211,0.297029702970297,0.4818481848184818,-0.0759075907590758,-0.0420425190945149
2017-12-06,-0.0073283423516912,-0.0306139191028151,0.0058670788241007,0.0054777784030892,-0.028833044873964,-0.0251427961351624,-0.0341793635301526,0,0.2211221122112211,0.297029702970297,0.4818481848184818,-0.0759075907590758,-0.0420425190945149
2017-12-07,0.0122061707868301,-0.0058524135705588,0.0086934697403227,0.0072464613695549,-0.0175914965575552,-0.0137986894882602,-0.0223903918919566,0,0.2211221122112211,0.297029702970297,0.4818481848184818,-0.0759075907590758,-0.0420425190945149
2017-12-08,0.0097327549745738,0.0142118990693356,0.0080308050362619,0.0079480528615771,-0.0119397095200054,-0.0054351248577034,-0.012875557115452,0,0.2211221122112211,0.297029702970297,0.4818481848184818,-0.0759075907590758,-0.0420425190945149
2017-12-11,0.0055135329959623,0.0192046604625903,0.0079856021161283,0.0082101653656858,-0.0074330139284872,0.0095159389532466,-0.0074330139284872,0,0.2211221122112211,0.297029702970297,0.4818481848184818,-0.0759075907590758,-0.0420425190945149
2017-12-12,-0.0079536922667055,0.0120475378647493,0.0095060263559818,0.0085114102630035,-0.0125455027602999,0.0052569061315845,-0.0153275862897913,0,0.2211221122112211,0.297029702970297,0.4818481848184818,-0.0759075907590758,-0.0420425190945149
2017-12-13,-0.0046093074808473,0.014819645363945,0.0088640271459335,0.0085757111733149,-0.0162479611631743,0.0074026121634109,-0.0198662442124898,0,0.2211221122112211,0.297029702970297,0.4818481848184818,-0.0759075907590758,-0.0420425190945149
2017-12-14,0.0058030305260008,0.0083999724591066,0.0075647892191872,0.0078271492588732,0.0024983987757358,0.0036564771531364,-0.0141784981080911,0,0.2211221122112211,0.297029702970297,0.4818481848184818,-0.0759075907590758,-0.0420425190945149
2017-12-15,0.0079154514684796,0.0065850676771563,0.0071123196742973,0.0071962845746798,0.0208905530636844,0.0048280757711307,-0.006375275853282,0,0.2211221122112211,0.297029702970297,0.4818481848184818,-0.0759075907590758,-0.0420425190945149
2017-12-18,0.0053710110565408,0.0064423938579283,0.0070916360623526,0.007243933368889,0.0257707783071263,0.008738924626775,-0.0010385064738377,0,0.2211221122112211,0.297029702970297,0.4818481848184818,-0.0759075907590758,-0.0420425190945149
2017-12-19,0.0071664059679943,0.0217819074915894,0.0051006225088727,0.007261032395927,0.0340918637116103,0.0131985397360292,0.0,0,0.2211221122112211,0.297029702970297,0.4818481848184818,-0.0759075907590758,-0.0420425190945149
2017-12-20,-0.0018158880648367,0.0246493900195723,0.0038848839068588,0.0065300544926999,0.039834330602045,0.0098527406863078,-0.0018158880648367,0,0.2211221122112211,0.297029702970297,0.4818481848184818,-0.0759075907590758,-0.0420425190945149
2017-12-21,-0.0003734129947723,0.0183572146194437,0.0044605160538668,0.0059446373291288,0.0269113871757795,0.0088464790433626,-0.0021886229834086,0,0.2211221122112211,0.297029702970297,0.4818481848184818,-0.0759075907590758,-0.0420425190945149
2017-12-22,0.005047747670086,0.0154598020951781,0.0039279528422434,0.0054941525178749,0.0221466736154067,0.0099425392455989,0.0,0,0.2211221122112211,0.297029702970297,0.4818481848184818,-0.0759075907590758,-0.0420425190945149
2017-12-26,0.0036691127418277,0.0137408254121045,0.0037493822438229,0.0054009664003133,0.0202717430792704,0.0126880490021203,0.0,0,0.2211221122112211,0.297029702970297,0.4818481848184818,-0.0759075907590758,-0.0420425190945149
2017-12-27,-0.0038693443479086,0.0026330376940131,0.0037395733667946,0.0046673675677631,0.0244722977690756,0.011619777729563,-0.0038693443479086,0,0.2211221122112211,0.297029702970297,0.4818481848184818,-0.0759075907590758,-0.0420425190945149
2017-12-28,-0.0012248885923313,0.0032266712625188,0.0036552113796846,0.0041994253354731,0.0279555967605058,0.0112534141468734,-0.0050894934244885,0,0.2211221122112211,0.297029702970297,0.4818481848184818,-0.0759075907590758,-0.0420425190945149
2017-12-29,0.0050391776978211,0.0086587550166183,0.0040559296317484,0.004144694847838,0.0271749202602393,0.0297412128234841,-7.596258842512693e-05,0,0.2211221122112211,0.297029702970297,0.4818481848184818,-0.0759075907590758,-0.0420425190945149
2018-01-01,-0.0090354867197813,-0.0054750786238445,0.0057247165701417,0.0051222905199839,0.0099000798393533,0.0309974510462565,-0.0091107629492476,0,0.2211221122112211,0.297029702970297,0.4818481848184818,-0.0759075907590758,-0.0420425190945149
2018-01-02,0.0006372448026219,-0.0084793239329629,0.0052349771786685,0.0048865067802533,0.0051449885693659,0.0310483572363062,-0.0084793239329629,0,0.2211221122112211,0.297029702970297,0.4818481848184818,-0.0759075907590758,-0.0420425190945149
2018-01-03,9.576526019428044e-05,-0.0045325644019731,0.0051215273752385,0.0042942456772974,-0.0019114611208808,0.0321152373187063,-0.0083843706974314,0,0.2211221122112211,0.297029702970297,0.4818481848184818,-0.0759075907590758,-0.0420425190945149
2018-01-04,0.0058985751493794,0.0025673083346853,0.0059340718888931,0.0046467767762287,0.0058022634572296,0.0458677233400701,-0.0025352513886911,0,0.2211221122112211,0.297029702970297,0.4818481848184818,-0.0759075907590758,-0.0420425190945149
2018-01-05,0.005145266925596,0.0026731366385899,0.005954393668636,0.0048433991420196,0.0113550376904878,0.0385720046819517,0.0,0,0.2211221122112211,0.297029702970297,0.4818481848184818,-0.0759075907590758,-0.0420425190945149
2018-01-08,0.0061322966042702,0.0180201331027114,0.0029639396232768,0.0049515526005224,0.0124463928333173,0.0348687126484927,0.0,0,0.2211221122112211,0.297029702970297,0.4818481848184818,-0.0759075907590758,-0.0420425190945149
2018-01-09,0.0012613426710341,0.0186550726858323,0.0028185072514167,0.0048787889118233,0.0100175663485733,0.0304923829591416,0.0,0,0.2211221122112211,0.297029702970297,0.4818481848184818,-0.0759075907590758,-0.0420425190945149
2018-01-10,-0.0004512550531163,0.0180979010265052,0.0029985734668936,0.0046115298708863,0.013483306722589,0.0382855719886916,-0.0004512550531163,0,0.2211221122112211,0.297029702970297,0.4818481848184818,-0.0759075907590758,-0.0420425190945149
2018-01-11,0.0017870243223414,0.0139364861777475,0.0027643074125127,0.0045221777967771,0.016539573769553,0.0449575441849514,0.0,0,0.2211221122112211,0.297029702970297,0.4818481848184818,-0.0759075907590758,-0.0420425190945149
2018-01-12,0.0028212783536125,0.0115921714959488,0.0024427992146767,0.0043899974987502,0.0142962955928855,0.0418597165458782,0.0,0,0.2211221122112211,0.297029702970297,0.4818481848184818,-0.0759075907590758,-0.0420425190945149
2018-01-15,0.0056454066705675,0.011102639406604,0.002254815943484,0.0025854811762271,0.0293228435492138,0.0395132218808216,0.0,0,0.2211221122112211,0.297029702970297,0.4818481848184818,-0.0759075907590758,-0.0420425190945149
2018-01-16,-0.0038262634349789,0.0059650277333835,0.0035610614820178,0.003304349539891,0.0247313784451552,0.0300036096739262,-0.0038262634349789,0,0.2211221122112211,0.297029702970297,0.4818481848184818,-0.0759075907590758,-0.0420425190945149
2018-01-17,0.0082332985995914,0.0147053290946368,0.0045404761791312,0.0036444074352871,0.0330693657116591,0.0310946937839282,0.0,0,0.2211221122112211,0.297029702970297,0.4818481848184818,-0.0759075907590758,-0.0420425190945149
2018-01-18,0.0026370550259302,0.0155663211656902,0.004502636877042,0.0035265377970612,0.0297197471632015,0.0356944524233544,0.0,0,0.2211221122112211,0.297029702970297,0.4818481848184818,-0.0759075907590758,-0.0420425190945149
2018-01-19,0.0071831376536932,0.0199836161497952,0.004844205802551,0.0037217061896128,0.0318074411512616,0.0435236535348602,0.0,0,0.2211221122112211,0.297029702970297,0.4818481848184818,-0.0759075907590758,-0.0420425190945149
2018-01-22,0.0065628241254922,0.0209141138848678,0.004939747761448,0.0037624048926432,0.0322489551564442,0.0450967311541028,0.0,0,0.2211221122112211,0.297029702970297,0.4818481848184818,-0.0759075907590758,-0.0420425190945149
2018-01-23,0.0107147416607393,0.0358162507184276,0.0029393180449673,0.0043646791252295,0.0419949233806524,0.0524331766604948,0.0,0,0.2211221122112211,0.297029702970297,0.4818481848184818,-0.0759075907590758,-0.0420425190945149
2018-01-24,0.000207511931936,0.0275708969231269,0.004103516114956,0.0042922084091174,0.0426816651304526,0.0567404618354263,0.0,0,0.2211221122112211,0.297029702970297,0.4818481848184818,-0.0759075907590758,-0.0420425190945149
2018-01-25,-0.0014748331228576,0.0233567532587593,0.0051016030280425,0.0046079956391429,0.039286653147063,0.056476011414501,-0.0014748331228576,0,0.2211221122112211,0.297029702970297,0.4818481848184818,-0.0759075907590758,-0.0420425190945149
2018-01-29,0.0054879783913674,0.0216343726766223,0.0049441311624955,0.0046176870716566,0.0420503218256289,0.0569477812491097,0.0,0,0.2211221122112211,0.297029702970297,0.4818481848184818,-0.0759075907590758,-0.0420425190945149
2018-01-30,-0.0072549054840795,0.0076097463113931,0.0068552433855854,0.0058000759759268,0.0286830112972522,0.058846922299256,-0.0072549054840795,0,0.2211221122112211,0.297029702970297,0.4818481848184818,-0.0759075907590758,-0.0420425190945149
2018-01-31,-0.001986488259809,-0.0050524644297481,0.0045791465052956,0.0055902635387208,0.0305828259559177,0.056070559843711,-0.0092269819593184,0,0.2211221122112211,0.297029702970297,0.4818481848184818,-0.0759075907590758,-0.0420425190945149
2018-02-01,-0.0009793519954297,-0.006233086776114,0.0045311449536402,0.0053933264088538,0.0211659583539958,0.0549352688831008,-0.0101972974915546,0,0.2211221122112211,0.297029702970297,0.4818481848184818,-0.0759075907590758,-0.0420425190945149
2018-02-02,-0.0232642576405339,-0.0279186785490055,0.0108641132664881,0.0096509471118714,-0.0052140149764259,0.0243507729799712,-0.0332243225760079,0,0.2211221122112211,0.297029702970297,0.4818481848184818,-0.0759075907590758,-0.0420425190945149
2018-02-05,-0.008740218946899,-0.0416741536692302,0.0089241547249081,0.009559216787336,-0.0209413751640706,0.0101999744290333,-0.0416741536692302,0,0.2211221122112211,0.297029702970297,0.4818481848184818,-0.0759075907590758,-0.0420425190945149
2018-02-06,-0.0157782975751296,-0.0499020330960708,0.0094391826717967,0.0099206081204706,-0.0426720285969616,-0.0117992017771754,-0.0567949040465751,0,0.2211221122112211,0.297029702970297,0.4818481848184818,-0.0759075907590758,-0.0420425190945149
2018-02-07,-0.002052723072893,-0.0499650879149777,0.0094248979709017,0.008491166740917,-0.0547651055153062,-0.0150700385447023,-0.058731042909509,1,0.2211221122112211,0.297029702970297,0.4818481848184818,-0.0759075907590758,-0.0420425190945149
2018-02-08,0.0095593077973026,-0.0399431782080257,0.0126266735090856,0.0096374472726983,-0.0459272956882553,-0.0052058840127161,-0.049733163228635,1,0.2211221122112211,0.297029702970297,0.4818481848184818,-0.0759075907590758,-0.0420425190945149
2018-02-09,-0.0115251705375418,-0.0284045499321599,0.0098855507328697,0.0097925223727707,-0.0555302109822802,-0.0184251539732612,-0.0606851505785954,1,0.2211221122112211,0.297029702970297,0.4818481848184818,-0.0759075907590758,-0.0420425190945149
2018-02-12,0.0081109904877592,-0.0118876300209532,0.0113562143338178,0.0101526221592657,-0.0530663767699274,-0.0132475131655939,-0.0530663767699274,1,0.2211221122112211,0.297029702970297,0.4818481848184818,-0.0759075907590758,-0.0420425190945149
2018-02-14,-0.0036860456841956,0.0002524230228846,0.0087716256681652,0.0101425477619752,-0.0496622064952283,-0.0224036568279252,-0.0565568173650542,1,0.2211221122112211,0.297029702970297,0.4818481848184818,-0.0759075907590758,-0.0420425190945149
2018-02-15,0.0042472549971908,0.0065669533345422,0.008840661805244,0.0105346660491469,-0.0437262529811294,-0.0144806994098379,-0.0525497735930424,1,0.2211221122112211,0.297029702970297,0.4818481848184818,-0.0759075907590758,-0.0420425190945149
2018-02-16,-0.0088378929401167,-0.0117757177231407,0.0083817796935921,0.0105433525336294,-0.0512485363396236,-0.0311673023714956,-0.0609232372601165,0,0.2211221122112211,0.297029702970297,0.4818481848184818,-0.0759075907590758,-0.0420425190945149
2018-02-19,-0.0070702142112262,-0.0073218905877121,0.0073321020871573,0.0085069215479816,-0.0355184655130755,-0.0405472866783767,-0.0675627111334723,0,0.2211221122112211,0.297029702970297,0.4818481848184818,-0.0759075907590758,-0.0420425190945149
2018-02-20,-0.0017343713867262,-0.0170165326502051,0.0051082404223453,0.0083209368155858,-0.0287018764267733,-0.0490421948286782,-0.069179903687199,0,0.2211221122112211,0.297029702970297,0.4818481848184818,-0.0759075907590758,-0.0420425190945149
2018-02-21,0.003576116752249,-0.0098515365349635,0.0059717907517817,0.007155967374792,-0.009601600266711,-0.051863909102515,-0.0658511823474446,0,0.2211221122112211,0.297029702970297,0.4818481848184818,-0.0759075907590758,-0.0420425190945149
2018-02-22,-0.001418617064761,-0.0154378644919633,0.00494844662804,0.0071478291259783,-0.0089722908931247,-0.063246027950955,-0.067176381801193,0,0.2211221122112211,0.297029702970297,0.4818481848184818,-0.0759075907590758,-0.0420425190945149
2018-02-23,0.010435628497404,0.0037073180065632,0.0065922073247716,0.0072938856799289,-0.0081120560469327,-0.053666786938481,-0.0574417810680658,0,0.2211221122112211,0.297029702970297,0.4818481848184818,-0.0759075907590758,-0.0420425190945149
2018-02-26,0.008726485909418,0.0196754798427503,0.0056157519885887,0.006775142267466,0.0122095275443689,-0.0439986810784441,-0.0492165600517501,0,0.2211221122112211,0.297029702970297,0.4818481848184818,-0.0759075907590758,-0.0420425190945149
2018-02-27,-0.0026742010470017,0.0187154936102853,0.0058625090525322,0.0064073925450147,0.0013804881519958,-0.0517591461223316,-0.0448294742367405,0,0.2211221122112211,0.297029702970297,0.4818481848184818,-0.0759075907590758,-0.0420425190945149
2018-02-28,-0.0058222714912404,0.0091753266425902,0.0072631789846551,0.0065829405146506,-0.000766600958013,-0.0503907363581651,-0.048500593958849,0,0.2211221122112211,0.297029702970297,0.4818481848184818,-0.0759075907590758,-0.0420425190945149
2018-03-01,-0.0032879532252915,0.0072861587063095,0.0075171250070895,0.0064656986054152,-0.0082641885164287,-0.0516290794998051,-0.0506993800433878,0,0.2211221122112211,0.297029702970297,0.4818481848184818,-0.0759075907590758,-0.0420425190945149
2018-03-05,-0.0095139290614676,-0.0126012172280181,0.0068358770080544,0.0065617744380385,-0.0089406159409889,-0.0597309587996622,-0.037335278701931,0,0.2211221122112211,0.297029702970297,0.4818481848184818,-0.0759075907590758,-0.0420425190945149
2018-03-06,-0.0105803250360803,-0.0314998204600004,0.0035731257705222,0.0070084799849309,-0.012444114699761,-0.0475205843540322,-0.0391223029001879,0,0.2211221122112211,0.297029702970297,0.4818481848184818,-0.0759075907590758,-0.0420425190945149
2018-03-07,-0.0092738493060466,-0.0379087196687604,0.0030436630789396,0.0074598463628273,-0.0199027064592099,-0.0480333378646327,-0.0404815451779335,0,0.2211221122112211,0.297029702970297,0.4818481848184818,-0.0759075907590758,-0.0420425190945149
2018-03-08,0.0087106812944395,-0.0238448086077662,0.0080695850272877,0.0080392193415704,-0.0148882658728823,-0.0243469149620174,-0.0321234857218453,0,0.2211221122112211,0.297029702970297,0.4818481848184818,-0.0759075907590758,-0.0420425190945149
2018-03-09,-0.0015425695498723,-0.0221354228917562,0.0081876426476783,0.0080392271546721,-0.0150105463896674,-0.0238481582941193,-0.0336165025608073,0,0.2211221122112211,0.297029702970297,0.4818481848184818,-0.0759075907590758,-0.0420425190945149
2018-03-12,0.0190234529693893,0.0060383150639307,0.0125505209830452,0.0097338765507107,-0.006638992283899,-0.0146971924533297,-0.0152325515468788,0,0.2211221122112211,0.297029702970297,0.4818481848184818,-0.0759075907590758,-0.0420425190945149
2018-03-13,0.0005229623659011,0.0173280971778422,0.0107887623786685,0.0091887515141141,-0.0147175552321735,-0.0026877220837976,-0.0147175552321735,0,0.2211221122112211,0.297029702970297,0.4818481848184818,-0.0759075907590758,-0.0420425190945149
2018-03-14,-0.0015297045608214,0.0252801796301036,0.0088868678526877,0.0091788458219454,-0.0135868792814303,-0.0122251476553049,-0.0162247462816321,0,0.2211221122112211,0.297029702970297,0.4818481848184818,-0.0759075907590758,-0.0420425190945149
2018-03-15,-0.0048746986331633,0.0114716406398733,0.0095359588198051,0.0091320817916288,-0.0126467070433676,-0.0134036130236455,-0.021020354166273,0,0.2211221122112211,0.297029702970297,0.4818481848184818,-0.0759075907590758,-0.0420425190945149
2018-03-16,-0.0159264103318967,-0.0030996836758142,0.0126527458158839,0.0102535327364819,-0.0251664937585757,-0.0332227016262861,-0.0366119857123958,0,0.2211221122112211,0.297029702970297,0.4818481848184818,-0.0759075907590758,-0.0420425190945149
2018-03-19,-0.0098968627239421,-0.031392135413668,0.0066508802760976,0.0102833161058306,-0.0255433759538945,-0.0342556183806433,-0.0461465046396916,0,0.2211221122112211,0.297029702970297,0.4818481848184818,-0.0759075907590758,-0.0420425190945149
2018-03-20,0.0029818956336529,-0.0290116382224736,0.0073404646556643,0.0099948975860334,-0.0121862575310388,-0.0244787250443228,-0.0433022130667322,0,0.2211221122112211,0.297029702970297,0.4818481848184818,-0.0759075907590758,-0.0420425190945149
2018-03-21,0.0030520477857838,-0.0245559941983881,0.0082447705207754,0.0096396256104106,0.0001034054873845,-0.0198013590208872,-0.0403823257044583,0,0.2211221122112211,0.297029702970297,0.4818481848184818,-0.0759075907590758,-0.0420425190945149
2018-03-22,-0.003988084980675,-0.0236869157299846,0.008255859551431,0.0091985935686992,-0.0124870028752324,-0.0271893589293529,-0.0442093625385066,0,0.2211221122112211,0.297029702970297,0.4818481848184818,-0.0759075907590758,-0.0420425190945149
2018-03-23,-0.0115376059714773,-0.0193327219315067,0.0068918814713854,0.0097634807853977,-0.0223724802847408,-0.0370472035212422,-0.0552368983047645,0,0.2211221122112211,0.297029702970297,0.4818481848184818,-0.0759075907590758,-0.0420425190945149
2018-03-26,0.0132625862043098,0.0036060133244173,0.0092233429215249,0.0084529320047479,-0.0278993225478342,-0.0343530914446122,-0.0427068962258803,0,0.2211221122112211,0.297029702970297,0.4818481848184818,-0.0759075907590758,-0.0420425190945149
2018-03-27,0.0052810036868315,0.0059065520255621,0.009417437432386,0.0087876318158461,-0.0232764449474194,-0.0376514278154707,-0.0350710137100518,0,0.2211221122112211,0.297029702970297,0.4818481848184818,-0.0759075907590758,-0.0420425190945149
2018-03-28,-0.0069176121718551,-0.0040914797764701,0.0099701826918281,0.008898431904861,-0.0285470036212045,-0.0417460182105869,-0.0361341294309934,0,0.2211221122112211,0.297029702970297,0.4818481848184818,-0.0759075907590758,-0.0420425190945149
2018-04-02,0.0096997142489887,0.0095948985392619,0.0107200516964266,0.0096895085552138,-0.0143192907438599,-0.0267849059121212,-0.0235744644231643,0,0.3253588516746411,0.2966507177033493,0.3779904306220095,0.0287081339712918,-0.005526052996034
2018-04-03,0.003251140837071,0.0246998164642104,0.0076728218738837,0.0082917423531536,0.004889579849242,-0.0203999674900916,-0.0174405501182044,0,0.3253588516746411,0.2966507177033493,0.3779904306220095,0.0287081339712918,-0.005526052996034
2018-04-04,-0.0113811615422158,-0.0002220982858948,0.008802367208359,0.008509339494896,0.0033831141491442,-0.0222466779613568,-0.0286232179421398,0,0.3253588516746411,0.2966507177033493,0.3779904306220095,0.0287081339712918,-0.005526052996034
2018-04-05,0.0194255756091781,0.0138450435235144,0.0124474442356326,0.0104398825319242,0.0198333720189443,0.0074054199087738,-0.0097536648172746,0,0.3253588516746411,0.2966507177033493,0.3779904306220095,0.0287081339712918,-0.005526052996034
2018-04-06,0.0006246882611875,0.0215450329750734,0.0113846818440133,0.0104413039489268,0.0173654021319022,0.0174706032971578,-0.009135069556002,0,0.3253588516746411,0.2966507177033493,0.3779904306220095,0.0287081339712918,-0.005526052996034
2018-04-09,0.0046217430020518,0.0164074893750367,0.0110054194044276,0.010267081026903,0.0261598161101361,0.0133461555359208,-0.0045555464977438,0,0.3253588516746411,0.2966507177033493,0.3779904306220095,0.0287081339712918,-0.005526052996034
2018-04-10,0.0022063038629587,0.0153489507076622,0.0110166921046119,0.0090012521795236,0.0404278834372704,0.0171509311273754,-0.002359293554621,0,0.3253588516746411,0.2966507177033493,0.3779904306220095,0.0287081339712918,-0.005526052996034
2018-04-11,0.0014323824172655,0.0285089451443465,0.0078377955816187,0.0084075342951214,0.0282805150706024,-0.0004078146890053,-0.0009302905479603,0,0.3253588516746411,0.2966507177033493,0.3779904306220095,0.0287081339712918,-0.005526052996034
2018-04-12,0.003983815150977,0.0129295942431828,0.0016896107054603,0.0083753654035105,0.0269536485617356,0.0030498184974367,0.0,0,0.3253588516746411,0.2966507177033493,0.3779904306220095,0.0287081339712918,-0.005526052996034
2018-04-13,0.0020987412333333,0.0144217739749894,0.001361180999838,0.0076822349858219,0.0362775245459128,0.0066949063001278,0.0,0,0.3253588516746411,0.2966507177033493,0.3779904306220095,0.0287081339712918,-0.005526052996034
2018-04-16,0.0045560368681183,0.0143554268812593,0.0013401794487677,0.0073950001014431,0.0309984527703246,0.0162352861686365,0.0,0,0.3253588516746411,0.2966507177033493,0.3779904306220095,0.0287081339712918,-0.005526052996034
2018-04-17,0.0019328764716219,0.0140786848999014,0.001378325591975,0.0074033936592901,0.029643728648121,0.0346782538756174,0.0,0,0.3253588516746411,0.2966507177033493,0.3779904306220095,0.0287081339712918,-0.005526052996034
2018-04-18,-0.002132964251519,0.0104683142702179,0.0026232631643668,0.0058232456211899,0.0392757000118479,0.0427916883374199,-0.002132964251519,0,0.3253588516746411,0.2966507177033493,0.3779904306220095,0.0287081339712918,-0.005526052996034
2018-04-19,0.0037145408599492,0.0101973007988602,0.002576960219746,0.0020739353913255,0.023258742003748,0.0435534133055455,0.0,0,0.3253588516746411,0.2966507177033493,0.3779904306220095,0.0287081339712918,-0.005526052996034
2018-04-20,-0.0001183118321297,0.007962330400931,0.0027480631373964,0.0021525927777285,0.0224989353052769,0.0402550404962949,-0.0001183118321297,0,0.3253588516746411,0.2966507177033493,0.3779904306220095,0.0287081339712918,-0.005526052996034
2018-04-23,0.0019547427359773,0.005352215684319,0.0022467747286214,0.0019817042130888,0.0197844759064873,0.0464618502681728,0.0,0,0.3253588516746411,0.2966507177033493,0.3779904306220095,0.0287081339712918,-0.005526052996034
2018-04-24,0.0028012130716978,0.006223515693877,0.0023607954639586,0.0019986827742546,0.0203898195102021,0.0616420201939378,0.0,0,0.3253588516746411,0.2966507177033493,0.3779904306220095,0.0287081339712918,-0.005526052996034
2018-04-25,-0.0041264891397024,0.0042132963462597,0.0031199453971246,0.0027952772904479,0.0147257167267438,0.0434226826511625,-0.0041264891397024,0,0.3253588516746411,0.2966507177033493,0.3779904306220095,0.0287081339712918,-0.005526052996034
2018-04-26,0.0044699660850191,0.0049690969494478,0.0033063578081547,0.002847660882714,0.0152170691246,0.0425808732196599,0.0,0,0.3253588516746411,0.2966507177033493,0.3779904306220095,0.0287081339712918,-0.005526052996034
2018-04-27,0.0070165194296369,0.0121402303093984,0.0041397043585966,0.0033414852682695,0.0201992252351963,0.0572095276703874,0.0,0,0.3253588516746411,0.2966507177033493,0.3779904306220095,0.0287081339712918,-0.005526052996034
2018-04-30,0.0044003628779589,0.0146107116876246,0.004214325709576,0.0033286271684891,0.0200411270521971,0.0516608237529134,0.0,0,0.3253588516746411,0.2966507177033493,0.3779904306220095,0.0287081339712918,-0.005526052996034
2018-05-02,-0.0019833602592336,0.0097697927805282,0.0047544459151126,0.0035586861409916,0.0160541109331007,0.0461737432894093,-0.0019833602592336,0,0.3253588516746411,0.2966507177033493,0.3779904306220095,0.0287081339712918,-0.005526052996034
2018-05-03,-0.0035827412635693,0.0103211280396953,0.0045837082382841,0.0037519287907896,0.0145779103570138,0.0544261680028435,-0.0055589956561618,0,0.3253588516746411,0.2966507177033493,0.3779904306220095,0.0287081339712918,-0.005526052996034
2018-05-04,-0.005749252082231,4.2381660984469605e-05,0.0054409633598594,0.0042755815585875,0.0050116892090144,0.0283869967990779,-0.0112762876710416,0,0.3253588516746411,0.2966507177033493,0.3779904306220095,0.0287081339712918,-0.005526052996034
2018-05-07,0.0091587596826219,0.0021697857336588,0.0061656878152642,0.0050591768523966,0.0143363577415858,0.0371578458322041,-0.0022208047973109,0,0.3253588516746411,0.2966507177033493,0.3779904306220095,0.0287081339712918,-0.005526052996034
2018-05-08,0.0002146423405346,-0.0020066391355157,0.0057662459072981,0.0050692664638377,0.0125747541262386,0.0326080149527667,-0.0020066391355157,0,0.3253588516746411,0.2966507177033493,0.3779904306220095,0.0287081339712918,-0.005526052996034
2018-05-09,0.0022299352479053,0.0022065580959225,0.0057827263312727,0.0050531860678751,0.011997908491806,0.0326323631906559,0.0,0,0.3253588516746411,0.2966507177033493,0.3779904306220095,0.0287081339712918,-0.005526052996034
2018-05-10,-0.0023413426180214,0.0034551694109825,0.005589487323415,0.0048722102132952,0.0138119586965672,0.0287410664145182,-0.0023413426180214,0,0.3253588516746411,0.2966507177033493,0.3779904306220095,0.0287081339712918,-0.005526052996034
2018-05-11,0.0083935594944268,0.0177289101311421,0.0050619059962339,0.0052885860253128,0.0177720431727854,0.0332595507068311,0.0,0,0.3253588516746411,0.2966507177033493,0.3779904306220095,0.0287081339712918,-0.005526052996034
2018-05-14,9.253689908783612e-06,0.0085017031403107,0.0040768223953903,0.0049717687707953,0.0106899357481553,0.0311050894032784,0.0,0,0.3253588516746411,0.2966507177033493,0.3779904306220095,0.0287081339712918,-0.005526052996034
2018-05-15,-0.0004395462032461,0.0078420944596839,0.0041463623839691,0.0048460697167753,0.0058197190705209,0.0259774798520187,-0.0004395462032461,0,0.3253588516746411,0.2966507177033493,0.3779904306220095,0.0287081339712918,-0.005526052996034
2018-05-16,-0.0056240366233561,-5.585708035049653e-05,0.0051902986374951,0.0051858070772046,0.0021505777636792,0.0182392143107681,-0.0060611108026575,0,0.3253588516746411,0.2966507177033493,0.3779904306220095,0.0287081339712918,-0.005526052996034
2018-05-17,-0.0054370595190436,-0.0031586658019603,0.0056990618204663,0.0053671496941114,0.0002855898835636,0.014867663544299,-0.0114652157015157,0,0.3253588516746411,0.2966507177033493,0.3779904306220095,0.0287081339712918,-0.005526052996034
2018-05-18,-0.0080784820316962,-0.0194420024984962,0.003537322251432,0.0056873679668643,-0.0020577778824194,0.0029435983833872,-0.0194510761941777,0,0.3253588516746411,0.2966507177033493,0.3779904306220095,0.0287081339712918,-0.005526052996034
2018-05-21,-0.0075214223698613,-0.0268261988044342,0.0030137329270391,0.0050508000251612,-0.0185525640427417,-0.0044821824962962,-0.0268261988044342,0,0.3253588516746411,0.2966507177033493,0.3779904306220095,0.0287081339712918,-0.005526052996034
2018-05-22,0.001901737236966,-0.0245467211635043,0.0040011701780305,0.0051548819260977,-0.0168971244098601,-0.0045348474685158,-0.0249754779486609,0,0.3253588516746411,0.2966507177033493,0.3779904306220095,0.0287081339712918,-0.005526052996034
2018-05-23,-0.0100932929664886,-0.0289309288620346,0.0046374879475372,0.0055697622783044,-0.0289851699451669,-0.0173350228699825,-0.0348166860992356,0,0.3253588516746411,0.2966507177033493,0.3779904306220095,0.0287081339712918,-0.005526052996034
2018-05-24,0.0080054839962224,-0.0158059292126522,0.0077713126197547,0.0065624295063478,-0.0189146693665404,-0.0053639593020229,-0.0270899265263819,0,0.3253588516746411,0.2966507177033493,0.3779904306220095,0.0287081339712918,-0.005526052996034
2018-05-25,0.0086837837709305,0.000825752142237,0.0086799799565243,0.006613397795038,-0.0186323046314718,-0.0011913955810054,-0.0186413858197769,0,0.3253588516746411,0.2966507177033493,0.3779904306220095,0.0287081339712918,-0.005526052996034
2018-05-28,0.0078735331419168,0.0163501858948147,0.0079588949046173,0.0072929649995757,-0.0109146262469232,-0.0003413671520626,-0.0109146262469232,0,0.3253588516746411,0.2966507177033493,0.3779904306220095,0.0287081339712918,-0.005526052996034
2018-05-29,-0.0051783901615265,0.0091679558115918,0.0088446836062545,0.0074004054601934,-0.015603808606859,-0.0098748993188602,-0.0160364962152759,0,0.3253588516746411,0.2966507177033493,0.3779904306220095,0.0287081339712918,-0.005526052996034
2018-05-30,-0.001782137248079,0.0176408270096402,0.0065098412057613,0.0072636815478185,-0.0118004673636777,-0.009675267422712,-0.0177900542261211,0,0.3253588516746411,0.2966507177033493,0.3779904306220095,0.0287081339712918,-0.005526052996034
2018-05-31,0.0114750314432818,0.0211435392363406,0.0072502479539834,0.0080807542379136,0.0050034167392136,0.0052904355479814,-0.0065191642144616,0,0.3253588516746411,0.2966507177033493,0.3779904306220095,0.0287081339712918,-0.005526052996034
2018-06-01,-0.0037210731966299,0.0085854514080423,0.0074579444455108,0.0076722197043623,0.0094182930051716,0.0073411343677161,-0.0102159791238687,0,0.3253588516746411,0.2966507177033493,0.3779904306220095,0.0287081339712918,-0.005526052996034
2018-06-04,-0.0063293506104972,-0.0056274646470788,0.0072361223697149,0.0075337336754738,0.0106307111546397,-0.0081190798376183,-0.0164806692206614,0,0.3253588516746411,0.2966507177033493,0.3779904306220095,0.0287081339712918,-0.005526052996034
2018-06-05,-0.0033259632121184,-0.0037758739055607,0.0070197548406619,0.0076511117311754,0.0053574648609147,-0.0116301852992217,-0.0197518183332409,0,0.3253588516746411,0.2966507177033493,0.3779904306220095,0.0287081339712918,-0.005526052996034
2018-06-06,0.0086376573540447,0.0066231092813031,0.0080959714524379,0.0070197980287237,0.0243807734160406,-0.0053110773899849,-0.0112847704180779,0,0.3253588516746411,0.2966507177033493,0.3779904306220095,0.0287081339712918,-0.005526052996034
2018-06-07,0.007833667925482,0.0029992129394615,0.0070538791692809,0.0070048400570821,0.0242061661522658,0.0048336451563237,-0.0035395036366664,0,0.3253588516746411,0.2966507177033493,0.3779904306220095,0.0287081339712918,-0.005526052996034
2018-06-08,-6.500531650632801e-05,0.0066799424094536,0.0066705921229152,0.0066736465788487,0.0153227441384611,-0.0035950585295887,-0.0036042788666186,0,0.3253588516746411,0.2966507177033493,0.3779904306220095,0.0287081339712918,-0.005526052996034
2018-06-11,0.0017924059567315,0.0149080302959025,0.00514817054191,0.0062991352102551,0.0091966712353759,-0.0018183332407972,-0.0013793933446585,0,0.3253588516746411,0.2966507177033493,0.3779904306220095,0.0287081339712918,-0.005526052996034
2018-06-12,0.0051821877361071,0.0235718365169945,0.0037654371457116,0.0060283599160426,0.019706958329023,0.0037956461161745,0.0,0,0.3253588516746411,0.2966507177033493,0.3779904306220095,0.0287081339712918,-0.005526052996034
2018-06-13,0.0012773394448877,0.0161025396246017,0.0032302502281364,0.0058929043266725,0.022832297785545,0.0107623986370111,0.0,0,0.3253588516746411,0.2966507177033493,0.3779904306220095,0.0287081339712918,-0.005526052996034
2018-06-14,-0.0044811038344986,0.0036867300932825,0.0035013310285544,0.0052504332028934,0.0066970003213442,0.0117339249440682,-0.0044811038344986,0,0.3253588516746411,0.2966507177033493,0.3779904306220095,0.0287081339712918,-0.005526052996034
2018-06-15,0.0008928530123382,0.0046481822867572,0.0034722786622241,0.0050182972498283,0.0113591742861951,0.020884451323091,-0.0035922517892177,0,0.3253588516746411,0.2966507177033493,0.3779904306220095,0.0287081339712918,-0.005526052996034
2018-06-18,-0.0016500734906681,0.0011958894775632,0.0035982154987746,0.004427687726391,0.0161217481300277,0.0269238449323456,-0.0052363978004366,0,0.3253588516746411,0.2966507177033493,0.3779904306220095,0.0287081339712918,-0.005526052996034
2018-06-19,-0.0082778927485103,-0.0122108117330774,0.0039936606000328,0.0052428609723078,0.0110731935260051,0.0164899826321334,-0.0134709442095664,0,0.3253588516746411,0.2966507177033493,0.3779904306220095,0.0287081339712918,-0.005526052996034
2018-06-20,0.005751392331788,-0.0077970285630073,0.0053184523617229,0.0048471805202656,0.0081799591002045,0.0327601662456196,-0.0077970285630073,0,0.3253588516746411,0.2966507177033493,0.3779904306220095,0.0287081339712918,-0.005526052996034
2018-06-21,-0.0028731764148883,-0.006194456909433,0.0051428498167425,0.004276034247523,-0.0025305641068501,0.0216143467901863,-0.0106478027393223,0,0.3253588516746411,0.2966507177033493,0.3779904306220095,0.0287081339712918,-0.005526052996034
2018-06-22,0.0075178519890886,0.0003836305314437,0.006501041878834,0.0049333485154269,0.0050335960028418,0.0204334686449507,-0.0032099993552369,0,0.3253588516746411,0.2966507177033493,0.3779904306220095,0.0287081339712918,-0.005526052996034
2018-06-25,-0.0054888951519379,-0.0034630110603387,0.006968337008994,0.0052506938942897,-0.0022712629612633,0.0069045202153688,-0.0086812751572761,0,0.3253588516746411,0.2966507177033493,0.3779904306220095,0.0287081339712918,-0.005526052996034
2018-06-26,0.0006225348317527,0.0054806287317525,0.0055283754712365,0.0049173310665879,-0.0067971059269472,0.0127759021188154,-0.0080641447216927,0,0.3253588516746411,0.2966507177033493,0.3779904306220095,0.0287081339712918,-0.005526052996034
2018-06-27,-0.0090768537906891,-0.0093436254009218,0.0063321692925997,0.0055152761762264,-0.017067801449796,0.0053747992105026,-0.017067801449796,0,0.3253588516746411,0.2966507177033493,0.3779904306220095,0.0287081339712918,-0.005526052996034
2018-06-28,-0.0077122027100473,-0.0141512508029904,0.0068725325688408,0.0057839964845433,-0.0202580483991098,-0.0136967162344042,-0.0246483738152477,0,0.3253588516746411,0.2966507177033493,0.3779904306220095,0.0287081339712918,-0.005526052996034
2018-06-29,0.0118234788603375,-0.0099382268281302,0.0085563443790677,0.0072457449598354,-0.0095584089039261,0.0016921897496304,-0.0131163244816566,0,0.3253588516746411,0.2966507177033493,0.3779904306220095,0.0287081339712918,-0.005526052996034
2018-07-02,-0.0053199929066761,-0.0097700802326609,0.0085392771947625,0.0073776481229358,-0.0131992573970936,0.0027096956296748,-0.0183665386351287,0,0.3253588516746411,0.2966507177033493,0.3779904306220095,0.0287081339712918,-0.005526052996034
2018-07-03,0.0039972600940201,-0.0064304053708974,0.0089167516626682,0.007104397208735,-0.0009850193035774,0.0100772669130522,-0.01444269437306,0,0.3253588516746411,0.2966507177033493,0.3779904306220095,0.0287081339712918,-0.005526052996034
2018-07-04,0.0065421172160486,0.0092302790636655,0.0081996979850319,0.0071804546889326,-0.0001995906071731,0.0079787358500278,-0.0079950629565154,0,0.3253588516746411,0.2966507177033493,0.3779904306220095,0.0287081339712918,-0.005526052996034
2018-07-05,-0.001870955162072,0.0151712610136838,0.0067885469164091,0.0071427415600902,0.0008053178910911,-0.0017272841243087,-0.0098510597142779,0,0.3253588516746411,0.2966507177033493,0.3779904306220095,0.0287081339712918,-0.005526052996034
2018-07-06,0.0021302820995836,0.0054459927386762,0.0047200378681148,0.0067115219721335,-0.0045463576005951,0.0004643538748008,-0.0077417631508654,0,0.3253588516746411,0.2966507177033493,0.3779904306220095,0.0287081339712918,-0.005526052996034
2018-07-09,0.0074494205232695,0.018353616769726,0.0037319906073054,0.0068741975174199,0.0084042202286653,0.0061138690732782,-0.0003500142768982,0,0.3253588516746411,0.2966507177033493,0.3779904306220095,0.0287081339712918,-0.005526052996034
2018-07-10,0.0086935289185379,0.0231170384769952,0.0043766466732232,0.0073037972153151,0.0165379811777159,0.0096284648408859,0.0,0,0.3253588516746411,0.2966507177033493,0.3779904306220095,0.0287081339712918,-0.005526052996034
2018-07-11,9.591449907508932e-05,0.0165646849088663,0.0046011146848183,0.0063136409873113,0.0259478606368424,0.0084371862536496,0.0,0,0.3253588516746411,0.2966507177033493,0.3779904306220095,0.0287081339712918,-0.005526052996034
2018-07-12,0.0068412447594605,0.0254378008790903,0.0037184836158958,0.0052675428811231,0.0409949854095248,0.0199064586118682,0.0,0,0.3253588516746411,0.2966507177033493,0.3779904306220095,0.0287081339712918,-0.005526052996034
2018-07-13,-0.0003900863633066,0.0228588137552041,0.0043320862549047,0.0046404721719292,0.0284292954276061,0.0185991476931324,-0.0003900863633066,0,0.3253588516746411,0.2966507177033493,0.3779904306220095,0.0287081339712918,-0.005526052996034
2018-07-16,-0.0074462968172865,0.0077352597001723,0.0064389156714033,0.0050824074616196,0.0262308464620495,0.0126853613707598,-0.0078334784817476,0,0.3253588516746411,0.2966507177033493,0.3779904306220095,0.0287081339712918,-0.005526052996034
2018-07-17,0.0065101011717265,0.0055539062321587,0.0058842238586727,0.005219212211473,0.0287993345732202,0.0277859473691579,-0.0013743740474636,0,0.3253588516746411,0.2966507177033493,0.3779904306220095,0.0287081339712918,-0.005526052996034
2018-07-18,-0.0025072560535243,0.0029365289588338,0.0061086132589514,0.0052929824139117,0.019549856544629,0.019346363969718,-0.0038781841933377,0,0.3253588516746411,0.2966507177033493,0.3779904306220095,0.0287081339712918,-0.005526052996034
2018-07-19,-0.0021265066550095,-0.0059964438638507,0.005041945502312,0.0053140583406853,0.0192888206702481,0.0201096721937232,-0.0059964438638507,0,0.3253588516746411,0.2966507177033493,0.3779904306220095,0.0287081339712918,-0.005526052996034
2018-07-20,0.0048461728011974,-0.0007895524961656,0.0057449485363824,0.0053945060531077,0.0220512130255787,0.0174046027250425,-0.0011793308658103,0,0.3253588516746411,0.2966507177033493,0.3779904306220095,0.0287081339712918,-0.005526052996034
2018-07-23,0.0067709941690432,0.0135230893721682,0.0046396819885018,0.0053249227899832,0.021362953680583,0.0299467128767148,0.0,0,0.3253588516746411,0.2966507177033493,0.3779904306220095,0.0287081339712918,-0.005526052996034
2018-07-24,0.0044701053248832,0.0114688795926616,0.0042978303123071,0.0048966584809539,0.0170864829066659,0.0339070400170857,0.0,0,0.3253588516746411,0.2966507177033493,0.3779904306220095,0.0287081339712918,-0.005526052996034
2018-07-25,-0.000206568890725,0.0138018022940771,0.0037430839587186,0.004908632291091,0.0167788606450316,0.0431620968195363,-0.000206568890725,0,0.3253588516746411,0.2966507177033493,0.3779904306220095,0.0287081339712918,-0.005526052996034
2018-07-26,0.0031710384477181,0.0191839081508793,0.002589303791341,0.0046075033131773,0.0130724290587123,0.0546033185067662,0.0,0,0.3253588516746411,0.2966507177033493,0.3779904306220095,0.0287081339712918,-0.005526052996034
2018-07-27,0.0099442121193127,0.0243546892881145,0.0038135065148808,0.0052921167226134,0.0235459074862283,0.0526445964738715,0.0,0,0.3253588516746411,0.2966507177033493,0.3779904306220095,0.0287081339712918,-0.005526052996034
2018-07-30,0.0036530166203387,0.0211822548997495,0.0036689415894276,0.0040226265510305,0.0349917937980313,0.0621405046306287,0.0,0,0.3253588516746411,0.2966507177033493,0.3779904306220095,0.0287081339712918,-0.005526052996034
2018-07-31,0.0032642640387647,0.0199563510952642,0.0036868585494848,0.0038768097126418,0.0316541076757463,0.0613650594865373,0.0,0,0.3253588516746411,0.2966507177033493,0.3779904306220095,0.0287081339712918,-0.005526052996034
2018-08-01,-0.0009069695768941,0.0192418253683075,0.0038925557731287,0.0036444147215594,0.0333091995318952,0.0535102461489893,-0.0009069695768941,0,0.3253588516746411,0.2966507177033493,0.3779904306220095,0.0287081339712918,-0.005526052996034
2018-08-02,-0.0089457263224691,0.006930950184915,0.0069626013696156,0.0051124303873178,0.02624782104754,0.0460429312309589,-0.0098445823977457,0,0.3253588516746411,0.2966507177033493,0.3779904306220095,0.0287081339712918,-0.005526052996034
2018-08-03,0.0103248641582254,0.0073104665132752,0.0070804412330153,0.0056449859137067,0.031843199941872,0.054596594152785,0.0,0,0.3253588516746411,0.2966507177033493,0.3779904306220095,0.0287081339712918,-0.005526052996034
2018-08-06,0.0023149778184636,0.0059675517136283,0.0070025363667721,0.0055017957752816,0.0272762128149033,0.049221866966433,0.0,0,0.3253588516746411,0.2966507177033493,0.3779904306220095,0.0287081339712918,-0.005526052996034
2018-08-07,0.0002063738792141,0.0029014220930745,0.0069112392750449,0.0055152891408754,0.0229156749863037,0.0403937061819179,0.0,0,0.3253588516746411,0.2966507177033493,0.3779904306220095,0.0287081339712918,-0.005526052996034
2018-08-08,0.0053163234396744,0.0091484373622885,0.0071292341531069,0.0055149313510349,0.0285662953647143,0.0458244658988153,0.0,0,0.3253588516746411,0.2966507177033493,0.3779904306220095,0.0287081339712918,-0.005526052996034
2018-08-09,0.0018078602620088,0.0200983574483979,0.003992894135463,0.0055225235781034,0.0271686083475863,0.0405961971115464,0.0,0,0.3253588516746411,0.2966507177033493,0.3779904306220095,0.0287081339712918,-0.005526052996034
2018-08-10,-0.0035917598751602,0.0060471093584959,0.0032597724422692,0.0051984341665942,0.0134017830622386,0.0372632476926009,-0.0035917598751602,0,0.3253588516746411,0.2966507177033493,0.3779904306220095,0.0287081339712918,-0.005526052996034
2018-08-13,-0.006452600726191,-0.0027531153673894,0.0045999481949771,0.0056614000230671,0.0031980069879102,0.0383017047870273,-0.0100211844089724,0,0.3253588516746411,0.2966507177033493,0.3779904306220095,0.0287081339712918,-0.005526052996034
2018-08-14,0.0069876494287035,0.0040080952109189,0.0057355650715122,0.0059885360614974,0.0069211464799894,0.038794336871653,-0.0031035595037792,0,0.3253588516746411,0.2966507177033493,0.3779904306220095,0.0287081339712918,-0.005526052996034
2018-08-16,-0.0043768747103217,-0.0056724890829694,0.0054648804395716,0.0061895403392982,0.0034240538682552,0.0368473058936562,-0.0074668503229969,0,0.3253588516746411,0.2966507177033493,0.3779904306220095,0.0287081339712918,-0.005526052996034
2018-08-17,0.007527415338536,4.358931887216144e-06,0.006692930837575,0.0056022010654182,0.0201028039876562,0.0468782798368181,0.0,0,0.3253588516746411,0.2966507177033493,0.3779904306220095,0.0287081339712918,-0.005526052996034
2018-08-20,0.0070614388771439,0.0106960059495166,0.0069470589196844,0.0051397539728307,0.0168077952256884,0.049186209151514,0.0,0,0.3253588516746411,0.2966507177033493,0.3779904306220095,0.0287081339712918,-0.005526052996034
2018-08-21,0.0016577574826324,0.0189463487660435,0.0051511681403421,0.0051349331684445,0.0161410719147103,0.0438575520422201,0.0,0,0.3253588516746411,0.2966507177033493,0.3779904306220095,0.0287081339712918,-0.005526052996034
2018-08-23,0.0010241208549033,0.0129119990205595,0.004904834408684,0.00511649768272,0.016971846752916,0.0402764430633268,0.0,0,0.3253588516746411,0.2966507177033493,0.3779904306220095,0.0287081339712918,-0.005526052996034
2018-08-24,-0.0022145000107919,0.0151119230921252,0.0041799780715521,0.0050785264588272,0.009353711790393,0.0381872080488681,-0.0022145000107919,0,0.3253588516746411,0.2966507177033493,0.3779904306220095,0.0287081339712918,-0.005526052996034
2018-08-27,0.0116681520450632,0.0192838306126452,0.0055001354344185,0.006116282885059,0.0192882736014368,0.0469809175002016,0.0,0,0.3253588516746411,0.2966507177033493,0.3779904306220095,0.0287081339712918,-0.005526052996034
2018-08-28,0.003981371798545,0.0161663817170558,0.005214095801903,0.005818335436811,0.0270353033816002,0.0407994077147808,0.0,0,0.3253588516746411,0.2966507177033493,0.3779904306220095,0.0287081339712918,-0.005526052996034
2018-08-29,-0.0039698428248924,0.0104572678011218,0.0061584188049501,0.0054246874508944,0.0296017436100652,0.0328944171808951,-0.0039698428248924,0,0.3253588516746411,0.2966507177033493,0.3779904306220095,0.0287081339712918,-0.005526052996034
2018-08-30,-0.0012914924007219,0.0081198333729035,0.0063436360123499,0.0053688864301282,0.0211366756740212,0.0282041121824505,-0.0052562082037739,0,0.3253588516746411,0.2966507177033493,0.3779904306220095,0.0287081339712918,-0.005526052996034
2018-08-31,0.0003168676349685,0.0106774190757197,0.0060540370300054,0.004925980981462,0.0259506985037396,0.0294636089615905,-0.0049410060910678,0,0.3253588516746411,0.2966507177033493,0.3779904306220095,0.0287081339712918,-0.005526052996034
2018-09-03,-0.0084028937117417,-0.0093739709800333,0.0046487525752997,0.0056669982499516,0.0097290935640652,0.0300274796126174,-0.0133023810537973,0,0.3253588516746411,0.2966507177033493,0.3779904306220095,0.0287081339712918,-0.005526052996034
2018-09-04,-0.0053572893238419,-0.018588405673638,0.0034228785544436,0.0055464265216051,-0.0027225312182137,0.0140395042602634,-0.018588405673638,0,0.3253588516746411,0.2966507177033493,0.3779904306220095,0.0287081339712918,-0.005526052996034
2018-09-05,-0.0037629228405509,-0.0183845226182227,0.0034206691550544,0.0056029080140481,-0.0081195066935155,0.0078905076797428,-0.0222813817779102,0,0.3253588516746411,0.2966507177033493,0.3779904306220095,0.0287081339712918,-0.005526052996034
2018-09-06,0.005223513215619,-0.0119810221978623,0.005294740681525,0.0059041613198805,-0.0039584727288425,0.012946191431544,-0.0171742556544703,0,0.3253588516746411,0.2966507177033493,0.3779904306220095,0.0287081339712918,-0.005526052996034
2018-09-07,0.0045246123308688,-0.0078250074911176,0.0061060605787864,0.006054314676506,0.0027688607003486,0.0121484716157205,-0.0127273501725092,0,0.3253588516746411,0.2966507177033493,0.3779904306220095,0.0287081339712918,-0.005526052996034
2018-09-10,-0.0130294846019104,-0.0124542946811312,0.007576691552206,0.0059347385711395,-0.0217115194642467,-0.0028420235905394,-0.0255910039613238,0,0.3253588516746411,0.2966507177033493,0.3779904306220095,0.0287081339712918,-0.005526052996034
2018-09-11,-0.013166522411939,-0.020207807088357,0.0089909156183242,0.0064155842802115,-0.0384205818460621,-0.0124239905507677,-0.0384205818460621,0,0.3253588516746411,0.2966507177033493,0.3779904306220095,0.0287081339712918,-0.005526052996034
2018-09-12,0.0073001107419712,-0.0093273909880239,0.010337277971861,0.0073256273784227,-0.0275404339756583,0.0012460647689496,-0.0314009456063381,0,0.3253588516746411,0.2966507177033493,0.3779904306220095,0.0287081339712918,-0.005526052996034
2018-09-14,0.0127793560189624,-0.0018809212180047,0.0120384136035733,0.008835707796246,-0.0138394080570017,0.007004748537398,-0.0190228734506111,0,0.3253588516746411,0.2966507177033493,0.3779904306220095,0.0287081339712918,-0.005526052996034
2018-09-17,-0.011936397109907,-0.0182369640437998,0.0126196692211022,0.0094087651111135,-0.0259192671546594,-0.0006411917382883,-0.0307322059888401,0,0.3253588516746411,0.2966507177033493,0.3779904306220095,0.0287081339712918,-0.005526052996034
2018-09-18,-0.0086880094922107,-0.0139183955377204,0.0119406774829456,0.0094287722540453,-0.0261993464193364,-0.0167251487479023,-0.0391532137837031,0,0.3253588516746411,0.2966507177033493,0.3779904306220095,0.0287081339712918,-0.005526052996034
2018-09-19,-0.0039498532658326,-0.0047087486157253,0.0105608161357587,0.0093936675197424,-0.0248214022204281,-0.027476356396217,-0.0429484176002044,0,0.3253588516746411,0.2966507177033493,0.3779904306220095,0.0287081339712918,-0.005526052996034
2018-09-21,-0.0081224102863094,-0.0199474049903692,0.0097916550486812,0.0095599953763665,-0.0290887387328515,-0.0369720592175197,-0.0507219832176172,0,0.3253588516746411,0.2966507177033493,0.3779904306220095,0.0287081339712918,-0.005526052996034
2018-09-24,-0.0157676050650178,-0.0475719049604003,0.0044270235362852,0.00987583724744,-0.049363347172984,-0.0531264164382379,-0.0656898240831452,0,0.3253588516746411,0.2966507177033493,0.3779904306220095,0.0287081339712918,-0.005526052996034
2018-09-25,0.0091224902894031,-0.0272725275208191,0.0092016648068646,0.0104586677440667,-0.0450121234608381,-0.0423678950601794,-0.057166588576053,0,0.3253588516746411,0.2966507177033493,0.3779904306220095,0.0287081339712918,-0.005526052996034
2018-09-26,-0.0012333464348157,-0.0199576199806719,0.0091559672886767,0.0100528542250909,-0.0335982374695098,-0.054580288146973,-0.058329428802658,0,0.3253588516746411,0.2966507177033493,0.3779904306220095,0.0287081339712918,-0.005526052996034
2018-09-27,-0.0068980802981779,-0.0228584653317727,0.009247202333584,0.0095570663764051,-0.0274595791805094,-0.0648251480172084,-0.0610978540699116,0,0.3253588516746411,0.2966507177033493,0.3779904306220095,0.0287081339712918,-0.005526052996034
2018-09-28,-0.0042905748550449,-0.0190835584352648,0.0090365909099718,0.0088833065608808,-0.0386502959568685,-0.065126284008587,-0.0642138607080176,0,0.3253588516746411,0.2966507177033493,0.3779904306220095,0.0287081339712918,-0.005526052996034
2018-10-01,0.0071223051201001,0.0037292339114101,0.0070451755939596,0.0078196753630351,-0.0440200778101987,-0.0572502740476843,-0.0575489062968195,0,0.3698435277382645,0.2361308677098151,0.3940256045519203,0.1337126600284494,0.0651983726671956
2018-10-03,-0.0136306241654023,-0.018902276495489,0.0076217357819785,0.0080154617429517,-0.0456592911603788,-0.07039510294936,-0.0630635683530214,1,0.3698435277382645,0.2361308677098151,0.3940256045519203,0.1337126600284494,0.0651983726671956
2018-10-04,-0.0238528307968595,-0.041121605239827,0.0114694590951559,0.0100453026191761,-0.0602585358501271,-0.084879148014004,-0.0854121545245101,1,0.3698435277382645,0.2361308677098151,0.3940256045519203,0.1337126600284494,0.0651983726671956
2018-10-05,-0.0266811330990399,-0.0602229094834456,0.0139948802185868,0.0118939116375435,-0.0817047715266126,-0.1044981467496505,-0.1098143945604058,1,0.3698435277382645,0.2361308677098151,0.3940256045519203,0.1337126600284494,0.0651983726671956
2018-10-08,0.0030630691759276,-0.0532823442767682,0.0153622331943279,0.0124388200157696,-0.0713490859814595,-0.0983623697933685,-0.1070876944715293,1,0.3698435277382645,0.2361308677098151,0.3940256045519203,0.1337126600284494,0.0651983726671956
2018-10-09,-0.0045419185257126,-0.0642469772807791,0.0125979517903985,0.0120919040041819,-0.06075733537575,-0.1071214971092755,-0.1111432294138459,1,0.3698435277382645,0.2361308677098151,0.3940256045519203,0.1337126600284494,0.0651983726671956
2018-10-10,0.0154401735745386,-0.0366679713581837,0.0179006926028842,0.0131031283375644,-0.0548771397205318,-0.0974191265930918,-0.0916267194664444,1,0.3698435277382645,0.2361308677098151,0.3940256045519203,0.1337126600284494,0.0651983726671956
2018-10-11,-0.021553331230103,-0.0343986602825672,0.0173918781383927,0.0139100229796847,-0.0741057373934754,-0.1052141527001863,-0.1112051896623593,1,0.3698435277382645,0.2361308677098151,0.3940256045519203,0.1337126600284494,0.0651983726671956
2018-10-12,0.023239680887964,0.0151263273703647,0.017493350822414,0.0169970461717146,-0.0460075335571233,-0.0722037652270209,-0.0905498818952341,1,0.3698435277382645,0.2361308677098151,0.3940256045519203,0.1337126600284494,0.0651983726671956
2018-10-15,0.0038195273334924,0.0158918830117751,0.0174959032222403,0.0172040075750863,-0.0382372180468325,-0.0754096342096236,-0.087076212310685,1,0.3698435277382645,0.2361308677098151,0.3940256045519203,0.1337126600284494,0.0651983726671956
2018-10-16,0.006872770511296,0.0275408817547726,0.0169563720856506,0.0171866458192719,-0.0384755139303979,-0.0808018966235932,-0.0696974357847552,1,0.3698435277382645,0.2361308677098151,0.3940256045519203,0.1337126600284494,0.0651983726671956
2018-10-17,-0.0124424289662014,-0.0006739897324118,0.0174733070954321,0.0171149534969315,-0.0373172472543918,-0.0812726593570786,-0.0732207928078093,1,0.3698435277382645,0.2361308677098151,0.3940256045519203,0.1337126600284494,0.0651983726671956
2018-10-19,-0.0143020458143795,0.0067320328491935,0.0154186335465381,0.0160995004858709,-0.027898200344364,-0.0864756314888863,-0.0828530355561293,1,0.3698435277382645,0.2361308677098151,0.3940256045519203,0.1337126600284494,0.0651983726671956
2018-10-22,-0.0056582440032802,-0.0216996896634041,0.0094727710615496,0.0138346006776606,-0.0069015989027233,-0.0880424768678206,-0.0805745259398192,1,0.3698435277382645,0.2361308677098151,0.3940256045519203,0.1337126600284494,0.0651983726671956
2018-10-23,-0.0096093311534614,-0.0347871581450655,0.0084261305807883,0.0140400124685899,-0.0194481085808437,-0.0894095897909917,-0.0831853769386806,1,0.3698435277382645,0.2361308677098151,0.3940256045519203,0.1337126600284494,0.0651983726671956
2018-10-24,0.0076822249379115,-0.0340111953518033,0.008761089067173,0.0143114032416862,-0.0074070119065531,-0.0677143169757644,-0.076142200777957,1,0.3698435277382645,0.2361308677098151,0.3940256045519203,0.1337126600284494,0.0651983726671956
2018-10-25,-0.0097655199393628,-0.0313927513979173,0.0084098755440192,0.0133498115341319,-0.0320455827382147,-0.0851641525373958,-0.0840344496915087,1,0.3698435277382645,0.2361308677098151,0.3940256045519203,0.1337126600284494,0.0651983726671956
2018-10-26,-0.0093729320783414,-0.026549102008531,0.0074792456947547,0.0119707568458499,-0.0199957985861753,-0.0926197325806509,-0.0888693077041867,1,0.3698435277382645,0.2361308677098151,0.3940256045519203,0.1337126600284494,0.0651983726671956
2018-10-29,0.0220189431704884,0.0005465947634268,0.0143110545595209,0.0116881873247231,-0.0211649558367151,-0.0661987419779458,-0.0688071727696373,1,0.3698435277382645,0.2361308677098151,0.3940256045519203,0.1337126600284494,0.0651983726671956
2018-10-30,-0.005116648863265,0.0050853471045058,0.0136685390561133,0.0115278965136754,-0.0298787158145066,-0.0669734548897804,-0.0735717594905661,1,0.3698435277382645,0.2361308677098151,0.3940256045519203,0.1337126600284494,0.0651983726671956
2018-10-31,0.0184538751176654,0.0158292378786768,0.0156698262964605,0.0131009158100213,-0.0187203287748883,-0.0564755684347264,-0.043437017935671,1,0.3698435277382645,0.2361308677098151,0.3940256045519203,0.1337126600284494,0.0651983726671956
2018-11-01,-0.0005921090636011,0.025239755454375,0.0142374508830209,0.012557097841247,-0.0069453413118657,-0.0440034075472566,-0.0206429700214637,1,0.3698435277382645,0.2361308677098151,0.3940256045519203,0.1337126600284494,0.0651983726671956
2018-11-02,0.0166225934328472,0.0521435692921237,0.0122485002014412,0.0126226596401549,0.0242101023433671,-0.0043635162865297,-0.0029995984789437,1,0.3698435277382645,0.2361308677098151,0.3940256045519203,0.1337126600284494,0.0651983726671956
2018-11-05,-0.002748033734483,0.0266465707721799,0.011282919146817,0.0124468561071682,0.0272077304116542,0.0201183546665761,-0.0057393892156167,1,0.3698435277382645,0.2361308677098151,0.3940256045519203,0.1337126600284494,0.0651983726671956
2018-11-06,0.000570125427594,0.0325149042987136,0.0102022312176667,0.0117180105895771,0.0377656009776481,0.0175830228883704,-0.0051725359597534,1,0.3698435277382645,0.2361308677098151,0.3940256045519203,0.1337126600284494,0.0651983726671956
2018-11-07,0.0064957264957263,0.0203916584830454,0.0078089966912241,0.0116800005484592,0.0365436807745911,0.0288659893894311,0.0,1,0.3698435277382645,0.2361308677098151,0.3940256045519203,0.1337126600284494,0.0651983726671956
2018-11-09,-0.0012454710144926,0.0197245784142305,0.0079113031242305,0.0108751477869055,0.0454621774042214,0.0119597326985401,-0.0012454710144926,1,0.3698435277382645,0.2361308677098151,0.3940256045519203,0.1337126600284494,0.0651983726671956
2018-11-12,-0.0097305672070437,-0.0067089927034965,0.005861739343708,0.0109263377977274,0.0450847457627119,0.0241874416809564,-0.0109639190821254,1,0.3698435277382645,0.2361308677098151,0.3940256045519203,0.1337126600284494,0.0651983726671956
2018-11-13,0.0095686020110281,0.0055587229190421,0.0074817987927179,0.0092919544505725,0.0323534145948871,0.0105037001671042,-0.0015002264492752,1,0.3698435277382645,0.2361308677098151,0.3940256045519203,0.1337126600284494,0.0651983726671956
2018-11-14,-0.0005858729033783,0.0043969610636276,0.0075212472033288,0.0089438070118957,0.0370548321305301,0.0060689655172412,-0.002085220410628,1,0.3698435277382645,0.2361308677098151,0.3940256045519203,0.1337126600284494,0.0651983726671956
2018-11-15,0.0038198613881983,0.0017266757246376,0.007107401249859,0.0073051568601124,0.0221535439893709,0.0030184935874726,0.0,1,0.3698435277382645,0.2361308677098151,0.3940256045519203,0.1337126600284494,0.0651983726671956
2018-11-16,0.006169525370407,0.0091637380493518,0.0074524906855391,0.0073290948242667,0.0290690673333045,0.0219218314271911,0.0,1,0.3698435277382645,0.2361308677098151,0.3940256045519203,0.1337126600284494,0.0651983726671956
2018-11-19,0.0076014304169551,0.0268264295663123,0.0039085434562038,0.0058592929946838,0.0199374585425944,0.0446302487977445,0.0,1,0.3698435277382645,0.2361308677098151,0.3940256045519203,0.1337126600284494,0.0651983726671956
2018-11-20,-0.0099596781686083,0.0069643278998348,0.0070719058621436,0.0068649593200347,0.0125617635879893,0.0401112710768405,-0.0099596781686083,1,0.3698435277382645,0.2361308677098151,0.3940256045519203,0.1337126600284494,0.0651983726671956
2018-11-21,-0.0052692329348174,0.0022455868309332,0.0076857077356261,0.0071725962325048,0.0066524216524215,0.0446692553317302,-0.0151764312391995,1,0.3698435277382645,0.2361308677098151,0.3940256045519203,0.1337126600284494,0.0651983726671956
2018-11-22,-0.0069150617214068,-0.0084725008712689,0.0080093911811766,0.0072193037513862,-0.0067604544082124,0.0295361744785935,-0.0219865470018767,1,0.3698435277382645,0.2361308677098151,0.3940256045519203,0.1337126600284494,0.0651983726671956
2018-11-26,0.0096753508917757,-0.0050176929845912,0.008964294899299,0.0079127074785649,0.0041000642406379,0.0497486394927357,-0.0125239236672426,1,0.3698435277382645,0.2361308677098151,0.3940256045519203,0.1337126600284494,0.0651983726671956
2018-11-27,0.0053628888094385,-0.0072281992678893,0.0084713161045237,0.0071615409585082,0.0194043235198717,0.0653639082751744,-0.0072281992678893,1,0.3698435277382645,0.2361308677098151,0.3940256045519203,0.1337126600284494,0.0651983726671956
2018-11-28,0.0040475031818523,0.006817627296785,0.0071556301273047,0.0067070580446225,0.0138294353886132,0.0466302794402415,-0.0032099522455728,1,0.3698435277382645,0.2361308677098151,0.3940256045519203,0.1337126600284494,0.0651983726671956
2018-11-29,0.0121028814831039,0.0244008282979799,0.0073350515229881,0.0074498650721943,0.0267012093076028,0.0647454502667086,0.0,1,0.3698435277382645,0.2361308677098151,0.3940256045519203,0.1337126600284494,0.0651983726671956
2018-11-30,0.0016622615966919,0.0332486284940747,0.0042474105455379,0.0074438967662546,0.0244944285889212,0.0471906109795312,0.0,1,0.3698435277382645,0.2361308677098151,0.3940256045519203,0.1337126600284494,0.0651983726671956
2018-12-03,0.0006435745971913,0.024005983854882,0.0045091546708795,0.0073413185548506,0.0188678362135139,0.0484853739481427,0.0,1,0.3698435277382645,0.2361308677098151,0.3940256045519203,0.1337126600284494,0.0651983726671956
2018-12-04,-0.0013092913747559,0.0172100771131242,0.0052189589440025,0.0071088526997766,0.0098574799784454,0.0299914716194447,-0.0013092913747559,1,0.3698435277382645,0.2361308677098151,0.3940256045519203,0.1337126600284494,0.0651983726671956
2018-12-05,-0.0079672478034868,0.0050378185919273,0.007238447214521,0.0067881078522325,0.0118897918582607,0.024600912200684,-0.0092661077294131,1,0.3698435277382645,0.2361308677098151,0.3940256045519203,0.1337126600284494,0.0651983726671956
2018-12-06,-0.0168553914067643,-0.023718308821498,0.0077287814051188,0.0087273890209628,0.0001037730954098,0.0067568850902184,-0.025965315263581,1,0.3698435277382645,0.2361308677098151,0.3940256045519203,0.1337126600284494,0.0651983726671956
2018-12-07,0.0087301849327667,-0.0168294757165512,0.0096145535354197,0.0087434190994131,0.0158595957916736,0.0089919233091788,-0.0174618123349028,1,0.3698435277382645,0.2361308677098151,0.3940256045519203,0.1337126600284494,0.0651983726671956
2018-12-10,-0.019193543862274,-0.0363202021362121,0.0114680067248467,0.0103943391602778,-0.013186120467418,-0.0091401201677814,-0.0363202021362121,1,0.3698435277382645,0.2361308677098151,0.3940256045519203,0.1337126600284494,0.0651983726671956
2018-12-11,0.0057873184312267,-0.029472376834261,0.0127636999505026,0.0104252874260275,-0.0127695215991615,0.0063870179924061,-0.0307430802802343,1,0.3698435277382645,0.2361308677098151,0.3940256045519203,0.1337126600284494,0.0651983726671956
2018-12-12,0.0178639985212079,-0.0042010961800628,0.0164213120570017,0.0119998229057847,0.0008155580514221,0.0146562721474132,-0.0134282760996898,1,0.3698435277382645,0.2361308677098151,0.3940256045519203,0.1337126600284494,0.0651983726671956
2018-12-13,0.0050244002384145,0.0179603156261347,0.0137489122461684,0.0114104715550876,-0.0061839815079154,0.0203521080150903,-0.0084713448949121,0,0.3698435277382645,0.2361308677098151,0.3940256045519203,0.1337126600284494,0.0651983726671956
2018-12-14,0.0012880448128398,0.0104500780833574,0.0134602355218631,0.0114029798305,-0.0065552669685337,0.0177785941017454,-0.007194211553922,0,0.3698435277382645,0.2361308677098151,0.3940256045519203,0.1337126600284494,0.0651983726671956
2018-12-17,0.0076720543799655,0.0381276547058906,0.0062267294469511,0.0117007837328823,0.0004226484437808,0.019298459118908,0.0,0,0.3698435277382645,0.2361308677098151,0.3940256045519203,0.1337126600284494,0.0651983726671956
2018-12-18,0.0018689700459666,0.0340833147694366,0.0067269242258014,0.0117012929815229,0.0036064216385298,0.0134994518460711,0.0,0,0.3698435277382645,0.2361308677098151,0.3940256045519203,0.1337126600284494,0.0651983726671956
2018-12-19,0.0053718591582863,0.0213921174191624,0.0026462747550676,0.0113949988986687,0.0171011508963265,0.0291942718792814,0.0,0,0.3698435277382645,0.2361308677098151,0.3940256045519203,0.1337126600284494,0.0651983726671956
2018-12-20,-0.0014224102559425,0.014840314875991,0.0035781185330062,0.0094781691067975,0.0330671672412898,0.0331743718190009,-0.0014224102559425,0,0.3698435277382645,0.2361308677098151,0.3940256045519203,0.1337126600284494,0.0651983726671956
2018-12-21,-0.0180519919281938,-0.0047614861019208,0.0101851179593395,0.0113683991238349,0.0056388340798787,0.0215878595007956,-0.0194487248456775,0,0.3698435277382645,0.2361308677098151,0.3940256045519203,0.1337126600284494,0.0651983726671956
2018-12-24,-0.0084154733122558,-0.0206505117855322,0.0092977302589836,0.0096643233482226,0.0166897873374998,0.0032835933236738,-0.0277005279330372,0,0.3698435277382645,0.2361308677098151,0.3940256045519203,0.1337126600284494,0.0651983726671956
2018-12-26,0.006222159703662,-0.0163951708269546,0.0101634025808946,0.0096857186409626,0.017129342174488,0.0041410870704499,-0.0216507253380502,0,0.3698435277382645,0.2361308677098151,0.3940256045519203,0.1337126600284494,0.0651983726671956
2018-12-27,0.0046552374916704,-0.0170962771146955,0.0100152318804159,0.0079961348073983,0.0039301147369987,0.0047488780251376,-0.0170962771146955,0,0.3698435277382645,0.2361308677098151,0.3940256045519203,0.1337126600284494,0.0651983726671956
2018-12-28,0.0074305645744818,-0.0083822602883572,0.0111689178263236,0.0081840353679571,0.0063336592055822,0.0001105104662619,-0.0097927475312975,0,0.3698435277382645,0.2361308677098151,0.3940256045519203,0.1337126600284494,0.0651983726671956
2018-12-31,0.0002440169798985,0.0100939185419377,0.0064406867692103,0.0081818191856449,0.0052843703871656,-0.0013055370400165,-0.0095511201480765,0,0.3698435277382645,0.2361308677098151,0.3940256045519203,0.1337126600284494,0.0651983726671956
2019-01-01,0.0043774251902177,0.0231256154170769,0.0027234940770821,0.0079258295345015,0.0019975478378266,0.0024210405420925,-0.0052155042717896,0,0.3698435277382645,0.2361308677098151,0.3940256045519203,0.1337126600284494,0.0651983726671956
2019-01-02,-0.0107790029422278,0.0058388514284914,0.0071635189858461,0.0086141619699522,-0.0106520483650665,-0.0070840425042549,-0.0159382892781266,0,0.3698435277382645,0.2361308677098151,0.3940256045519203,0.1337126600284494,0.0651983726671956
2019-01-03,-0.0111419967570072,-0.0099769940073098,0.0085919479347229,0.0088292990411056,-0.0269027016676848,-0.0102616179320961,-0.0269027016676848,0,0.3698435277382645,0.2361308677098151,0.3940256045519203,0.1337126600284494,0.0651983726671956
2019-01-04,0.0051629225327367,-0.0122054530888865,0.0080116880090295,0.0091730840456564,-0.0204854040925153,0.0119043688656419,-0.0218786756995795,0,0.3698435277382645,0.2361308677098151,0.3940256045519203,0.1337126600284494,0.0651983726671956
2019-01-07,0.0041436142197279,-0.0083543919245481,0.0085109987242695,0.0073744068712496,0.0016551980658359,0.0073033655329772,-0.0178257182715891,0,0.3698435277382645,0.2361308677098151,0.3940256045519203,0.1337126600284494,0.0651983726671956
2019-01-08,0.0028175421006702,-0.0098945014252849,0.0082598262075964,0.0067467673680764,0.0130022975570871,0.0299090904757135,-0.0150584008826237,0,0.3698435277382645,0.2361308677098151,0.3940256045519203,0.1337126600284494,0.0651983726671956
2019-01-09,0.0049064306642658,0.0058049571461662,0.0069470513252128,0.0066525706254426,0.0116777028569829,0.0290070763995202,-0.0102258532182031,0,0.3698435277382645,0.2361308677098151,0.3940256045519203,0.1337126600284494,0.0651983726671956
2019-01-10,-0.003090698884861,0.0139942373913655,0.0034104863559299,0.0066541370490943,0.0038776229614649,0.0078229772016094,-0.013284947069926,0,0.3698435277382645,0.2361308677098151,0.3940256045519203,0.1337126600284494,0.0651983726671956
2019-01-11,-0.0024626672580764,0.0063016495220162,0.0037690985927504,0.006214824605905,-0.0059807180544939,0.0003150613211264,-0.0157148979238279,0,0.3698435277382645,0.2361308677098151,0.3940256045519203,0.1337126600284494,0.0651983726671956
2019-01-14,-0.0053126693500201,-0.0031749568317271,0.0042976359477758,0.0063789843596912,-0.0115028239225595,-0.006279238717499,-0.0209440792173095,0,0.3698435277382645,0.2361308677098151,0.3940256045519203,0.1337126600284494,0.0651983726671956
2019-01-15,0.0138950976009535,0.007836402938304,0.0078802600740565,0.0078367847753125,-0.0021356357870231,-0.0001423539838452,-0.0073400016412425,0,0.3698435277382645,0.2361308677098151,0.3940256045519203,0.1337126600284494,0.0651983726671956
2019-01-16,0.0003214902450674,0.003238094360741,0.0076611594805731,0.0068997880089059,0.0090618485059068,-0.0016867271077214,-0.0070208711351016,0,0.3698435277382645,0.2361308677098151,0.3940256045519203,0.1337126600284494,0.0651983726671956
2019-01-17,0.0013681900406785,0.0077252901604198,0.0073678481990158,0.0054510402667999,0.0218276370962076,-0.005662286980387,-0.0042459161591351,0,0.3698435277382645,0.2361308677098151,0.3940256045519203,0.1337126600284494,0.0651983726671956
2019-01-18,0.0001604739023584,0.0103752217472059,0.007098089347346,0.0053753759203297,0.0167422522803861,-0.0040861236155117,-0.0002887232930953,0,0.3698435277382645,0.2361308677098151,0.3940256045519203,0.1337126600284494,0.0651983726671956
2019-01-21,0.005033487821985,0.0208845552078675,0.0057892051455233,0.0054278987368833,0.0176432908149057,0.0193276920215734,0.0,0,0.3698435277382645,0.2361308677098151,0.3940256045519203,0.1337126600284494,0.0651983726671956
2019-01-22,-0.0035669161683474,0.003302164088621,0.0030765162271089,0.0056606546982716,0.0111644441152918,0.0243119050968256,-0.0035669161683474,1,0.3698435277382645,0.2361308677098151,0.3940256045519203,0.1337126600284494,0.0651983726671956
2019-01-23,-0.0083541232748163,-0.0053993002947576,0.0050991280315432,0.0062036129226004,-0.0021786893778529,0.0094735713919578,-0.0118912409857825,1,0.3698435277382645,0.2361308677098151,0.3940256045519203,0.1337126600284494,0.0651983726671956
2019-01-24,0.0016895166874393,-0.0050801452518065,0.0051394328621555,0.0061400359730095,0.002605899312486,0.0064936269689603,-0.0102218147484229,1,0.3698435277382645,0.2361308677098151,0.3940256045519203,0.1337126600284494,0.0651983726671956
2019-01-25,-0.0063826061309886,-0.0115889409963373,0.0055816696530558,0.0064516133632318,-0.0013339570817837,-0.0073066971150748,-0.0165391790619284,1,0.3698435277382645,0.2361308677098151,0.3940256045519203,0.1337126600284494,0.0651983726671956
2019-01-28,-0.0110383978553969,-0.0273950108786382,0.0048739146092419,0.0071774222809952,-0.0070825882878856,-0.0185039424444536,-0.0273950108786382,1,0.3698435277382645,0.2361308677098151,0.3940256045519203,0.1337126600284494,0.0651983726671956
2019-01-29,-0.0008769831778679,-0.024769403309606,0.0052766611767718,0.0050464994770509,-0.0215490318550903,-0.0236386467585081,-0.0282479690928082,1,0.3698435277382645,0.2361308677098151,0.3940256045519203,0.1337126600284494,0.0651983726671956
2019-01-30,-3.7550928446816734e-05,-0.0165904999307575,0.0052628618335491,0.0050280902517951,-0.0219002231343489,-0.0130368311327311,-0.0282844592837888,1,0.3698435277382645,0.2361308677098151,0.3940256045519203,0.1337126600284494,0.0651983726671956
2019-01-31,0.0168187536378829,-0.0017373592139946,0.0105565707585274,0.0078362364270654,-0.0068086784286395,0.0148703413057229,-0.0119414149983807,1,0.3698435277382645,0.2361308677098151,0.3940256045519203,0.1337126600284494,0.0651983726671956
2019-02-01,0.0057889658801857,0.0104911159449192,0.0102016473804486,0.0080990809503285,-0.0012194059750894,0.0155024307028295,-0.0062215775621816,0,0.3698435277382645,0.2361308677098151,0.3940256045519203,0.1337126600284494,0.0651983726671956
2019-02-04,0.0017074167060626,0.0235144045659403,0.0072551834121047,0.0079317443540684,-0.0045247836815865,0.0130386750589504,-0.0045247836815865,0,0.3698435277382645,0.2361308677098151,0.3940256045519203,0.1337126600284494,0.0651983726671956
2019-02-05,0.0020252468555981,0.026487486153095,0.006801343815095,0.0078826117552992,0.0010620036163053,0.0122383044116218,-0.0025087006299119,0,0.3698435277382645,0.2361308677098151,0.3940256045519203,0.1337126600284494,0.0651983726671956
2019-02-06,0.01171537402772,0.038552169586361,0.0065383743264887,0.0080347901258259,0.0213220698887504,0.019096926343717,0.0,0,0.3698435277382645,0.2361308677098151,0.3940256045519203,0.1337126600284494,0.0651983726671956
2019-02-07,0.0006282514271249,0.0220156126655555,0.0045430121263818,0.0080484129413095,0.0202400044240447,0.022898647150144,0.0,0,0.3698435277382645,0.2361308677098151,0.3940256045519203,0.1337126600284494,0.0651983726671956
2019-02-08,-0.0113646629446942,0.0045852400251522,0.0082063582802865,0.0087508972164821,0.0151244602548108,0.0137703277921621,-0.0113646629446942,0,0.3698435277382645,0.2361308677098151,0.3940256045519203,0.1337126600284494,0.0651983726671956
2019-02-11,-0.0050074929639242,-0.0021489610300351,0.0085903177165703,0.0079600441107566,0.0213149119968485,0.0140813589628965,-0.0163152474388855,0,0.3698435277382645,0.2361308677098151,0.3940256045519203,0.1337126600284494,0.0651983726671956
2019-02-12,-0.0052714716038497,-0.0094152830300842,0.0086943321093565,0.0082607165040756,0.0168228159441241,-0.0050887313076385,-0.0215007136791515,0,0.3698435277382645,0.2361308677098151,0.3940256045519203,0.1337126600284494,0.0651983726671956
2019-02-13,-0.0034852373654374,-0.02429841490809,0.0043158003300854,0.0084118688307498,0.0133169980660545,-0.0088748702974206,-0.0249110159538908,0,0.3698435277382645,0.2361308677098151,0.3940256045519203,0.1337126600284494,0.0651983726671956
2019-02-14,-0.0044100003242647,-0.0292111586897212,0.003126700871826,0.0065481059721549,-0.0078386475793906,-0.0145939551773467,-0.0292111586897212,0,0.3698435277382645,0.2361308677098151,0.3940256045519203,0.1337126600284494,0.0651983726671956
2019-02-15,-0.0020146937711996,-0.0200299718556965,0.0013227875328049,0.00613170206942,-0.0155365740591996,-0.0167370346430487,-0.0311670009214591,0,0.3698435277382645,0.2361308677098151,0.3940256045519203,0.1337126600284494,0.0651983726671956
2019-02-18,-0.0077813210995485,-0.0227619205054734,0.0021525568552592,0.0063037735861719,-0.0248619670553734,-0.0292742557141357,-0.0387058015791279,0,0.3698435277382645,0.2361308677098151,0.3940256045519203,0.1337126600284494,0.0651983726671956
2019-02-19,-0.0034395425220492,-0.0209622024853665,0.0021639826707204,0.0061018548515787,-0.030180120446117,-0.0291501682268658,-0.0420122138507957,0,0.3698435277382645,0.2361308677098151,0.3940256045519203,0.1337126600284494,0.0651983726671956
2019-02-20,0.0123628510941264,-0.0053920592200042,0.0077965568360291,0.0062767872021597,-0.0295594556359576,-0.0088676545261504,-0.0301687535006413,0,0.3698435277382645,0.2361308677098151,0.3940256045519203,0.1337126600284494,0.0651983726671956
2019-02-21,0.0050673236799574,0.0040759162669075,0.0079283872140697,0.0067027118338877,-0.0252543046596924,-0.0055254474736859,-0.0252543046596924,0,0.3698435277382645,0.2361308677098151,0.3940256045519203,0.1337126600284494,0.0651983726671956
2019-02-22,0.0001668234498162,0.0062707470814218,0.0077909254719567,0.0059662311899612,-0.0138848276618298,0.0010296320688647,-0.0250916942201022,0,0.3698435277382645,0.2361308677098151,0.3940256045519203,0.1337126600284494,0.0651983726671956
2019-02-25,0.0081961516542883,0.0224744971078709,0.0062772663009267,0.0065107371417318,-0.0007989861141722,0.020498895563966,-0.0171011978969048,0,0.3698435277382645,0.2361308677098151,0.3940256045519203,0.1337126600284494,0.0651983726671956
2019-02-26,-0.0041176092131507,0.0217787983233295,0.0064944491965136,0.0064176925887579,0.0003600642576213,0.0171889374964795,-0.0211483910600394,0,0.3698435277382645,0.2361308677098151,0.3940256045519203,0.1337126600284494,0.0651983726671956
2019-02-27,-0.0026441353723477,0.0066322324634737,0.0051945821718558,0.006371492004518,0.0012044118532654,0.0145374490696408,-0.0237366072235171,0,0.3698435277382645,0.2361308677098151,0.3940256045519203,0.1337126600284494,0.0651983726671956
2019-02-28,-0.0013093789472222,0.0002456011900071,0.0048178918434962,0.0061986448395696,0.0043225185068003,-0.0035500117718206,-0.0250149059569624,0,0.3698435277382645,0.2361308677098151,0.3940256045519203,0.1337126600284494,0.0651983726671956
2019-03-01,0.0065786425758629,0.0066579253404253,0.0056375577745173,0.0064112144582909,0.0129704225877438,-0.0027676674025693,-0.0186008275064591,0,0.3698435277382645,0.2361308677098151,0.3940256045519203,0.1337126600284494,0.0651983726671956
2019-03-05,0.0114097666497905,0.0098666372551723,0.0066979741856686,0.0062586289878642,0.0325628820734991,0.0068913377167862,-0.0074032919580102,0,0.3698435277382645,0.2361308677098151,0.3940256045519203,0.1337126600284494,0.0651983726671956
2019-03-06,0.0059658974557335,0.020091737192325,0.005868407613454,0.005838043729832,0.0423081094079316,0.0108511251240357,-0.0014815617829331,0,0.3698435277382645,0.2361308677098151,0.3940256045519203,0.1337126600284494,0.0651983726671956
2019-03-07,0.0004704605084593,0.0232773338638709,0.0051020784292275,0.0051543874294935,0.0300639470166597,-0.0003841825273787,-0.0010117982907834,0,0.3698435277382645,0.2361308677098151,0.3940256045519203,0.1337126600284494,0.0651983726671956
2019-03-08,-0.0020618183791214,0.0225063701644661,0.0053269451332879,0.0053236061129192,0.0227574989457683,-0.003071530525593,-0.0020618183791214,0,0.3698435277382645,0.2361308677098151,0.3940256045519203,0.1337126600284494,0.0651983726671956
2019-03-11,0.0120204070536635,0.0280342431076539,0.0063268654383084,0.0060715231073252,0.0348788183456654,0.0205097043020576,0.0,0,0.3698435277382645,0.2361308677098151,0.3940256045519203,0.1337126600284494,0.0651983726671956
2019-03-12,0.011922403642534,0.0285553062812573,0.0064483290380471,0.0064947111815411,0.0387036883852169,0.0378737785614577,0.0,0,0.3698435277382645,0.2361308677098151,0.3940256045519203,0.1337126600284494,0.0651983726671956
2019-03-13,0.0035836902275865,0.0261196055369583,0.0065081262487734,0.0058755360281539,0.0467361309792992,0.0471130232472256,0.0,0,0.3698435277382645,0.2361308677098151,0.3940256045519203,0.1337126600284494,0.0651983726671956
2019-03-14,0.0001366638158299,0.0257772512705503,0.0065700212125158,0.005551811825381,0.0496546108183386,0.0509188272734433,0.0,0,0.3698435277382645,0.2361308677098151,0.3940256045519203,0.1337126600284494,0.0651983726671956
2019-03-15,0.0073700218191434,0.0354722076227413,0.0052045123815694,0.0051414077924138,0.0587769284225156,0.063353511290195,0.0,0,0.3698435277382645,0.2361308677098151,0.3940256045519203,0.1337126600284494,0.0651983726671956
2019-03-18,0.0030935909721401,0.0263385282121768,0.0045437933513751,0.0051960409502312,0.0551111520228289,0.0687963895416061,0.0,0,0.3698435277382645,0.2361308677098151,0.3940256045519203,0.1337126600284494,0.0651983726671956
2019-03-19,0.0061244787213623,0.0204580044597033,0.0028183189489092,0.0047668966356245,0.0495974953242106,0.083775414789093,0.0,0,0.3698435277382645,0.2361308677098151,0.3940256045519203,0.1337126600284494,0.0651983726671956
2019-03-20,-0.0009841836911658,0.0158133260445962,0.0036342448241909,0.0050842534629944,0.0423459694200669,0.0864456567352076,-0.0009841836911658,0,0.3698435277382645,0.2361308677098151,0.3940256045519203,0.1337126600284494,0.0651983726671956
2019-03-22,-0.0055680688826105,0.0100191743988715,0.0053203656430748,0.0058700215725984,0.036054692445425,0.0672025858254659,-0.0065467725711907,0,0.3698435277382645,0.2361308677098151,0.3940256045519203,0.1337126600284494,0.0651983726671956
2019-03-25,-0.0089596662273389,-0.0063534569894591,0.0061523301463392,0.0069165248911959,0.0288933794878301,0.0523084194868324,-0.0154477819014254,0,0.3698435277382645,0.2361308677098151,0.3940256045519203,0.1337126600284494,0.0651983726671956
2019-03-26,0.0113613845036,0.0018364711835423,0.0083375451071365,0.0068221881831464,0.0282233693437978,0.0640865854619081,-0.0042619055877354,0,0.3698435277382645,0.2361308677098151,0.3940256045519203,0.1337126600284494,0.0651983726671956
2019-03-27,-0.003326584372891,-0.0075743123720994,0.0077655229738747,0.0062377776754987,0.0127287367713162,0.0519250742180676,-0.0075743123720994,0,0.3698435277382645,0.2361308677098151,0.3940256045519203,0.1337126600284494,0.0651983726671956
2019-03-28,0.0109173834976694,0.0042487446890691,0.0095747107647197,0.0069309030269828,0.0201292575187139,0.0678061521139239,0.0,0,0.3698435277382645,0.2361308677098151,0.3940256045519203,0.1337126600284494,0.0651983726671956
2019-03-29,0.0046585998271391,0.0145763688257731,0.008921653545052,0.0069421326340972,0.0247415864060123,0.0756247310683699,0.0,0,0.3698435277382645,0.2361308677098151,0.3940256045519203,0.1337126600284494,0.0651983726671956
2019-04-01,0.0038928414731715,0.0277341083735165,0.0060187908691209,0.0067538874743572,0.0212044439193652,0.0812277044243687,0.0,1,0.35,0.2848484848484848,0.3651515151515151,0.0651515151515151,0.0651747594309472
2019-04-02,0.0037749107689935,0.0200248187577558,0.0050503356840433,0.0067682105189561,0.0218980649439026,0.0782160445528605,0.0,1,0.35,0.2848484848484848,0.3651515151515151,0.0651515151515151,0.0651747594309472
2019-04-03,-0.0059121333196735,0.0173786920983307,0.0060243757753725,0.0070548097503284,0.00967274808366,0.0597499874857223,-0.0059121333196735,1,0.35,0.2848484848484848,0.3651515151515151,0.0651515151515151,0.0651747594309472
2019-04-04,-0.0039462553514916,0.002420051858254,0.0050103593039917,0.0072072334785974,0.0066790787298034,0.0493078802135167,-0.0098350578834136,1,0.35,0.2848484848484848,0.3651515151515151,0.0651515151515151,0.0651747594309472
2019-04-05,0.0058587687532334,0.0036175466065606,0.0052812060670865,0.0070080172639304,0.0182466461259154,0.0549592157855709,-0.0040339104599939,1,0.35,0.2848484848484848,0.3651515151515151,0.0651515151515151,0.0651747594309472
2019-04-08,-0.0052674664300808,-0.005540249289794,0.0054957888055394,0.006451446328793,0.022040205209503,0.0515704007104409,-0.0092801284021446,1,0.35,0.2848484848484848,0.3651515151515151,0.0651515151515151,0.0651747594309472
2019-04-09,0.0058124003619286,-0.0035216678618994,0.0059998885927057,0.0057796817665492,0.0164326301351969,0.0451197836685903,-0.0035216678618994,1,0.35,0.2848484848484848,0.3651515151515151,0.0651515151515151,0.0651747594309472
2019-04-10,-0.0075094564318731,-0.0051228320286501,0.0063780028198251,0.0063068807178032,0.0121668319491832,0.0250504371217215,-0.011004678482396,1,0.35,0.2848484848484848,0.3651515151515151,0.0651515151515151,0.0651747594309472
2019-04-11,0.0010704142675863,-0.0001120882910845,0.0061925932510931,0.0053169989305152,0.0023076923076923,0.022483401959142,-0.0099460437796673,1,0.35,0.2848484848484848,0.3651515151515151,0.0651515151515151,0.0651747594309472
2019-04-12,0.0040313192546155,-0.001928689905237,0.0058014106375795,0.00526254185183,0.0016818795757018,0.0264650783505608,-0.005954820202848,1,0.35,0.2848484848484848,0.3651515151515151,0.0651515151515151,0.0651747594309472
2019-04-15,0.004028015751345,0.0073979921582145,0.0053091708568227,0.0052732994355517,0.0018167561476201,0.0230597233708327,-0.0019507905610763,1,0.35,0.2848484848484848,0.3651515151515151,0.0651515151515151,0.0651747594309472
2019-04-16,0.0082803337795702,0.0098698160975672,0.0058943535361099,0.0057812407781843,0.0063133900215139,0.0283497059901238,0.0,1,0.35,0.2848484848484848,0.3651515151515151,0.0651515151515151,0.0651747594309472
2019-04-18,-0.0029141904531629,0.0145455487167978,0.0041428397740706,0.0054729659999926,0.0093482022853068,0.0191113731747076,-0.0029141904531629,1,0.35,0.2848484848484848,0.3651515151515151,0.0651515151515151,0.0651747594309472
2019-04-22,-0.0134733850656864,-0.0001940207127889,0.0085303066392914,0.0070273859999361,-0.0003060872564234,0.0063709470924959,-0.0163483115087191,1,0.35,0.2848484848484848,0.3651515151515151,0.0651515151515151,0.0651747594309472
2019-04-23,-0.0015955909939668,-0.0057972508148358,0.0082298033175793,0.0067247244295281,-0.0077147596209481,0.0103911180162175,-0.0179178172840762,1,0.35,0.2848484848484848,0.3651515151515151,0.0651515151515151,0.0651747594309472
2019-04-24,0.0129751769833144,0.0030623548482293,0.0103361987647397,0.0077590667444687,0.0104830022835968,0.032754255014642,-0.0051751271511772,1,0.35,0.2848484848484848,0.3651515151515151,0.0651515151515151,0.0651747594309472
2019-04-25,-0.0071933243221347,-0.0123312251053053,0.0097838545874838,0.0079632379934114,-0.0025831159317852,0.0138070668147083,-0.0123312251053053,1,0.35,0.2848484848484848,0.3651515151515151,0.0651515151515151,0.0651747594309472
2019-04-26,0.0096935181844732,0.0001574092982097,0.0111591712477712,0.0080733601168545,0.0147052476196232,0.0270509958453655,-0.0027572398756272,1,0.35,0.2848484848484848,0.3651515151515151,0.0651515151515151,0.0651747594309472
2019-04-30,-0.0005529726533755,0.0132563424742009,0.0083874066119939,0.0080990203894348,0.013059749756396,0.0153975799481416,-0.0033086878507527,1,0.35,0.2848484848484848,0.3651515151515151,0.0651515151515151,0.0651747594309472
2019-05-02,-0.0019918029647221,0.0128542365853341,0.0084394375784518,0.0080995967903407,0.0069824665369799,0.0086760897805384,-0.0052939005612043,1,0.35,0.2848484848484848,0.3651515151515151,0.0651515151515151,0.0651747594309472
2019-05-03,-0.0010661208128105,-0.0011853848023434,0.0061414808668213,0.0080287004518401,0.0018733399769894,0.0036934995265294,-0.0063543774364456,1,0.35,0.2848484848484848,0.3651515151515151,0.0651515151515151,0.0651747594309472
2019-05-06,-0.0097333987918631,-0.0037408304557713,0.0069182256328962,0.0080391665817794,-0.0160259265386458,-0.0098137144418263,-0.0160259265386458,1,0.35,0.2848484848484848,0.3651515151515151,0.0651515151515151,0.0651747594309472
2019-05-07,-0.0086521673528334,-0.0218424198083311,0.0044226646427253,0.0083435741323143,-0.0216884487100945,-0.0125429944305842,-0.0245394348930827,1,0.35,0.2848484848484848,0.3651515151515151,0.0651515151515151,0.0651747594309472
2019-05-08,-0.0120413292862173,-0.0330860603584393,0.0048849240545608,0.0081375475930308,-0.020268318031472,-0.0205682014140368,-0.0362852767632547,1,0.35,0.2848484848484848,0.3651515151515151,0.0651515151515151,0.0651747594309472
2019-05-09,-0.0050750696556612,-0.0360732638222563,0.0043023431769893,0.0081917912648601,-0.0236827215044986,-0.0312147746218697,-0.0411761961118676,1,0.35,0.2848484848484848,0.3651515151515151,0.0651515151515151,0.0651747594309472
2019-05-10,-0.0020262259109168,-0.0369997225127537,0.0039617408567772,0.0062028314122775,-0.0381412484063397,-0.0280580809168857,-0.0431189897473095,1,0.35,0.2848484848484848,0.3651515151515151,0.0651515151515151,0.0651747594309472
2019-05-13,-0.0115880094690083,-0.0388032677343563,0.0042952440046376,0.0066074169295602,-0.0423989417444036,-0.0448725362942781,-0.054207335954832,1,0.35,0.2848484848484848,0.3651515151515151,0.0651515151515151,0.0651747594309472
2019-05-14,0.006624387793545,-0.0239913375485958,0.0076941176750141,0.005920611419145,-0.0453097284904272,-0.0312707716478337,-0.0479420385759068,1,0.35,0.2848484848484848,0.3651515151515151,0.0651515151515151,0.0651747594309472
2019-05-15,-0.0057966236115504,-0.0178221656858387,0.0066674642388628,0.0057511248391239,-0.0503185607946783,-0.0379159588503627,-0.0534607602346622,1,0.35,0.2848484848484848,0.3651515151515151,0.0651515151515151,0.0651747594309472
2019-05-16,0.0089719458635835,-0.0039551221929249,0.0085652875856994,0.0072631245642481,-0.0398857118488666,-0.033181745960175,-0.0449684614177302,1,0.35,0.2848484848484848,0.3651515151515151,0.0651515151515151,0.0651747594309472
2019-05-17,0.0133293654671273,0.0113707897046697,0.010527272648191,0.0091095471210755,-0.0260496488719076,-0.0242251087435364,-0.0322384970073342,1,0.35,0.2848484848484848,0.3651515151515151,0.0651515151515151,0.0651747594309472
2019-05-20,0.0369154433841931,0.0610008790656786,0.015631156911823,0.015054375360484,0.0198305778889056,0.0034868479657932,0.0,1,0.35,0.2848484848484848,0.3651515151515151,0.0651515151515151,0.0651747594309472
2019-05-21,-0.0100733413649525,0.043401161106928,0.0185755347972185,0.0151730425036484,0.0183685716522148,-0.0037182628820365,-0.0100733413649525,1,0.35,0.2848484848484848,0.3651515151515151,0.0651515151515151,0.0651747594309472
2019-05-22,0.0024596254195454,0.0520659675540018,0.0172906405173217,0.0143612832052953,0.0333158735678222,0.0123722988153813,-0.007638492591888,1,0.35,0.2848484848484848,0.3651515151515151,0.0651515151515151,0.0651747594309472
2019-05-23,-0.006887944180816,0.0355286885609968,0.018972830220794,0.0144906510464528,0.0314330460634588,0.0070059044830013,-0.0144738232621056,1,0.35,0.2848484848484848,0.3651515151515151,0.0651515151515151,0.0651747594309472
2019-05-24,0.0160460837004217,0.0383049227896539,0.0192312260892178,0.0148889082111645,0.0501112697160184,0.0100587149234829,0.0,1,0.35,0.2848484848484848,0.3651515151515151,0.0651515151515151,0.0651747594309472
2019-05-27,0.0068092974561173,0.0081584342569696,0.0105457591174572,0.013700682324737,0.0696569849841228,0.0243046607912866,0.0,1,0.35,0.2848484848484848,0.3651515151515151,0.0651515151515151,0.0651747594309472
2019-05-28,0.0003354368016101,0.0187589140070543,0.0084711733076746,0.0138551386976832,0.0629742337629934,0.0148111598388722,0.0,0,0.35,0.2848484848484848,0.3651515151515151,0.0651515151515151,0.0651747594309472
2019-05-29,-0.0056711725872367,0.0104959149421959,0.0094994106570863,0.0138431100376459,0.0631083624630277,0.009614279695101,-0.0056711725872367,0,0.35,0.2848484848484848,0.3651515151515151,0.0651515151515151,0.0651747594309472
2019-05-30,0.0071494212172562,0.0247789964013194,0.0081473876918368,0.0138148727451018,0.0611880502083128,0.0188618094202435,0.0,0,0.35,0.2848484848484848,0.3651515151515151,0.0651515151515151,0.0651747594309472
2019-05-31,-0.0019337178446161,0.0066446585219643,0.0055799973855028,0.0137632474586532,0.0452041044432658,0.017976904523042,-0.0019337178446161,0,0.35,0.2848484848484848,0.3651515151515151,0.0651515151515151,0.0651747594309472
2019-06-03,0.0139019357868956,0.0137361370259334,0.0077846620239394,0.008757235161835,0.0220066366537736,0.0422736188649148,0.0,0,0.35,0.2848484848484848,0.3651515151515151,0.0651515151515151,0.0651747594309472
2019-06-04,-0.0055341624926066,0.0077879073666562,0.0086369200081135,0.0081459010220474,0.0266929140582965,0.0455517964149976,-0.0055341624926066,0,0.35,0.2848484848484848,0.3651515151515151,0.0651515151515151,0.0651747594309472
2019-06-06,-0.0147983013978946,-0.0014627648363136,0.0111516683280958,0.0098456310387858,0.0090177970505798,0.0426341064047994,-0.0202505676859506,0,0.35,0.2848484848484848,0.3651515151515151,0.0651515151515151,0.0651747594309472
2019-06-07,0.0022712401055409,-0.0062992323726132,0.0105398452272826,0.0094545906808912,0.018323675372414,0.050332690367906,-0.0180253214818981,0,0.35,0.2848484848484848,0.3651515151515151,0.0651515151515151,0.0651747594309472
2019-06-10,0.0043847641030609,-8.387291575706612e-06,0.0108080411886497,0.0081375573551469,0.0066362154997003,0.0570800344005177,-0.0137195941614171,0,0.35,0.2848484848484848,0.3651515151515151,0.0651515151515151,0.0651747594309472
2019-06-11,0.0035981782649903,-0.0101707814419429,0.0081644641921099,0.0079300314929319,0.0034256483364432,0.0733212536552985,-0.0101707814419429,0,0.35,0.2848484848484848,0.3651515151515151,0.0651515151515151,0.0651747594309472
2019-06-12,-0.0049642307949454,-0.0096035070061096,0.0081068357491512,0.0081077234113825,-0.0018903908624121,0.0609647969845084,-0.0150845221304456,0,0.35,0.2848484848484848,0.3651515151515151,0.0651515151515151,0.0651747594309472
2019-06-13,0.0006593203541012,0.0059356200527704,0.0037192438026448,0.0078733188829775,0.0044641728001617,0.0678542618983597,-0.014435147308817,0,0.35,0.2848484848484848,0.3651515151515151,0.0651515151515151,0.0651747594309472
2019-06-14,-0.0076170571719944,-0.0039888295923138,0.0052954629109874,0.0078668433784423,-0.0102629354004303,0.0502971458013163,-0.021942251138474,0,0.35,0.2848484848484848,0.3651515151515151,0.0651515151515151,0.0651747594309472
2019-06-17,-0.012784078895063,-0.0210145352982127,0.0065262736371162,0.0087122848501725,-0.0210227463347535,0.0232310436875118,-0.0344458185638475,0,0.35,0.2848484848484848,0.3651515151515151,0.0651515151515151,0.0651747594309472
2019-06-18,0.0016577922662064,-0.0229073343584943,0.0059798493783576,0.006883880656496,-0.0328451303092595,-0.0115613045040474,-0.0328451303092595,0,0.35,0.2848484848484848,0.3651515151515151,0.0651515151515151,0.0651747594309472
2019-06-19,-4.276611213160919e-06,-0.0180368211520048,0.0063086827106749,0.0069076656968281,-0.0274671114198132,-0.0015073746060756,-0.0328492664546201,0,0.35,0.2848484848484848,0.3651515151515151,0.0651515151515151,0.0651747594309472
2019-06-20,0.0120002223847339,-0.0069078105262273,0.0094749721358317,0.0069165825602488,-0.0010131926121371,0.0079954676730931,-0.0212432425725168,0,0.35,0.2848484848484848,0.3651515151515151,0.0651515151515151,0.0651747594309472
2019-06-21,-0.0090984004902063,-0.0083902125464124,0.0097394142357149,0.0074044478735454,-0.0123455750106353,0.0057518840529979,-0.030148363534088,0,0.35,0.2848484848484848,0.3651515151515151,0.0651515151515151,0.0651747594309472
2019-06-24,-0.002085447923508,0.0023560355204481,0.0076266562846912,0.0071384996968544,-0.0187080107693727,-0.0121959456607088,-0.0321709386154667,0,0.35,0.2848484848484848,0.3651515151515151,0.0651515151515151,0.0651747594309472
2019-06-25,0.0082737517788995,0.0089766069366634,0.0084124874097811,0.0076693780135789,-0.0141363575583338,-0.0107591354116437,-0.0241633611971657,0,0.35,0.2848484848484848,0.3651515151515151,0.0651515151515151,0.0651747594309472
2019-06-26,0.0043318116891097,0.013351637307605,0.0084012677895992,0.0077517927587952,-0.0049260049386035,-0.0068070837262915,-0.0199362206385381,0,0.35,0.2848484848484848,0.3651515151515151,0.0651515151515151,0.0651747594309472
2019-06-27,-0.0005064338196504,0.0008282798402603,0.0066037578846553,0.0077417377179583,-0.0060852522861662,-0.0016482451037426,-0.0204325580818212,0,0.35,0.2848484848484848,0.3651515151515151,0.0651515151515151,0.0651747594309472
2019-06-28,-0.004450430897982,0.0055228119855681,0.0051342358849512,0.0074824845540699,-0.0029137381272571,-0.0131467700215135,-0.0247920552919911,0,0.35,0.2848484848484848,0.3651515151515151,0.0651515151515151,0.0651747594309472
2019-07-01,0.0065103890540638,0.0141841849969872,0.0052338223017373,0.0062884273187551,0.0165736389611168,-0.00479753078136,-0.0184430721633279,0,0.35,0.2848484848484848,0.3651515151515151,0.0651515151515151,0.0651747594309472
2019-07-02,0.0037671925566342,0.0096512086263238,0.0043809258921316,0.0063235181569147,0.0187144506692895,-0.0147453582108689,-0.0092624556529261,0,0.35,0.2848484848484848,0.3651515151515151,0.0651515151515151,0.0651747594309472
2019-07-03,0.0005415480718371,0.0058408700533021,0.0041850854231365,0.0063078419154928,0.0192704925394198,-0.0087259236460884,-0.0040825366049341,0,0.35,0.2848484848484848,0.3651515151515151,0.0651515151515151,0.0651747594309472
2019-07-04,0.0025174649128327,0.008883972115137,0.0040994317722659,0.0052494796878879,0.0097196103704015,0.0086965699208443,-0.0015753493347596,0,0.35,0.2848484848484848,0.3651515151515151,0.0651515151515151,0.0651747594309472
2019-07-05,-0.0113503672546927,0.0018916179271091,0.0069146515874287,0.005753942112379,0.0074248769628371,-0.0050123624232877,-0.0129078357959484,0,0.35,0.2848484848484848,0.3651515151515151,0.0651515151515151,0.0651747594309472
2019-07-08,-0.0213823378756513,-0.0258731121898597,0.0108700104566847,0.0090843285214878,-0.0120559162026213,-0.0305383847618408,-0.0340141739653674,0,0.35,0.2848484848484848,0.3651515151515151,0.0651515151515151,0.0651747594309472
2019-07-09,-0.0002335923035662,-0.0297557576215544,0.0101714250044561,0.0084793833232438,-0.0203917280198704,-0.0342398208196831,-0.0327160106305062,0,0.35,0.2848484848484848,0.3651515151515151,0.0651515151515151,0.0651747594309472
2019-07-10,-0.0049325452799002,-0.0350640904609058,0.0095706455988573,0.0082094295076621,-0.029428025203523,-0.0342090675446407,-0.0374871827065939,0,0.35,0.2848484848484848,0.3651515151515151,0.0651515151515151,0.0651747594309472
2019-07-11,0.0073050465696717,-0.0304559817523594,0.010915441024424,0.0088171266254401,-0.0218425797298494,-0.027794914407779,-0.0304559817523594,0,0.35,0.2848484848484848,0.3651515151515151,0.0651515151515151,0.0651747594309472
2019-07-12,-0.0026245586165812,-0.0218987990161838,0.010561713629133,0.0087835146219915,-0.0200486052498759,-0.0229039269916181,-0.0330006068596061,0,0.35,0.2848484848484848,0.3651515151515151,0.0651515151515151,0.0651747594309472
2019-07-15,0.0031032244103008,0.0025738411226272,0.0048191348760561,0.0084779913435308,-0.0233658643473571,-0.0071794827859477,-0.0299997907380668,0,0.35,0.2848484848484848,0.3651515151515151,0.0651515151515151,0.0651747594309472
2019-07-16,0.0064072969836086,0.009233378620445,0.0054341890208131,0.008726388927496,-0.0207971251773674,-0.0024718812812727,-0.0237847113231631,0,0.35,0.2848484848484848,0.3651515151515151,0.0651515151515151,0.0651747594309472
2019-07-17,0.0021350299247164,0.0164015688457157,0.003942902192957,0.0087935622762814,-0.0192376277088971,-0.0003378537307178,-0.0217004624688722,0,0.35,0.2848484848484848,0.3651515151515151,0.0651515151515151,0.0651747594309472
2019-07-18,-0.007751871657754,0.0012086783102678,0.0055204052759157,0.0088192432142435,-0.0292841149266537,-0.0198491347433812,-0.0292841149266537,0,0.35,0.2848484848484848,0.3651515151515151,0.0651515151515151,0.0651747594309472
2019-07-19,-0.0153187489760193,-0.011534299935079,0.0089984853138414,0.0093154327444246,-0.033180511635192,-0.0260019958888102,-0.0441542678971268,0,0.35,0.2848484848484848,0.3651515151515151,0.0651515151515151,0.0651747594309472
2019-07-22,-0.0063970926286751,-0.0208959860549603,0.0085690697728832,0.007008242550348,-0.0183759278805391,-0.0302103054364872,-0.0502689015841127,0,0.35,0.2848484848484848,0.3651515151515151,0.0651515151515151,0.0651747594309472
2019-07-23,-0.0013352488057677,-0.0284284807847308,0.0066642620364957,0.0069889782131292,-0.0194575930909751,-0.0394525471646132,-0.051537028899073,0,0.35,0.2848484848484848,0.3651515151515151,0.0651515151515151,0.0651747594309472
2019-07-24,-0.0052731212023598,-0.0356106951871658,0.0051227511711825,0.0070059853280689,-0.0197931976102062,-0.0486387480955978,-0.0565383891016385,0,0.35,0.2848484848484848,0.3651515151515151,0.0651515151515151,0.0651747594309472
2019-07-25,-0.0016990054385918,-0.0297277720770205,0.0056520674963974,0.0062147137944858,-0.0285550250800749,-0.049773889397925,-0.0581413355096575,0,0.35,0.2848484848484848,0.3651515151515151,0.0651515151515151,0.0651747594309472
2019-07-26,0.0028572317290473,-0.0118177638636514,0.003656859359906,0.006475588825963,-0.023215754165765,-0.0427989159247934,-0.0554502270491975,0,0.35,0.2848484848484848,0.3651515151515151,0.0651515151515151,0.0651747594309472
2019-07-29,-0.008427638400255,-0.0138372318485484,0.0042762603675654,0.006427616722325,-0.0344440752997622,-0.0570051240560949,-0.0634105509866699,0,0.35,0.2848484848484848,0.3651515151515151,0.0651515151515151,0.0651747594309472
2019-07-30,-0.0092768026311086,-0.0216793677549741,0.0050180591793436,0.0056081642140451,-0.0494915370500574,-0.0692593805361745,-0.0720991064515453,0,0.35,0.2848484848484848,0.3651515151515151,0.0651515151515151,0.0651747594309472
2019-07-31,0.0029408050228227,-0.0136009155997977,0.0059110373065711,0.0057273697996392,-0.0487272727272727,-0.0670275033041727,-0.0693703308431162,0,0.35,0.2848484848484848,0.3651515151515151,0.0651515151515151,0.0651747594309472
2019-08-01,-0.0124123043712898,-0.0241864888043618,0.0072401941464807,0.0061528607136983,-0.0531952504548629,-0.0809215895536442,-0.0703699470415666,0,0.35,0.2848484848484848,0.3651515151515151,0.0651515151515151,0.0651747594309472
2019-08-02,0.0015801457194899,-0.0254291360562904,0.0069149423295815,0.0054125212524049,-0.0369463843947719,-0.068900996092675,-0.0590502673796791,0,0.35,0.2848484848484848,0.3651515151515151,0.0651515151515151,0.0651747594309472
2019-08-05,-0.0122529518474905,-0.0291888606870911,0.0075545362210487,0.0060146966236179,-0.0426221995029173,-0.0602149049192808,-0.070579679144385,0,0.35,0.2848484848484848,0.3651515151515151,0.0651515151515151,0.0651747594309472
2019-08-06,0.0078848526135546,-0.012372129106753,0.0093201044427815,0.0071283486903272,-0.0337832769249097,-0.0525835287602003,-0.0632513368983956,0,0.35,0.2848484848484848,0.3651515151515151,0.0651515151515151,0.0651747594309472
2019-08-07,-0.0084716735551343,-0.0236103615758229,0.0090631820462141,0.0072912429159118,-0.0368901546405471,-0.0559531781300819,-0.071187165775401,0,0.35,0.2848484848484848,0.3651515151515151,0.0651515151515151,0.0651747594309472
2019-08-08,0.0163004928377321,0.0047768670309653,0.0116961088000287,0.009678590062432,-0.0195251574143606,-0.0475226411347762,-0.0560470588235293,0,0.35,0.2848484848484848,0.3651515151515151,0.0651515151515151,0.0651747594309472
2019-08-09,0.006997539077902,0.0102115509645503,0.0120090753770556,0.0099895876612705,-0.0154772560105632,-0.0383336940056264,-0.0494417112299465,0,0.35,0.2848484848484848,0.3651515151515151,0.0651515151515151,0.0651747594309472
2019-08-13,-0.0165441755590859,0.0058227312061569,0.013367077590389,0.0109018383731501,-0.0235360883709291,-0.0571694848705812,-0.0651679144385026,0,0.35,0.2848484848484848,0.3651515151515151,0.0651515151515151,0.0651747594309472
2019-08-14,0.009477523487875,0.0074121434932523,0.0135824469516574,0.0111826528426443,-0.0050516896097569,-0.0542932107763277,-0.0563080213903743,0,0.35,0.2848484848484848,0.3651515151515151,0.0651515151515151,0.0651747594309472
2019-08-16,0.001668268446153,0.0177145225922343,0.0124188209395655,0.011146963480219,-0.0063140852671343,-0.0547336898395722,-0.0473488604713329,0,0.35,0.2848484848484848,0.3651515151515151,0.0651515151515151,0.0651747594309472
2019-08-19,0.000552146128641,0.0019442644199609,0.0101816147392831,0.0103424256619898,0.0067304189435337,-0.0468228578326966,-0.0319942202859206,0,0.35,0.2848484848484848,0.3651515151515151,0.0651515151515151,0.0651747594309472
2019-08-20,-0.0033381883317199,-0.0083395966569603,0.0095442092058438,0.0104136355768071,0.0017867940913038,-0.0352256058847998,-0.0290141192645996,0,0.35,0.2848484848484848,0.3651515151515151,0.0651515151515151,0.0651747594309472
2019-08-21,-0.0089225742035036,-0.000654411327265,0.0067750260866048,0.0100158101050134,0.0051645094176349,-0.0376778128360155,-0.0363911552768718,0,0.35,0.2848484848484848,0.3651515151515151,0.0651515151515151,0.0651747594309472
2019-08-22,-0.0162427761546705,-0.0261165611909985,0.0074079530113191,0.0109205919774637,-0.0188979973968441,-0.0520428380423702,-0.0481155233377346,0,0.35,0.2848484848484848,0.3651515151515151,0.0651515151515151,0.0651747594309472
2019-08-23,0.0081926387279065,-0.0197731675084631,0.00927262278201,0.0110687252713744,-0.0024089171387775,-0.0392102064535589,-0.0403170777097382,0,0.35,0.2848484848484848,0.3651515151515151,0.0651515151515151,0.0651747594309472
2019-08-26,0.0211000660242766,0.0003573399433685,0.0147206586801155,0.0119333232030676,0.0023022991266672,-0.0172678110405566,-0.0200677046870429,0,0.35,0.2848484848484848,0.3651515151515151,0.0651515151515151,0.0651747594309472
2019-08-27,0.0042955909150512,0.008019424525733,0.0146631777162743,0.0117944587649582,-0.0003870508971929,-0.0158583164219312,-0.0074938333392915,0,0.35,0.2848484848484848,0.3651515151515151,0.0651515151515151,0.0651747594309472
2019-08-28,-0.005335266335595,0.0116680557209192,0.0140910239573973,0.0105073517475812,0.011006008685823,-0.0127891180781468,-0.0064669904659111,0,0.35,0.2848484848484848,0.3651515151515151,0.0651515151515151,0.0651747594309472
2019-08-29,-0.0088538036048922,0.0192666657356848,0.0118572038256346,0.0104911174610266,-0.0073530745099461,-0.0123676186696014,-0.0152635366073035,0,0.35,0.2848484848484848,0.3651515151515151,0.0651515151515151,0.0651747594309472
2019-08-30,0.0068458116785254,0.0179050450858084,0.0117495437211468,0.0107450328010936,-0.0022221618783829,-0.0085222162259399,-0.0077770226784822,0,0.35,0.2848484848484848,0.3651515151515151,0.0651515151515151,0.0651747594309472
2019-09-03,-0.02044315424217,-0.0235081864919491,0.0109513807300289,0.0124965502240378,-0.0231592469626105,-0.0165846994535519,-0.0280611900464911,0,0.35,0.2848484848484848,0.3651515151515151,0.0651515151515151,0.0651747594309472
2019-09-04,0.0043295455597847,-0.023475171876618,0.010958360295204,0.0126579356194946,-0.0156440047199782,-0.0138851632438724,-0.0238531366874743,0,0.35,0.2848484848484848,0.3651515151515151,0.0651515151515151,0.0651747594309472
2019-09-05,0.0002996869424094,-0.0179429844017345,0.0111634245065367,0.0123904615167433,-0.0064842884226145,-0.0013532671736049,-0.0235605982186657,0,0.35,0.2848484848484848,0.3651515151515151,0.0651515151515151,0.0651747594309472
2019-09-06,0.0090616617041088,-0.0001918106007323,0.011892586266057,0.0113792133482119,0.0190711595842236,-0.000187244536798,-0.014712434685161,0,0.35,0.2848484848484848,0.3651515151515151,0.0651515151515151,0.0651747594309472
2019-09-09,0.0051935831612794,-0.0018324904179802,0.0116764555469523,0.0112349899649405,0.0160397438442749,0.0135921882916494,-0.0095952617769237,0,0.35,0.2848484848484848,0.3651515151515151,0.0651515151515151,0.0651747594309472
2019-09-11,0.0029673590504453,0.0220228007297715,0.0032103919027414,0.0089848829075898,-0.0020031018688081,0.0002945855181759,-0.0066563753133536,0,0.35,0.2848484848484848,0.3651515151515151,0.0651515151515151,0.0651747594309472
2019-09-12,-0.0047935337133123,0.0127390003365714,0.0052095048867499,0.0089432677670062,-0.0110352217624839,-0.0114180014671929,-0.0110352217624839,0,0.35,0.2848484848484848,0.3651515151515151,0.0651515151515151,0.0651747594309472
2019-09-13,0.0084768911388717,0.0210178928640565,0.0055972324309983,0.0092723547330554,0.002697784738505,0.0137334852665924,-0.0026518749971861,0,0.35,0.2848484848484848,0.3651515151515151,0.0651515151515151,0.0651747594309472
2019-09-16,-0.0065367148493575,0.005234693318229,0.0064751201609301,0.0090441004155586,0.0050418786478265,-0.0023482691714871,-0.0091712552958709,0,0.35,0.2848484848484848,0.3651515151515151,0.0651515151515151,0.0651747594309472
2019-09-17,-0.0168946244376788,-0.0168544176387455,0.0096886529520621,0.0102415775937056,-0.0186560224979021,-0.020836727674288,-0.0259109348197039,0,0.35,0.2848484848484848,0.3651515151515151,0.0651515151515151,0.0651747594309472
2019-09-18,0.0021307868658482,-0.0176744565365134,0.0095585010006517,0.0079054599575779,0.0039591031589476,-0.0192918336514714,-0.0238353586334515,0,0.35,0.2848484848484848,0.3651515151515151,0.0651515151515151,0.0651747594309472
2019-09-19,-0.0125315363931129,-0.0253123065156426,0.0104045315427927,0.0087344250757568,-0.0128957596602933,-0.0283380230552783,-0.0360682013624065,0,0.35,0.2848484848484848,0.3651515151515151,0.0651515151515151,0.0651747594309472
2019-09-20,0.0531910918466482,0.0179037369423704,0.0284783895485195,0.0193495048362035,0.0392979286313481,0.0325588211050766,0.0,0,0.35,0.2848484848484848,0.3651515151515151,0.0651515151515151,0.0651747594309472
2019-09-23,0.0289155771584679,0.0542282001181442,0.0296291884523501,0.0208814795416823,0.0597467614331914,0.079957361039348,0.0,0,0.35,0.2848484848484848,0.3651515151515151,0.0651515151515151,0.0651747594309472
2019-09-24,-0.0010344649230186,0.0712357639402456,0.0265949324645846,0.0210011330351636,0.053180708985236,0.0700734577790911,-0.0010344649230186,0,0.35,0.2848484848484848,0.3651515151515151,0.0651515151515151,0.0651747594309472
2019-09-25,-0.0127716125023731,0.0553057242877503,0.0290025385049484,0.021778181987237,0.0366537691310926,0.0345772460288393,-0.0137928656402476,0,0.35,0.2848484848484848,0.3651515151515151,0.0651515151515151,0.0651747594309472
2019-09-26,0.0114508487613853,0.0809356550332562,0.025926099532582,0.0216702771092041,0.0535746804093675,0.0419482501677119,-0.0024999568972948,0,0.35,0.2848484848484848,0.3651515151515151,0.0651515151515151,0.0651747594309472
2019-09-27,-0.0050815818584071,0.0211278849053591,0.0163169523371679,0.0218822499330091,0.0394098899412236,0.0422139940793582,-0.0075688350200859,0,0.35,0.2848484848484848,0.3651515151515151,0.0651515151515151,0.0651747594309472
2019-09-30,-0.0032964455717312,-0.0108403303391321,0.0087885523730935,0.0217309780497229,0.042800018176035,0.04805768932163,-0.0108403303391321,0,0.35,0.2848484848484848,0.3651515151515151,0.0651515151515151,0.0651747594309472
2019-10-01,-0.0099830492964805,-0.0197010752317012,0.0093956287080145,0.0210782797068449,0.0501312675639697,0.0305399950105458,-0.0207151600834469,0,0.2504145936981758,0.4096185737976783,0.3399668325041459,-0.1592039800995024,-0.0474545686470824
2019-10-03,-0.0040405285257792,-0.0110312756769986,0.0080593780067959,0.0212643587602969,0.0436643559196174,0.0477963307680198,-0.0246719884139928,0,0.2504145936981758,0.4096185737976783,0.3399668325041459,-0.1592039800995024,-0.0474545686470824
2019-10-04,-0.0123077602969772,-0.0342617878871681,0.0039752082893381,0.021244573895933,0.0439008669008296,0.0304389722121045,-0.0366760917915208,0,0.2504145936981758,0.4096185737976783,0.3399668325041459,-0.1592039800995024,-0.0474545686470824
2019-10-07,-0.0043267187185396,-0.0335290643132621,0.0040765643945833,0.0126435313942398,-0.0131095776196982,0.0256731717659639,-0.0408441233771832,1,0.2504145936981758,0.4096185737976783,0.3399668325041459,-0.1592039800995024,-0.0474545686470824
2019-10-09,0.0167978861087143,-0.0140442461294442,0.011510177166473,0.0096601649651559,-0.0247323322011691,0.0335367524803127,-0.0247323322011691,1,0.2504145936981758,0.4096185737976783,0.3399668325041459,-0.1592039800995024,-0.0474545686470824
2019-10-10,-0.0069608337089973,-0.0110344281199659,0.011109199549026,0.0097444573677198,-0.0305181132531369,0.0210396208324055,-0.0315210082584784,1,0.2504145936981758,0.4096185737976783,0.3399668325041459,-0.1592039800995024,-0.0474545686470824
2019-10-11,0.0062752847243547,-0.0007910553296801,0.0116205455334896,0.0094917403254734,-0.0118136046572613,0.0244071513361181,-0.0254435268357443,1,0.2504145936981758,0.4096185737976783,0.3399668325041459,-0.1592039800995024,-0.0474545686470824
2019-10-14,0.0031932631876905,0.0148907134387794,0.0094080474583708,0.0085903482150396,-0.0198812569137168,0.0326282915103617,-0.0223315115256634,0,0.2504145936981758,0.4096185737976783,0.3399668325041459,-0.1592039800995024,-0.0474545686470824
2019-10-15,0.0076844059023997,0.0271336640782282,0.0085667426538324,0.0090151301277276,-0.0073051666029673,0.0318168275264312,-0.0148187100222411,0,0.2504145936981758,0.4096185737976783,0.3399668325041459,-0.1592039800995024,-0.0474545686470824
2019-10-16,0.0031238241908246,0.013320604951694,0.0057309430120536,0.0090379795408723,-0.0009107190322847,0.041850320352615,-0.0117411768762608,0,0.2504145936981758,0.4096185737976783,0.3399668325041459,-0.1592039800995024,-0.0474545686470824
2019-10-17,0.0106725401256106,0.0313141158301846,0.003190437038443,0.0088756247556009,0.0199341543499502,0.0710647463392988,-0.0011939449319839,0,0.2504145936981758,0.4096185737976783,0.3399668325041459,-0.1592039800995024,-0.0474545686470824
2019-10-18,0.0065162885636977,0.0315611164921871,0.0031938688878374,0.0087019764312621,0.0307450945730953,0.0757519152449346,0.0,0,0.2504145936981758,0.4096185737976783,0.3399668325041459,-0.1592039800995024,-0.0474545686470824
2019-10-22,-0.0063026020742849,0.021796731372039,0.0065338809975338,0.0076689976629437,0.0370120136915814,0.0825377400792168,-0.0063026020742849,0,0.2504145936981758,0.4096185737976783,0.3399668325041459,-0.1592039800995024,-0.0474545686470824
2019-10-23,0.0013591236025836,0.0153828653430518,0.0063334649369016,0.0072073404279674,0.0429339229220593,0.0292614997072961,-0.0049520444869382,0,0.2504145936981758,0.4096185737976783,0.3399668325041459,-0.1592039800995024,-0.0474545686470824
2019-10-24,-0.001852793409226,0.0103454291695743,0.0067038596208865,0.0058878064764418,0.023803841496292,-0.0015172152204272,-0.0067956627807765,0,0.2504145936981758,0.4096185737976783,0.3399668325041459,-0.1592039800995024,-0.0474545686470824
2019-10-25,0.0001122373214994,-0.0002114557216035,0.0046763190494514,0.0050001617904945,0.0310960385596219,-0.0003710671200014,-0.0066841881862654,0,0.2504145936981758,0.4096185737976783,0.3399668325041459,-0.1592039800995024,-0.0474545686470824
2019-10-27,0.0037336302972228,-0.0029755141765672,0.0037820123162723,0.0048828109083497,0.0284916917660691,0.016341497526267,-0.0029755141765672,0,0.2504145936981758,0.4096185737976783,0.3399668325041459,-0.1592039800995024,-0.0474545686470824
2019-10-29,0.0137350941546294,0.017129272070657,0.0061133124180445,0.0059849752170449,0.0392993655846189,0.018636787887168,0.0,0,0.2504145936981758,0.4096185737976783,0.3399668325041459,-0.1592039800995024,-0.0474545686470824
2019-10-30,0.0048571077090147,0.0206823450332209,0.0060182851453294,0.0058504597012873,0.0363833641048976,0.0288124109655676,0.0,0,0.2504145936981758,0.4096185737976783,0.3399668325041459,-0.1592039800995024,-0.0474545686470824
2019-10-31,0.0028157479251273,0.0254562878800961,0.0051617409077227,0.005854029179591,0.0360650732728542,0.035121509091939,0.0,0,0.2504145936981758,0.4096185737976783,0.3399668325041459,-0.1592039800995024,-0.0474545686470824
2019-11-01,0.0011071400005893,0.0264764025932544,0.0049381027746454,0.0053207585454279,0.0262593482848352,0.0467169605366244,0.0,0,0.2504145936981758,0.4096185737976783,0.3399668325041459,-0.1592039800995024,-0.0474545686470824
2019-11-04,0.004263872302491,0.0270186589146952,0.0049029722353092,0.0051828192455026,0.0239627503354955,0.0554445819338871,0.0,0,0.2504145936981758,0.4096185737976783,0.3399668325041459,-0.1592039800995024,-0.0474545686470824
2019-11-05,-0.0020182057229948,0.0110589343208744,0.0027697656288738,0.0045197234055446,0.0283776378863254,0.0664399650998903,-0.0020182057229948,0,0.2504145936981758,0.4096185737976783,0.3399668325041459,-0.1592039800995024,-0.0474545686470824
2019-11-06,0.004099117242305,0.0102962656512524,0.0026041170410644,0.0045049358426586,0.0311915616032263,0.0754646606269773,0.0,0,0.2504145936981758,0.4096185737976783,0.3399668325041459,-0.1592039800995024,-0.0474545686470824
2019-11-07,0.0038442092419803,0.0113323987893023,0.0027175219757105,0.0041579331774057,0.0370771674753509,0.0617635879893576,0.0,0,0.2504145936981758,0.4096185737976783,0.3399668325041459,-0.1592039800995024,-0.0474545686470824
2019-11-08,-0.0086496476454892,0.001475955797016,0.0056607631054108,0.005644778427341,0.0279914363901621,0.0599578977351118,-0.0086496476454892,0,0.2504145936981758,0.4096185737976783,0.3399668325041459,-0.1592039800995024,-0.0474545686470824
2019-11-11,0.0004450733321297,-0.0023322418832119,0.0052351975646937,0.0056786625293465,0.0246234029835343,0.0538166571576421,-0.0082084240408588,0,0.2504145936981758,0.4096185737976783,0.3399668325041459,-0.1592039800995024,-0.0474545686470824
2019-11-13,-0.0061275281299707,-0.0064402712046454,0.0058304912069436,0.0046784515850347,0.0045474405799683,0.0440255176944137,-0.0142856548216164,0,0.2504145936981758,0.4096185737976783,0.3399668325041459,-0.1592039800995024,-0.0474545686470824
2019-11-14,0.0026730402982995,-0.0078513795279142,0.0055287837631542,0.0044980646656456,0.00236404623399,0.0388334222937796,-0.0116508006543428,0,0.2504145936981758,0.4096185737976783,0.3399668325041459,-0.1592039800995024,-0.0474545686470824
2019-11-15,0.0019667961017848,-0.0097069193018676,0.0051182644220817,0.0044519348507928,0.0015154768068903,0.0376352058618283,-0.0097069193018676,0,0.2504145936981758,0.4096185737976783,0.3399668325041459,-0.1592039800995024,-0.0474545686470824
2019-11-18,-0.0009205200307681,-0.001986034774503,0.003494091342038,0.0044501984010462,-0.0005130102770255,0.0257328666922713,-0.0106185039189813,0,0.2504145936981758,0.4096185737976783,0.3399668325041459,-0.1592039800995024,-0.0474545686470824
2019-11-19,0.0046783625730995,0.0022369674611468,0.0041911737280887,0.004496453083993,-0.0001004915712693,0.0238598507097931,-0.0059898185571987,0,0.2504145936981758,0.4096185737976783,0.3399668325041459,-0.1592039800995024,-0.0474545686470824
2019-11-20,0.0049413321496469,0.0133989839913177,0.0023758569435601,0.00468420340572,0.0068724196959017,0.0354450806197603,-0.0010780840905589,0,0.2504145936981758,0.4096185737976783,0.3399668325041459,-0.1592039800995024,-0.0474545686470824
2019-11-21,-0.0025585252227251,0.0081114545868044,0.0033323940489311,0.0046192971911088,0.0001963889504055,0.0313940762316766,-0.0036338510079461,0,0.2504145936981758,0.4096185737976783,0.3399668325041459,-0.1592039800995024,-0.0474545686470824
2019-11-22,-0.0045118812873901,0.0015930460806441,0.0042872993776481,0.0046082878018767,-0.0081293367909723,0.0286464179027161,-0.0081293367909723,0,0.2504145936981758,0.4096185737976783,0.3399668325041459,-0.1592039800995024,-0.0474545686470824
2019-11-25,0.0133745719465521,0.0159241028230048,0.007095284950673,0.0055996174789858,0.0139064422265422,0.0422871399097022,0.0,0,0.2504145936981758,0.4096185737976783,0.3399668325041459,-0.1592039800995024,-0.0474545686470824
2019-11-26,-0.0029858163370948,0.0081741358950093,0.0075078241615886,0.0057669642594354,0.0104293886321762,0.0353095986548726,-0.0029858163370948,0,0.2504145936981758,0.4096185737976783,0.3399668325041459,-0.1592039800995024,-0.0474545686470824
2019-11-27,0.00523355790558,0.0084673017142953,0.0075408968910547,0.0052949758692687,0.0219797389457325,0.0266271310825199,0.0,0,0.2504145936981758,0.4096185737976783,0.3399668325041459,-0.1592039800995024,-0.0474545686470824
2019-11-28,0.0041691802953547,0.0152693760235287,0.0071803591069576,0.0053311831695701,0.0235046874605167,0.0259242998623787,0.0,0,0.2504145936981758,0.4096185737976783,0.3399668325041459,-0.1592039800995024,-0.0474545686470824
2019-11-29,-0.0078264197215901,0.0118889746860941,0.0081422772107529,0.0062306980035368,0.0135009604512648,0.0150368976505899,-0.0078264197215901,0,0.2504145936981758,0.4096185737976783,0.3399668325041459,-0.1592039800995024,-0.0474545686470824
2019-12-02,-0.0006511253685907,-0.0021161610932808,0.0053505810005322,0.0062203189143183,0.0137742437628844,0.0132541671572503,-0.0084724491097549,0,0.2504145936981758,0.4096185737976783,0.3399668325041459,-0.1592039800995024,-0.0474545686470824
2019-12-03,-0.0044819973108015,-0.0036136471252814,0.0055679244620614,0.006354698687349,0.0045309503270491,0.0044300034334621,-0.0129164729264307,0,0.2504145936981758,0.4096185737976783,0.3399668325041459,-0.1592039800995024,-0.0474545686470824
2019-12-04,0.0040853078988176,-0.0047517912186898,0.0052775327508141,0.006293246940497,0.0036752756456734,0.0105729533783103,-0.0088839327964841,0,0.2504145936981758,0.4096185737976783,0.3399668325041459,-0.1592039800995024,-0.0474545686470824
2019-12-05,-0.0020592533545902,-0.0109248918826613,0.0044381061124628,0.0062692373648663,0.0041776678586946,0.0043748772569061,-0.0109248918826613,0,0.2504145936981758,0.4096185737976783,0.3399668325041459,-0.1592039800995024,-0.0474545686470824
2019-12-06,-0.0080626372894894,-0.0111603717635543,0.0045137618832117,0.0066683722849312,0.0005959175451555,-0.0075382636602411,-0.0188994457314739,0,0.2504145936981758,0.4096185737976783,0.3399668325041459,-0.1592039800995024,-0.0474545686470824
2019-12-09,0.0013421129891373,-0.0091880944871434,0.0047692882768806,0.0048369277921855,-0.0112848120923491,0.0024646985467935,-0.0175826979339404,0,0.2504145936981758,0.4096185737976783,0.3399668325041459,-0.1592039800995024,-0.0474545686470824
2019-12-10,-0.0067602094240838,-0.0114555368428074,0.005176778650309,0.005136372725294,-0.0150277877003083,-0.0047551297063404,-0.0242240446377504,0,0.2504145936981758,0.4096185737976783,0.3399668325041459,-0.1592039800995024,-0.0474545686470824
2019-12-11,0.0044995276971864,-0.0110477281785572,0.0053060282697766,0.0050336521710883,-0.0157470228995018,0.0058866005937272,-0.0198335137003493,0,0.2504145936981758,0.4096185737976783,0.3399668325041459,-0.1592039800995024,-0.0474545686470824
2019-12-12,0.0051762572259794,-0.0038773880050589,0.0062580284452482,0.0051695737031921,-0.0147599198429778,0.0083978403146873,-0.0147599198429778,0,0.2504145936981758,0.4096185737976783,0.3399668325041459,-0.1592039800995024,-0.0474545686470824
2019-12-13,0.0095975542524935,0.0138573166128423,0.0060881151526781,0.0056997229257253,0.0025422920442434,0.0160775758798532,-0.0053040247219398,0,0.2504145936981758,0.4096185737976783,0.3399668325041459,-0.1592039800995024,-0.0474545686470824
2019-12-16,-0.0027095898797852,0.0097549738219895,0.0065759574581835,0.0057733234697635,0.0004772497136502,0.0142580672304262,-0.0079992428700162,0,0.2504145936981758,0.4096185737976783,0.3399668325041459,-0.1592039800995024,-0.0474545686470824
2019-12-17,0.0092127476885168,0.0259935227042711,0.0049619420071291,0.0061850686744196,0.0142402161044503,0.0188356881433153,0.0,0,0.2504145936981758,0.4096185737976783,0.3399668325041459,-0.1592039800995024,-0.0474545686470824
2019-12-18,0.004656802301685,0.0261541626259955,0.0049572419171351,0.0062148756069286,0.0148174903680085,0.0185472243751614,0.0,0,0.2504145936981758,0.4096185737976783,0.3399668325041459,-0.1592039800995024,-0.0474545686470824
2019-12-19,0.0031133275785184,0.0240481798894069,0.0050434324177109,0.006100923988468,0.0200775477601011,0.0243390929447546,0.0,0,0.2504145936981758,0.4096185737976783,0.3399668325041459,-0.1592039800995024,-0.0474545686470824
2019-12-20,0.0009869735801038,0.0153143537938393,0.0044157166922541,0.0050161096897959,0.0293838862559241,0.0299973141744442,0.0,0,0.2504145936981758,0.4096185737976783,0.3399668325041459,-0.1592039800995024,-0.0474545686470824
2019-12-23,-0.0007374631268436,0.0173221226237041,0.0038203489887598,0.0051302145291389,0.0272460732984294,0.0156537943886529,-0.0007374631268436,0,0.2504145936981758,0.4096185737976783,0.3399668325041459,-0.1592039800995024,-0.0474545686470824
2019-12-24,-0.0039306028419401,0.0040731607069461,0.0033541831412085,0.0046009690046168,0.0301725592065311,0.0146913446920922,-0.0046651672941214,0,0.2504145936981758,0.4096185737976783,0.3399668325041459,-0.1592039800995024,-0.0474545686470824
2019-12-26,-0.0072045224752447,-0.0077812733959817,0.0040768820865471,0.0055616814041778,0.0181693765401778,0.0021362400522282,-0.0118360794667449,0,0.2504145936981758,0.4096185737976783,0.3399668325041459,-0.1592039800995024,-0.0474545686470824
2019-12-27,0.0098337944427722,-0.0011337960961526,0.0064295217437162,0.0060480828141713,0.0228871180607761,0.0077893861897844,-0.0021186785964568,0,0.2504145936981758,0.4096185737976783,0.3399668325041459,-0.1592039800995024,-0.0474545686470824
2019-12-30,0.0008206895425371,-0.0012997278312879,0.0064222060741283,0.0054785114844278,0.0139947214707074,0.0165725921840071,-0.0012997278312879,0,0.2504145936981758,0.4096185737976783,0.3399668325041459,-0.1592039800995024,-0.0474545686470824
2019-12-31,-0.0071312883235352,-0.007689955352592,0.0071414075258821,0.0060009544006867,0.0094989609215236,0.0099807440115535,-0.0084217474209161,0,0.2504145936981758,0.4096185737976783,0.3399668325041459,-0.1592039800995024,-0.0474545686470824
2020-01-01,0.001154625280952,-0.0026239198333134,0.0070744925106001,0.0052659572897015,0.0014385532264693,0.0156992546397425,-0.0072768461024461,0,0.2504145936981758,0.4096185737976783,0.3399668325041459,-0.1592039800995024,-0.0474545686470824
2020-01-02,0.0081838703057666,0.0128354725787631,0.0067723073982954,0.0057010385719739,0.0049543228614794,0.0198452238607678,0.0,0,0.2504145936981758,0.4096185737976783,0.3399668325041459,-0.1592039800995024,-0.0474545686470824
2020-01-03,-0.0045228053606032,-0.0015638014666252,0.0059128359357429,0.0058235264930105,-0.0026958245307797,0.0173275976835518,-0.0045228053606032,0,0.2504145936981758,0.4096185737976783,0.3399668325041459,-0.1592039800995024,-0.0474545686470824
2020-01-06,-0.0191058057603678,-0.0214428211833533,0.0101596805967206,0.0082910439860306,-0.0227146791831679,0.0060017615232981,-0.0235421992802593,0,0.2504145936981758,0.4096185737976783,0.3399668325041459,-0.1592039800995024,-0.0474545686470824
2020-01-07,0.0049945593489564,-0.0094917594270428,0.0107408172982235,0.0086006646420649,-0.0171087235734235,0.0096712041884816,-0.0186652228428131,0,0.2504145936981758,0.4096185737976783,0.3399668325041459,-0.1592039800995024,-0.0474545686470824
2020-01-08,-0.0022898958346296,-0.0128996511389287,0.0106088482805822,0.0085687787859983,-0.015489723321776,0.0142154712907363,-0.0209123772614027,0,0.2504145936981758,0.4096185737976783,0.3399668325041459,-0.1592039800995024,-0.0474545686470824
2020-01-09,0.0158456926409624,-0.0053980557229161,0.0128608423973613,0.0098727786569595,0.0073681302596368,0.0256713811328992,-0.0053980557229161,0,0.2504145936981758,0.4096185737976783,0.3399668325041459,-0.1592039800995024,-0.0474545686470824
2020-01-10,0.0033480955148617,0.0024659248444995,0.0128058287938501,0.0094141845220119,0.0008982671609858,0.0238059439683255,-0.0020680334142092,0,0.2504145936981758,0.4096185737976783,0.3399668325041459,-0.1592039800995024,-0.0474545686470824
2020-01-13,0.0059354807127471,0.0280579168768577,0.0065720875257492,0.009593137546718,0.0060134547991366,0.0200923328948345,0.0,0,0.2504145936981758,0.4096185737976783,0.3399668325041459,-0.1592039800995024,-0.0474545686470824
2020-01-14,0.0026562202189048,0.0256659158131411,0.0067048438434786,0.0092033976619732,0.0159305416877251,0.0255808262021992,0.0,0,0.2504145936981758,0.4096185737976783,0.3399668325041459,-0.1592039800995024,-0.0474545686470824
2020-01-15,-0.0015369308300234,0.0264399788779534,0.0065028061298277,0.0092577173085196,0.0131992612353786,0.014656802301685,-0.0015369308300234,0,0.2504145936981758,0.4096185737976783,0.3399668325041459,-0.1592039800995024,-0.0474545686470824
2020-01-16,0.0009883904628422,0.0114277294345894,0.0027785837125088,0.0089418594752429,0.0059679861913988,0.0109518763833034,-0.0005500594549557,0,0.2504145936981758,0.4096185737976783,0.3399668325041459,-0.1592039800995024,-0.0474545686470824
2020-01-17,-0.0002549471895106,0.0077956726062269,0.0028964743128795,0.0087686995589756,0.0102808209934857,0.0075572811732749,-0.0008048664083543,0,0.2504145936981758,0.4096185737976783,0.3399668325041459,-0.1592039800995024,-0.0474545686470824
2020-01-20,-0.0103462094257369,-0.0085161258926724,0.0050763125391069,0.0067314617802638,0.0193028462317759,-0.0038502909108688,-0.0111427485176706,0,0.2504145936981758,0.4096185737976783,0.3399668325041459,-0.1592039800995024,-0.0474545686470824
2020-01-21,-0.0044746023371002,-0.015567491486212,0.004517920978279,0.0069165720494894,0.0096988704010221,-0.0075757884650669,-0.015567491486212,0,0.2504145936981758,0.4096185737976783,0.3399668325041459,-0.1592039800995024,-0.0474545686470824
2020-01-22,-0.0051726192188071,-0.0191520906078601,0.0044909518370488,0.0071252549229335,0.006781507398953,-0.0088132595961373,-0.020659585999369,0,0.2504145936981758,0.4096185737976783,0.3399668325041459,-0.1592039800995024,-0.0474545686470824
2020-01-23,0.0060667883603564,-0.0141758730929545,0.0061333010342231,0.0052360786937823,-0.0029101417005704,0.0044365462559425,-0.0147181349748832,0,0.2504145936981758,0.4096185737976783,0.3399668325041459,-0.1592039800995024,-0.0474545686470824
2020-01-24,0.0055745524553891,-0.0084275461754241,0.0072068054503806,0.0054503962426632,-0.0006975719600548,0.0002000685949468,-0.0092256295349569,0,0.2504145936981758,0.4096185737976783,0.3399668325041459,-0.1592039800995024,-0.0474545686470824
2020-01-27,-0.0105525279121506,-0.0086342646559586,0.0072692191009406,0.0059108412913496,-0.0170768600638303,-0.0111660961907986,-0.0196808037339329,0,0.2504145936981758,0.4096185737976783,0.3399668325041459,-0.1592039800995024,-0.0474545686470824
2020-01-28,-0.0052149517286905,-0.0093715206021438,0.0073466953847886,0.0057883351992929,-0.0247931210211691,-0.0092575471814406,-0.0247931210211691,0,0.2504145936981758,0.4096185737976783,0.3399668325041459,-0.1592039800995024,-0.0474545686470824
2020-01-29,0.0061132401002008,0.0018667041108788,0.0077944710080885,0.006401680211922,-0.0173211377832507,-0.0043505027703673,-0.0188314472226041,0,0.2504145936981758,0.4096185737976783,0.3399668325041459,-0.1592039800995024,-0.0474545686470824
2020-01-30,-0.0077249680530937,-0.0118674750725554,0.0077266432120318,0.0065814433527868,-0.0258751163449476,-0.0200615524905962,-0.0264109429475097,0,0.2504145936981758,0.4096185737976783,0.3399668325041459,-0.1592039800995024,-0.0474545686470824
2020-01-31,-0.0061233985277254,-0.0233625211764946,0.0063761256543956,0.0066108152633316,-0.0315931786259294,-0.0216371614465122,-0.0323726167460747,0,0.2504145936981758,0.4096185737976783,0.3399668325041459,-0.1592039800995024,-0.0474545686470824
2020-02-01,-0.0251001078405965,-0.0377217592210578,0.0112048053188022,0.0094312325557507,-0.0460303242246135,-0.027615994263344,-0.0566601684152624,0,0.2504145936981758,0.4096185737976783,0.3399668325041459,-0.1592039800995024,-0.0474545686470824
2020-02-03,0.0039487731363376,-0.0288574793875147,0.0123820993818508,0.0098179488927707,-0.0379585615270525,-0.0286278462948905,-0.0529351334298633,0,0.2504145936981758,0.4096185737976783,0.3399668325041459,-0.1592039800995024,-0.0474545686470824
2020-02-04,0.0232108234610819,-0.0123541778309081,0.0177039978642833,0.0129774121487718,-0.0105105353145726,-0.0038003051886223,-0.0309529780057108,0,0.2504145936981758,0.4096185737976783,0.3399668325041459,-0.1592039800995024,-0.0474545686470824
2020-02-05,0.0091405007658822,0.0044326093820103,0.0180294270374,0.0131974015354592,-0.0074874695718925,-0.01037582167503,-0.0220954029589962,0,0.2504145936981758,0.4096185737976783,0.3399668325041459,-0.1592039800995024,-0.0474545686470824
2020-02-06,0.0040366775166162,0.0147005960491886,0.0175909270915731,0.013125276317554,-0.0090053681138121,-0.0096966581815807,-0.0181479174587252,0,0.2504145936981758,0.4096185737976783,0.3399668325041459,-0.1592039800995024,-0.0474545686470824
2020-02-07,-0.0032624949023517,0.0374297388493249,0.0098732223775332,0.0127212912909605,-0.0017039359683141,-0.0187516981560559,-0.0213512048728795,0,0.2504145936981758,0.4096185737976783,0.3399668325041459,-0.1592039800995024,-0.0474545686470824
2020-02-10,-0.0055255468720941,0.0276394571186977,0.0114827025186775,0.0127355449493697,-0.0020156273329019,-0.0267587746616729,-0.0262231394925337,0,0.2504145936981758,0.4096185737976783,0.3399668325041459,-0.1592039800995024,-0.0474545686470824
2020-02-11,0.006349997922121,0.0107056550066153,0.0062903841853439,0.0127486514664776,-0.0017807823900408,-0.0190710749961516,-0.0200396584517017,0,0.2504145936981758,0.4096185737976783,0.3399668325041459,-0.1592039800995024,-0.0474545686470824
2020-02-12,0.0077057127990816,0.0092686417159189,0.0059130494951317,0.012657386803081,0.0137423353661576,-0.0124883655052405,-0.0122365379866988,0,0.2504145936981758,0.4096185737976783,0.3399668325041459,-0.1592039800995024,-0.0474545686470824
2020-02-13,-0.0021760154738879,0.0030235748211187,0.0059937343050846,0.0124553085643427,0.0177686192223773,-0.0143859265645809,-0.0060090216969771,0,0.2504145936981758,0.4096185737976783,0.3399668325041459,-0.1592039800995024,-0.0474545686470824
2020-02-14,-0.0050268385538803,0.0012481040803085,0.0063222612747654,0.0086768569482625,0.038724559139416,-0.0090882690978398,-0.0110056538689199,0,0.2504145936981758,0.4096185737976783,0.3399668325041459,-0.1592039800995024,-0.0474545686470824
2020-02-17,-0.005584701303097,0.0011885467314964,0.0063358479615647,0.0091731377119138,0.0288608546366129,-0.0101932234168868,-0.0165288918825139,0,0.2504145936981758,0.4096185737976783,0.3399668325041459,-0.1592039800995024,-0.0474545686470824
2020-02-18,-0.0044247787610618,-0.0095309673849304,0.0055243674972649,0.0059753134762572,0.0010726523729824,-0.0094491570922365,-0.0208805339538301,0,0.2504145936981758,0.4096185737976783,0.3399668325041459,-0.1592039800995024,-0.0474545686470824
2020-02-19,0.0111236189284968,-0.0061715241123825,0.0070194749183374,0.0063302041784592,0.0030399159576977,-0.0044703148924292,-0.0099891821280591,0,0.2504145936981758,0.4096185737976783,0.3399668325041459,-0.1592039800995024,-0.0474545686470824
2020-02-20,-0.0037151881509825,-0.0077045336005552,0.0071052313132301,0.006299272518269,-0.0047042540132394,-0.0136672585879614,-0.0098637838901092,0,0.2504145936981758,0.4096185737976783,0.3399668325041459,-0.1592039800995024,-0.0474545686470824
2020-02-24,-0.0208139327944639,-0.0234491412438241,0.0113123008048043,0.0090245015212149,-0.0222303041323816,-0.0238963610858982,-0.0304724125495853,0,0.2504145936981758,0.4096185737976783,0.3399668325041459,-0.1592039800995024,-0.0474545686470824
2020-02-25,-0.0026628569496339,-0.020579787145727,0.0113295306044622,0.0089527172799641,-0.0194157004529775,-0.0213921929693591,-0.0330541258236896,0,0.2504145936981758,0.4096185737976783,0.3399668325041459,-0.1592039800995024,-0.0474545686470824
2020-02-26,-0.0101204451639698,-0.0261830310610798,0.0116522620607493,0.0087749954854811,-0.0354644488309285,-0.0371820767550187,-0.0428400485198178,0,0.2504145936981758,0.4096185737976783,0.3399668325041459,-0.1592039800995024,-0.0474545686470824
2020-02-27,-0.0038703600633643,-0.040623788749701,0.0076208923476735,0.0078355562364204,-0.0465446021702784,-0.033441898336629,-0.0465446021702784,1,0.2504145936981758,0.4096185737976783,0.3399668325041459,-0.1592039800995024,-0.0474545686470824
2020-02-28,-0.0370960948312172,-0.0727680585389273,0.0143342700125712,0.0127882871481963,-0.0799119481874222,-0.0635632539437055,-0.0819140740255057,1,0.2504145936981758,0.4096185737976783,0.3399668325041459,-0.1592039800995024,-0.0474545686470824
2020-03-02,-0.0061597518244916,-0.0588914061575396,0.0143241653249211,0.0127618550345172,-0.0809595945003281,-0.0453701599660431,-0.0875692554830672,1,0.2504145936981758,0.4096185737976783,0.3399668325041459,-0.1592039800995024,-0.0474545686470824
2020-03-03,0.0153196649525049,-0.0419227150594597,0.0188054751285716,0.0148097476281307,-0.0616397416526922,-0.0345578626397561,-0.0735911221847032,1,0.2504145936981758,0.4096185737976783,0.3399668325041459,-0.1592039800995024,-0.0474545686470824
2020-03-04,-0.0046269673458192,-0.0366057284754035,0.0188392099430541,0.0148071287923526,-0.0618303106107984,-0.0608239806672148,-0.0778775858112317,1,0.2504145936981758,0.4096185737976783,0.3399668325041459,-0.1592039800995024,-0.0474545686470824
2020-03-05,0.0015998577904186,-0.0313152759750027,0.0192417399107955,0.0138392919747987,-0.0706669195688567,-0.0678418251076378,-0.0764023210831722,1,0.2504145936981758,0.4096185737976783,0.3399668325041459,-0.1592039800995024,-0.0474545686470824
2020-03-06,-0.0248069926346613,-0.0189523958310084,0.0145107276240398,0.014819258045578,-0.090341325320652,-0.0946205907916905,-0.0993140019014523,1,0.2504145936981758,0.4096185737976783,0.3399668325041459,-0.1592039800995024,-0.0474545686470824
2020-03-09,-0.0489560442060339,-0.0611978172509037,0.025074975753347,0.0192526712394689,-0.1164851978967655,-0.1361260006529815,-0.1434080254401206,1,0.2504145936981758,0.4096185737976783,0.3399668325041459,-0.1592039800995024,-0.0474545686470824
2020-03-11,0.000664979500452,-0.0747480824184088,0.0216649689037754,0.0194622673137995,-0.1135371549174005,-0.1307484519802186,-0.1428384093367866,1,0.2504145936981758,0.4096185737976783,0.3399668325041459,-0.1592039800995024,-0.0474545686470824
2020-03-12,-0.083019391111451,-0.1476179895120434,0.0358195652762838,0.0297138452258766,-0.1788200539452841,-0.2079427481231262,-0.2139994426777695,1,0.2504145936981758,0.4096185737976783,0.3399668325041459,-0.1592039800995024,-0.0474545686470824
2020-03-13,0.038065098043305,-0.1165853225663323,0.04627748601585,0.0346503992109872,-0.1442496969905357,-0.1840802544012064,-0.1823009285687883,1,0.2504145936981758,0.4096185737976783,0.3399668325041459,-0.1592039800995024,-0.0474545686470824
2020-03-16,-0.0761210221793636,-0.1630700353520877,0.0519512351574769,0.039311832883328,-0.1789318633249269,-0.2445450177212487,-0.2415078468402345,1,0.2504145936981758,0.4096185737976783,0.3399668325041459,-0.1592039800995024,-0.0474545686470824
2020-03-17,-0.0250451214473655,-0.1420281396361271,0.0513123360112245,0.0390899085571054,-0.1945341447530933,-0.259744333777743,-0.2605043749329947,1,0.2504145936981758,0.4096185737976783,0.3399668325041459,-0.1592039800995024,-0.0474545686470824
2020-03-18,-0.0555645390624564,-0.1902394247686071,0.0492820738897094,0.0382519444647773,-0.2507674749851813,-0.296949974264889,-0.3015941084785459,1,0.2504145936981758,0.4096185737976783,0.3399668325041459,-0.1592039800995024,-0.0474545686470824
2020-03-19,-0.0242478273191005,-0.1383398591262908,0.0431889635266249,0.0374266349077557,-0.2655363967647319,-0.3109485094850948,-0.3185289339348006,1,0.2504145936981758,0.4096185737976783,0.3399668325041459,-0.1592039800995024,-0.0474545686470824
2020-03-20,0.0583291482371164,-0.1215194069431051,0.0512122046058287,0.0460184693616388,-0.2239373502529061,-0.2787793071029778,-0.2760898446715255,1,0.2504145936981758,0.4096185737976783,0.3399668325041459,-0.1592039800995024,-0.0474545686470824
2020-03-23,-0.1298046412706036,-0.1725650727379476,0.0677043271156402,0.0568976472185892,-0.3074949155781227,-0.3700567426960851,-0.3566664412396233,1,0.2504145936981758,0.4096185737976783,0.3399668325041459,-0.1592039800995024,-0.0474545686470824
2020-03-24,0.0250714496895634,-0.1300316157487689,0.0730913311089557,0.0595708804101676,-0.2535916069062187,-0.3405371362875546,-0.3387763924088185,1,0.2504145936981758,0.4096185737976783,0.3399668325041459,-0.1592039800995024,-0.0474545686470824
2020-03-25,0.0662474923247511,-0.0178242490081238,0.0803942157096819,0.0662149482263674,-0.204672798898493,-0.2949719865399773,-0.2877638395341867,1,0.2504145936981758,0.4096185737976783,0.3399668325041459,-0.1592039800995024,-0.0474545686470824
2020-03-26,0.0389042841599691,0.0457436058789004,0.0807652870274028,0.0646529146726571,-0.0989244172406061,-0.2600548015584192,-0.2571798199994841,1,0.2504145936981758,0.4096185737976783,0.3399668325041459,-0.1592039800995024,-0.0474545686470824
2020-03-27,0.0021755608144464,-0.0097422088057219,0.0764582945086731,0.062754226432151,-0.1300777483124398,-0.2555637695236948,-0.2338299434678368,1,0.2504145936981758,0.4096185737976783,0.3399668325041459,-0.1592039800995024,-0.0474545686470824
2020-03-30,-0.0437804913253081,0.0881508491836668,0.0414779314067694,0.0598489735446481,-0.0996259812555722,-0.2607315821188652,-0.267373244981554,1,0.2504145936981758,0.4096185737976783,0.3399668325041459,-0.1592039800995024,-0.0474545686470824
2020-03-31,0.038237673738996,0.1021272777382531,0.0424671639422593,0.0612659531775515,-0.0411841129468442,-0.2277065415104084,-0.2393593021506993,1,0.2504145936981758,0.4096185737976783,0.3399668325041459,-0.1592039800995024,-0.0474545686470824
2020-04-01,-0.0400046523799831,-0.0077003071707233,0.0402911521985346,0.0599503756454317,-0.0253873039863971,-0.2697884688542284,-0.2675658887212708,1,0.2924137931034483,0.3434482758620689,0.3641379310344828,-0.0510344827586206,-0.0492480285542327
2020-04-03,-0.0205965736993868,-0.0645319940519242,0.0338739644825212,0.0598032284526771,-0.0217403142755144,-0.2815038663229935,-0.2826515218741681,1,0.2924137931034483,0.3434482758620689,0.3641379310344828,-0.0510344827586206,-0.0492480285542327
2020-04-07,0.0876320542319206,0.0152362807078318,0.0569878763052725,0.0636043789484218,0.0053456368740316,-0.2197888011358594,-0.199941762326595,1,0.2924137931034483,0.3434482758620689,0.3641379310344828,-0.0510344827586206,-0.0492480285542327
2020-04-08,-0.0049418803029959,0.0564719662846722,0.0511435470234155,0.0440004629595338,0.1496008672514044,-0.2038955543726028,-0.1634714679109614,1,0.2924137931034483,0.3434482758620689,0.3641379310344828,-0.0510344827586206,-0.0492480285542327
2020-04-09,0.0415087869695669,0.0598005292082231,0.0515810895360237,0.0447239661058564,0.1680350722018189,-0.1281688186806616,-0.128748183278513,1,0.2924137931034483,0.3434482758620689,0.3641379310344828,-0.0510344827586206,-0.0492480285542327
2020-04-13,-0.0129555855529581,0.0896617315660666,0.0457588134159951,0.0418644097299967,0.0812710015208257,-0.1400357607282184,-0.0965676229508196,1,0.2924137931034483,0.3434482758620689,0.3641379310344828,-0.0510344827586206,-0.0492480285542327
2020-04-15,-0.0076218749478811,0.1040970830549987,0.043316381460509,0.0406935126401112,0.0328474966585468,-0.0693263400468189,-0.1034534715525555,1,0.2924137931034483,0.3434482758620689,0.3641379310344828,-0.0510344827586206,-0.0492480285542327
2020-04-16,0.007562770999294,0.022815677532358,0.0219065964372905,0.0407028447653009,0.0383995843076123,-0.0966730954676954,-0.022245417183117,1,0.2924137931034483,0.3434482758620689,0.3641379310344828,-0.0510344827586206,-0.0492480285542327
2020-04-17,0.0304632594964862,0.0592084583511929,0.0236586731808653,0.0375673740894976,0.1190240426996414,0.0075401743971121,0.0,1,0.2924137931034483,0.3434482758620689,0.3641379310344828,-0.0510344827586206,-0.0492480285542327
2020-04-20,-0.0005287722232713,0.0164565019370275,0.0169865354605967,0.0365368728811658,0.0772411386700009,0.0328759179440285,-0.0005287722232713,1,0.2924137931034483,0.3434482758620689,0.3641379310344828,-0.0510344827586206,-0.0492480285542327
2020-04-21,-0.0302747291307892,-0.0013787199030448,0.022136539875573,0.0352207667722096,0.0881593932491702,0.0605339599471002,-0.030787492918229,1,0.2924137931034483,0.3434482758620689,0.3641379310344828,-0.0510344827586206,-0.0492480285542327
2020-04-22,0.0229194617795565,0.0293547555824453,0.0236940831921688,0.0338145231058554,0.1365075830673692,0.1117995510349791,-0.0085736639059001,1,0.2924137931034483,0.3434482758620689,0.3641379310344828,-0.0510344827586206,-0.0492480285542327
2020-04-23,0.0137798918071685,0.0357063428520594,0.0239564143210762,0.021683677100004,0.0593366847887899,0.0649995140330113,0.0,1,0.2924137931034483,0.3434482758620689,0.3641379310344828,-0.0510344827586206,-0.0492480285542327
2020-04-24,-0.0171249422905549,-0.0121239916907222,0.0217949026508365,0.0226853259656656,0.0463666238034004,0.2029039781873132,-0.0171249422905549,1,0.2924137931034483,0.3434482758620689,0.3641379310344828,-0.0510344827586206,-0.0492480285542327
2020-04-27,0.013971423577733,0.0022079822065785,0.0230112508846825,0.0191220317851677,0.0187008198070655,0.1898782856153977,-0.0033927785353075,1,0.2924137931034483,0.3434482758620689,0.3641379310344828,-0.0510344827586206,-0.0492480285542327
2020-04-28,0.0106223673012078,0.0444750012525816,0.0152177539582108,0.0185144159030746,0.0430349627801218,0.1278034588264995,0.0,1,0.2924137931034483,0.3434482758620689,0.3641379310344828,-0.0510344827586206,-0.0492480285542327
2020-04-29,0.0183830975705956,0.0398430442023229,0.0142739814935892,0.0184680812444982,0.0703673826089881,0.1055262716326541,0.0,1,0.2924137931034483,0.3434482758620689,0.3641379310344828,-0.0510344827586206,-0.0492480285542327
2020-04-30,0.0320882203624905,0.058622059502464,0.0180102650961864,0.0201099531366568,0.0964215817098124,0.138523714673364,0.0,1,0.2924137931034483,0.3434482758620689,0.3641379310344828,-0.0510344827586206,-0.0492480285542327
2020-05-04,-0.0574448016714165,0.0151948789653062,0.0350479590008979,0.0276821996930718,0.0028866646882672,0.1222542898890244,-0.0574448016714165,1,0.2924137931034483,0.3434482758620689,0.3641379310344828,-0.0510344827586206,-0.0492480285542327
2020-05-05,-0.0094582234895356,-0.0082630382556045,0.0348677515548868,0.0278674571507513,-0.0060733006904668,0.0706987293187171,-0.0663596993884318,1,0.2924137931034483,0.3434482758620689,0.3641379310344828,-0.0510344827586206,-0.0492480285542327
2020-05-06,0.007093508299296,-0.011725953799742,0.0346043092010028,0.0258251524662635,0.0322275356429082,0.1232280888802734,-0.0597369141674865,1,0.2924137931034483,0.3434482758620689,0.3641379310344828,-0.0510344827586206,-0.0492480285542327
2020-05-07,-0.0077500566288063,-0.0370864670508251,0.0327022742935188,0.0250705451295683,0.0012789394054837,0.1379611073999851,-0.0670240063286646,1,0.2924137931034483,0.3434482758620689,0.3641379310344828,-0.0510344827586206,-0.0492480285542327
2020-05-08,0.0057016757165142,-0.0617044797614579,0.0263010155267914,0.0247197848947732,-0.0066996639431387,0.0522394849980663,-0.0617044797614579,1,0.2924137931034483,0.3434482758620689,0.3641379310344828,-0.0510344827586206,-0.0492480285542327
2020-05-11,-0.0013295141328432,-0.0058427933501908,0.0075418901586823,0.0240266998242665,0.00926330507734,0.0560594370624376,-0.0629519569163986,1,0.2924137931034483,0.3434482758620689,0.3641379310344828,-0.0510344827586206,-0.0492480285542327
2020-05-12,-0.0046162005368431,-0.0009830972451552,0.0064382654390217,0.0236437800763245,-0.0092380121306141,0.0092900492762211,-0.0672775585959289,1,0.2924137931034483,0.3434482758620689,0.3641379310344828,-0.0510344827586206,-0.0492480285542327
2020-05-13,0.0203337120985587,0.0121509238585251,0.0111653036177211,0.0243481271213697,0.0002824888869936,0.0433296085658532,-0.0483118490045538,1,0.2924137931034483,0.3434482758620689,0.3641379310344828,-0.0510344827586206,-0.0492480285542327
2020-05-14,-0.0256619296534892,-0.0061201971942753,0.0167434352354239,0.0246948511675205,-0.0429796877535105,0.0243633267229113,-0.0727340033874582,1,0.2924137931034483,0.3434482758620689,0.3641379310344828,-0.0510344827586206,-0.0492480285542327
2020-05-15,-0.0006453200623444,-0.0123925849862184,0.0163330502313583,0.0213005858597308,-0.0733323867382022,0.0160183702517571,-0.0733323867382022,1,0.2924137931034483,0.3434482758620689,0.3641379310344828,-0.0510344827586206,-0.0492480285542327
2020-05-18,-0.0343225509885792,-0.0450201316131267,0.0216121203829187,0.0158088645773182,-0.0505998816377037,-0.0478592818409906,-0.1051379831438452,1,0.2924137931034483,0.3434482758620689,0.3641379310344828,-0.0510344827586206,-0.0492480285542327
2020-05-19,0.0063298671124585,-0.0345183791747991,0.0226923709798463,0.016106980773623,-0.0354675414964803,-0.0413254371426874,-0.099473625493159,1,0.2924137931034483,0.3434482758620689,0.3641379310344828,-0.0510344827586206,-0.0492480285542327
2020-05-20,0.0211113739005077,-0.0337825236717447,0.0229262393592854,0.0176647398541196,-0.0220420886861039,0.0094750847580289,-0.0804622764936764,1,0.2924137931034483,0.3434482758620689,0.3641379310344828,-0.0510344827586206,-0.0492480285542327
2020-05-21,0.0043787328145767,-0.0039922342839955,0.0205024554605696,0.0176489249448359,-0.0100879982172071,-0.0088219607501659,-0.0764358664895181,1,0.2924137931034483,0.3434482758620689,0.3641379310344828,-0.0510344827586206,-0.0492480285542327
2020-05-22,-0.0073575840768702,-0.010682018419915,0.0207223165969336,0.0175915248710828,-0.0229422255850402,-0.0294881843266515,-0.0832310672522033,1,0.2924137931034483,0.3434482758620689,0.3641379310344828,-0.0510344827586206,-0.0492480285542327
2020-05-26,-0.0011284122023398,0.0233247386167227,0.0106235949964131,0.0175927174456448,-0.0227454757987706,-0.0136928690028839,-0.084265560502642,1,0.2924137931034483,0.3434482758620689,0.3641379310344828,-0.0510344827586206,-0.0492480285542327
2020-05-27,0.0316644608236749,0.0490871822594631,0.0161955463024558,0.0205258876657965,0.0128743931148094,0.0035174471844263,-0.0552693232182881,1,0.2924137931034483,0.3434482758620689,0.3641379310344828,-0.0510344827586206,-0.0492480285542327
2020-05-28,0.0188031068336382,0.0467156746502253,0.0158186598949764,0.0203747446682141,0.011354977593768,0.0116406741357439,-0.037505451373746,1,0.2924137931034483,0.3434482758620689,0.3641379310344828,-0.0510344827586206,-0.0492480285542327
2020-05-29,0.0095046416792234,0.0520576527110501,0.0155866485320883,0.0181097449829226,0.047857592081157,0.0028209999633634,-0.0283572855708476,1,0.2924137931034483,0.3434482758620689,0.3641379310344828,-0.0510344827586206,-0.0492480285542327
2020-06-01,0.0256620356356274,0.0870536825510965,0.0130201704284159,0.019108610784498,0.0754417550906492,-0.003422955608069,0.0,1,0.2924137931034483,0.3434482758620689,0.3641379310344828,-0.0510344827586206,-0.0492480285542327
2020-06-02,0.0155656080967623,0.1052214795576502,0.0086469546005143,0.0122783994392299,0.1310004816819199,0.0737719911766288,0.0,1,0.2924137931034483,0.3434482758620689,0.3641379310344828,-0.0510344827586206,-0.0492480285542327
2020-06-03,0.0082622681404134,0.0801507254467279,0.0071150044090162,0.0121861780282825,0.1331722809744229,0.0929814460763012,0.0,1,0.2924137931034483,0.3434482758620689,0.3641379310344828,-0.0510344827586206,-0.0492480285542327
2020-06-04,-0.003225149206633,0.0567960295465801,0.0105804987105732,0.0127260054478042,0.1061649690345281,0.0817827826856076,-0.003225149206633,1,0.2924137931034483,0.3434482758620689,0.3641379310344828,-0.0510344827586206,-0.0492480285542327
2020-06-05,0.011272197904099,0.0586463889439787,0.010541074066142,0.0125604873148099,0.1137570350034316,0.1025214560199152,0.0,1,0.2924137931034483,0.3434482758620689,0.3641379310344828,-0.0510344827586206,-0.0492480285542327
2020-06-08,0.0024945401123037,0.0347338479465508,0.007382207801355,0.0112913578401748,0.1248112398705645,0.0990055666648652,0.0,1,0.2924137931034483,0.3434482758620689,0.3641379310344828,-0.0510344827586206,-0.0492480285542327
2020-06-09,-0.0118810517878131,0.0067691475183131,0.0092672296765494,0.013044460957998,0.1127028867931843,0.0873939302104076,-0.0118810517878131,1,0.2924137931034483,0.3434482758620689,0.3641379310344828,-0.0510344827586206,-0.0492480285542327
2020-06-10,0.0069177287951704,0.0054265992814228,0.0090343471918151,0.0108039856990882,0.0860122705972654,0.0999940194964417,-0.005045512886712,1,0.2924137931034483,0.3434482758620689,0.3641379310344828,-0.0510344827586206,-0.0492480285542327
2020-06-11,-0.0211691206634935,-0.0126731212172578,0.0136000833977326,0.0135477599904413,0.0434031253622195,0.0552509444719748,-0.0261078244790975,1,0.2924137931034483,0.3434482758620689,0.3641379310344828,-0.0510344827586206,-0.0492480285542327
2020-06-12,0.0071601696626943,-0.0166877831623472,0.0126524073809366,0.0134685152175063,0.0409799275596798,0.0907987202975033,-0.0191345912691973,1,0.2924137931034483,0.3434482758620689,0.3641379310344828,-0.0510344827586206,-0.0492480285542327
2020-06-15,-0.0159632604357808,-0.0347924012412158,0.013220641371562,0.0124608172392528,-0.0012670272690726,0.07407914106065,-0.0347924012412158,1,0.2924137931034483,0.3434482758620689,0.3641379310344828,-0.0510344827586206,-0.0492480285542327
2020-06-16,0.0102204061668891,-0.0132034061104945,0.0147783147983255,0.0118140875127334,-0.0065236343958874,0.1236222480378546,-0.0249275875465333,1,0.2924137931034483,0.3434482758620689,0.3641379310344828,-0.0510344827586206,-0.0492480285542327
2020-06-17,-0.003313496066169,-0.0232301814425448,0.0138135777069029,0.0114104378478283,-0.0179296430470453,0.1128549064657453,-0.0281584861494279,1,0.2924137931034483,0.3434482758620689,0.3641379310344828,-0.0510344827586206,-0.0492480285542327
2020-06-18,0.0213031883940635,0.0191526964249646,0.0141423929883417,0.0135023813656155,0.0062368507642758,0.1130639548670664,-0.0074551632906973,1,0.2924137931034483,0.3434482758620689,0.3641379310344828,-0.0510344827586206,-0.0492480285542327
2020-06-19,0.0151362760301834,0.0272237764341365,0.015026870453523,0.0138881979916928,0.0100816887937962,0.1249855868222373,0.0,1,0.2924137931034483,0.3434482758620689,0.3641379310344828,-0.0510344827586206,-0.0492480285542327
2020-06-22,0.006520635664363,0.050694437368169,0.0092674645215719,0.0139913949154247,0.014138254921342,0.1407141079182454,0.0,1,0.2924137931034483,0.3434482758620689,0.3641379310344828,-0.0510344827586206,-0.0492480285542327
2020-06-23,0.0154977112266272,0.0561831753076458,0.0095972728661446,0.0137603743211163,0.0422379599169873,0.1597011867250708,0.0,1,0.2924137931034483,0.3434482758620689,0.3641379310344828,-0.0510344827586206,-0.0492480285542327
2020-06-24,-0.0158246585808423,0.0429251655930735,0.0145990847943589,0.0150828140253595,0.0186978247653504,0.1063183377259135,-0.0158246585808423,1,0.2924137931034483,0.3434482758620689,0.3641379310344828,-0.0510344827586206,-0.0492480285542327
2020-06-25,-0.0015914141267114,0.0195458621731827,0.0131037679696432,0.0128533395997485,0.0390729145627146,0.0841719265339668,-0.0173908891223378,1,0.2924137931034483,0.3434482758620689,0.3641379310344828,-0.0510344827586206,-0.0492480285542327
2020-06-26,0.0091457784602824,0.0135293428604896,0.0120570895555258,0.0129241912137661,0.041121439099961,0.0837865202551069,-0.0084041638811956,1,0.2924137931034483,0.3434482758620689,0.3641379310344828,-0.0510344827586206,-0.0492480285542327
2020-06-29,-0.0067995762303766,0.0001163783070834,0.0124797271845463,0.011599526353033,0.0508167154080518,0.0494853019748324,-0.0151465953586095,1,0.2924137931034483,0.3434482758620689,0.3641379310344828,-0.0510344827586206,-0.0492480285542327
2020-06-30,-0.0009987975640974,-0.0161302645401585,0.0091130277176012,0.0115842257762383,0.0391466612870687,0.0323676483851249,-0.0161302645401585,1,0.2924137931034483,0.3434482758620689,0.3641379310344828,-0.0510344827586206,-0.0492480285542327
2020-07-01,0.0124197979052813,0.0121054214821498,0.0080313621387282,0.0115629164068903,0.0555502142969188,0.0366245757363428,-0.0039108012606245,1,0.2924137931034483,0.3434482758620689,0.3641379310344828,-0.0510344827586206,-0.0492480285542327
2020-07-02,0.0116634148446077,0.02554208904742,0.0085413766827725,0.0104450698921141,0.0455871933727389,0.0521083646588427,0.0,1,0.2924137931034483,0.3434482758620689,0.3641379310344828,-0.0510344827586206,-0.0492480285542327
2020-07-03,0.0052740316726214,0.0216074352306654,0.0082519223345946,0.0097750897172525,0.0354291124907266,0.0458679865708948,0.0,1,0.2924137931034483,0.3434482758620689,0.3641379310344828,-0.0510344827586206,-0.0492480285542327
2020-07-06,0.0147350657798601,0.0437580000775765,0.0064189490911501,0.0103806548065696,0.0438794708666303,0.0586381049328985,0.0,1,0.2924137931034483,0.3434482758620689,0.3641379310344828,-0.0510344827586206,-0.0492480285542327
2020-07-07,0.0033445903573601,0.0482959784898224,0.0049081202405261,0.0096138984938392,0.0313866870403971,0.0749503565865239,0.0,1,0.2924137931034483,0.3434482758620689,0.3641379310344828,-0.0510344827586206,-0.0492480285542327
2020-07-08,-0.0086947262179792,0.0264332385750787,0.0090717124605769,0.0082138607397288,0.0388586455513182,0.0582830424618061,-0.0086947262179792,1,0.2924137931034483,0.3434482758620689,0.3641379310344828,-0.0510344827586206,-0.0492480285542327
2020-07-09,0.010060014478201,0.0248064292957532,0.008813632310176,0.0081825801682221,0.050982126369194,0.0920470611997577,0.0,1,0.2924137931034483,0.3434482758620689,0.3641379310344828,-0.0510344827586206,-0.0492480285542327
2020-07-10,-0.0041984750472792,0.0151498724940724,0.0096985415230347,0.0085154001703458,0.0370846576134065,0.0797310712029599,-0.0041984750472792,1,0.2924137931034483,0.3434482758620689,0.3641379310344828,-0.0510344827586206,-0.0492480285542327
2020-07-13,0.0032178528145765,0.0036279514848589,0.007300492085946,0.0076952715320314,0.0475447034637912,0.1007774845369229,-0.0009941323074504,1,0.2924137931034483,0.3434482758620689,0.3641379310344828,-0.0510344827586206,-0.0492480285542327
2020-07-14,-0.0180834421024373,-0.0178061326061491,0.0108298830571746,0.0104868684149671,0.0296298812863395,0.0699364535001008,-0.0190595970758639,1,0.2924137931034483,0.3434482758620689,0.3641379310344828,-0.0510344827586206,-0.0492480285542327
2020-07-15,0.0010228756475463,-0.0081778483525207,0.0105416197198405,0.0099518854262329,0.0180392232060251,0.0745915202177884,-0.0180562170260185,1,0.2924137931034483,0.3434482758620689,0.3641379310344828,-0.0510344827586206,-0.0492480285542327
2020-07-16,0.0114661618730105,-0.0067970906602425,0.0109414989249306,0.0099304107252384,0.0178407270866305,0.0642412291349781,-0.0067970906602425,1,0.2924137931034483,0.3434482758620689,0.3641379310344828,-0.0510344827586206,-0.0492480285542327
2020-07-17,0.0150605915297556,0.0124117179990808,0.0128892304074366,0.0107570776557125,0.0277496264382715,0.0641618835656554,0.0,1,0.2924137931034483,0.3434482758620689,0.3641379310344828,-0.0510344827586206,-0.0492480285542327
2020-07-20,0.0110533219589605,0.0203189943254926,0.0134565719572229,0.0103585569143079,0.0240206621359855,0.0689541469470089,0.0,1,0.2924137931034483,0.3434482758620689,0.3641379310344828,-0.0510344827586206,-0.0492480285542327
2020-07-21,0.0127061748108361,0.0523127831173666,0.0053953240422094,0.010861719766662,0.0335751621580329,0.0660156623054148,0.0,1,0.2924137931034483,0.3434482758620689,0.3641379310344828,-0.0510344827586206,-0.0492480285542327
2020-07-22,-0.0026562744966291,0.0484451225254751,0.0069865937265527,0.0102686846070272,0.0398710973075215,0.0802790796968551,-0.0026562744966291,1,0.2924137931034483,0.3434482758620689,0.3641379310344828,-0.0510344827586206,-0.0492480285542327
2020-07-23,0.0074421069651293,0.0442739491338413,0.0069388346815954,0.0101284420864119,0.0371759244274492,0.0900533584736951,0.0,1,0.2924137931034483,0.3434482758620689,0.3641379310344828,-0.0510344827586206,-0.0492480285542327
2020-07-24,-0.0018991658827778,0.0268260913435518,0.0072053241021889,0.0099537257858391,0.0395707672234062,0.0781228931907926,-0.0018991658827778,1,0.2924137931034483,0.3434482758620689,0.3641379310344828,-0.0510344827586206,-0.0492480285542327
2020-07-27,-0.0055698735500239,0.0099435684346136,0.0077205241746986,0.0104017147459827,0.0304646060707043,0.0794577401962686,-0.0074584613189842,1,0.2924137931034483,0.3434482758620689,0.3641379310344828,-0.0510344827586206,-0.0492480285542327
2020-07-28,0.015159273432868,0.0123899751394207,0.0085986073989087,0.007909087127715,0.0653509123390856,0.0969171333999863,0.0,1,0.2924137931034483,0.3434482758620689,0.3641379310344828,-0.0510344827586206,-0.0492480285542327
2020-07-29,-0.0086455968957261,0.006310295887753,0.0098253451016398,0.0091328232446806,0.0550611214706824,0.0740936045368911,-0.0086455968957261,1,0.2924137931034483,0.3434482758620689,0.3641379310344828,-0.0510344827586206,-0.0492480285542327
2020-07-30,-0.008988784104045,-0.0101021358928978,0.0100025155194605,0.0098857470330627,0.0337245517902782,0.0521669494015182,-0.0175566675958249,1,0.2924137931034483,0.3434482758620689,0.3641379310344828,-0.0510344827586206,-0.0492480285542327
2020-07-31,-0.0025850848709483,-0.010782417602051,0.0100056815227265,0.0091108796990398,0.0157544236220039,0.0439412294305363,-0.020096366990987,1,0.2924137931034483,0.3434482758620689,0.3641379310344828,-0.0510344827586206,-0.0492480285542327
2020-08-03,-0.0164221629212215,-0.0215778220952584,0.011931260796867,0.0100393915816582,-0.011848814211319,0.0118872315617843,-0.0361885040993579,1,0.2924137931034483,0.3434482758620689,0.3641379310344828,-0.0510344827586206,-0.0492480285542327
2020-08-04,0.0186978956259868,-0.0181672573458813,0.013389645934525,0.0110825743639407,-0.0060023740733274,0.0273712574018603,-0.0181672573458813,1,0.2924137931034483,0.3434482758620689,0.3641379310344828,-0.0510344827586206,-0.0492480285542327
2020-08-05,0.0005768234154255,-0.0090334156040651,0.0131519970439938,0.0110613352116849,-0.0027801232416506,0.0369801275015762,-0.0176009132298869,1,0.2924137931034483,0.3434482758620689,0.3641379310344828,-0.0510344827586206,-0.0492480285542327
2020-08-06,0.0088725549805659,0.0088271190715312,0.0131180061449985,0.0111800923000288,-0.00136418957777,0.0357610198410311,-0.0088845233196613,1,0.2924137931034483,0.3434482758620689,0.3641379310344828,-0.0510344827586206,-0.0492480285542327
2020-08-07,0.0012410548073016,0.0126970366055745,0.0129060995109953,0.0111674252740153,0.0017777142525337,0.0414188269928166,-0.0076544946927361,1,0.2924137931034483,0.3434482758620689,0.3641379310344828,-0.0510344827586206,-0.0492480285542327
2020-08-10,0.0050026529220041,0.0347561423482316,0.0073940024023761,0.0110568631421673,0.0124283583966653,0.0432715895100297,-0.0026901345509731,1,0.2924137931034483,0.3434482758620689,0.3641379310344828,-0.0510344827586206,-0.0492480285542327
2020-08-11,0.004645013597867,0.020481737680539,0.0033342990898763,0.0100451787641071,0.0019423833353244,0.0674202321974857,0.0,1,0.2924137931034483,0.3434482758620689,0.3641379310344828,-0.0510344827586206,-0.0492480285542327
2020-08-12,-0.0012453080150144,0.0186233577891574,0.0038680651555111,0.0095796936021574,0.0094217096542397,0.0650016010246556,-0.0012453080150144,1,0.2924137931034483,0.3434482758620689,0.3641379310344828,-0.0510344827586206,-0.0492480285542327
2020-08-13,-0.0007030172261326,0.0089552372066445,0.002924114971005,0.0089599982611291,0.0178614052233128,0.0521883248990917,-0.0019474497681606,1,0.2924137931034483,0.3434482758620689,0.3641379310344828,-0.0510344827586206,-0.0492480285542327
2020-08-14,-0.0108004548491432,-0.0031790477124677,0.0063908950219815,0.0097494132134694,0.0094776244079306,0.0253813625397871,-0.0127268712740119,1,0.2924137931034483,0.3434482758620689,0.3641379310344828,-0.0510344827586206,-0.0492480285542327
2020-08-17,0.0061457811493594,-0.0020452256624799,0.0066572307711303,0.0076600312818356,0.032639832531492,0.0204042750086188,-0.0066593066902185,1,0.2924137931034483,0.3434482758620689,0.3641379310344828,-0.0510344827586206,-0.0492480285542327
2020-08-18,0.0122920575081577,0.0055508942371385,0.0086759304467055,0.0063858934711694,0.0261463238773349,0.0199870097874532,0.0,1,0.2924137931034483,0.3434482758620689,0.3641379310344828,-0.0510344827586206,-0.0492480285542327
2020-08-19,0.0020245315251616,0.0088429839765129,0.0085740264567603,0.0063511782805917,0.027631027820189,0.0247740869159045,0.0,1,0.2924137931034483,0.3434482758620689,0.3641379310344828,-0.0510344827586206,-0.0492480285542327
2020-08-20,-0.0084323831562707,0.0010397816016176,0.0097521355659107,0.0068358867429354,0.0100043302991479,0.0086264929182511,-0.0084323831562707,1,0.2924137931034483,0.3434482758620689,0.3641379310344828,-0.0510344827586206,-0.0492480285542327
2020-08-21,0.0052509679814713,0.0172833321405567,0.0076143860694046,0.0069668463257279,0.0140493398905838,0.0158520298548796,-0.0032256933487605,1,0.2924137931034483,0.3434482758620689,0.3641379310344828,-0.0510344827586206,-0.0492480285542327
2020-08-24,0.0083409546589749,0.0195028051675543,0.00786731790914,0.0072326095966115,0.0174176918674553,0.030062523581092,0.0,1,0.2924137931034483,0.3434482758620689,0.3641379310344828,-0.0510344827586206,-0.0492480285542327
2020-08-25,0.0005058235112,0.007632615598115,0.0063398928388641,0.007166778105712,0.0132258776771914,0.0151939507369112,0.0,1,0.2924137931034483,0.3434482758620689,0.3641379310344828,-0.0510344827586206,-0.0492480285542327
2020-08-26,0.0067423565560373,0.0123768451316574,0.0067670932371215,0.0072909331759061,0.0213292773513495,0.0309519452639284,0.0,1,0.2924137931034483,0.3434482758620689,0.3641379310344828,-0.0510344827586206,-0.0492480285542327
2020-08-27,0.0008355267714899,0.0218392531956648,0.0035210417862091,0.0072404099248012,0.0229017428509483,0.0411722053836418,0.0,1,0.2924137931034483,0.3434482758620689,0.3641379310344828,-0.0510344827586206,-0.0492480285542327
2020-08-28,0.0076432294482773,0.0242709908895846,0.0038259358477263,0.0057258952841186,0.0419738066270665,0.0518492430091794,0.0,1,0.2924137931034483,0.3434482758620689,0.3641379310344828,-0.0510344827586206,-0.0492480285542327
2020-08-31,-0.0223307805899928,-0.0068853045188354,0.0121939934043455,0.0100574414857109,0.0124832178961686,0.0455305005692459,-0.0223307805899928,1,0.2924137931034483,0.3434482758620689,0.3641379310344828,-0.0510344827586206,-0.0492480285542327
2020-09-01,0.0072667398463226,-0.0001743337183203,0.0128066464066661,0.0095597075445666,0.007456951257537,0.033798246997589,-0.0152263127167828,1,0.2924137931034483,0.3434482758620689,0.3641379310344828,-0.0510344827586206,-0.0492480285542327
2020-09-02,0.0056450382511279,-0.0012641130428759,0.0126715821366495,0.0096796866229541,0.0110970863574209,0.0390347380794746,-0.0096672275833648,1,0.2924137931034483,0.3434482758620689,0.3641379310344828,-0.0510344827586206,-0.0492480285542327
2020-09-03,-0.0006545296922408,-0.0027510435365615,0.0126590068513297,0.0091208086610762,0.019028128922756,0.0292228229086217,-0.0103154297881108,1,0.2924137931034483,0.3434482758620689,0.3641379310344828,-0.0510344827586206,-0.0492480285542327
2020-09-04,-0.016794694403359,-0.0269368797005391,0.0134298694691266,0.0107468110165025,-0.0033196735727601,0.010683027095474,-0.0269368797005391,1,0.2924137931034483,0.3434482758620689,0.3641379310344828,-0.0510344827586206,-0.0492480285542327
2020-09-07,0.0018705029623649,-0.0028496158068057,0.0096077884860677,0.0103578323456842,-0.0097152998530496,0.0075331739151651,-0.0251167622514509,1,0.2924137931034483,0.3434482758620689,0.3641379310344828,-0.0510344827586206,-0.0492480285542327
2020-09-08,-0.003320108674114,-0.0133301366578757,0.0085695088962835,0.010369677086229,-0.0135021464839067,-0.000454846544491,-0.0283534805453483,1,0.2924137931034483,0.3434482758620689,0.3641379310344828,-0.0510344827586206,-0.0492480285542327
2020-09-09,-0.0034769623630973,-0.0222800173385349,0.0072278303173182,0.0099843787018651,-0.0235159659208977,-0.0026882671288599,-0.0317318589237267,1,0.2924137931034483,0.3434482758620689,0.3641379310344828,-0.0510344827586206,-0.0492480285542327
2020-09-10,0.0151844298634509,-0.0067838073468113,0.0115183962042047,0.0114182212132883,-0.0095161883340182,0.0131676172187833,-0.01702925924654,1,0.2924137931034483,0.3434482758620689,0.3641379310344828,-0.0510344827586206,-0.0492480285542327
2020-09-11,0.0013275978775904,0.0115230040983425,0.0076173489726047,0.0110625001994605,-0.0157242693773824,0.0255895298074859,-0.0157242693773824,1,0.2924137931034483,0.3434482758620689,0.3641379310344828,-0.0510344827586206,-0.0492480285542327
2020-09-14,-0.0021283184103905,0.0074856561617957,0.0078813091936218,0.0083547200884119,0.004614709110867,0.0171555334263942,-0.0178191215357671,1,0.2924137931034483,0.3434482758620689,0.3641379310344828,-0.0510344827586206,-0.0492480285542327
2020-09-15,0.0071459477886897,0.0180651831038183,0.007662131641053,0.0083439171759796,0.0044942350864192,0.0119846996359356,-0.0108005082592123,1,0.2924137931034483,0.3434482758620689,0.3641379310344828,-0.0510344827586206,-0.0492480285542327
2020-09-16,0.0071820375288582,0.0289546018797659,0.0066074411955191,0.0084629412534707,0.0060294755093193,0.0171934714771571,-0.0036960403860023,1,0.2924137931034483,0.3434482758620689,0.3641379310344828,-0.0510344827586206,-0.0492480285542327
2020-09-17,-0.0076220103321541,0.005838810402428,0.0063257237474988,0.0088583512464289,-0.0009846063092878,0.0180247873976768,-0.0112898794601462,1,0.2924137931034483,0.3434482758620689,0.3641379310344828,-0.0510344827586206,-0.0492480285542327
2020-09-18,-0.0009682097237779,0.0035326596565905,0.0063953659468972,0.0066838156260157,0.015096370606634,0.0117265820113265,-0.0122471582128507,1,0.2924137931034483,0.3434482758620689,0.3641379310344828,-0.0510344827586206,-0.0492480285542327
2020-09-21,-0.0221122212612833,-0.0165646129169015,0.0122168374762889,0.0100159762051679,-0.0092029537518548,-0.0188288441496715,-0.0340885676019094,1,0.2924137931034483,0.3434482758620689,0.3641379310344828,-0.0510344827586206,-0.0492480285542327
2020-09-22,-0.0086129122576229,-0.0319524727039177,0.0108078295841706,0.0102952704051978,-0.0144645168701154,-0.0277713613284229,-0.0424078780177891,1,0.2924137931034483,0.3434482758620689,0.3641379310344828,-0.0510344827586206,-0.0492480285542327
2020-09-23,-0.0019545171311632,-0.0407340224308567,0.0084460752695576,0.010272508161688,-0.0129588579535377,-0.0361700838124263,-0.0442795082248703,1,0.2924137931034483,0.3434482758620689,0.3641379310344828,-0.0510344827586206,-0.0492480285542327
2020-09-24,-0.0293122886133033,-0.0617005757157371,0.0125926997264629,0.0118725072163193,-0.0562220232766339,-0.0652031922486321,-0.0722938631134312,1,0.2924137931034483,0.3434482758620689,0.3641379310344828,-0.0510344827586206,-0.0492480285542327
2020-09-25,0.0226457699978253,-0.0395221187401945,0.020182725777573,0.0148229963878462,-0.0361290772780203,-0.0512852433119269,-0.0477657470561115,1,0.2924137931034483,0.3434482758620689,0.3641379310344828,-0.0510344827586206,-0.0492480285542327
2020-09-28,0.0160448858623107,-0.0020443444987133,0.0206591332459557,0.0160805722543496,-0.0185750936403249,-0.0140461031833151,-0.0324872571534441,1,0.2924137931034483,0.3434482758620689,0.3641379310344828,-0.0510344827586206,-0.0492480285542327
2020-09-29,-0.0004586931253923,0.0061639015030954,0.020148246692318,0.0157899868403175,-0.0259855230953496,-0.0216080730585646,-0.0329310485973174,1,0.2924137931034483,0.3434482758620689,0.3641379310344828,-0.0510344827586206,-0.0492480285542327
2020-09-30,0.0022410536070716,0.010393600344956,0.0200611557297033,0.0155279010240058,-0.0307637952354895,-0.0249198092761162,-0.0307637952354895,1,0.2924137931034483,0.3434482758620689,0.3641379310344828,-0.0510344827586206,-0.0492480285542327
2020-10-01,0.0150610577414638,0.0565820342324083,0.0098174686810846,0.016411118185636,-0.0086096855706359,-0.0095858147291898,-0.0161660727904139,1,0.2948905109489051,0.3240875912408759,0.381021897810219,-0.0291970802919708,-0.0392127543506373
2020-10-05,0.0075676954002601,0.0410035972036832,0.0074067364282934,0.0166187553721161,-0.0001390705739703,0.0149552005717386,-0.0087207173048501,1,0.2948905109489051,0.3240875912408759,0.381021897810219,-0.0291970802919708,-0.0392127543506373
2020-10-06,0.0138264070901084,0.0387306224421177,0.0068572248317746,0.0150949985058941,0.0366070992084832,0.0270672520156229,0.0,1,0.2948905109489051,0.3240875912408759,0.381021897810219,-0.0291970802919708,-0.0392127543506373
2020-10-07,0.0065552544930718,0.0460195680068435,0.0053322043397399,0.0144688214800589,0.0524671295943481,0.0372437010430886,0.0,1,0.2948905109489051,0.3240875912408759,0.381021897810219,-0.0291970802919708,-0.0392127543506373
2020-10-08,0.0081566763354161,0.0521935888260109,0.0039103547082992,0.0142634508966416,0.0631296684737936,0.0493527221138501,0.0,1,0.2948905109489051,0.3240875912408759,0.381021897810219,-0.0291970802919708,-0.0392127543506373
2020-10-09,0.0067260405928379,0.0435536636317055,0.0030110043151464,0.0069755878604962,0.1026000527506698,0.040609646920104,0.0,1,0.2948905109489051,0.3240875912408759,0.381021897810219,-0.0291970802919708,-0.0392127543506373
2020-10-12,0.0014058854140437,0.0371717803944069,0.0044425991241657,0.0057717598448363,0.0796995543087262,0.0406910056740619,0.0,1,0.2948905109489051,0.3240875912408759,0.381021897810219,-0.0291970802919708,-0.0392127543506373
2020-10-13,0.0002975454594982,0.0233313897653999,0.0035249999797688,0.0053808085734237,0.0629656514555714,0.043220964943335,0.0,1,0.2948905109489051,0.3240875912408759,0.381021897810219,-0.0291970802919708,-0.0392127543506373
2020-10-14,0.0030625497507226,0.0197804725335104,0.0033912013309705,0.0050031188662696,0.0667103293413173,0.0389913034421705,0.0,1,0.2948905109489051,0.3240875912408759,0.381021897810219,-0.0291970802919708,-0.0392127543506373
2020-10-15,-0.0242835841467539,-0.0130338160985584,0.0123859953446006,0.0109741411230909,0.0384794910891705,0.0065319206690479,-0.0242835841467539,1,0.2948905109489051,0.3240875912408759,0.381021897810219,-0.0291970802919708,-0.0392127543506373
2020-10-16,0.007028898962788,-0.0127369021839485,0.0124433575593486,0.0103368382787573,0.0302620226943273,0.0213917906235618,-0.0174253720433879,1,0.2948905109489051,0.3240875912408759,0.381021897810219,-0.0291970802919708,-0.0392127543506373
2020-10-19,0.0094028029874726,-0.0048529245366044,0.0135364609284784,0.0104420160319909,0.0321384640126571,0.03199492392405,-0.0081864163962225,1,0.2948905109489051,0.3240875912408759,0.381021897810219,-0.0291970802919708,-0.0392127543506373
2020-10-20,0.0020003284749916,-0.0031589090452051,0.0135953613414326,0.0097540675068638,0.0200987789820277,0.0574416361866754,-0.0062024634430564,1,0.2948905109489051,0.3240875912408759,0.381021897810219,-0.0291970802919708,-0.0392127543506373
2020-10-21,0.0034336964561898,-0.0027900643636105,0.013621058716862,0.0096426554220432,0.0169352193783887,0.0702908913225714,-0.0027900643636105,1,0.2948905109489051,0.3240875912408759,0.381021897810219,-0.0291970802919708,-0.0392127543506373
2020-10-22,-0.0034512655338361,0.0185011579276306,0.0049422278997423,0.0094794255819708,0.0052262011390329,0.0686857979581112,-0.0062317006444713,1,0.2948905109489051,0.3240875912408759,0.381021897810219,-0.0291970802919708,-0.0392127543506373
2020-10-23,0.002849589583447,0.0142742370849611,0.0045745976230032,0.0092764505533664,0.0013555253395107,0.1040946550615193,-0.0033998688502678,1,0.2948905109489051,0.3240875912408759,0.381021897810219,-0.0291970802919708,-0.0392127543506373
2020-10-26,-0.0136291056004225,-0.0088688247754367,0.0071780727567138,0.0102246721666,-0.0136787095746776,0.064930657677428,-0.0169826372791024,1,0.2948905109489051,0.3240875912408759,0.381021897810219,-0.0291970802919708,-0.0392127543506373
2020-10-27,0.0103375751524292,-0.0006220160043036,0.0090055179689257,0.0108744117072755,-0.0037789601575265,0.0589487466099016,-0.0068206214158322,1,0.2948905109489051,0.3240875912408759,0.381021897810219,-0.0291970802919708,-0.0392127543506373
2020-10-28,-0.0134405436775614,-0.0174280532600636,0.0104067983800026,0.0115353907519171,-0.0201694922333461,0.0451953236384374,-0.0201694922333461,1,0.2948905109489051,0.3240875912408759,0.381021897810219,-0.0291970802919708,-0.0392127543506373
2020-10-29,-0.0050129586686673,-0.0189678433482258,0.0104296279227683,0.0086410770849798,-0.0008176124859272,0.0376304172908765,-0.0250813420710798,1,0.2948905109489051,0.3240875912408759,0.381021897810219,-0.0291970802919708,-0.0392127543506373
2020-10-30,-0.0024334235870719,-0.0241359222487186,0.0098412136982625,0.00829100082762,-0.0102062070402,0.0197469551850537,-0.0274537321287605,1,0.2948905109489051,0.3240875912408759,0.381021897810219,-0.0291970802919708,-0.0392127543506373
2020-11-02,0.0022976362262077,-0.0083788319772258,0.0088066161628359,0.0075744788896373,-0.0171733463600338,0.0144131926786543,-0.0252191745920365,1,0.2948905109489051,0.3240875912408759,0.381021897810219,-0.0291970802919708,-0.0392127543506373
2020-11-03,0.0123702240523089,-0.0063838377041733,0.0095166398892271,0.0087558260152257,-0.0070018828592561,0.0129561668267252,-0.0131609173798454,1,0.2948905109489051,0.3240875912408759,0.381021897810219,-0.0291970802919708,-0.0392127543506373
2020-11-04,0.008041647267956,0.0152520120038193,0.0072011869222074,0.0091097616190878,-0.00244185413377,0.0144520119091733,-0.0052251055671808,1,0.2948905109489051,0.3240875912408759,0.381021897810219,-0.0291970802919708,-0.0392127543506373
2020-11-05,0.0177856153167905,0.0385149261404531,0.0079918824176043,0.0106196929269524,0.0188165377066267,0.0241410778564548,0.0,1,0.2948905109489051,0.3240875912408759,0.381021897810219,-0.0291970802919708,-0.0392127543506373
2020-11-06,0.0118190143808321,0.0533524015666873,0.0057365731958828,0.0110762143768641,0.0279287699019725,0.0293221533967869,0.0,1,0.2948905109489051,0.3240875912408759,0.381021897810219,-0.0291970802919708,-0.0392127543506373
2020-11-09,0.0161046352809748,0.0678626977971832,0.003829689656499,0.010121616794578,0.0589152556775933,0.0444306614309839,0.0,1,0.2948905109489051,0.3240875912408759,0.381021897810219,-0.0291970802919708,-0.0392127543506373
2020-11-10,0.0136465225643105,0.069208955855589,0.0038009642108257,0.0103386758712328,0.0623832994095581,0.0583685952490677,0.0,1,0.2948905109489051,0.3240875912408759,0.381021897810219,-0.0291970802919708,-0.0392127543506373
2020-11-11,0.0093459793683843,0.0705924339757315,0.0033527915149237,0.0077313363653634,0.0869211226299275,0.0649984754887833,0.0,1,0.2948905109489051,0.3240875912408759,0.381021897810219,-0.0291970802919708,-0.0392127543506373
2020-11-12,-0.0045767757066157,0.0470697920018481,0.0081256170727665,0.0076480596128035,0.0873976077046989,0.086508537843472,-0.0045767757066157,1,0.2948905109489051,0.3240875912408759,0.381021897810219,-0.0291970802919708,-0.0392127543506373
2020-11-13,0.0022969395152394,0.0372159774290479,0.0084860806924901,0.0070214159975292,0.0925539407682265,0.0814031090461595,-0.0022903487683492,1,0.2948905109489051,0.3240875912408759,0.381021897810219,-0.0291970802919708,-0.0392127543506373
2020-11-14,0.0047405846721095,0.0256158188916664,0.0069407720602527,0.0068048271499722,0.0952168752651221,0.0764083365268402,0.0,1,0.2948905109489051,0.3240875912408759,0.381021897810219,-0.0291970802919708,-0.0392127543506373
2020-11-17,0.0073511864008921,0.0192461464163848,0.0054008815533103,0.0067261722343359,0.0897871079696956,0.0821565462981643,0.0,1,0.2948905109489051,0.3240875912408759,0.381021897810219,-0.0291970802919708,-0.0392127543506373
2020-11-18,0.0049750664118934,0.0148323613731111,0.0045759178284601,0.0068264285018953,0.0864718478397783,0.0838188420669059,0.0,1,0.2948905109489051,0.3240875912408759,0.381021897810219,-0.0291970802919708,-0.0392127543506373
2020-11-19,-0.0128726837091569,0.0063746966306301,0.008121259584065,0.0087350545553999,0.053744544276957,0.0735723682274964,-0.0128726837091569,1,0.2948905109489051,0.3240875912408759,0.381021897810219,-0.0291970802919708,-0.0392127543506373
2020-11-20,0.00683934010351,0.0109355775769557,0.0085058704996555,0.008458618648616,0.0485585332142812,0.0778434832171728,-0.0061213842675788,1,0.2948905109489051,0.3240875912408759,0.381021897810219,-0.0291970802919708,-0.0392127543506373
2020-11-23,0.0052414447412523,0.0114395258308719,0.0085460263427679,0.0074848669553611,0.0373483775444285,0.0984640224341952,-0.0009120244237048,1,0.2948905109489051,0.3240875912408759,0.381021897810219,-0.0291970802919708,-0.0392127543506373
2020-11-24,0.0099563298508096,0.0140552422674806,0.0089979166264834,0.007016223671288,0.0335718979344632,0.0980495231046141,0.0,1,0.2948905109489051,0.3240875912408759,0.381021897810219,-0.0291970802919708,-0.0392127543506373
2020-11-25,-0.0150706809190243,-0.0061716229010878,0.0118240482884559,0.0087293224392337,0.0085691987308957,0.0962351657345519,-0.0150706809190243,1,0.2948905109489051,0.3240875912408759,0.381021897810219,-0.0291970802919708,-0.0392127543506373
2020-11-26,0.0100012443227772,0.0168575835636601,0.0105231614959059,0.0089302421475654,0.0233397421754342,0.1127771875107106,-0.0052201621582287,1,0.2948905109489051,0.3240875912408759,0.381021897810219,-0.0291970802919708,-0.0392127543506373
2020-11-27,-0.0013898513898513,0.0085465100454544,0.0104929859393549,0.0090082496348876,0.0195755486460245,0.1139412835841409,-0.0066027582984491,1,0.2948905109489051,0.3240875912408759,0.381021897810219,-0.0291970802919708,-0.0392127543506373
2020-12-01,0.0108027249700244,0.0141260748310634,0.0112251136166114,0.0094098985628708,0.0257271962598539,0.123393734762172,0.0,1,0.2948905109489051,0.3240875912408759,0.381021897810219,-0.0291970802919708,-0.0392127543506373
2020-12-02,0.00035853093855,0.0044886500729597,0.0105058044551081,0.0092750826275157,0.0186069814046696,0.1100647564227366,0.0,1,0.2948905109489051,0.3240875912408759,0.381021897810219,-0.0291970802919708,-0.0392127543506373
2020-12-03,0.001536555142503,0.0214256828221239,0.0057080765788752,0.0092112800281978,0.0151218286862597,0.1029012889952554,0.0,1,0.2948905109489051,0.3240875912408759,0.381021897810219,-0.0291970802919708,-0.0392127543506373
2020-12-04,0.009490707253748,0.0209093709093708,0.0055829363889454,0.0079518835916632,0.0381194359403993,0.0939126919300676,0.0,1,0.2948905109489051,0.3240875912408759,0.381021897810219,-0.0291970802919708,-0.0392127543506373
2020-12-07,0.0073311184103843,0.0298250822155994,0.0047097092235525,0.0079744179833735,0.0386264926258161,0.0890606716652193,0.0,1,0.2948905109489051,0.3240875912408759,0.381021897810219,-0.0291970802919708,-0.0392127543506373
2020-12-08,0.0027853171854819,0.0216567943519936,0.0039241938500041,0.0079637891479518,0.036088794680674,0.0747850301539598,0.0,1,0.2948905109489051,0.3240875912408759,0.381021897810219,-0.0291970802919708,-0.0392127543506373
2020-12-09,0.010165796183813,0.0316728624535316,0.0039122992534255,0.0079826763551672,0.0363036809228543,0.071094362327905,0.0,1,0.2948905109489051,0.3240875912408759,0.381021897810219,-0.0291970802919708,-0.0392127543506373
2020-12-10,-0.0037548691339409,0.0262222188382734,0.0057799497219287,0.0054383123392618,0.0482097306041187,0.057192048097324,-0.0037548691339409,1,0.2948905109489051,0.3240875912408759,0.381021897810219,-0.0291970802919708,-0.0392127543506373
2020-12-11,0.0026375729876915,0.0192554992815956,0.00530197092913,0.0051357916799158,0.0405674905674906,0.0648540675134743,-0.0011271998876495,1,0.2948905109489051,0.3240875912408759,0.381021897810219,-0.0291970802919708,-0.0392127543506373
2020-12-14,0.0032781183748524,0.0151545214607939,0.0049302428421308,0.0047925034858825,0.0454315885248997,0.0658964854421597,0.0,1,0.2948905109489051,0.3240875912408759,0.381021897810219,-0.0291970802919708,-0.0392127543506373
2020-12-15,0.0007154368405719,0.013059109456841,0.0050407865070155,0.0043511525649664,0.0349987222567615,0.0616263375129595,0.0,1,0.2948905109489051,0.3240875912408759,0.381021897810219,-0.0291970802919708,-0.0392127543506373
2020-12-16,0.0084648636298307,0.0113533050979,0.0044227662974563,0.0044639466173769,0.0433857592221904,0.062800018641935,0.0,1,0.2948905109489051,0.3240875912408759,0.381021897810219,-0.0291970802919708,-0.0392127543506373
2020-12-17,0.0042389294510585,0.0194683305758145,0.0028752958182044,0.0043610272345259,0.0462010522388629,0.0620215253222036,0.0,1,0.2948905109489051,0.3240875912408759,0.381021897810219,-0.0291970802919708,-0.0392127543506373
2020-12-18,0.0014446134476409,0.0182553454418983,0.0030471750008964,0.0040782530633098,0.0378623605145358,0.0774250882811213,0.0,1,0.2948905109489051,0.3240875912408759,0.381021897810219,-0.0291970802919708,-0.0392127543506373
2020-12-21,-0.0314049947131473,-0.0169455272290098,0.0159982260924776,0.0116485283841592,-0.0020478071242723,0.0364995858947589,-0.0314049947131473,1,0.2948905109489051,0.3240875912408759,0.381021897810219,-0.0291970802919708,-0.0392127543506373
2020-12-22,0.0103463281414122,-0.0074846051511477,0.017142631123499,0.0120964954077642,0.0054767620277831,0.0417632064487929,-0.0213835929523166,1,0.2948905109489051,0.3240875912408759,0.381021897810219,-0.0291970802919708,-0.0392127543506373
2020-12-23,0.0100101735443292,-0.0059637352276963,0.0173768715988928,0.0120829328672846,0.0053218617646406,0.0418187458589138,-0.0115874728844412,1,0.2948905109489051,0.3240875912408759,0.381021897810219,-0.0291970802919708,-0.0392127543506373
2020-12-24,0.0108925013418033,0.000622239041679,0.0181240527863896,0.0123808156006143,0.0201026835728541,0.0692815591364399,-0.0008211881065799,1,0.2948905109489051,0.3240875912408759,0.381021897810219,-0.0291970802919708,-0.0392127543506373
2020-12-28,0.0090150371838464,0.0081864460359506,0.0185589918692362,0.0125764465576478,0.0265912378781769,0.0682374682374682,0.0,1,0.2948905109489051,0.3240875912408759,0.381021897810219,-0.0291970802919708,-0.0392127543506373
2020-12-29,0.0042816365366318,0.0453317727559197,0.0026756545623749,0.0125855716261287,0.0276180747373351,0.0743043962695515,0.0,1,0.2948905109489051,0.3240875912408759,0.381021897810219,-0.0291970802919708,-0.0392127543506373
2020-12-30,0.0035420524525213,0.0382918841849655,0.0033954724090281,0.0125652661588608,0.0305206794001997,0.0665875864383767,0.0,1,0.2948905109489051,0.3240875912408759,0.381021897810219,-0.0291970802919708,-0.0392127543506373
2020-12-31,-1.430415643033367e-05,0.0279867069575254,0.0043917725474363,0.0124472860318705,0.0218560664196394,0.0661900676770566,-1.430415643033367e-05,1,0.2948905109489051,0.3240875912408759,0.381021897810219,-0.0291970802919708,-0.0392127543506373
2021-01-01,0.0026284263414808,0.0195828863392548,0.0032930081319207,0.0124288851767255,0.0202173106173628,0.0673524238801879,0.0,1,0.2948905109489051,0.3240875912408759,0.381021897810219,-0.0291970802919708,-0.0392127543506373
2021-01-04,0.0081606448621465,0.0187195455987081,0.0029666052917677,0.0125717200997629,0.0270592381845202,0.0659461253304471,0.0,1,0.2948905109489051,0.3240875912408759,0.381021897810219,-0.0291970802919708,-0.0392127543506373
2021-01-05,0.0047124086351704,0.0191565106297459,0.0029931413367425,0.0037944550857236,0.0653566819723296,0.0631750369690957,0.0,1,0.2948905109489051,0.3240875912408759,0.381021897810219,-0.0291970802919708,-0.0392127543506373
2021-01-06,-0.0037501320469031,0.0117508645074542,0.0045338615181056,0.004666228468535,0.0504927114352125,0.0562460100276638,-0.0037501320469031,1,0.2948905109489051,0.3240875912408759,0.381021897810219,-0.0291970802919708,-0.0392127543506373
2021-01-07,-0.0006291419987628,0.0111287928907326,0.0046214219247531,0.0045961250825139,0.0394269581136819,0.0449586446992038,-0.0043769146800943,1,0.2948905109489051,0.3240875912408759,0.381021897810219,-0.0291970802919708,-0.0392127543506373
2021-01-08,0.014847195549378,0.0234511538324357,0.0073270257031154,0.0053709981042553,0.0434932814517154,0.0644702966991386,0.0,1,0.2948905109489051,0.3240875912408759,0.381021897810219,-0.0291970802919708,-0.0392127543506373
2021-01-11,0.0095837181341371,0.0248958104847554,0.0075216580078964,0.0054294034595839,0.0440813943430498,0.0718448110642044,0.0,1,0.2948905109489051,0.3240875912408759,0.381021897810219,-0.0291970802919708,-0.0392127543506373
2021-01-12,0.0054333005402233,0.0256311841966268,0.0075228069655594,0.0054403196455273,0.0452786988788884,0.0741472841058699,0.0,1,0.2948905109489051,0.3240875912408759,0.381021897810219,-0.0291970802919708,-0.0392127543506373
2021-01-13,9.613106784445158e-05,0.0295908809755236,0.0065220546462045,0.0056107816221053,0.0416894639159772,0.0734825340787228,0.0,1,0.2948905109489051,0.3240875912408759,0.381021897810219,-0.0291970802919708,-0.0392127543506373
2021-01-14,0.0021112472837001,0.0324141370200214,0.005927833076441,0.0054759541330942,0.0439036601283817,0.0667192878598521,0.0,1,0.2948905109489051,0.3240875912408759,0.381021897810219,-0.0291970802919708,-0.0392127543506373
2021-01-15,-0.0110923840061387,0.006025544965063,0.0077678130853355,0.0073462896181114,0.0296180047793988,0.0504341117992532,-0.0110923840061387,1,0.2948905109489051,0.3240875912408759,0.381021897810219,-0.0291970802919708,-0.0392127543506373
2021-01-18,-0.0105586232220429,-0.0140458067968035,0.0075705846587533,0.0082050228058281,0.0105003219438331,0.0378436908408457,-0.0215338869248267,1,0.2948905109489051,0.3240875912408759,0.381021897810219,-0.0291970802919708,-0.0392127543506373
2021-01-19,0.0167946895590738,-0.0029045315498732,0.0113979201506664,0.009575271108176,0.0226522060635938,0.0894893610635936,-0.0051008523116555,1,0.2948905109489051,0.3240875912408759,0.381021897810219,-0.0291970802919708,-0.0392127543506373
2021-01-20,0.0085082793029478,0.0054823770927954,0.0121118988091754,0.0095013811520832,0.0352354864363346,0.0875073331204563,0.0,1,0.2948905109489051,0.3240875912408759,0.381021897810219,-0.0291970802919708,-0.0392127543506373
2021-01-21,-0.0037112402439107,-0.000359697443065,0.0122754890200415,0.0096984914689874,0.0320427802947511,0.0727330877649601,-0.0037112402439107,1,0.2948905109489051,0.3240875912408759,0.381021897810219,-0.0291970802919708,-0.0392127543506373
2021-01-22,-0.0149722247924142,-0.0042816464246867,0.0132360721655497,0.0102863063061511,0.0017180992873198,0.0452861065149008,-0.0186278995131344,1,0.2948905109489051,0.3240875912408759,0.381021897810219,-0.0291970802919708,-0.0392127543506373
2021-01-25,-0.0092541695948343,-0.0029689173954752,0.0130061965579121,0.0101041255259535,-0.0169730233521462,0.0263601764553238,-0.0277096833666787,1,0.2948905109489051,0.3240875912408759,0.381021897810219,-0.0291970802919708,-0.0392127543506373
2021-01-27,-0.0190604611311266,-0.0381271455773131,0.0107584766031954,0.0111109878436671,-0.0409209356299503,0.002504916526707,-0.046241985155039,1,0.2948905109489051,0.3240875912408759,0.381021897810219,-0.0291970802919708,-0.0392127543506373
2021-01-28,-0.0107356362985502,-0.0564811843192418,0.0058201970757873,0.0111827113509101,-0.0513084583775322,-0.0117580165856694,-0.0564811843192418,1,0.2948905109489051,0.3240875912408759,0.381021897810219,-0.0291970802919708,-0.0392127543506373
2021-01-29,-0.0132404080318145,-0.0655056252934302,0.0038344198070597,0.011121522150571,-0.0658417605305708,-0.0248287946787776,-0.0689737584245495,1,0.2948905109489051,0.3240875912408759,0.381021897810219,-0.0291970802919708,-0.0392127543506373
2021-02-01,0.0474234667683688,-0.0063109261823418,0.0273118581482098,0.0202336654075368,-0.0105655514525034,0.0187395227734779,-0.0248212663967168,1,0.2948905109489051,0.3240875912408759,0.381021897810219,-0.0291970802919708,-0.0392127543506373
2021-02-02,0.0256736128616643,0.0287206174634278,0.0290742817793819,0.0215117484981218,0.0256664309271565,0.036436258658874,0.0,1,0.2948905109489051,0.3240875912408759,0.381021897810219,-0.0291970802919708,-0.0392127543506373
2021-02-03,0.0097010824114118,0.0588831215321281,0.0254989440116382,0.0211100952977465,0.018510930608113,0.0415824500862707,0.0,1,0.2948905109489051,0.3240875912408759,0.381021897810219,-0.0291970802919708,-0.0392127543506373
2021-02-04,0.0071467449180016,0.0780239622798542,0.0226489455288667,0.0210680418997673,0.0171358921657662,0.0529751700980825,0.0,1,0.2948905109489051,0.3240875912408759,0.381021897810219,-0.0291970802919708,-0.0392127543506373
2021-02-05,0.0019200236310601,0.0945865665292711,0.0185010807578995,0.0209765416594043,0.0228849890509823,0.0556610680219418,0.0,1,0.2948905109489051,0.3240875912408759,0.381021897810219,-0.0291970802919708,-0.0392127543506373
2021-02-08,0.0128348158198903,0.0584404671876312,0.0088969925564003,0.0202390096305699,0.0517607275308065,0.0535677568872083,0.0,1,0.2948905109489051,0.3240875912408759,0.381021897810219,-0.0291970802919708,-0.0392127543506373
2021-02-09,-0.0004300136281242,0.0315029168103166,0.0054645219727054,0.0197225846781323,0.0611283174964358,0.0431177617839451,-0.0004300136281242,1,0.2948905109489051,0.3240875912408759,0.381021897810219,-0.0291970802919708,-0.0392127543506373
2021-02-10,-0.000185316328354,0.0214030473395785,0.0056809611703638,0.0178598617808156,0.0815464471093609,0.0372885545663972,-0.0006152502679315,1,0.2948905109489051,0.3240875912408759,0.381021897810219,-0.0291970802919708,-0.0392127543506373
2021-02-11,0.0044219375765397,0.0186396699707631,0.0054609136184588,0.0166974605267838,0.0981179731573254,0.0417752328379625,0.0,1,0.2948905109489051,0.3240875912408759,0.381021897810219,-0.0291970802919708,-0.0392127543506373
2021-02-12,-0.0006590524144385,0.0160175553210377,0.0057847298184268,0.0151980577624011,0.1121191674123185,0.0388952835100988,-0.0006590524144385,1,0.2948905109489051,0.3240875912408759,0.381021897810219,-0.0291970802919708,-0.0392127543506373
2021-02-15,0.0099846339517124,0.0131584170206011,0.0046208541584482,0.0081438808062743,0.0723678682463657,0.0610377103583974,0.0,1,0.2948905109489051,0.3240875912408759,0.381021897810219,-0.0291970802919708,-0.0392127543506373
2021-02-16,-8.162092629959705e-05,0.0135115458691006,0.0045655389558719,0.0051003433877316,0.0454401157849104,0.0722728323051824,-8.162092629959705e-05,1,0.2948905109489051,0.3240875912408759,0.381021897810219,-0.0291970802919708,-0.0392127543506373
2021-02-17,-0.0068273315288195,0.0067785390394863,0.0062639188244344,0.0058396495668853,0.0283266677710201,0.0473619513606016,-0.0069083952019954,1,0.2948905109489051,0.3240875912408759,0.381021897810219,-0.0291970802919708,-0.0392127543506373
2021-02-18,-0.0059143001795001,-0.0035819498724732,0.0066947477362272,0.0062113280798205,0.0149909537348151,0.0323837292672435,-0.0127818370585124,1,0.2948905109489051,0.3240875912408759,0.381021897810219,-0.0291970802919708,-0.0392127543506373
2021-02-19,-0.00907470426187,-0.0119729874103921,0.0076690251053513,0.0070468681362182,0.0038527899224416,0.0268259500286147,-0.021740549929153,1,0.2948905109489051,0.3240875912408759,0.381021897810219,-0.0291970802919708,-0.0392127543506373
2021-02-22,-0.020428187628281,-0.0417246175243393,0.0074659003064526,0.0082726491769077,-0.0291152304211486,0.0211384716008322,-0.0417246175243393,1,0.2948905109489051,0.3240875912408759,0.381021897810219,-0.0291970802919708,-0.0392127543506373
2021-02-23,0.0021872891923382,-0.0395501993345719,0.008141258164308,0.0084005733856393,-0.0265730377979125,0.0329309146071676,-0.0396285921369665,1,0.2948905109489051,0.3240875912408759,0.381021897810219,-0.0291970802919708,-0.0392127543506373
2021-02-24,0.0186431689307715,-0.0149188961726357,0.0145296031791705,0.0107872792416476,-0.0082414854532817,0.0726328977984607,-0.0217242257438932,1,0.2948905109489051,0.3240875912408759,0.381021897810219,-0.0291970802919708,-0.0392127543506373
2021-02-25,0.0076992390869043,-0.0014286706418105,0.0150922326872888,0.0110101863798639,-0.0050055030876604,0.0926213402520708,-0.0141922466649689,1,0.2948905109489051,0.3240875912408759,0.381021897810219,-0.0291970802919708,-0.0392127543506373
2021-02-26,-0.0376357440213017,-0.0302100889415455,0.0227537696950222,0.0161150088006085,-0.0418213713373737,0.065608818740557,-0.0512938549237008,1,0.2948905109489051,0.3240875912408759,0.381021897810219,-0.0291970802919708,-0.0392127543506373
2021-03-01,0.0159954298771778,0.0058498061421259,0.0227730133573516,0.016798201076447,-0.0361188923060851,0.0336351287006693,-0.0361188923060851,1,0.2948905109489051,0.3240875912408759,0.381021897810219,-0.0291970802919708,-0.0392127543506373
2021-03-02,0.0106729984317366,0.0143665266049308,0.0231612998239298,0.0173787157836235,-0.0257518717206116,0.0185180760316361,-0.0258313907552873,1,0.2948905109489051,0.3240875912408759,0.381021897810219,-0.0291970802919708,-0.0392127543506373
2021-03-03,0.0218846981386275,0.0175944466693365,0.023744043865462,0.0188850388517672,0.0024130607736259,0.0308080825154919,-0.0045120048058401,1,0.2948905109489051,0.3240875912408759,0.381021897810219,-0.0291970802919708,-0.0392127543506373
2021-03-04,-0.0108129558692344,-0.0010995307123435,0.0244032464376372,0.0191290698603122,-0.0025266304869056,0.0124264466471755,-0.0152761725662272,1,0.2948905109489051,0.3240875912408759,0.381021897810219,-0.0291970802919708,-0.0392127543506373
2021-03-05,-0.0094590786267261,0.0281468633746639,0.0149594187370386,0.0191495116668464,-0.0029135448128556,0.0009280198334924,-0.024590752675534,1,0.2948905109489051,0.3240875912408759,0.381021897810219,-0.0291970802919708,-0.0392127543506373
2021-03-08,0.0012116668117096,0.0131862846381309,0.0138228040777722,0.0177735343030106,0.0191132279891248,-0.010558488469019,-0.0234088816627162,1,0.2948905109489051,0.3240875912408759,0.381021897810219,-0.0291970802919708,-0.0392127543506373
2021-03-09,0.0095077626669874,0.0120181512289614,0.0136636724470308,0.0179303993928939,0.0265573369232652,-0.0007214099925211,-0.0141236850868773,1,0.2948905109489051,0.3240875912408759,0.381021897810219,-0.0291970802919708,-0.0392127543506373
2021-03-10,0.0050601388226567,-0.0046439628482972,0.0089418737534922,0.0170891450104769,0.0128687758643706,0.0045212325820009,-0.0091350140714477,1,0.2948905109489051,0.3240875912408759,0.381021897810219,-0.0291970802919708,-0.0392127543506373
2021-03-12,-0.0094795318554444,-0.003302223032674,0.0085850229391634,0.0172496352459611,-0.0043981228493742,-0.0093816111195322,-0.0185279502700019,1,0.2948905109489051,0.3240875912408759,0.381021897810219,-0.0291970802919708,-0.0392127543506373
2021-03-15,-0.0067494070567729,-0.0005757090928565,0.0079505711324114,0.0116929566122877,0.0275549498766274,-0.0154188072517195,-0.025152304648475,1,0.2948905109489051,0.3240875912408759,0.381021897810219,-0.0291970802919708,-0.0392127543506373
2021-03-16,-0.0012759971867778,-0.0030589320816785,0.0079265615183078,0.0107631572745696,0.0100870166073347,-0.0263962075652803,-0.0263167346352389,1,0.2948905109489051,0.3240875912408759,0.381021897810219,-0.0291970802919708,-0.0392127543506373
2021-03-17,-0.012685733830971,-0.0249761564139247,0.0070226120073797,0.0109767274924605,-0.0132581724098639,-0.038668621375327,-0.0343902503017264,1,0.2948905109489051,0.3240875912408759,0.381021897810219,-0.0291970802919708,-0.0392127543506373
2021-03-18,-0.0111029596570954,-0.0406562195218387,0.004478140677773,0.0077134511898018,-0.0451113763971243,-0.0428071721163265,-0.0451113763971243,1,0.2948905109489051,0.3240875912408759,0.381021897810219,-0.0291970802919708,-0.0392127543506373
2021-03-19,0.0127869156503193,-0.0190906097086345,0.0102772163141754,0.0090827979201674,-0.0223297912902209,-0.0248000026456863,-0.032901296111665,1,0.2948905109489051,0.3240875912408759,0.381021897810219,-0.0291970802919708,-0.0392127543506373
2021-03-22,-0.0005154639175257,-0.0129341237147928,0.0102086880544338,0.0087238668862103,-0.0135023865150186,-0.0163765915196822,-0.0333998005982054,1,0.2948905109489051,0.3240875912408759,0.381021897810219,-0.0291970802919708,-0.0392127543506373
2021-03-23,0.0053167666458564,-0.006418317354607,0.0108230460144772,0.0089501074762621,-0.009457616239419,0.0094748461742879,-0.0282606128981476,1,0.2948905109489051,0.3240875912408759,0.381021897810219,-0.0291970802919708,-0.0392127543506373
2021-03-24,-0.0179112033615147,-0.0116769578773613,0.0123492449089678,0.0095804504993563,-0.0363614687649022,-0.0107697956186513,-0.0456656346749226,1,0.2948905109489051,0.3240875912408759,0.381021897810219,-0.0291970802919708,-0.0392127543506373
2021-03-25,-0.0154301895610815,-0.0160016760716726,0.0132411137802978,0.0096996840536851,-0.0560073279384242,-0.0438592978240555,-0.060391194836543,1,0.2948905109489051,0.3240875912408759,0.381021897810219,-0.0291970802919708,-0.0392127543506373
2021-03-26,0.0127330731802663,-0.0160539880629408,0.0132249240224949,0.0111709748335314,-0.0348381173511987,-0.0390830178806215,-0.048427087159574,1,0.2948905109489051,0.3240875912408759,0.381021897810219,-0.0291970802919708,-0.0392127543506373
2021-03-30,0.0232848290171157,0.007376292717353,0.0178794986387801,0.0138995725493077,-0.0056532368800026,0.0217459383377556,-0.0262698745867659,1,0.2948905109489051,0.3240875912408759,0.381021897810219,-0.0291970802919708,-0.0392127543506373
2021-03-31,-0.010400738290749,-0.0083734116336758,0.0184354209670759,0.0142526584953122,-0.0147379857750772,-0.0047996314750143,-0.0363973867870073,1,0.2948905109489051,0.3240875912408759,0.381021897810219,-0.0291970802919708,-0.0392127543506373
2021-04-01,0.0120246142117121,0.0218531348371755,0.0165567277529934,0.0142191760145433,0.0099209988248321,-0.0034687078979295,-0.0248104371097234,1,0.3545994065281899,0.2774480712166172,0.3679525222551928,0.0771513353115727,0.0189977135605024
2021-04-05,-0.0154398732793672,0.0218430844194374,0.0165596338281572,0.0146903334496539,0.0054918823864786,-0.0398672403841109,-0.0353876163112528,1,0.3545994065281899,0.2774480712166172,0.3679525222551928,0.0771513353115727,0.0189977135605024
2021-04-06,0.0031220538605529,0.0121456094517933,0.0159011068313556,0.0141091748805152,-0.0041033640803038,-0.0263415281070238,-0.0323760444948203,1,0.3545994065281899,0.2774480712166172,0.3679525222551928,0.0771513353115727,0.0189977135605024
2021-04-07,0.0092314502673067,-0.0017547877750908,0.0121005734148443,0.0144273757958525,0.0056085611139762,-0.0079695543609964,-0.0234434720721196,1,0.3545994065281899,0.2774480712166172,0.3679525222551928,0.0771513353115727,0.0189977135605024
2021-04-08,0.0036945688151399,0.0124636674903169,0.0107200766044063,0.0143781472847529,0.0039858924382794,-0.0055094208421926,-0.0198355167778158,1,0.3545994065281899,0.2774480712166172,0.3679525222551928,0.0771513353115727,0.0189977135605024
2021-04-09,-0.0026186986513196,-0.0021859981772138,0.009394886659098,0.0129453014616616,0.0196193657470411,-0.0174554919726592,-0.0224022721881012,1,0.3545994065281899,0.2774480712166172,0.3679525222551928,0.0771513353115727,0.0189977135605024
2021-04-12,-0.0353256015396179,-0.0223394225908264,0.017800867157946,0.0168616392433155,-0.0009843000649218,-0.0569364999868202,-0.0479111433409067,1,0.3545994065281899,0.2774480712166172,0.3679525222551928,0.0771513353115727,0.0189977135605024
2021-04-13,0.0135561953210163,-0.012170122927095,0.0194365619966051,0.0169323986149778,-0.0001723270353546,-0.0350044408370728,-0.0284470343949898,1,0.3545994065281899,0.2774480712166172,0.3679525222551928,0.0771513353115727,0.0189977135605024
2021-04-15,0.005284457558877,-0.0160334164470731,0.0189249407446008,0.0150471841613681,-0.0177600689789896,-0.0233129039820488,-0.0220650617519927,1,0.3545994065281899,0.2774480712166172,0.3679525222551928,0.0771513353115727,0.0189977135605024
2021-04-16,0.0024963223822047,-0.017208110906426,0.0188250007119049,0.0147674617865654,-0.0049589195885832,-0.0196238208773041,-0.017208110906426,1,0.3545994065281899,0.2774480712166172,0.3679525222551928,0.0771513353115727,0.0189977135605024
2021-04-19,-0.0176770181661461,-0.0320461615722437,0.0198605138181556,0.0149768650592814,-0.0341621068986739,-0.0245800302962373,-0.0345809409834741,1,0.3545994065281899,0.2774480712166172,0.3679525222551928,0.0771513353115727,0.0189977135605024
2021-04-20,-0.0043908366963916,-0.0010062330547557,0.0117215307218339,0.0143830834673348,-0.0233231769801472,-0.0179593827385226,-0.0388199384151998,1,0.3545994065281899,0.2774480712166172,0.3679525222551928,0.0771513353115727,0.0189977135605024
2021-04-22,0.0076767577851766,-0.0068011968451822,0.0101993490825632,0.0146423306498199,-0.0188885483706201,-0.0229144058600109,-0.0314411918944721,1,0.3545994065281899,0.2774480712166172,0.3679525222551928,0.0771513353115727,0.0189977135605024
2021-04-23,-0.0044980789454502,-0.01646612648262,0.0095316346679338,0.0141268796109166,-0.0322355346665271,-0.0268077685187697,-0.035797845876642,1,0.3545994065281899,0.2774480712166172,0.3679525222551928,0.0771513353115727,0.0189977135605024
2021-04-26,0.0100164907766702,-0.0090882038056212,0.0111299923766383,0.0146021763732941,-0.0261399238930198,-0.0222582223797228,-0.0261399238930198,1,0.3545994065281899,0.2774480712166172,0.3679525222551928,0.0771513353115727,0.0189977135605024
2021-04-27,0.0116016568864341,0.0204464655679708,0.0079071552593159,0.0152716075083869,-0.0122549267434454,0.0071240051136129,-0.01484153343463,1,0.3545994065281899,0.2774480712166172,0.3679525222551928,0.0771513353115727,0.0189977135605024
2021-04-28,0.0144338550677163,0.0397407739011219,0.007324970155218,0.0101318558027703,0.0386945523660451,0.0376721652507172,-0.0006218989094918,1,0.3545994065281899,0.2774480712166172,0.3679525222551928,0.0771513353115727,0.0189977135605024
2021-04-29,0.0020417705211392,0.0339264827868652,0.0077770834504122,0.0095434173382285,0.0268945452539848,0.0267175835613795,0.0,1,0.3545994065281899,0.2774480712166172,0.3679525222551928,0.0771513353115727,0.0189977135605024
2021-04-30,-0.017710760058812,0.0202038162376623,0.0130193231915189,0.0114341874383123,0.0034050111614414,-0.0144155310506497,-0.017710760058812,1,0.3545994065281899,0.2774480712166172,0.3679525222551928,0.0771513353115727,0.0189977135605024
2021-05-03,0.0002084600611027,0.0102968588194682,0.0126338025556939,0.0114104239246906,0.0011150750623381,-0.0038493740938144,-0.0175059919838334,1,0.3545994065281899,0.2774480712166172,0.3679525222551928,0.0771513353115727,0.0189977135605024
2021-05-04,-0.009406080981813,-0.010683782557215,0.0121750293517391,0.0102095848026132,0.0095442374185641,-0.0249439207390691,-0.0267474101873795,1,0.3545994065281899,0.2774480712166172,0.3679525222551928,0.0771513353115727,0.0189977135605024
2021-05-05,0.0083709861000931,-0.0165965333629338,0.0102714403499374,0.0102587242860572,0.0224846814582693,-0.0013629097268714,-0.0186003262861784,1,0.3545994065281899,0.2774480712166172,0.3679525222551928,0.0771513353115727,0.0189977135605024
2021-05-06,0.0073163974182248,-0.0114200162471719,0.0111871551294195,0.0102382477539302,0.022119025555058,0.0028126809003301,-0.0114200162471719,1,0.3545994065281899,0.2774480712166172,0.3679525222551928,0.0771513353115727,0.0189977135605024
2021-05-07,0.0066792078669999,0.0131261490933696,0.0074506435227755,0.0100292001582253,0.0335951636352225,0.0002766709067045,-0.0048170850425313,1,0.3545994065281899,0.2774480712166172,0.3679525222551928,0.0771513353115727,0.0189977135605024
2021-05-10,0.0080414756647542,0.0210603280682513,0.007634427020755,0.0099020873904555,0.0315740421125301,0.0046087751616938,0.0,1,0.3545994065281899,0.2774480712166172,0.3679525222551928,0.0771513353115727,0.0189977135605024
2021-05-11,-0.0061302271731019,0.0244369330528058,0.0061761074197721,0.0098092083307725,0.0134920716164894,0.0010718005237666,-0.0061302271731019,1,0.3545994065281899,0.2774480712166172,0.3679525222551928,0.0771513353115727,0.0189977135605024
2021-05-12,-0.0103866808073666,0.0053804081995643,0.0086915933700922,0.0092655554603014,-0.0113054212875599,0.0269516728624534,-0.0164532352675449,1,0.3545994065281899,0.2774480712166172,0.3679525222551928,0.0771513353115727,0.0189977135605024
2021-05-14,-0.0012724117987276,-0.0031918939476257,0.007976147222925,0.0091998282410407,-0.0145754587140565,0.0119270862059455,-0.0177047117755909,1,0.3545994065281899,0.2774480712166172,0.3679525222551928,0.0771513353115727,0.0189977135605024
2021-05-17,0.0167157203395604,0.0067462044167401,0.0109710098976006,0.0088653253702501,0.0199609051950979,0.0234338834615213,-0.0012849384467638,1,0.3545994065281899,0.2774480712166172,0.3679525222551928,0.0771513353115727,0.0189977135605024
2021-05-18,0.0123934960112308,0.0110926326849525,0.0117735709679132,0.0094102785576259,0.0323865752366896,0.0335377637614286,0.0,1,0.3545994065281899,0.2774480712166172,0.3679525222551928,0.0771513353115727,0.0189977135605024
2021-05-19,-0.0051594839854118,0.0120801979697995,0.0116073740536744,0.0088560778740181,0.0368123340116579,0.0467079170859607,-0.0051594839854118,1,0.3545994065281899,0.2774480712166172,0.3679525222551928,0.0771513353115727,0.0189977135605024
2021-05-20,-0.0082567372913776,0.0142584969210355,0.0110435096655349,0.0094159045976963,0.0197156216543472,0.0426436025852661,-0.0133736207729628,1,0.3545994065281899,0.2774480712166172,0.3679525222551928,0.0771513353115727,0.0189977135605024
2021-05-21,0.0180631354382951,0.0338947253675618,0.012511890624271,0.0106263387169852,0.0305946430511789,0.0533903922977339,0.0,1,0.3545994065281899,0.2774480712166172,0.3679525222551928,0.0771513353115727,0.0189977135605024
2021-05-24,0.0014760828451498,0.0183975903210784,0.0112724920577327,0.0105570702819496,0.0252679086428999,0.0597119518037005,0.0,1,0.3545994065281899,0.2774480712166172,0.3679525222551928,0.0771513353115727,0.0189977135605024
2021-05-25,0.000707343874402,0.0066421323660816,0.0101786454424059,0.0103864377196881,0.017808443785616,0.049944770452192,0.0,1,0.3545994065281899,0.2774480712166172,0.3679525222551928,0.0771513353115727,0.0189977135605024
2021-05-26,0.006115021583396,0.0180503853920288,0.0096042454734114,0.010062422693069,0.0303486355907951,0.0442501731721383,0.0,1,0.3545994065281899,0.2774480712166172,0.3679525222551928,0.0771513353115727,0.0189977135605024
2021-05-27,0.0023788595198495,0.0289681035552678,0.0071903731404627,0.0089140845203827,0.0436396420916544,0.03184085626541,0.0,1,0.3545994065281899,0.2774480712166172,0.3679525222551928,0.0771513353115727,0.0189977135605024
2021-05-28,0.0063763826090357,0.0171561682470857,0.0026563227030439,0.0087070276829815,0.0516323972257422,0.0363043726376142,0.0,1,0.3545994065281899,0.2774480712166172,0.3679525222551928,0.0771513353115727,0.0189977135605024
2021-05-31,0.0095331262369904,0.0253393605611373,0.0034993484154823,0.0078994125469262,0.0442031340568176,0.0650463738201501,0.0,1,0.3545994065281899,0.2774480712166172,0.3679525222551928,0.0771513353115727,0.0189977135605024
2021-06-01,-0.0005101778884409,0.0240918699801755,0.0038946879710982,0.0074848575064553,0.0308940237356121,0.0642811505963791,-0.0005101778884409,1,0.3545994065281899,0.2774480712166172,0.3679525222551928,0.0771513353115727,0.0189977135605024
2021-06-02,8.667820235830348e-05,0.0179558146450173,0.004290536436209,0.0070127399545314,0.0363303094114164,0.0744800469078743,-0.0004235439073849,0,0.3545994065281899,0.2774480712166172,0.3679525222551928,0.0771513353115727,0.0189977135605024
2021-06-03,0.007328488334767,0.0229823606307273,0.0045114584033715,0.0056933740691396,0.0526162195886905,0.0733692027213304,0.0,0,0.3545994065281899,0.2774480712166172,0.3679525222551928,0.0771513353115727,0.0189977135605024
2021-06-04,-0.0012810421692314,0.0151985825021945,0.0050136994845339,0.0037878848857834,0.0326155001878052,0.0642080028251657,-0.0012810421692314,0,0.3545994065281899,0.2774480712166172,0.3679525222551928,0.0771513353115727,0.0189977135605024
2021-06-07,0.0051945565641899,0.0108356649639345,0.0038467850595752,0.0037800582678784,0.0364495943465128,0.0626385080094311,0.0,0,0.3545994065281899,0.2774480712166172,0.3679525222551928,0.0771513353115727,0.0189977135605024
2021-06-08,-0.0007332565159839,0.0106100540294127,0.0038866374518428,0.0039268491174586,0.0349575400517474,0.0533885232242585,-0.0007332565159839,0,0.3545994065281899,0.2774480712166172,0.3679525222551928,0.0771513353115727,0.0189977135605024
2021-06-09,-0.0066549767790548,0.0037974602277834,0.0055719678186341,0.0049154315209568,0.0218214613647727,0.0528323485345858,-0.0073833534899517,0,0.3545994065281899,0.2774480712166172,0.3679525222551928,0.0771513353115727,0.0189977135605024
2021-06-10,0.0065492617690041,0.0030209651155008,0.0053491385973415,0.0051080844800559,0.0260727546559653,0.0708502024291497,-0.0008824472356864,0,0.3545994065281899,0.2774480712166172,0.3679525222551928,0.0771513353115727,0.0189977135605024
2021-06-11,0.0039141554542421,0.0082385411847289,0.0053931790259351,0.0049625014371612,0.0235623378348175,0.0764113150472143,0.0,0,0.3545994065281899,0.2774480712166172,0.3679525222551928,0.0771513353115727,0.0189977135605024
2021-06-14,0.0007911717887127,0.0038218218408865,0.0050168724116774,0.0042778537142374,0.0146988987858409,0.0595517702361767,0.0,0,0.3545994065281899,0.2774480712166172,0.3679525222551928,0.0771513353115727,0.0189977135605024
2021-06-15,0.0036301887508418,0.0082051575275887,0.0050685416267464,0.0042654148819817,0.018902268721689,0.050380259595846,0.0,0,0.3545994065281899,0.2774480712166172,0.3679525222551928,0.0771513353115727,0.0189977135605024
2021-06-16,-0.0064086204452006,0.0084551992759995,0.0049678726141328,0.0050004775516676,0.0122847677867514,0.0490613866129079,-0.0064086204452006,0,0.3545994065281899,0.2774480712166172,0.3679525222551928,0.0771513353115727,0.0189977135605024
2021-06-17,-0.0048295391484409,-0.0029451478133787,0.0047915193965324,0.004828853593555,6.692011331810299e-05,0.0526866607853857,-0.011207208910314,0,0.3545994065281899,0.2774480712166172,0.3679525222551928,0.0771513353115727,0.0189977135605024
2021-06-18,-0.0005130198707571,-0.007342074199255,0.0041145178288758,0.0048119893470014,0.000835979004802,0.0334787450659954,-0.0117144792602044,0,0.3545994065281899,0.2774480712166172,0.3679525222551928,0.0771513353115727,0.0189977135605024
2021-06-21,0.004026563202377,-0.0041329762172042,0.0047617399142899,0.0046869809067962,-0.0003269498750924,0.0361107272811016,-0.0077350851489516,0,0.3545994065281899,0.2774480712166172,0.3679525222551928,0.0771513353115727,0.0189977135605024
2021-06-22,0.0016670371193598,-0.0060809427036564,0.004367820530622,0.0047079696582471,0.0020743197311325,0.0371043728979612,-0.0060809427036564,0,0.3545994065281899,0.2774480712166172,0.3679525222551928,0.0771513353115727,0.0189977135605024
2021-06-23,-0.0054397616141762,-0.0051117643514685,0.0040924275586509,0.0045229228141133,0.0033002139382873,0.0251936907940097,-0.0114876254391353,0,0.3545994065281899,0.2774480712166172,0.3679525222551928,0.0771513353115727,0.0189977135605024
2021-06-24,0.0065978408804769,0.0063123749314912,0.0045919005506628,0.0045303544609666,0.0033486362408858,0.029508699067992,-0.0049655780834002,0,0.3545994065281899,0.2774480712166172,0.3679525222551928,0.0771513353115727,0.0189977135605024
2021-06-25,0.0044267262807582,0.0112858541064249,0.0046440863595467,0.0045778911121621,0.0038609183289186,0.0275142284257547,-0.0005608330576428,0,0.3545994065281899,0.2774480712166172,0.3679525222551928,0.0771513353115727,0.0189977135605024
2021-06-28,-0.0028782466969518,0.0043311212015368,0.0049989014976522,0.0046883244453662,0.0001802445634129,0.014881792745848,-0.003437465538699,0,0.3545994065281899,0.2774480712166172,0.3679525222551928,0.0771513353115727,0.0189977135605024
2021-06-29,-0.0041891404832212,-0.001540631785833,0.0054339674420449,0.0046728113547882,-0.0076122059958724,0.0111461747625178,-0.0076122059958724,0,0.3545994065281899,0.2774480712166172,0.3679525222551928,0.0771513353115727,0.0189977135605024
2021-06-30,-0.0017112795227467,0.0022024676562364,0.0047665573456311,0.0042590008634248,-0.0029205551908825,0.0093283342535406,-0.0093104589063754,0,0.3545994065281899,0.2774480712166172,0.3679525222551928,0.0771513353115727,0.0189977135605024
2021-07-01,-0.002639697229908,-0.0069947341589379,0.0033744994910511,0.004050526340622,-0.0007265126120039,-0.0006596411169923,-0.0119255793436993,0,0.3545994065281899,0.2774480712166172,0.3679525222551928,0.0771513353115727,0.0189977135605024
2021-07-02,0.0026913265306123,-0.0087104004640502,0.002633471247122,0.00413699584702,0.0024771493335289,0.0033151991831656,-0.0092663484411675,0,0.3545994065281899,0.2774480712166172,0.3679525222551928,0.0771513353115727,0.0189977135605024
2021-07-05,0.0071332256300009,0.0012425148754007,0.0046163180356865,0.0045479168021727,0.0055790175594576,0.005250243625271,-0.0021992217653638,0,0.3545994065281899,0.2774480712166172,0.3679525222551928,0.0771513353115727,0.0189977135605024
2021-07-06,-0.0010167768174885,0.0044321822147574,0.0040337281085495,0.0045548933662802,0.0028847220681238,0.0049650256351612,-0.0032137624651448,0,0.3545994065281899,0.2774480712166172,0.3679525222551928,0.0771513353115727,0.0189977135605024
2021-07-07,0.0038815924644002,0.0100594726966256,0.003904982946858,0.0041894805536573,0.0122840960161152,0.0156248500992941,0.0,0,0.3545994065281899,0.2774480712166172,0.3679525222551928,0.0771513353115727,0.0189977135605024
2021-07-08,-0.0095562559628203,0.0030548469387754,0.0063950272008764,0.0049372229497231,-0.0039612550623954,-0.0006258836237709,-0.0095562559628203,0,0.3545994065281899,0.2774480712166172,0.3679525222551928,0.0771513353115727,0.0189977135605024
2021-07-09,-0.0024224467347834,-0.0020607802979227,0.0063911887650477,0.0046628700919303,-0.0107532305403097,-0.0069338295562793,-0.0119555531765498,0,0.3545994065281899,0.2774480712166172,0.3679525222551928,0.0771513353115727,0.0189977135605024
2021-07-12,0.0001784598911396,-0.008952056762671,0.0049334153381324,0.0046313002076773,-0.0077206649509633,-0.0075418119954338,-0.0117792268721287,0,0.3545994065281899,0.2774480712166172,0.3679525222551928,0.0771513353115727,0.0189977135605024
2021-07-13,0.0076309853051756,-0.0003729868980449,0.0065288641947767,0.005140677798169,0.0040575421708168,-0.0035855506718969,-0.0042381286741206,0,0.3545994065281899,0.2774480712166172,0.3679525222551928,0.0771513353115727,0.0189977135605024
2021-07-14,0.002630854996253,-0.0016184235798647,0.0063620382431293,0.0051242997729343,0.0084247686289475,0.005479608436314,-0.0016184235798647,0,0.3545994065281899,0.2774480712166172,0.3679525222551928,0.0771513353115727,0.0189977135605024
2021-07-15,0.0044310723825924,0.0124810050928605,0.0038630519799327,0.0050767072994505,0.0155739795918368,0.0148361522872402,0.0,0,0.3545994065281899,0.2774480712166172,0.3679525222551928,0.0771513353115727,0.0189977135605024
2021-07-16,-5.023800253711741e-05,0.014888653775064,0.0031972215666327,0.0050827389069559,0.0127971912327791,0.0153060411200411,-5.023800253711741e-05,0,0.3545994065281899,0.2774480712166172,0.3679525222551928,0.0771513353115727,0.0189977135605024
2021-07-19,-0.0107389125438034,0.0038107133298497,0.0070190211552916,0.0058775037944959,-0.0051754571548564,0.0003746864382561,-0.0107886110448249,0,0.3545994065281899,0.2774480712166172,0.3679525222551928,0.0771513353115727,0.0189977135605024
2021-07-20,-0.0076369315151976,-0.0113993176219853,0.0066025844861845,0.006299467531039,-0.0117680527239106,-0.0089172782171783,-0.018343150676329,0,0.3545994065281899,0.2774480712166172,0.3679525222551928,0.0771513353115727,0.0189977135605024
2021-07-22,0.0122792203222854,-0.0018859653272529,0.0092665305941313,0.007493550012033,-0.0035013366163612,0.0087397486445739,-0.0062891699426032,0,0.3545994065281899,0.2774480712166172,0.3679525222551928,0.0771513353115727,0.0189977135605024
2021-07-23,0.0020222383018253,-0.0042796498411223,0.0090154823112889,0.0067681986868794,0.0081479409202753,0.0041544097856613,-0.0042796498411223,0,0.3545994065281899,0.2774480712166172,0.3679525222551928,0.0771513353115727,0.0189977135605024
2021-07-26,-0.0019929301433836,-0.0062141251240311,0.0090156110712891,0.0067465761679554,0.0085820086935461,-0.0022635061647441,-0.0062640509413345,0,0.3545994065281899,0.2774480712166172,0.3679525222551928,0.0771513353115727,0.0189977135605024
2021-07-27,-0.0049290812634877,-0.0003777202204108,0.0077692627620988,0.0069939974626634,0.0034315537259599,-0.0043156051015826,-0.0111622561886939,0,0.3545994065281899,0.2774480712166172,0.3679525222551928,0.0771513353115727,0.0189977135605024
2021-07-28,-0.0023529112911164,0.0049449530133507,0.0067753097898105,0.0065392936455435,-0.0065107336986596,-0.0024796091043881,-0.0134889036811897,0,0.3545994065281899,0.2774480712166172,0.3679525222551928,0.0771513353115727,0.0189977135605024
2021-07-29,0.0043954574967854,-0.002881689580101,0.003727618188832,0.0066598731587948,-0.004762220140722,0.00362242788538,-0.0091527360872131,0,0.3545994065281899,0.2774480712166172,0.3679525222551928,0.0771513353115727,0.0189977135605024
2021-07-30,-0.000976014754301,-0.0058652690928698,0.0034358087296564,0.0064345801741355,-0.0101198176360508,0.0052965561224489,-0.0101198176360508,0,0.3545994065281899,0.2774480712166172,0.3679525222551928,0.0771513353115727,0.0189977135605024
2021-08-02,0.0077459628688609,0.003835836316586,0.005174177384486,0.007008844558574,-0.0024021251742718,0.010364325603287,-0.0024522424988383,0,0.3545994065281899,0.2774480712166172,0.3679525222551928,0.0771513353115727,0.0189977135605024
2021-08-03,0.0154609808531867,0.0244055009224299,0.007193927878079,0.0075176308766996,0.0240185622508315,0.0187187980561247,0.0,0,0.3545994065281899,0.2774480712166172,0.3679525222551928,0.0771513353115727,0.0189977135605024
2021-08-04,0.0079382545758877,0.034972691509542,0.0059872265026475,0.0067844330078492,0.0400905828391577,0.0278507420226636,0.0,0,0.3545994065281899,0.2774480712166172,0.3679525222551928,0.0771513353115727,0.0189977135605024
2021-08-05,0.0022018845179225,0.0327123386644441,0.0062904977180201,0.0061279439382586,0.0297363822788729,0.0261309285784006,0.0,0,0.3545994065281899,0.2774480712166172,0.3679525222551928,0.0771513353115727,0.0189977135605024
2021-08-06,-0.0034612693775851,0.0301432781092492,0.0070755577091315,0.006456841328167,0.0241012105789273,0.032445526739107,-0.0034612693775851,0,0.3545994065281899,0.2774480712166172,0.3679525222551928,0.0771513353115727,0.0189977135605024
2021-08-09,0.0012347427670553,0.0234873450990391,0.0072652729260577,0.0062912268725284,0.027413275026936,0.0362305446850821,-0.0022308003878586,0,0.3545994065281899,0.2774480712166172,0.3679525222551928,0.0771513353115727,0.0189977135605024
2021-08-10,0.0013439330801285,0.0092587139469646,0.0040630925013779,0.0057309402967507,0.0338901784211678,0.0374380281151625,-0.0008898653541664,0,0.3545994065281899,0.2774480712166172,0.3679525222551928,0.0771513353115727,0.0189977135605024
2021-08-11,0.0001320630708656,0.0014422958643933,0.0022223625881737,0.00550547287448,0.0364654283422665,0.0297172779504626,-0.000757919801652,0,0.3545994065281899,0.2774480712166172,0.3679525222551928,0.0771513353115727,0.0189977135605024
2021-08-12,0.0050453714934974,0.0042836277048838,0.0030452920134835,0.005519703216274,0.0371360938495224,0.0321970234547226,0.0,0,0.3545994065281899,0.2774480712166172,0.3679525222551928,0.0771513353115727,0.0189977135605024
2021-08-13,0.0100645303219182,0.0179145471788744,0.0040799412789064,0.0055916067078552,0.0485978284659376,0.0379862096683034,0.0,0,0.3545994065281899,0.2774480712166172,0.3679525222551928,0.0771513353115727,0.0189977135605024
2021-08-16,0.0020539533307923,0.0187474051635323,0.0039781922369169,0.005544592910352,0.0426750770373587,0.0401704409862215,0.0,0,0.3545994065281899,0.2774480712166172,0.3679525222551928,0.0771513353115727,0.0189977135605024
2021-08-17,0.0031123494766964,0.0205465568393312,0.0037872797051755,0.0038850524572863,0.0299955054786664,0.0547345166450825,0.0,0,0.3545994065281899,0.2774480712166172,0.3679525222551928,0.0771513353115727,0.0189977135605024
2021-08-18,-0.0027536022534397,0.0176019898969737,0.0046591306664667,0.0038357105439066,0.0190696730386006,0.0599247701844281,-0.0027536022534397,0,0.3545994065281899,0.2774480712166172,0.3679525222551928,0.0771513353115727,0.0189977135605024
2021-08-20,-0.0071429218080916,0.0052614211336805,0.0064829179547351,0.0047762859117868,0.0095675868078994,0.0395884745055785,-0.0098768552959443,0,0.3545994065281899,0.2774480712166172,0.3679525222551928,0.0771513353115727,0.0189977135605024
2021-08-23,0.0027932281693565,-0.0019753041605409,0.0044598440567155,0.0045360399861969,0.0159038563387567,0.0403883691083215,-0.007111215437025,0,0.3545994065281899,0.2774480712166172,0.3679525222551928,0.0771513353115727,0.0189977135605024
2021-08-24,0.0077683380363653,0.0037161030124281,0.0057789670044387,0.0049326481867928,0.0225331754647639,0.0505641586279459,0.0,0,0.3545994065281899,0.2774480712166172,0.3679525222551928,0.0771513353115727,0.0189977135605024
2021-08-25,0.0006045258231779,0.0012067699493218,0.0056301853363392,0.0049531009441761,0.0217781217560089,0.0564063646091659,0.0,0,0.3545994065281899,0.2774480712166172,0.3679525222551928,0.0771513353115727,0.0189977135605024
2021-08-26,0.0001352598341413,0.0041071045968792,0.0053873873537892,0.0049529550599518,0.0217813877074728,0.0590410836823813,0.0,0,0.3545994065281899,0.2774480712166172,0.3679525222551928,0.0771513353115727,0.0189977135605024
2021-08-27,0.0041053321231718,0.0154828120725813,0.0030786976020016,0.0049009261049899,0.0208256948009093,0.05873517360704,0.0,0,0.3545994065281899,0.2774480712166172,0.3679525222551928,0.0771513353115727,0.0189977135605024
2021-08-30,0.0135197423556736,0.0263450621194256,0.0055628050118904,0.0055989443267241,0.0243177184480705,0.0740973352238303,0.0,0,0.3545994065281899,0.2774480712166172,0.3679525222551928,0.0771513353115727,0.0189977135605024
2021-08-31,0.0118805390096894,0.0305330654572142,0.0062891037748097,0.0063408086230651,0.0343626324861665,0.0785041375120789,0.0,0,0.3545994065281899,0.2774480712166172,0.3679525222551928,0.0771513353115727,0.0189977135605024
2021-09-01,-0.0032657802267076,0.0265469967808158,0.0072859265181885,0.0066846722499076,0.0277858028480975,0.0586147575283231,-0.0032657802267076,0,0.3545994065281899,0.2774480712166172,0.3679525222551928,0.0771513353115727,0.0189977135605024
2021-09-02,0.0092467608520607,0.0358991158208561,0.0068024375548343,0.0066611125453729,0.0401536618413469,0.0599890520825645,0.0,0,0.3545994065281899,0.2774480712166172,0.3679525222551928,0.0771513353115727,0.0189977135605024
2021-09-03,0.0051902762828452,0.0370184134281539,0.006699664783074,0.0053980516466695,0.0530743746390687,0.0631497551336024,0.0,0,0.3545994065281899,0.2774480712166172,0.3679525222551928,0.0771513353115727,0.0189977135605024
2021-09-06,0.0031286799510494,0.0263864320287283,0.0058514796566481,0.0053824682339773,0.0534266463390606,0.0701801923858553,0.0,0,0.3545994065281899,0.2774480712166172,0.3679525222551928,0.0771513353115727,0.0189977135605024
2021-09-07,-0.0009034515301131,0.0134191755874901,0.004945163639993,0.0056215702486727,0.0443619696112989,0.0678947611212767,-0.0009034515301131,0,0.3545994065281899,0.2774480712166172,0.3679525222551928,0.0771513353115727,0.0189977135605024
2021-09-08,-0.0004953317859014,0.0162360002928043,0.004213603598009,0.0057133116853046,0.0432140141211265,0.0659332559382313,-0.0013983358077547,0,0.3545994065281899,0.2774480712166172,0.3679525222551928,0.0771513353115727,0.0189977135605024
2021-09-09,0.0009075978909154,0.0078390869291493,0.0025670079440048,0.0056563808270959,0.0440196190396047,0.0667598151361144,-0.0004920070434691,0,0.3545994065281899,0.2774480712166172,0.3679525222551928,0.0771513353115727,0.0189977135605024
2021-09-13,-0.0008031434863337,0.0018298736983075,0.0017063133596593,0.0058864748141658,0.0389160261475467,0.060552174231869,-0.0012947553775506,0,0.3545994065281899,0.2774480712166172,0.3679525222551928,0.0771513353115727,0.0189977135605024
2021-09-14,0.0014231963722897,0.0001265983035827,0.0010668315455383,0.0048233276311839,0.0265163708098434,0.0514789068975323,0.0,0,0.3545994065281899,0.2774480712166172,0.3679525222551928,0.0771513353115727,0.0189977135605024
2021-09-15,0.0080235903337169,0.0090628437804183,0.0035956820628142,0.0041017388141785,0.0226036352599199,0.0577429881573745,0.0,0,0.3545994065281899,0.2774480712166172,0.3679525222551928,0.0771513353115727,0.0189977135605024
2021-09-16,0.0062815898900936,0.0159045725646123,0.0037813663931421,0.0037745332424817,0.0323987995022325,0.0610848290058143,0.0,0,0.3545994065281899,0.2774480712166172,0.3679525222551928,0.0771513353115727,0.0189977135605024
2021-09-17,-0.0025156697580758,0.0124300128099947,0.004528687519032,0.0035038620598339,0.020366539690092,0.0613379926790333,-0.0025156697580758,0,0.3545994065281899,0.2774480712166172,0.3679525222551928,0.0771513353115727,0.0189977135605024
2021-09-20,-0.0107050551175281,0.0023969623112249,0.0075088447392972,0.0051340080918169,0.0042312221478215,0.0575301662563447,-0.0131937944921862,0,0.3545994065281899,0.2774480712166172,0.3679525222551928,0.0771513353115727,0.0189977135605024
2021-09-21,0.0094901965292666,0.0104718066743383,0.0085507653237854,0.0058492764023886,0.0105997306908816,0.0645926850928533,-0.0038288096656172,0,0.3545994065281899,0.2774480712166172,0.3679525222551928,0.0771513353115727,0.0189977135605024
2021-09-22,-0.0008740462361916,0.0015525601545711,0.0079159724902736,0.0058481811754315,0.01062947454513,0.0554629885831841,-0.0046995093451316,0,0.3545994065281899,0.2774480712166172,0.3679525222551928,0.0771513353115727,0.0189977135605024
2021-09-23,0.015746595503985,0.0109730848861284,0.0104268994709765,0.0074107746440801,0.0270521796755698,0.0714352270712037,0.0,0,0.3545994065281899,0.2774480712166172,0.3679525222551928,0.0771513353115727,0.0189977135605024
2021-09-24,0.0016972498940972,0.0152429748964324,0.0101131978031384,0.0073937710007194,0.0278624580796522,0.0731085719094302,0.0,0,0.3545994065281899,0.2774480712166172,0.3679525222551928,0.0771513353115727,0.0189977135605024
2021-09-27,0.0001064234983083,0.0263380257402179,0.0071543473056153,0.0073503096425178,0.0287981193064941,0.0688348538179726,0.0,1,0.3545994065281899,0.2774480712166172,0.3679525222551928,0.0771513353115727,0.0189977135605024
2021-09-28,-0.0059646823596619,0.0106252135292106,0.0081277491730918,0.0078648687974973,0.0212082853855004,0.0482870229548668,-0.0059646823596619,1,0.3545994065281899,0.2774480712166172,0.3679525222551928,0.0771513353115727,0.0189977135605024
2021-09-29,-0.0021015742086699,0.0093835575451723,0.0082591162506738,0.0076709944819825,0.0109506862372961,0.0338018468147698,-0.0080537213457219,1,0.3545994065281899,0.2774480712166172,0.3679525222551928,0.0771513353115727,0.0189977135605024
2021-09-30,-0.0052593541976024,-0.0114908025887969,0.0033164676757864,0.0076756632883797,-0.0006438072548852,0.0317341336651784,-0.0132707181701584,1,0.3545994065281899,0.2774480712166172,0.3679525222551928,0.0771513353115727,0.0189977135605024
2021-10-01,-0.0048870057298866,-0.0179883718325006,0.002548635045193,0.0077963950899155,-0.0030195932363387,0.0172854477882575,-0.0180928698243079,1,0.3055555555555556,0.2847222222222222,0.4097222222222222,0.0208333333333333,0.0199157475763162
2021-10-04,0.009080512547021,-0.009176649808738,0.0062712503736547,0.0073533940768719,0.0169196810926084,0.0212224941698031,-0.009176649808738,1,0.3055555555555556,0.2847222222222222,0.4097222222222222,0.0208333333333333,0.0199157475763162
2021-10-05,0.0074076167596974,0.0041524401924659,0.0068864520780405,0.007134594484735,0.0148217742853888,0.0255786117920564,-0.0018370101539615,0,0.3055555555555556,0.2847222222222222,0.4097222222222222,0.0208333333333333,0.0199157475763162
2021-10-06,-0.009892101468385,-0.0036869117456086,0.0084291877667291,0.0079864207254448,0.0056620494510346,0.0163517086066777,-0.0117109397315051,0,0.3055555555555556,0.2847222222222222,0.4097222222222222,0.0208333333333333,0.0199157475763162
2021-10-07,0.0081803241527824,0.0097740114597728,0.0087524690800599,0.0066354519067118,-0.001829102365209,0.025173596104532,-0.0036264148618602,0,0.3055555555555556,0.2847222222222222,0.4097222222222222,0.0208333333333333,0.0199157475763162
2021-10-08,0.0058936445882178,0.0207134932880068,0.007927565258244,0.0068938508338886,0.0023525194362914,0.0302805244901189,0.0,0,0.3055555555555556,0.2847222222222222,0.4097222222222222,0.0208333333333333,0.0199157475763162
2021-10-11,0.0028359560105504,0.0143969476436092,0.0074297239131734,0.0069411278509739,0.005088182088031,0.0340328314693494,0.0,0,0.3055555555555556,0.2847222222222222,0.4097222222222222,0.0208333333333333,0.0199157475763162
2021-10-12,0.0025632524330001,0.0095189734209391,0.0069957116934398,0.0065684880535254,0.013710940581229,0.0352100115074798,0.0,0,0.3055555555555556,0.2847222222222222,0.4097222222222222,0.0208333333333333,0.0199157475763162
2021-10-13,0.0094375540172131,0.0292275869885525,0.0030889727017879,0.0068939901205033,0.0254329157091801,0.0366621098265069,0.0,0,0.3055555555555556,0.2847222222222222,0.4097222222222222,0.0208333333333333,0.0199157475763162
2021-10-14,0.0097347447244895,0.0308144584002001,0.0034480263276238,0.0066358854341906,0.0408896507295033,0.0402195184208287,0.0,0,0.3055555555555556,0.2847222222222222,0.4097222222222222,0.0208333333333333,0.0199157475763162
2021-10-18,0.0075523964544634,0.0325143055120924,0.0035033999701174,0.0059029146076995,0.0539012836490884,0.0507189304612127,0.0,0,0.3055555555555556,0.2847222222222222,0.4097222222222222,0.0208333333333333,0.0199157475763162
2021-10-19,-0.0031552655862272,0.0263457771809236,0.0054957693430406,0.0062833383193294,0.0411220235992368,0.0587374762170271,-0.0031552655862272,0,0.3055555555555556,0.2847222222222222,0.4097222222222222,0.0208333333333333,0.0199157475763162
2021-10-20,-0.008260604004072,0.0152651602522237,0.0082491306213099,0.007235969291598,0.02492944232787,0.0401207151805032,-0.0113898051907637,1,0.3055555555555556,0.2847222222222222,0.4097222222222222,0.0208333333333333,0.0199157475763162
2021-10-21,-0.0048449081930955,0.0009002436439218,0.0079570672600472,0.0064046899806001,0.030154142581888,0.035986926279375,-0.0161795308233728,1,0.3055555555555556,0.2847222222222222,0.4097222222222222,0.0208333333333333,0.0199157475763162
2021-10-22,-0.0034767109873967,-0.012195620700655,0.005939219885116,0.0064166208283291,0.0182430362528001,0.0163805655068325,-0.019599990258185,1,0.3055555555555556,0.2847222222222222,0.4097222222222222,0.0208333333333333,0.0199157475763162
2021-10-25,0.0005796333405096,-0.0190317177255026,0.0031892485005499,0.006260656255332,0.0128637847020429,0.0152465664418703,-0.0190317177255026,1,0.3055555555555556,0.2847222222222222,0.4097222222222222,0.0208333333333333,0.0199157475763162
2021-10-26,0.0078894810597283,-0.0081628775025448,0.0061889743207876,0.0065938098429055,0.0179678423265416,0.0231474480680591,-0.0112923870423037,1,0.3055555555555556,0.2847222222222222,0.4097222222222222,0.0208333333333333,0.0199157475763162
2021-10-27,-0.0031447745834337,-0.0030465439654887,0.0051534796825654,0.006765413539958,0.0121721103048864,0.0260499419672539,-0.0144016496139804,1,0.3055555555555556,0.2847222222222222,0.4097222222222222,0.0208333333333333,0.0199157475763162
2021-10-28,-0.0194223804908585,-0.0176503594985173,0.0100001437166057,0.0087424337005153,-0.0167660054785468,0.0082405018265174,-0.0335443157863403,1,0.3055555555555556,0.2847222222222222,0.4097222222222222,0.0208333333333333,0.0199157475763162
2021-10-29,-0.010393537638774,-0.0244688074458042,0.0104613156475591,0.0081240301400276,-0.0363660158518529,0.0030366411910445,-0.0435892093164221,0,0.3055555555555556,0.2847222222222222,0.4097222222222222,0.0208333333333333,0.0199157475763162
2021-11-01,0.0145996553802276,-0.0107997616604322,0.0136803439852397,0.0094094376353139,-0.0296259413705108,0.0226784660093943,-0.0296259413705108,1,0.3055555555555556,0.2847222222222222,0.4097222222222222,0.0208333333333333,0.0199157475763162
2021-11-02,-0.0022699829611844,-0.0207708392634276,0.0125331466116045,0.0094115914310305,-0.02876416694944,0.0111750158976895,-0.0318286739495752,0,0.3055555555555556,0.2847222222222222,0.4097222222222222,0.0208333333333333,0.0199157475763162
2021-11-03,-0.0033400507016901,-0.020962662573891,0.0125296275152656,0.0092254904051013,-0.0239453428662147,0.0003871554176511,-0.0350624152665062,0,0.3055555555555556,0.2847222222222222,0.4097222222222222,0.0208333333333333,0.0199157475763162
2021-11-04,0.0049132883135529,0.0033347799913199,0.0094757794710872,0.0094494392100535,-0.0143744395728926,0.0153462541085798,-0.0303213987081271,0,0.3055555555555556,0.2847222222222222,0.4097222222222222,0.0208333333333333,0.0199157475763162
2021-11-08,0.008469704411502,0.0224597024046988,0.0075038026697788,0.0099029174971563,-0.002558667174536,0.0156376912202402,-0.0221085075810262,0,0.3055555555555556,0.2847222222222222,0.4097222222222222,0.0208333333333333,0.0199157475763162
2021-11-09,-0.0013448782553109,0.0063916473550793,0.0051412476392874,0.0099045260625599,-0.0044771425734053,0.008329049130493,-0.023423652585234,0,0.3055555555555556,0.2847222222222222,0.4097222222222222,0.0208333333333333,0.0199157475763162
2021-11-10,-0.0014990925086938,0.0071692301672261,0.0050180467313682,0.0094662738822905,-0.0137505200236474,0.0039702551272013,-0.0248876308718111,0,0.3055555555555556,0.2847222222222222,0.4097222222222222,0.0208333333333333,0.0199157475763162
2021-11-11,-0.0079701618453479,0.0024902968164581,0.0063666306262372,0.0096886849222622,-0.0185245690093049,-0.0065779418017503,-0.0326594342711634,0,0.3055555555555556,0.2847222222222222,0.4097222222222222,0.0208333333333333,0.0199157475763162
2021-11-12,0.0128205845492794,0.01037852741561,0.0083924484856296,0.0084705237969223,0.0137479175124948,-0.003248585626385,-0.0202575627602891,0,0.3055555555555556,0.2847222222222222,0.4097222222222222,0.0208333333333333,0.0199157475763162
2021-11-15,0.000370109513748,0.0022636016725194,0.0075985889492891,0.0074249328288901,0.024774143897146,-0.0124928088643866,-0.0198949507632441,0,0.3055555555555556,0.2847222222222222,0.4097222222222222,0.0208333333333333,0.0199157475763162
2021-11-16,-0.006087981689118,-0.002496640203943,0.0081581024798408,0.0064951502628826,0.0038790495073801,-0.0258618123564096,-0.0227784187309127,0,0.3055555555555556,0.2847222222222222,0.4097222222222222,0.0208333333333333,0.0199157475763162
2021-11-17,-0.0055863593937507,-0.006579823723997,0.0084848166100972,0.006727484787824,0.0005422341724921,-0.0282375296912112,-0.0202398677497755,0,0.3055555555555556,0.2847222222222222,0.4097222222222222,0.0208333333333333,0.0199157475763162
2021-11-18,-0.0074782176309388,-0.0060871900456538,0.0083903258946451,0.0070789480001647,-0.0036120521391874,-0.0274709031784786,-0.02756672724486,0,0.3055555555555556,0.2847222222222222,0.4097222222222222,0.0208333333333333,0.0199157475763162
2021-11-22,-0.0196033729622624,-0.037905843034898,0.0073131664686562,0.0090333436405643,-0.0279207224504375,-0.0418938172856349,-0.0466296993715925,0,0.3055555555555556,0.2847222222222222,0.4097222222222222,0.0208333333333333,0.0199157475763162
2021-11-23,0.004983765441491,-0.0334687138482947,0.0087351728416932,0.0086077500333259,-0.0312808720124193,-0.0337595018465464,-0.0418783254143768,0,0.3055555555555556,0.2847222222222222,0.4097222222222222,0.0208333333333333,0.0199157475763162
2021-11-24,-0.005044748576701,-0.0324542201875639,0.0087674707758897,0.0086015515337952,-0.0348698338805991,-0.0391908592362101,-0.046711808368549,0,0.3055555555555556,0.2847222222222222,0.4097222222222222,0.0208333333333333,0.0199157475763162
2021-11-25,0.0069594976758609,-0.0202473370896688,0.0106942352779765,0.0092152313656431,-0.0266939369047355,-0.0400774014144643,-0.0370491380186097,1,0.3055555555555556,0.2847222222222222,0.4097222222222222,0.0208333333333333,0.0199157475763162
2021-11-26,-0.0290712096371801,-0.0415625281455461,0.0156452988374632,0.0124229066821585,-0.0473967191836002,-0.065043284397574,-0.0598030310141942,1,0.3055555555555556,0.2847222222222222,0.4097222222222222,0.0208333333333333,0.0199157475763162
2021-11-29,0.0016151341001793,-0.0208192782152606,0.0146794349276883,0.0110938298366367,-0.0579359489580312,-0.0449845300928194,-0.0582844868286999,1,0.3055555555555556,0.2847222222222222,0.4097222222222222,0.0208333333333333,0.0199157475763162
2021-11-30,-0.0041485990049225,-0.0297171684277579,0.0138070681462172,0.0109006624185179,-0.0621912868695625,-0.0389578788624718,-0.0621912868695625,1,0.3055555555555556,0.2847222222222222,0.4097222222222222,0.0208333333333333,0.0199157475763162
2021-12-01,0.0108165716708277,-0.0142491695401389,0.0157491390869105,0.0121807587006642,-0.0462409440419573,-0.0425412654457839,-0.0520474117104605,1,0.3055555555555556,0.2847222222222222,0.4097222222222222,0.0208333333333333,0.0199157475763162
2021-12-02,0.0136745714135924,-0.0076755292608168,0.0170207698249101,0.0134716756115494,-0.0277674573222003,-0.0272402796139515,-0.0390845663451954,1,0.3055555555555556,0.2847222222222222,0.4097222222222222,0.0208333333333333,0.0199157475763162
2021-12-03,-0.0117776187890229,0.0099991483838381,0.0105094866718228,0.0137066190872605,-0.0319789696478428,-0.0354755120813048,-0.0504018620112703,1,0.3055555555555556,0.2847222222222222,0.4097222222222222,0.0208333333333333,0.0199157475763162
2021-12-06,-0.0165409642547698,-0.0083089254981983,0.0134238161774545,0.0133273656308014,-0.0289552178818421,-0.0560674897303089,-0.0661091308681379,1,0.3055555555555556,0.2847222222222222,0.4097222222222222,0.0208333333333333,0.0199157475763162
2021-12-07,0.015636594775976,0.0113936125111875,0.0152718679077272,0.0144055455640402,-0.018662141818566,-0.0493592457612812,-0.0515062577825389,1,0.3055555555555556,0.2847222222222222,0.4097222222222222,0.0208333333333333,0.0199157475763162
2021-12-08,0.0170609022687711,0.0176415077853309,0.0163531458858268,0.0155044431607809,0.003140961409815,-0.0318383972733696,-0.0353240987440259,1,0.3055555555555556,0.2847222222222222,0.4097222222222222,0.0208333333333333,0.0199157475763162
2021-12-09,0.0026960889537628,0.0066200618906826,0.0153716544938606,0.0153626853849097,-0.0011062798488845,-0.0277706857891349,-0.0327232467026884,1,0.3055555555555556,0.2847222222222222,0.4097222222222222,0.0208333333333333,0.0199157475763162
2021-12-10,-0.0003168377876159,0.0182942076095993,0.0136732878758809,0.0115307042237918,0.0284762824898905,-0.0202701190582758,-0.0330297165292154,0,0.3055555555555556,0.2847222222222222,0.4097222222222222,0.0208333333333333,0.0199157475763162
2021-12-13,-0.0081690108672685,0.0269627045484781,0.010780471197978,0.0120524657920471,0.0184297479469566,-0.0405739459474389,-0.040928907283214,0,0.3055555555555556,0.2847222222222222,0.4097222222222222,0.0208333333333333,0.0199157475763162
2021-12-14,-0.002495933672074,0.0086279669552358,0.0094340504724583,0.0119714730998181,0.0201198831786706,-0.0433226851174386,-0.0374627761233832,0,0.3055555555555556,0.2847222222222222,0.4097222222222222,0.0208333333333333,0.0199157475763162
2021-12-15,-0.0059740604563374,-0.0142160019462211,0.0043403049361594,0.0117826098422512,0.0031747141300992,-0.0432130316902973,-0.0378380492383503,0,0.3055555555555556,0.2847222222222222,0.4097222222222222,0.0208333333333333,0.0199157475763162
2021-12-16,0.0015678167860917,-0.0153252439793682,0.0039953719670764,0.010849791616561,-0.0088066361523189,-0.0363295555810074,-0.0290687201657208,0,0.3055555555555556,0.2847222222222222,0.4097222222222222,0.0208333333333333,0.0199157475763162
2021-12-17,-0.0152593863778669,-0.0300434576530582,0.0063239622256078,0.0112871475483375,-0.012298871295074,-0.0438845357110689,-0.0314234799344215,0,0.3055555555555556,0.2847222222222222,0.4097222222222222,0.0208333333333333,0.0199157475763162
2021-12-20,-0.0218425452747097,-0.0434154275761806,0.0095792806061565,0.0121781849580008,-0.0176233203742848,-0.0460682511748882,-0.0525796564259747,0,0.3055555555555556,0.2847222222222222,0.4097222222222222,0.0208333333333333,0.0199157475763162
2021-12-21,0.0094286814893282,-0.0319799825684421,0.0125615918002264,0.0113239679980987,-0.0236279378460357,-0.0418491317376388,-0.0436467317699053,0,0.3055555555555556,0.2847222222222222,0.4097222222222222,0.0208333333333333,0.0199157475763162
2021-12-22,0.0110071940301179,-0.0154429953430035,0.0148060012743928,0.0102864203281208,-0.0294394596373731,-0.0263909664342048,-0.0331199657851593,0,0.3055555555555556,0.2847222222222222,0.4097222222222222,0.0208333333333333,0.0199157475763162
2021-12-23,0.0069092828559547,-0.0101922497159158,0.0154005135983981,0.0106234874255044,-0.025361294981689,-0.0264395181409937,-0.025361294981689,0,0.3055555555555556,0.2847222222222222,0.4097222222222222,0.0208333333333333,0.0199157475763162
2021-12-24,-0.004032777667139,0.0010921272637354,0.0136996764667767,0.0106030453793631,-0.0289841416685225,-0.0013332197845118,-0.0292917961848162,0,0.3055555555555556,0.2847222222222222,0.4097222222222222,0.0208333333333333,0.0199157475763162
2021-12-27,0.0048518709108285,0.0284124423685763,0.0058939689052174,0.0106814125830272,-0.0162365235415197,0.0018939893690317,-0.0245820452878228,0,0.3055555555555556,0.2847222222222222,0.4097222222222222,0.0208333333333333,0.0199157475763162
2021-12-28,0.0086034091740434,0.0275716496182365,0.0057713765383442,0.0111428352556363,-0.00529007382438,0.0147233736869376,-0.0161901255077253,0,0.3055555555555556,0.2847222222222222,0.4097222222222222,0.0208333333333333,0.0199157475763162
2021-12-29,-0.0011402376220388,0.015225193079511,0.0054014883104513,0.0109814091307063,-0.0004529248493155,0.0027203513738647,-0.0173119025395547,0,0.3055555555555556,0.2847222222222222,0.4097222222222222,0.0208333333333333,0.0199157475763162
2021-12-30,-0.0005606032439464,0.0076936143293935,0.0050870473477209,0.0109684651395438,-0.0025770506249855,-0.011360991630104,-0.0178628006747787,0,0.3055555555555556,0.2847222222222222,0.4097222222222222,0.0208333333333333,0.0199157475763162
2021-12-31,0.0087247405392365,0.0206013379401601,0.0047805714968788,0.0098785711612421,0.0217159644867295,0.0091500113393847,-0.0092939084367337,0,0.3055555555555556,0.2847222222222222,0.4097222222222222,0.0208333333333333,0.0199157475763162
2022-01-03,0.0156534065535134,0.0315721706050187,0.0070902515868118,0.0061555158889325,0.0608816554513609,0.0421853981581399,0.0,0,0.3055555555555556,0.2847222222222222,0.4097222222222222,0.0208333333333333,0.0199157475763162
2022-01-04,0.0101868294592555,0.0331916498629103,0.007254754709715,0.0062076453532606,0.0616784480214183,0.0365931756390924,0.0,0,0.3055555555555556,0.2847222222222222,0.4097222222222222,0.0208333333333333,0.0199157475763162
2022-01-05,0.006739585234692,0.0413423107310499,0.0058873589627405,0.0059688157799161,0.0571969484737944,0.0260736415804461,0.0,0,0.3055555555555556,0.2847222222222222,0.4097222222222222,0.0208333333333333,0.0199157475763162
2022-01-06,-0.0100054392546825,0.0315014865772105,0.0096763311513007,0.007700125595642,0.0394374611951315,0.0130759811267437,-0.0100054392546825,0,0.3055555555555556,0.2847222222222222,0.4097222222222222,0.0208333333333333,0.0199157475763162
2022-01-07,0.0037642497703693,0.0264289891984867,0.0096145245160529,0.0071849000596632,0.0475747996765418,0.0172117432743428,-0.0062788524567299,1,0.3055555555555556,0.2847222222222222,0.4097222222222222,0.0208333333333333,0.0199157475763162
2022-01-10,0.0107002307342514,0.0214232626221937,0.0084631449113367,0.0074339878141641,0.0536718121296364,0.0365638449469578,0.0,1,0.3055555555555556,0.2847222222222222,0.4097222222222222,0.0208333333333333,0.0199157475763162
2022-01-11,0.0029133547738471,0.0140688841774194,0.0077918767146486,0.0073676738685897,0.0477275035179087,0.0421849476764655,0.0,1,0.3055555555555556,0.2847222222222222,0.4097222222222222,0.0208333333333333,0.0199157475763162
2022-01-12,0.008673137366213,0.0160165130193441,0.0080776303492526,0.007154156918758,0.0580209834084677,0.0575417794139847,0.0,1,0.3055555555555556,0.2847222222222222,0.4097222222222222,0.0208333333333333,0.0199157475763162
2022-01-13,0.0024955593319917,0.0288460996624571,0.0037290206727735,0.0069194218961072,0.0612562812609893,0.0585213700980959,0.0,0,0.3055555555555556,0.2847222222222222,0.4097222222222222,0.0208333333333333,0.0199157475763162
2022-01-14,-0.0001122807786261,0.0248727031836835,0.0045476509002487,0.0070927135869685,0.0519590527859492,0.0748033582177425,-0.0001122807786261,0,0.3055555555555556,0.2847222222222222,0.4097222222222222,0.0208333333333333,0.0199157475763162
2022-01-17,0.0028675896635306,0.0169302294579327,0.0032200582636273,0.0060556943394217,0.0387161928320576,0.1019549541958082,0.0,0,0.3055555555555556,0.2847222222222222,0.4097222222222222,0.0208333333333333,0.0199157475763162
2022-01-18,-0.0106537543491678,0.0031735042853384,0.0070896117437789,0.0071153828713081,0.017287036126985,0.0800317217076058,-0.0106537543491678,0,0.3055555555555556,0.2847222222222222,0.4097222222222222,0.0208333333333333,0.0199157475763162
2022-01-19,-0.0096422192838863,-0.0150419907370545,0.0066269776083336,0.0076979258336225,0.0007336020418124,0.0579725103137929,-0.0201932477974228,1,0.3055555555555556,0.2847222222222222,0.4097222222222222,0.0208333333333333,0.0199157475763162
2022-01-20,-0.0101123846050931,-0.0274293726516885,0.0064037615234591,0.0077135834119285,0.0006254965935792,0.0400876257863478,-0.0301014305143624,1,0.3055555555555556,0.2847222222222222,0.4097222222222222,0.0208333333333333,0.0199157475763162
2022-01-21,-0.0078757673030352,-0.0349807594867369,0.0056595003142421,0.0079713618424138,-0.0109781223509068,0.0360743953539661,-0.0377401259551781,1,0.3055555555555556,0.2847222222222222,0.4097222222222222,0.0208333333333333,0.0199157475763162
2022-01-24,-0.0265678614304812,-0.0633053129489132,0.0076723224257477,0.0102428738003048,-0.0474468569651119,0.0036783963713511,-0.0633053129489132,1,0.3055555555555556,0.2847222222222222,0.4097222222222222,0.0208333333333333,0.0199157475763162
2022-01-25,0.0075135138287141,-0.0461048801830723,0.0120796521370036,0.0107200345395445,-0.0430776899325698,0.0025938229875386,-0.0562674444644718,1,0.3055555555555556,0.2847222222222222,0.4097222222222222,0.0208333333333333,0.0199157475763162
2022-01-27,-0.0097118003003827,-0.0461718993890202,0.0120801318182072,0.0097748712340418,-0.060519372843153,-0.0060097829623086,-0.0654327865808028,1,0.3055555555555556,0.2847222222222222,0.4097222222222222,0.0208333333333333,0.0199157475763162
2022-01-28,-0.0004792476980038,-0.0368896773103564,0.0126815265053997,0.0095235475535667,-0.0633071892560986,-0.0059288709860235,-0.0658806757664639,1,0.3055555555555556,0.2847222222222222,0.4097222222222222,0.0208333333333333,0.0199157475763162
2022-01-31,0.0139106943944986,-0.0157403439262311,0.0158376900209427,0.0114104118360033,-0.0501704942278461,-0.0008182527997787,-0.0528864273190554,1,0.3055555555555556,0.2847222222222222,0.4097222222222222,0.0208333333333333,0.0199157475763162
2022-02-01,0.0136679383039646,0.0249429999241943,0.0100909445533463,0.012685636712521,-0.0399413374408048,-0.0027715211310758,-0.0399413374408048,1,0.3055555555555556,0.2847222222222222,0.4097222222222222,0.0208333333333333,0.0199157475763162
2022-02-02,0.011557816104706,0.0290572666317474,0.0104986257077887,0.0133189424382566,-0.0183872953478292,-0.0014181210597997,-0.0288451559692157,1,0.3055555555555556,0.2847222222222222,0.4097222222222222,0.0208333333333333,0.0199157475763162
2022-02-03,-0.0123622047244094,0.0263031007910508,0.0114964286432762,0.0135236820782465,-0.021083262721313,-0.0203651274040808,-0.0408507709702261,1,0.3055555555555556,0.2847222222222222,0.4097222222222222,0.0208333333333333,0.0199157475763162
2022-02-04,-0.0024999715265202,0.0242282312835671,0.0117805875365137,0.0132302405215671,-0.0135552176606409,-0.0129381998095335,-0.0432486167324844,1,0.3055555555555556,0.2847222222222222,0.4097222222222222,0.0208333333333333,0.0199157475763162
2022-02-07,-0.0172810467964125,-0.0072809165015844,0.01386122214831,0.0140591946939666,-0.0229066562979824,-0.0336333065734,-0.0597822821592628,1,0.3055555555555556,0.2847222222222222,0.4097222222222222,0.0208333333333333,0.0199157475763162
2022-02-08,0.0030876748617372,-0.0176425241155269,0.0116145519202038,0.0111886152298277,0.0068604183309912,-0.0409119439213921,-0.056879195547326,1,0.3055555555555556,0.2847222222222222,0.4097222222222222,0.0208333333333333,0.0199157475763162
2022-02-09,0.0114121070844253,-0.0177840269966255,0.0115674139616581,0.0115140341856955,0.0107564844208947,-0.0327845700123229,-0.0461161999333628,1,0.3055555555555556,0.2847222222222222,0.4097222222222222,0.0208333333333333,0.0199157475763162
2022-02-10,0.0081339685520904,0.0025996287058231,0.0112825993060661,0.0110192440238404,0.0289711077927428,-0.0333015783245984,-0.0383573391012721,1,0.3055555555555556,0.2847222222222222,0.4097222222222222,0.0208333333333333,0.0199157475763162
2022-02-11,-0.0131263188088049,-0.0080810445128252,0.0128916676001257,0.0121225962346359,0.0159513973552722,-0.0483656300320958,-0.0509801672483762,1,0.3055555555555556,0.2847222222222222,0.4097222222222222,0.0208333333333333,0.0199157475763162
2022-02-14,-0.0306162678599692,-0.0215411070316493,0.0175105031253643,0.014963452839187,-0.0286651845315847,-0.0773975322843487,-0.0800356126523232,1,0.3055555555555556,0.2847222222222222,0.4097222222222222,0.0208333333333333,0.0199157475763162
2022-02-15,0.0302592205571521,0.0049632965091868,0.0235282961294814,0.0176679986325582,-0.0127667926846959,-0.0521982073508445,-0.0419918235747154,1,0.3055555555555556,0.2847222222222222,0.4097222222222222,0.0208333333333333,0.0199157475763162
2022-02-16,-0.0017432696823791,-0.0081082009642803,0.022827701262617,0.0170970040445217,-0.0257480314960629,-0.0436618901841489,-0.034350889711457,1,0.3055555555555556,0.2847222222222222,0.4097222222222222,0.0208333333333333,0.0199157475763162
2022-02-17,-0.0010160372239093,-0.0171107898795003,0.0222293891467054,0.0167406179551977,-0.014555642874227,-0.0353320251527451,-0.0267379077615298,1,0.3055555555555556,0.2847222222222222,0.4097222222222222,0.0208333333333333,0.0199157475763162
2022-02-18,-0.0016354033031679,-0.0056662685794041,0.0215360529769184,0.0167361878298339,-0.0137015237236174,-0.0270710142479022,-0.0283295838020247,1,0.3055555555555556,0.2847222222222222,0.4097222222222222,0.0208333333333333,0.0199157475763162
2022-02-21,-0.0040315345299628,0.0216027026385163,0.014519674562219,0.0158259793380239,-0.0004037505228422,-0.0233011582463679,-0.0322469066366702,1,0.3055555555555556,0.2847222222222222,0.4097222222222222,0.0208333333333333,0.0199157475763162
2022-02-22,-0.0066514981126483,-0.0149978821434437,0.00233312540898,0.0159192010003037,-0.0101090245703446,-0.0033179583768243,-0.038683914510686,1,0.3055555555555556,0.2847222222222222,0.4097222222222222,0.0208333333333333,0.0199157475763162
2022-02-23,-0.0016937550461614,-0.0149490249506414,0.0023399706679833,0.0153210637266562,-0.0229360162164018,-0.0124262426966162,-0.0403121484814398,1,0.3055555555555556,0.2847222222222222,0.4097222222222222,0.0208333333333333,0.0199157475763162
2022-02-24,-0.0477810499172197,-0.0610617985969047,0.0199084583450703,0.0204652964947813,-0.077127772870949,-0.0503911420998647,-0.0861670416197974,1,0.3055555555555556,0.2847222222222222,0.4097222222222222,0.0208333333333333,0.0199157475763162
2022-02-25,0.0252616483925665,-0.0357657600296358,0.0261772578316699,0.0228207271719276,-0.0412293702067655,-0.0259356389183689,-0.0630821147356579,1,0.3055555555555556,0.2847222222222222,0.4097222222222222,0.0208333333333333,0.0199157475763162
2022-02-28,0.0081340344811027,-0.0239878186631331,0.0270698962963632,0.0210105591140863,-0.0029033177381431,-0.0314852781310102,-0.055461192350956,1,0.3055555555555556,0.2847222222222222,0.4097222222222222,0.0208333333333333,0.0199157475763162
2022-03-02,-0.0111915636034513,-0.0284486490913984,0.027233820747614,0.0182676540252054,-0.0430198617486291,-0.055237428777056,-0.0660320584926883,1,0.3055555555555556,0.2847222222222222,0.4097222222222222,0.0208333333333333,0.0199157475763162
2022-03-03,-0.0064976710155095,-0.0331238187332425,0.0271526100853831,0.018257469319194,-0.0475776748911801,-0.0721006749156355,-0.0629222673145573,1,0.3055555555555556,0.2847222222222222,0.4097222222222222,0.0208333333333333,0.0199157475763162
2022-03-04,-0.0153169617015344,-0.0001600201871621,0.016631019186873,0.0184945013178141,-0.0612120476636268,-0.074876709832462,-0.0772754510574609,1,0.3055555555555556,0.2847222222222222,0.4097222222222222,0.0208333333333333,0.0199157475763162
2022-03-07,-0.023526732264925,-0.0477386783844787,0.0117607312504708,0.0191847358666645,-0.0817970282988834,-0.0943778080987423,-0.0989841444747058,1,0.3055555555555556,0.2847222222222222,0.4097222222222222,0.0208333333333333,0.0199157475763162
2022-03-08,0.0094747890551372,-0.0464722309886328,0.0122725832628735,0.0199798931190143,-0.0693452822019393,-0.069721034530836,-0.0904472093082695,1,0.3055555555555556,0.2847222222222222,0.4097222222222222,0.0208333333333333,0.0199157475763162
2022-03-09,0.0207263269314232,-0.0156931702191082,0.0180543831467356,0.0218206877443734,-0.0436953698178116,-0.0533626768210577,-0.0715955208070043,1,0.3055555555555556,0.2847222222222222,0.4097222222222222,0.0208333333333333,0.0199157475763162
2022-03-10,0.0152673390291429,0.0058703907431485,0.0195689987721536,0.0226828468157553,-0.0274478777489632,-0.0497543489962092,-0.0574212548669901,1,0.3055555555555556,0.2847222222222222,0.4097222222222222,0.0208333333333333,0.0199157475763162
2022-03-11,0.0021422244183453,0.0237052448854595,0.0172810072841065,0.0161831146369638,0.0235414313805741,-0.0554020396629528,-0.0428380264464236,1,0.3055555555555556,0.2847222222222222,0.4097222222222222,0.0208333333333333,0.0199157475763162
2022-03-14,0.0144824704081969,0.0635529513369035,0.0069939816959818,0.014794035943909,0.0127803390481677,-0.0289759564885826,-0.0277280729810488,1,0.3055555555555556,0.2847222222222222,0.4097222222222222,0.0208333333333333,0.0199157475763162
2022-03-15,-0.0123464107685833,0.0405627769156551,0.0132765885197361,0.0151664500523963,-0.0077944968113422,-0.0106751846486331,-0.0397321415707868,1,0.3055555555555556,0.2847222222222222,0.4097222222222222,0.0208333333333333,0.0199157475763162
2022-03-16,0.018745123927264,0.038543071882829,0.0128257551838584,0.0158020045171535,0.0222450386758961,-0.0217318015611629,-0.0200234381314152,1,0.3055555555555556,0.2847222222222222,0.4097222222222222,0.0208333333333333,0.0199157475763162
2022-03-17,0.0183619189000521,0.0417085972196276,0.0133487416439697,0.0162116835763323,0.0478238337258039,-0.0020291879784324,-0.0010141812003744,1,0.3055555555555556,0.2847222222222222,0.4097222222222222,0.0208333333333333,0.0199157475763162
2022-03-21,-0.0098021351242694,0.0292926529348271,0.015600026331,0.0155307791306271,0.0536922873314515,-0.0108063751834772,-0.0098021351242694,1,0.3055555555555556,0.2847222222222222,0.4097222222222222,0.0208333333333333,0.0199157475763162
2022-03-22,0.0115612001682479,0.0263287357820678,0.0152484255830559,0.0117958001230385,0.0915549559828912,0.0022690043585722,0.0,1,0.3055555555555556,0.2847222222222222,0.4097222222222222,0.0208333333333333,0.0199157475763162
2022-03-23,-0.0040339580144955,0.0349666926723879,0.0131519962705164,0.0124718811602038,0.0769478157423915,0.0022665655429732,-0.0040339580144955,1,0.3055555555555556,0.2847222222222222,0.4097222222222222,0.0208333333333333,0.0199157475763162
2022-03-24,-0.001327871086332,0.0145740735831663,0.0116337096036079,0.0118074663935833,0.0536788750317367,0.0076379869180094,-0.0053564725246166,1,0.3055555555555556,0.2847222222222222,0.4097222222222222,0.0208333333333333,0.0199157475763162
2022-03-25,-0.0040498758909001,-0.0077543594771808,0.0079446235956632,0.0115743778778268,0.0336308142863168,0.0052598420582246,-0.009384655366579,1,0.3055555555555556,0.2847222222222222,0.4097222222222222,0.0208333333333333,0.0199157475763162
2022-03-28,0.0040226199498629,0.0060989858391364,0.0066457011138965,0.0115674284458025,0.0355702942494038,0.0599491012712372,-0.0053997863186162,1,0.3055555555555556,0.2847222222222222,0.4097222222222222,0.0208333333333333,0.0199157475763162
2022-03-29,0.0059981419115084,0.0005659669082613,0.004650874681548,0.0109732837179446,0.0269096038835181,0.0400338567929692,0.0,1,0.3055555555555556,0.2847222222222222,0.4097222222222222,0.0208333333333333,0.0199157475763162
2022-03-30,0.0099825111253484,0.0146471718955214,0.0056389990282429,0.0097748204217178,0.0501260277260997,0.0419408237514811,0.0,1,0.3055555555555556,0.2847222222222222,0.4097222222222222,0.0208333333333333,0.0199157475763162
2022-03-31,-0.0019144771620018,0.0140511823024778,0.0057545236330477,0.0086530844813345,0.0288300388504509,0.0517164028556029,-0.0019144771620018,1,0.3055555555555556,0.2847222222222222,0.4097222222222222,0.0208333333333333,0.0199157475763162
2022-04-01,0.0117780099915545,0.0301667346819798,0.005380316678666,0.0075205665241828,0.0221784514998222,0.0710629438024494,0.0,1,0.4132730015082956,0.2322775263951734,0.3544494720965309,0.1809954751131221,0.1004654440713421
2022-04-04,0.0216717740634788,0.0482754616188596,0.008604177450082,0.0084572138954768,0.0546688788147873,0.1112964632956508,0.0,1,0.4132730015082956,0.2322775263951734,0.3544494720965309,0.1809954751131221,0.1004654440713421
2022-04-05,-0.0053175579115291,0.0364842167235199,0.010930321557174,0.0087628231966008,0.0370708324911208,0.1320198069109857,-0.0053175579115291,1,0.4132730015082956,0.2322775263951734,0.3544494720965309,0.1809954751131221,0.1004654440713421
2022-04-06,-0.0083391805049728,0.0176817681768177,0.0127076969265328,0.0092747789036108,0.0325879279702416,0.1120433135895138,-0.013612394341232,1,0.4132730015082956,0.2322775263951734,0.3544494720965309,0.1809954751131221,0.1004654440713421
2022-04-07,-0.0094397632478178,0.0100087318742037,0.0139093197441418,0.0100426494089636,0.0242005486928627,0.079178481953583,-0.0229236598092327,1,0.4132730015082956,0.2322775263951734,0.3544494720965309,0.1809954751131221,0.1004654440713421
2022-04-08,0.0082088261888766,0.0064457894394311,0.0133676222973558,0.0099098473532835,0.0368069725412463,0.0716756352855394,-0.014903009959343,1,0.4132730015082956,0.2322775263951734,0.3544494720965309,0.1809954751131221,0.1004654440713421
2022-04-11,-0.0061514758762618,-0.0209628103293563,0.0071348403757067,0.0103801712435051,0.0263006619440251,0.062806478477732,-0.0209628103293563,1,0.4132730015082956,0.2322775263951734,0.3544494720965309,0.1809954751131221,0.1004654440713421
2022-04-12,-0.0081838986814674,-0.023784066735719,0.0073579588106641,0.0108305950072823,0.0118324069424482,0.0390604162097762,-0.0289751514950094,1,0.4132730015082956,0.2322775263951734,0.3544494720965309,0.1809954751131221,0.1004654440713421
2022-04-13,-0.0031174594844354,-0.0186436728035422,0.0070924731896599,0.0104394306785468,-0.0012915577272012,0.0487697293404549,-0.0320022821186036,1,0.4132730015082956,0.2322775263951734,0.3544494720965309,0.1809954751131221,0.1004654440713421
2022-04-18,-0.0172811883964258,-0.0264122384074422,0.0092174087912036,0.0117837997124063,-0.0166678595456561,0.0116816442665395,-0.0487304330486224,1,0.4132730015082956,0.2322775263951734,0.3544494720965309,0.1809954751131221,0.1004654440713421
2022-04-19,-0.012519179091224,-0.0464284609783318,0.0055527406131859,0.0112056929837323,-0.0402819396223638,-0.0189968791667749,-0.0606395471213179,1,0.4132730015082956,0.2322775263951734,0.3544494720965309,0.1809954751131221,0.1004654440713421
2022-04-20,0.0104902218042117,-0.0304611894234496,0.0106618008410216,0.0086118959757586,-0.0507854476165156,0.0011070477169696,-0.0507854476165156,1,0.4132730015082956,0.2322775263951734,0.3544494720965309,0.1809954751131221,0.1004654440713421
2022-04-21,0.0149417473178672,-0.0078549711071688,0.0140283714665178,0.0107015029806803,-0.0314522146858677,0.0044526580231583,-0.036602523624359,1,0.4132730015082956,0.2322775263951734,0.3544494720965309,0.1809954751131221,0.1004654440713421
2022-04-22,-0.0126864298609752,-0.0173784666092534,0.0149285125964837,0.0110197802087707,-0.0356981409675055,-0.0042735414437844,-0.048824598136639,1,0.4132730015082956,0.2322775263951734,0.3544494720965309,0.1809954751131221,0.1004654440713421
2022-04-25,-0.0126951219867283,-0.0127928541690321,0.0139736182873029,0.0112578311822391,-0.0388672046622503,-0.015607263648372,-0.0608998858940698,1,0.4132730015082956,0.2322775263951734,0.3544494720965309,0.1809954751131221,0.1004654440713421
2022-04-26,0.0145600287838525,0.0142788488470484,0.0143589136311773,0.0121598446866428,-0.0328125571077941,0.0027866845449775,-0.0472265612017681,1,0.4132730015082956,0.2322775263951734,0.3544494720965309,0.1809954751131221,0.1004654440713421
2022-04-27,-0.0094414213292404,-0.0057275239181747,0.0144986144598934,0.0122904445059921,-0.0360142461506255,-0.0106607827197769,-0.0562220966687715,1,0.4132730015082956,0.2322775263951734,0.3544494720965309,0.1809954751131221,0.1004654440713421
2022-04-28,0.0121284862428394,-0.0084834929797729,0.013757841368119,0.0130993455675664,-0.0162718264946977,-0.0046319544250316,-0.0447754993519227,1,0.4132730015082956,0.2322775263951734,0.3544494720965309,0.1809954751131221,0.1004654440713421
2022-04-29,-0.008263240756043,-0.0040414746141237,0.0129896845603587,0.0132672304337762,-0.0213497065917435,-0.0226136899404226,-0.0526687493768488,1,0.4132730015082956,0.2322775263951734,0.3544494720965309,0.1809954751131221,0.1004654440713421
2022-05-02,-0.0019558486892305,0.0067919275449082,0.0112967138648741,0.0121542100499803,-0.0060878147627325,-0.0226542034669835,-0.0545215859616472,1,0.4132730015082956,0.2322775263951734,0.3544494720965309,0.1809954751131221,0.1004654440713421
2022-05-04,-0.0229361829270435,-0.0304171898981443,0.0127353176369867,0.0136490755251462,-0.0165726635080034,-0.0561870240995561,-0.0762072518196019,1,0.4132730015082956,0.2322775263951734,0.3544494720965309,0.1809954751131221,0.1004654440713421
2022-05-05,0.0003028013623065,-0.0208793079162362,0.012840075325247,0.0130129593923686,-0.0264872450989258,-0.075927526116964,-0.0709874480715471,1,0.4132730015082956,0.2322775263951734,0.3544494720965309,0.1809954751131221,0.1004654440713421
2022-05-06,-0.0162683986057371,-0.0483501062623766,0.0097513524017056,0.0120437022896348,-0.0564234214551014,-0.0861009945760522,-0.0784157370568268,1,0.4132730015082956,0.2322775263951734,0.3544494720965309,0.1809954751131221,0.1004654440713421
2022-05-09,-0.0066661588849112,-0.046817579834586,0.0098410099478908,0.0118051928619289,-0.0506698423883135,-0.0845591641794397,-0.083359807921009,1,0.4132730015082956,0.2322775263951734,0.3544494720965309,0.1809954751131221,0.1004654440713421
2022-05-10,-0.0037909807782553,-0.0485702233861187,0.0095180037985151,0.0115025653302959,-0.0421081812792889,-0.079338758641802,-0.0868347732697567,1,0.4132730015082956,0.2322775263951734,0.3544494720965309,0.1809954751131221,0.1004654440713421
2022-05-11,-0.0044919812439,-0.0306099198925503,0.0061764801309232,0.0094361528511377,-0.0600960420445559,-0.0909366943408107,-0.0853100008769472,1,0.4132730015082956,0.2322775263951734,0.3544494720965309,0.1809954751131221,0.1004654440713421
2022-05-12,-0.022211775766835,-0.0524287208566984,0.0081558715372894,0.0107108814510956,-0.0722133533665133,-0.1056268900336352,-0.0982470351334545,1,0.4132730015082956,0.2322775263951734,0.3544494720965309,0.1809954751131221,0.1004654440713421
2022-05-13,-0.0016352479757085,-0.0383334602787721,0.0082764115980153,0.008595938607988,-0.0848301396632656,-0.0997216248438418,-0.0969062667196929,1,0.4132730015082956,0.2322775263951734,0.3544494720965309,0.1809954751131221,0.1004654440713421
2022-05-16,0.0038112677930446,-0.0281900520493073,0.0098071689861747,0.0094809026279728,-0.0736878418715337,-0.0934643346599412,-0.0891356093970998,1,0.4132730015082956,0.2322775263951734,0.3544494720965309,0.1809954751131221,0.1004654440713421
2022-05-17,0.0263219355775361,0.0011853411781368,0.0174852876679488,0.0143254818608042,-0.0474424544937928,-0.0532414483816778,-0.0651598955877786,1,0.4132730015082956,0.2322775263951734,0.3544494720965309,0.1809954751131221,0.1004654440713421
2022-05-18,-0.0011685619922137,0.0045277136901484,0.0173171490759364,0.01283209153267,-0.0262207991557538,-0.0423589141824379,-0.0662523142025919,1,0.4132730015082956,0.2322775263951734,0.3544494720965309,0.1809954751131221,0.1004654440713421
2022-05-19,-0.0265327610943147,8.856275303648076e-05,0.0188100379750481,0.0148151131502777,-0.0523448013355193,-0.0774455768518167,-0.0910272184722237,1,0.4132730015082956,0.2322775263951734,0.3544494720965309,0.1809954751131221,0.1004654440713421
2022-05-20,0.0288910395081407,0.0306675579689712,0.0226450331538463,0.0176913487386526,-0.0088414959250514,-0.0647660499292802,-0.0567641149199334,1,0.4132730015082956,0.2322775263951734,0.3544494720965309,0.1809954751131221,0.1004654440713421
2022-05-23,-0.003163010300532,0.0235066877915455,0.0230451880469345,0.0175955489953555,-0.0053460190101123,-0.0557449794577785,-0.0597475797402732,1,0.4132730015082956,0.2322775263951734,0.3544494720965309,0.1809954751131221,0.1004654440713421
2022-05-24,-0.0055227663786564,-0.008250662697656,0.0198072746171452,0.0176411278957967,-0.0070751013697617,-0.0488853629980035,-0.0649403741943339,1,0.4132730015082956,0.2322775263951734,0.3544494720965309,0.1809954751131221,0.1004654440713421
2022-05-25,-0.0061611829967473,-0.013207884090811,0.0199120058116297,0.0176901877583487,-0.0087399719182785,-0.0683107762429654,-0.0707014476617927,1,0.4132730015082956,0.2322775263951734,0.3544494720965309,0.1809954751131221,0.1004654440713421
2022-05-26,0.0090073506470815,0.0228187027970701,0.0148998036787909,0.016168605785149,0.0229092864372468,-0.0509584233261339,-0.0623309297450572,1,0.4132730015082956,0.2322775263951734,0.3544494720965309,0.1809954751131221,0.1004654440713421
2022-05-27,0.0112738595498496,0.0053054963835941,0.0083784219522253,0.0163265436345462,0.0361357609704635,-0.0517597803427649,-0.0438589567052865,1,0.4132730015082956,0.2322775263951734,0.3544494720965309,0.1809954751131221,0.1004654440713421
2022-05-30,0.0188931933746931,0.027549075838591,0.0109829543012398,0.017022243643029,0.0517033511548197,-0.0257943990808386,-0.0238852663585072,1,0.4132730015082956,0.2322775263951734,0.3544494720965309,0.1809954751131221,0.1004654440713421
2022-05-31,-0.0046124575365816,0.0284896574605506,0.0107598710835383,0.0154964870795035,0.0200039362088157,-0.0283875541182604,-0.0058803607340561,1,0.4132730015082956,0.2322775263951734,0.3544494720965309,0.1809954751131221,0.1004654440713421
2022-06-01,-0.0037263597746094,0.0310093723870259,0.0101264366439339,0.0155771556161951,0.0173919200999981,-0.0092849090996305,-0.009584808168966,1,0.4132730015082956,0.2322775263951734,0.3544494720965309,0.1809954751131221,0.1004654440713421
2022-06-02,0.0063700049931154,0.028314517799773,0.0100095204142375,0.0119788125909722,0.0517793211633585,-0.0032758584517448,-0.0020046334641747,1,0.4132730015082956,0.2322775263951734,0.3544494720965309,0.1809954751131221,0.1004654440713421
2022-06-03,-0.0026280971854703,0.0141783035569593,0.0099839920562099,0.0087392204754193,0.0195590228788005,0.0105445959326679,-0.0046274622780799,1,0.4132730015082956,0.2322775263951734,0.3544494720965309,0.1809954751131221,0.1004654440713421
2022-06-06,-0.0008893953920273,-0.0055127420264804,0.0043993038087607,0.0086195082404161,0.0218844628639443,0.0164214490993352,-0.0055127420264804,1,0.4132730015082956,0.2322775263951734,0.3544494720965309,0.1809954751131221,0.1004654440713421
2022-06-07,-0.0092458757178076,-0.0101419694836459,0.0056383751764293,0.0090593548121539,0.0180587467403403,0.0108558779067797,-0.014707647616647,1,0.4132730015082956,0.2322775263951734,0.3544494720965309,0.1809954751131221,0.1004654440713421
2022-06-08,-0.0036609843235554,-0.0100770150247385,0.0056335141200352,0.0088463644202236,0.0206198754508355,0.0116996864001583,-0.0183147874728415,1,0.4132730015082956,0.2322775263951734,0.3544494720965309,0.1809954751131221,0.1004654440713421
2022-06-09,0.0074497516239968,-0.0090149146018764,0.0060410481218481,0.0087236655178495,0.0190443502379382,0.0423899291497975,-0.0110014764665635,1,0.4132730015082956,0.2322775263951734,0.3544494720965309,0.1809954751131221,0.1004654440713421
2022-06-10,-0.016767709869463,-0.0230639822000325,0.0090758135571581,0.009821498466261,-0.0092126867839377,0.0265901667390058,-0.0275847167704995,1,0.4132730015082956,0.2322775263951734,0.3544494720965309,0.1809954751131221,0.1004654440713421
2022-06-13,-0.0263797849621646,-0.0479886297455272,0.0128350640900602,0.0101230745334078,-0.0532368228360162,-0.0042859938266539,-0.0532368228360162,1,0.4132730015082956,0.2322775263951734,0.3544494720965309,0.1809954751131221,0.1004654440713421
2022-06-14,-0.0026815599959427,-0.0416810070448058,0.0132255847066604,0.010158311896809,-0.0514002490269557,-0.0324245201207923,-0.0557756250975308,1,0.4132730015082956,0.2322775263951734,0.3544494720965309,0.1809954751131221,0.1004654440713421
2022-06-15,-0.0025393939779178,-0.0406022162781811,0.0133352847565826,0.0101845526322359,-0.0502700821594468,-0.033752455311786,-0.0581733827889614,1,0.4132730015082956,0.2322775263951734,0.3544494720965309,0.1809954751131221,0.1004654440713421
2022-06-16,-0.0211283985942014,-0.067817284759772,0.010852825693797,0.0104531047104587,-0.0762208323310079,-0.028388174124255,-0.0780726709640247,1,0.4132730015082956,0.2322775263951734,0.3544494720965309,0.1809954751131221,0.1004654440713421
2022-06-17,-0.0043683189458745,-0.0560616721598834,0.0114345952136188,0.0103707254476567,-0.0778326489511164,-0.0597959566338685,-0.0820999435821721,1,0.4132730015082956,0.2322775263951734,0.3544494720965309,0.1809954751131221,0.1004654440713421
2022-06-20,0.0037041880537482,-0.0268948422760929,0.0093127073770469,0.0108139786126789,-0.0735928253935682,-0.0533189019840022,-0.0786998691586542,1,0.4132730015082956,0.2322775263951734,0.3544494720965309,0.1809954751131221,0.1004654440713421
2022-06-21,0.018804376504464,-0.0059305496405439,0.014432210408701,0.0136061145357115,-0.0473643654040026,-0.0301609597430101,-0.0613753946247015,1,0.4132730015082956,0.2322775263951734,0.3544494720965309,0.1809954751131221,0.1004654440713421
2022-06-22,-0.0144192649052357,-0.0177700315125716,0.0156535026698152,0.0139312832897688,-0.0576507451280091,-0.0382196208613611,-0.0749096714561803,1,0.4132730015082956,0.2322775263951734,0.3544494720965309,0.1809954751131221,0.1004654440713421
2022-06-23,0.0093004093866986,0.0127631733135424,0.0127172057705753,0.0141380909622338,-0.0559196752052724,-0.037940278847135,-0.0663059526810473,1,0.4132730015082956,0.2322775263951734,0.3544494720965309,0.1809954751131221,0.1004654440713421
2022-06-24,0.0091664979285386,0.0265308791316571,0.012295493672408,0.0142497955936826,-0.0310181584762186,-0.0399450846815003,-0.0577472481304093,1,0.4132730015082956,0.2322775263951734,0.3544494720965309,0.1809954751131221,0.1004654440713421
2022-06-27,0.008459002818606,0.0313938300277196,0.0123239683894281,0.0119935244232524,0.0036546556445886,-0.0497767294465052,-0.0478680538850132,1,0.4132730015082956,0.2322775263951734,0.3544494720965309,0.1809954751131221,0.1004654440713421
2022-06-28,0.0011464087089165,0.0135176612016267,0.0101738058843572,0.0119441740279638,0.0075069444003026,-0.0442791634382602,-0.0467765215299494,1,0.4132730015082956,0.2322775263951734,0.3544494720965309,0.1809954751131221,0.1004654440713421
2022-06-29,-0.0032239340828507,0.0250303309479476,0.0057073765116387,0.0119674579852214,0.0068155096656608,-0.0437971887246372,-0.0498496511907625,1,0.4132730015082956,0.2322775263951734,0.3544494720965309,0.1809954751131221,0.1004654440713421
2022-06-30,-0.001193105936414,0.0143732744517617,0.0056457608726269,0.0092771258149875,0.027319896358215,-0.0509832812124128,-0.0484826010142122,1,0.4132730015082956,0.2322775263951734,0.3544494720965309,0.1809954751131221,0.1004654440713421
2022-07-01,-0.0017870439314966,0.0033632179881204,0.0046250933643372,0.0090914945420401,0.0299833262497137,-0.0501830044077832,-0.0493374895516173,1,0.4132730015082956,0.2322775263951734,0.3544494720965309,0.1809954751131221,0.1004654440713421
2022-07-04,0.0052882005834162,0.0002084379470757,0.0033271409915598,0.0091189666919471,0.031608811640277,-0.0443101955092322,-0.0390063174759225,1,0.4132730015082956,0.2322775263951734,0.3544494720965309,0.1809954751131221,0.1004654440713421
2022-07-05,-0.0015471713602793,-0.0024826185158547,0.0033225086782966,0.0073345033628009,0.0110014834897818,-0.0368839601982169,-0.0404931393789331,1,0.4132730015082956,0.2322775263951734,0.3544494720965309,0.1809954751131221,0.1004654440713421
2022-07-06,0.0113181770746038,0.0120703078023431,0.005785677226181,0.0055826955361561,0.037402762549227,-0.0224042797095911,-0.0296332708261267,1,0.4132730015082956,0.2322775263951734,0.3544494720965309,0.1809954751131221,0.1004654440713421
2022-07-07,0.0089494552777396,0.0223475546965352,0.0059788409110561,0.0055444986810545,0.0370420366852761,-0.0209490171803787,-0.0042526139070967,1,0.4132730015082956,0.2322775263951734,0.3544494720965309,0.1809954751131221,0.1004654440713421
2022-07-08,0.0054360964240776,0.0297453347342093,0.004865826658704,0.0052503656764105,0.0332085927671703,0.0011603648977274,0.0,1,0.4132730015082956,0.2322775263951734,0.3544494720965309,0.1809954751131221,0.1004654440713421
2022-07-11,-0.0002835900028359,0.0240379909506263,0.0056177280611613,0.0050156582563346,0.0242514393271875,0.0279947256314028,-0.0002835900028359,1,0.4132730015082956,0.2322775263951734,0.3544494720965309,0.1809954751131221,0.1004654440713421
2022-07-12,-0.0097249629995067,0.0156506449684867,0.0084132729438051,0.006326847869486,0.0131291718716481,0.0207346762352131,-0.010005795100058,1,0.4132730015082956,0.2322775263951734,0.3544494720965309,0.1809954751131221,0.1004654440713421
2022-07-13,-0.0057073289202468,-0.0014477979712066,0.0076895850088973,0.0065692573513379,0.0106050344639883,0.0174928228445432,-0.0156560176565602,1,0.4132730015082956,0.2322775263951734,0.3544494720965309,0.1809954751131221,0.1004654440713421
2022-07-14,-0.0017536552752143,-0.0120406126610839,0.0057204598552163,0.0065931083640378,0.0100378637854279,0.0376319935419189,-0.0173822176738221,1,0.4132730015082956,0.2322775263951734,0.3544494720965309,0.1809954751131221,0.1004654440713421
2022-07-15,0.0069359701103921,-0.010566810105668,0.0062494142348484,0.0067556761079609,0.0188642113248753,0.0494131493771863,-0.010566810105668,1,0.4132730015082956,0.2322775263951734,0.3544494720965309,0.1809954751131221,0.1004654440713421
2022-07-18,0.0142873165017569,0.0038542180562406,0.0097365148776355,0.0077801712058166,0.0279848566656246,0.0604782363690257,0.0,1,0.4132730015082956,0.2322775263951734,0.3544494720965309,0.1809954751131221,0.1004654440713421
2022-07-19,0.0038117762693121,0.0175765803354028,0.0077563521454473,0.0076312928025178,0.0335023101224791,0.0448723687239429,0.0,1,0.4132730015082956,0.2322775263951734,0.3544494720965309,0.1809954751131221,0.1004654440713421
2022-07-20,0.0110339003277122,0.0347098483401338,0.0062465775442758,0.0075986763938687,0.0332117975209196,0.0718567730466543,0.0,0,0.4132730015082956,0.2322775263951734,0.3544494720965309,0.1809954751131221,0.1004654440713421
2022-07-21,0.005108695981139,0.0418228645462446,0.0043442646187762,0.0073750879472772,0.0292786789727823,0.0674052575586645,0.0,0,0.4132730015082956,0.2322775263951734,0.3544494720965309,0.1809954751131221,0.1004654440713421
2022-07-22,0.0068773430089881,0.0417622062158862,0.0043487259368635,0.0074436063718966,0.030754102807541,0.0649839960507667,0.0,0,0.4132730015082956,0.2322775263951734,0.3544494720965309,0.1809954751131221,0.1004654440713421
2022-07-25,-0.0052902457915781,0.0216543293300979,0.0060177431941872,0.0078506282726981,0.0255920078934386,0.0504640902473148,-0.0052902457915781,0,0.4132730015082956,0.2322775263951734,0.3544494720965309,0.1809954751131221,0.1004654440713421
2022-07-26,-0.0088479345800013,0.0087695946586865,0.0084504304092198,0.0077016501339128,0.0265003144791167,0.0399774135342139,-0.0140913726229033,1,0.4132730015082956,0.2322775263951734,0.3544494720965309,0.1809954751131221,0.1004654440713421
2022-07-27,0.0095821061220529,0.0073210518829236,0.0080691565681185,0.0073696543173288,0.042285012823604,0.053338481305897,-0.0046442915287285,1,0.4132730015082956,0.2322775263951734,0.3544494720965309,0.1809954751131221,0.1004654440713421
2022-07-28,0.0172938023531108,0.019532979027717,0.0108110203998403,0.0080931913024048,0.0621727687100224,0.0728347142789245,0.0,1,0.4132730015082956,0.2322775263951734,0.3544494720965309,0.1809954751131221,0.1004654440713421
2022-07-29,0.0135059304413571,0.0262448824572578,0.0116386128764569,0.0084301217972957,0.0691031328664357,0.0892709202929142,0.0,1,0.4132730015082956,0.2322775263951734,0.3544494720965309,0.1809954751131221,0.1004654440713421
2022-08-01,0.0105954861364065,0.0426342372677528,0.0101103372733582,0.0081384878441928,0.0652117824123843,0.0950215814617294,0.0,1,0.4132730015082956,0.2322775263951734,0.3544494720965309,0.1809954751131221,0.1004654440713421
2022-08-02,0.0003114177871459,0.052269342416972,0.0063157896127764,0.0083335407869691,0.0614973180217313,0.0970599303642751,0.0,1,0.4132730015082956,0.2322775263951734,0.3544494720965309,0.1809954751131221,0.1004654440713421
2022-08-03,0.002461740687039,0.0448479130863248,0.0072411690891602,0.0081999618326001,0.0524972988677945,0.0874526260491064,0.0,1,0.4132730015082956,0.2322775263951734,0.3544494720965309,0.1809954751131221,0.1004654440713421
2022-08-04,-0.0003536891503697,0.0267224269917778,0.0063301905582712,0.0083836277360444,0.0467773746254949,0.0774256333331266,-0.0003536891503697,1,0.4132730015082956,0.2322775263951734,0.3544494720965309,0.1809954751131221,0.1004654440713421
2022-08-05,0.0008917270739845,0.0139437296927134,0.004490617554504,0.0084176528831071,0.0405545636967723,0.0725558857255588,0.0,1,0.4132730015082956,0.2322775263951734,0.3544494720965309,0.1809954751131221,0.1004654440713421
2022-08-08,0.0073343871245867,0.0106718262058067,0.0030905083006206,0.0077903334357318,0.0537610486440982,0.0807289097187962,0.0,1,0.4132730015082956,0.2322775263951734,0.3544494720965309,0.1809954751131221,0.1004654440713421
2022-08-10,0.0005506387980669,0.0109135248725169,0.0030570035996611,0.0063261863255876,0.0637533100580265,0.0919431073027656,0.0,1,0.4132730015082956,0.2322775263951734,0.3544494720965309,0.1809954751131221,0.1004654440713421
2022-08-11,0.0070859293688247,0.015576700224003,0.0037789327752559,0.0062271402479224,0.0611231958081457,0.105992803750317,0.0,1,0.4132730015082956,0.2322775263951734,0.3544494720965309,0.1809954751131221,0.1004654440713421
2022-08-12,0.0022169998301151,0.0181883557703372,0.003340737806301,0.0048540104653382,0.0453968197712884,0.1103920344571216,0.0,1,0.4132730015082956,0.2322775263951734,0.3544494720965309,0.1809954751131221,0.1004654440713421
2022-08-16,0.0071815415735541,0.0245868659290127,0.0032412183813985,0.0038533047646516,0.0388734282342313,0.1106628367769109,0.0,1,0.4132730015082956,0.2322775263951734,0.3544494720965309,0.1809954751131221,0.1004654440713421
2022-08-17,0.0066759231988331,0.0239171245813147,0.0031276413350872,0.0032387261540992,0.0348441901839959,0.102328224344995,0.0,1,0.4132730015082956,0.2322775263951734,0.3544494720965309,0.1809954751131221,0.1004654440713421
2022-08-18,0.000682669936052,0.0240522391251658,0.0030836533584135,0.0032008402503327,0.0352282587076149,0.0988920201584402,0.0,1,0.4132730015082956,0.2322775263951734,0.3544494720965309,0.1809954751131221,0.1004654440713421
2022-08-19,-0.011029432239022,0.0056316892236254,0.0073588497267998,0.0056104998201148,0.0212961125824195,0.0749113998371755,-0.011029432239022,1,0.4132730015082956,0.2322775263951734,0.3544494720965309,0.1809954751131221,0.1004654440713421
2022-08-22,-0.0150773293840397,-0.0117215641182836,0.0102326120004203,0.0078270036423208,0.0062535956736855,0.0533234970867648,-0.0259404672402751,1,0.4132730015082956,0.2322775263951734,0.3544494720965309,0.1809954751131221,0.1004654440713421
2022-08-23,0.0049626372872439,-0.0138988232984109,0.0097548426488421,0.0079458614117553,0.0103463141255928,0.0513204680775982,-0.0211065630830061,1,0.4132730015082956,0.2322775263951734,0.3544494720965309,0.1809954751131221,0.1004654440713421
2022-08-24,0.0015616555255297,-0.0189085640246875,0.0087330740927728,0.0076431755403061,0.0045563220751951,0.058562323372016,-0.0195778687383398,1,0.4132730015082956,0.2322775263951734,0.3544494720965309,0.1809954751131221,0.1004654440713421
2022-08-25,-0.0046861820113093,-0.0241723052933477,0.0083697012043167,0.0078153479666175,-0.0007014642353041,0.0630071251558344,-0.0241723052933477,1,0.4132730015082956,0.2322775263951734,0.3544494720965309,0.1809954751131221,0.1004654440713421
2022-08-26,0.0020801885581069,-0.0112369041216997,0.0079964850753782,0.0074602795919286,-0.0056684976499234,0.055108221466428,-0.0221423996881351,1,0.4132730015082956,0.2322775263951734,0.3544494720965309,0.1809954751131221,0.1004654440713421
2022-08-29,-0.0140099892362277,-0.0101654021851612,0.0075707559165425,0.0084872997794916,-0.0217678118899432,0.0226408184481619,-0.0358421741430678,1,0.4132730015082956,0.2322775263951734,0.3544494720965309,0.1809954751131221,0.1004654440713421
2022-08-30,0.0257842418081313,0.0103427677428531,0.0147207928168434,0.0120532867511042,-0.0036998078568323,0.0350297961621959,-0.0109820956199705,1,0.4132730015082956,0.2322775263951734,0.3544494720965309,0.1809954751131221,0.1004654440713421
2022-09-01,-0.0121907958083933,-0.0035302571151863,0.0160793560748995,0.0123128561765549,-0.0223720690471878,0.0116925845081183,-0.0230390109431125,1,0.4185303514376997,0.2476038338658147,0.3338658146964856,0.1709265175718849,0.1356981312541808
2022-09-02,-0.0001909615340766,0.0009701839640003,0.015918953465119,0.0122932752233018,-0.0232255729123158,0.0111844893041115,-0.0232255729123158,1,0.4185303514376997,0.2476038338658147,0.3338658146964856,0.1709265175718849,0.1356981312541808
2022-09-05,0.007203760665243,0.0060880806884255,0.0162246027850093,0.0122031464711878,-0.005217234612255,0.0159677711544929,-0.0161891237156461,1,0.4185303514376997,0.2476038338658147,0.3338658146964856,0.1709265175718849,0.1356981312541808
2022-09-06,-0.0005773868152022,0.0197944885027925,0.0140131688470167,0.0110828482473909,0.0094278673809509,0.015740421125302,-0.0167571631442653,1,0.4185303514376997,0.2476038338658147,0.3338658146964856,0.1709265175718849,0.1356981312541808
2022-09-07,-0.001767144701964,-0.0075960201134052,0.0069405444007746,0.0110192092774388,0.0026681837576447,0.013042103750539,-0.0184946955141591,1,0.4185303514376997,0.2476038338658147,0.3338658146964856,0.1709265175718849,0.1356981312541808
2022-09-08,0.0098925353487209,0.0145900312378868,0.0052641634901354,0.0114306888072336,0.011008267561112,0.0156147468488054,-0.0087851195945757,1,0.4185303514376997,0.2476038338658147,0.3338658146964856,0.1709265175718849,0.1356981312541808
2022-09-09,0.0019439567385348,0.016756511749228,0.0050309578006466,0.011245090534588,0.0177429526122201,0.0170290423302299,-0.0068582407484755,1,0.4185303514376997,0.2476038338658147,0.3338658146964856,0.1709265175718849,0.1356981312541808
2022-09-12,0.0057756955367331,0.0153149022404872,0.0047915496891097,0.0113152112661677,0.0214962212894882,0.0157058723597032,-0.0011221563222232,1,0.4185303514376997,0.2476038338658147,0.3338658146964856,0.1709265175718849,0.1356981312541808
2022-09-13,0.0074541364324403,0.0234741385169579,0.0046129296816889,0.0098413051613113,0.0437332855847372,0.0210134957608563,0.0,1,0.4185303514376997,0.2476038338658147,0.3338658146964856,0.1709265175718849,0.1356981312541808
2022-09-14,-0.0036690545958644,0.0215241369918974,0.0053022958675296,0.0065724801831758,0.0137646191009781,0.0100138847982496,-0.0036690545958644,1,0.4185303514376997,0.2476038338658147,0.3338658146964856,0.1709265175718849,0.1356981312541808
2022-09-15,-0.007017982364785,0.0044188496383172,0.0061520245964171,0.0055013528268838,0.0190733520304626,-0.0037254273653118,-0.0106612876002002,1,0.4185303514376997,0.2476038338658147,0.3338658146964856,0.1709265175718849,0.1356981312541808
2022-09-16,-0.0193848098716816,-0.0169626009695318,0.0108475458954712,0.0087203282790281,-0.0004903232427472,-0.0237045081168379,-0.0298394304387646,1,0.4185303514376997,0.2476038338658147,0.3338658146964856,0.1709265175718849,0.1356981312541808
2022-09-19,0.0052136661941664,-0.0175119241094201,0.0107313932699321,0.0085584980502155,-0.0024652152747115,-0.0076695882805087,-0.0247813370743301,1,0.4185303514376997,0.2476038338658147,0.3338658146964856,0.1709265175718849,0.1356981312541808
2022-09-20,0.0110088098852303,-0.0140453402176529,0.011710039368892,0.0092593379088057,0.0090990960375179,0.0186127484891971,-0.0140453402176529,1,0.4185303514376997,0.2476038338658147,0.3338658146964856,0.1709265175718849,0.1356981312541808
2022-09-21,-0.005494983512243,-0.0158522530028467,0.0117733914014005,0.0094536641010452,0.0053306779237873,0.0080130849096855,-0.0194631448169761,1,0.4185303514376997,0.2476038338658147,0.3338658146964856,0.1709265175718849,0.1356981312541808
2022-09-22,-0.0049976436857833,-0.0138498886862744,0.0116407340652884,0.0089834944880986,-0.0094922396235691,0.0014115348240124,-0.0243635186399594,1,0.4185303514376997,0.2476038338658147,0.3338658146964856,0.1709265175718849,0.1356981312541808
2022-09-23,-0.0171556115214013,-0.0116081079924817,0.0108599366109473,0.0102489212408323,-0.0283738052581259,-0.011134287728029,-0.0411011591002792,1,0.4185303514376997,0.2476038338658147,0.3338658146964856,0.1709265175718849,0.1356981312541808
2022-09-26,-0.0179513889890836,-0.0343855069585326,0.0117646463936763,0.0107693873954879,-0.051295274679631,-0.030901707965761,-0.0583147251944515,1,0.4185303514376997,0.2476038338658147,0.3338658146964856,0.1709265175718849,0.1356981312541808
2022-09-27,-0.000523027920288,-0.0453995650038587,0.0078509926963941,0.0099956041728752,-0.058807252885299,-0.0176458016854483,-0.058807252885299,1,0.4185303514376997,0.2476038338658147,0.3338658146964856,0.1709265175718849,0.1356981312541808
2022-09-28,-0.0087491327304586,-0.0485231412631537,0.0075952440066337,0.0099932257697556,-0.063606193154204,-0.0507170890744568,-0.0670418731547506,1,0.4185303514376997,0.2476038338658147,0.3338658146964856,0.1709265175718849,0.1356981312541808
2022-09-29,-0.0024023347134399,-0.0460413617851592,0.0080848283202586,0.0100731837929103,-0.0592535827357447,-0.0413103951478669,-0.0692831508490569,1,0.4185303514376997,0.2476038338658147,0.3338658146964856,0.1709265175718849,0.1356981312541808
2022-09-30,0.0164257555847568,-0.0134469494758286,0.0126471461907664,0.0111148996965207,-0.0248989638266255,-0.0253770785286883,-0.0539954233662884,1,0.4185303514376997,0.2476038338658147,0.3338658146964856,0.1709265175718849,0.1356981312541808
2022-10-03,-0.0121092641720802,-0.0075780281259734,0.011047666888367,0.0111354988358836,-0.0417029607456483,-0.0440653692445289,-0.065450842692743,1,0.4185303514376997,0.2476038338658147,0.3338658146964856,0.1709265175718849,0.1356981312541808
2022-10-04,0.0229136010090393,0.0156931688559096,0.0155891543700738,0.0133563934423498,-0.0304188591875395,-0.0215965472711207,-0.0440369561788706,1,0.4185303514376997,0.2476038338658147,0.3338658146964856,0.1709265175718849,0.1356981312541808
2022-10-06,0.0033286442865991,0.0280687601580202,0.0141400789135311,0.0134645958355133,-0.0218163655193626,-0.0166019836136266,-0.0408548952548554,1,0.4185303514376997,0.2476038338658147,0.3338658146964856,0.1709265175718849,0.1356981312541808
2022-10-07,-0.0009895106105538,0.0295247382284564,0.0139522759268142,0.0134290939737209,-0.0178759827110913,-0.0271985392232599,-0.0418039795130615,1,0.4185303514376997,0.2476038338658147,0.3338658146964856,0.1709265175718849,0.1356981312541808
2022-10-10,-0.0042536233767359,0.008578857926742,0.0130959328556202,0.0123585856798939,-0.0049834510181879,-0.0332158568076104,-0.0458797845053001,1,0.4185303514376997,0.2476038338658147,0.3338658146964856,0.1709265175718849,0.1356981312541808
2022-10-11,-0.0149324285134273,0.0056965716941972,0.0138816598462634,0.0119118424569777,-0.0019246252122964,-0.0531211757130073,-0.0601271164163906,1,0.4185303514376997,0.2476038338658147,0.3338658146964856,0.1709265175718849,0.1356981312541808
2022-10-12,0.0082462147195374,-0.0087239425041825,0.008751219547229,0.0121989491147395,0.0068323200489197,-0.0523767228092894,-0.0488870374227592,1,0.4185303514376997,0.2476038338658147,0.3338658146964856,0.1709265175718849,0.1356981312541808
2022-10-13,-0.0063800836272746,-0.0183160433422957,0.0084218218483247,0.0120156519547992,0.0092386081881057,-0.0549552176629869,-0.0482760356651416,1,0.4185303514376997,0.2476038338658147,0.3338658146964856,0.1709265175718849,0.1356981312541808
2022-10-14,0.0100709107312357,-0.0074474505693156,0.010496307338758,0.0122697103858623,0.0218574036306122,-0.0386913085795473,-0.0353918473303865,1,0.4185303514376997,0.2476038338658147,0.3338658146964856,0.1709265175718849,0.1356981312541808
2022-10-17,0.0073374957086413,0.0041064903427874,0.0109906124679783,0.0114078738466968,0.0127205772667577,-0.0124951157530867,-0.0283140391496526,1,0.4185303514376997,0.2476038338658147,0.3338658146964856,0.1709265175718849,0.1356981312541808
2022-10-18,0.0101173765870679,0.0296404461964667,0.0069561482950148,0.010639342911997,0.0355058668174699,-0.0076777936983074,-0.0184831263593628,1,0.4185303514376997,0.2476038338658147,0.3338658146964856,0.1709265175718849,0.1356981312541808
2022-10-19,0.001446793180057,0.0226967460113527,0.0070416249658595,0.0081783919298729,0.0137747983999352,-0.0170630744404687,-0.0116320086238277,1,0.4185303514376997,0.2476038338658147,0.3338658146964856,0.1709265175718849,0.1356981312541808
2022-10-20,0.002952219160873,0.0323021449541123,0.0040185100428809,0.0081693857978035,0.0133944541247881,-0.0087141297016932,-0.003735152979614,1,0.4185303514376997,0.2476038338658147,0.3338658146964856,0.1709265175718849,0.1356981312541808
2022-10-21,0.0007031447937393,0.022728198444055,0.004053993648704,0.0081327139659219,0.0151114807402978,-0.003034634539246,0.0,1,0.4185303514376997,0.2476038338658147,0.3338658146964856,0.1709265175718849,0.1356981312541808
2022-10-24,0.0087874012164108,0.0242002564724639,0.0043478835425548,0.0081476728288087,0.0284061249347484,0.0232811133843318,0.0,1,0.4185303514376997,0.2476038338658147,0.3338658146964856,0.1709265175718849,0.1356981312541808
2022-10-25,-0.0041960999957701,0.0096872239012519,0.0046726938005849,0.0059599700015396,0.0396148037365569,0.0376139348742088,-0.0041960999957701,0,0.4185303514376997,0.2476038338658147,0.3338658146964856,0.1709265175718849,0.1356981312541808
2022-10-27,0.0045649298977423,0.0128310182871989,0.0047970531890914,0.0057730350330833,0.0358189866616833,0.0428960334913037,0.0,0,0.4185303514376997,0.2476038338658147,0.3338658146964856,0.1709265175718849,0.1356981312541808
2022-10-28,0.0028105170280121,0.0126879204279217,0.0047945917820705,0.0046382618875311,0.0453999124268631,0.0550579526176551,0.0,0,0.4185303514376997,0.2476038338658147,0.3338658146964856,0.1709265175718849,0.1356981312541808
2022-10-31,0.01267231879821,0.0248004415036158,0.0063783658955888,0.0050432259520187,0.0480923093036651,0.0710008859502562,0.0,0,0.4185303514376997,0.2476038338658147,0.3338658146964856,0.1709265175718849,0.1356981312541808
2022-11-01,0.0073949878415739,0.0233859255812642,0.0061955018879118,0.0050465735630652,0.0481521274506406,0.0614852275751931,0.0,0,0.4185303514376997,0.2476038338658147,0.3338658146964856,0.1709265175718849,0.1356981312541808
2022-11-02,-0.0034471546507656,0.0241556154018243,0.0059316149058899,0.005254919530428,0.0340768401579463,0.0707926347236245,-0.0034471546507656,0,0.4185303514376997,0.2476038338658147,0.3338658146964856,0.1709265175718849,0.1356981312541808
2022-11-03,-0.0016673256704555,0.0178018204933767,0.0066092376938121,0.0054693788989814,0.0308612542648718,0.0450611602206747,-0.005108732791782,0,0.4185303514376997,0.2476038338658147,0.3338658146964856,0.1709265175718849,0.1356981312541808
2022-11-04,0.0035701030870729,0.0185727618233748,0.0065966319489046,0.0054715471841019,0.0314963319754384,0.0453126622739705,-0.00155686840742,0,0.4185303514376997,0.2476038338658147,0.3338658146964856,0.1709265175718849,0.1356981312541808
2022-11-07,0.0047275647659812,0.0105817168363664,0.0045294768207112,0.00542186636836,0.0356445895893902,0.0512947128587639,0.0,0,0.4185303514376997,0.2476038338658147,0.3338658146964856,0.1709265175718849,0.1356981312541808
2022-11-09,-0.0025160964247258,0.0006392804787989,0.0037416605222817,0.0053802182166505,0.0240401562257659,0.0531291688417145,-0.0025160964247258,0,0.4185303514376997,0.2476038338658147,0.3338658146964856,0.1709265175718849,0.1356981312541808
2022-11-10,-0.0070936828771271,-0.0030222005933797,0.0048153698827421,0.0058333583513872,0.0210604116932435,0.0615095195056394,-0.0095919309117278,0,0.4185303514376997,0.2476038338658147,0.3338658146964856,0.1709265175718849,0.1356981312541808
2022-11-11,0.0178331724742348,0.0164518326898468,0.009423103677441,0.0076743580967399,0.0345465257555555,0.0716029339624846,0.0,0,0.4185303514376997,0.2476038338658147,0.3338658146964856,0.1709265175718849,0.1356981312541808
2022-11-14,-0.0011199093173185,0.011701619735996,0.0096213621914522,0.0078089889856155,0.0304917129556752,0.077275946480471,-0.0011199093173185,0,0.4185303514376997,0.2476038338658147,0.3338658146964856,0.1709265175718849,0.1356981312541808
2022-11-15,0.0040509243472828,0.0110202825938867,0.0095845336213229,0.007067539132131,0.0217186129401183,0.0708554204949463,0.0,0,0.4185303514376997,0.2476038338658147,0.3338658146964856,0.1709265175718849,0.1356981312541808
2022-11-16,0.0003396111588076,0.0139147436250481,0.0093121591088736,0.0068367386124099,0.0145629195278143,0.0634162825356117,0.0,0,0.4185303514376997,0.2476038338658147,0.3338658146964856,0.1709265175718849,0.1356981312541808
2022-11-17,-0.003571496470601,0.0175114542771879,0.008471729814326,0.0068467763507701,0.0144363305563006,0.0490051152430812,-0.003571496470601,0,0.4185303514376997,0.2476038338658147,0.3338658146964856,0.1709265175718849,0.1356981312541808
2022-11-18,-0.0019761337556354,-0.0022915905982113,0.0028897777971653,0.006863101983652,0.0141225412265202,0.0454196348270496,-0.0055405724715027,0,0.4185303514376997,0.2476038338658147,0.3338658146964856,0.1709265175718849,0.1356981312541808
2022-11-21,-0.0080676657025888,-0.0092311973004749,0.0045070501545807,0.0074227215397413,0.0023624024750028,0.0339331414630534,-0.0135635386875905,0,0.4185303514376997,0.2476038338658147,0.3338658146964856,0.1709265175718849,0.1356981312541808
2022-11-22,0.0046393299541023,-0.0086505754371475,0.0047029064101187,0.007416871786279,0.002274375370822,0.0380000341368775,-0.0089871344648051,0,0.4185303514376997,0.2476038338658147,0.3338658146964856,0.1709265175718849,0.1356981312541808
2022-11-23,0.001263415222372,-0.0077350737249215,0.0048210692323912,0.0073562028807369,0.0060720383323236,0.0302581673082074,-0.0077350737249215,0,0.4185303514376997,0.2476038338658147,0.3338658146964856,0.1709265175718849,0.1356981312541808
2022-11-24,0.0118709712737274,0.0076428676562778,0.0074344060051413,0.0075848611673125,0.0252881596609755,0.0468811504076436,0.0,0,0.4185303514376997,0.2476038338658147,0.3338658146964856,0.1709265175718849,0.1356981312541808
2022-11-25,0.0015499807943044,0.0112029670656801,0.007179651463785,0.0053531626024348,0.0088857038534688,0.0437391998060545,0.0,0,0.4185303514376997,0.2476038338658147,0.3338658146964856,0.1709265175718849,0.1356981312541808
2022-11-28,0.0027008413120686,0.0221806778102362,0.0043795115012547,0.00532943979766,0.0127447262966367,0.0436250477882476,0.0,0,0.4185303514376997,0.2476038338658147,0.3338658146964856,0.1709265175718849,0.1356981312541808
2022-11-29,0.0029790844567749,0.0204914438561294,0.0044200457888319,0.0052780498463894,0.0116636056380885,0.0336355359145468,0.0,0,0.4185303514376997,0.2476038338658147,0.3338658146964856,0.1709265175718849,0.1356981312541808
2022-11-30,0.0075356978845797,0.0268841779687691,0.0043121107596118,0.0056306135440113,0.0189411531452252,0.0337799111620573,0.0,0,0.4185303514376997,0.2476038338658147,0.3338658146964856,0.1709265175718849,0.1356981312541808
2022-12-01,0.0028867144498316,0.0177666210418685,0.0023114345592392,0.0052946293065216,0.0255452766314687,0.0403503872453734,0.0,0,0.4185303514376997,0.2476038338658147,0.3338658146964856,0.1709265175718849,0.1356981312541808
2022-12-02,-0.0061873754152824,0.0099039850913558,0.0049977912227543,0.0058336294739856,0.0212179061758335,0.0356400981570621,-0.0061873754152824,0,0.4185303514376997,0.2476038338658147,0.3338658146964856,0.1709265175718849,0.1356981312541808
2022-12-05,0.0002647610999084,0.0074504047083541,0.0050289607145856,0.0047027164551264,0.0297963375449821,0.0322291309615474,-0.0059242524916943,0,0.4185303514376997,0.2476038338658147,0.3338658146964856,0.1709265175718849,0.1356981312541808
2022-12-06,-0.0031174720136034,0.001326669549174,0.0053106036053053,0.0050220488186863,0.0218452987798862,0.0241693585602216,-0.0090232558139534,0,0.4185303514376997,0.2476038338658147,0.3338658146964856,0.1709265175718849,0.1356981312541808
2022-12-07,-0.0044119027503989,-0.0105473029344264,0.0036587342524282,0.0054397743936677,0.016053319465163,0.0222228341686401,-0.0133953488372092,0,0.4185303514376997,0.2476038338658147,0.3338658146964856,0.1709265175718849,0.1356981312541808
2022-12-08,0.0026319334069664,-0.0107986710963455,0.0035724495487038,0.0041296773261624,0.0067760940483982,0.0322356086575474,-0.0107986710963455,0,0.4185303514376997,0.2476038338658147,0.3338658146964856,0.1709265175718849,0.1356981312541808
2022-12-09,-0.0060587822788007,-0.0106706746326774,0.0035365257670411,0.0046236373665902,-0.0008723717437982,0.008005580472705,-0.0167920265780732,0,0.4185303514376997,0.2476038338658147,0.3338658146964856,0.1709265175718849,0.1356981312541808
2022-12-12,2.9735194576385737e-05,-0.0109031311076115,0.0034979525456182,0.0045213105201979,-0.0035339591385973,0.0091657278160743,-0.0167627906976743,0,0.4185303514376997,0.2476038338658147,0.3338658146964856,0.1709265175718849,0.1356981312541808
2022-12-13,0.0059928151093546,-0.0018639953869467,0.0049587246775399,0.0048555684187833,-0.0005397987436922,0.0111175108947259,-0.0108704318936877,0,0.4185303514376997,0.2476038338658147,0.3338658146964856,0.1709265175718849,0.1356981312541808
2022-12-14,0.0028106190885639,0.0053770103176098,0.0045167619104811,0.0042250454712565,-0.0052270055735178,0.0136151420586485,-0.008090365448505,0,0.4185303514376997,0.2476038338658147,0.3338658146964856,0.1709265175718849,0.1356981312541808
2022-12-15,-0.013150913972444,-0.0104490484621976,0.007614709709834,0.0056075789066936,-0.0211348837209301,0.0038704964593134,-0.0211348837209301,0,0.4185303514376997,0.2476038338658147,0.3338658146964856,0.1709265175718849,0.1356981312541808
2022-12-16,-0.0079229319735649,-0.0123049641555744,0.0078988425362282,0.0057719139715958,-0.022844336519381,-0.0021111393324648,-0.0288903654485049,0,0.4185303514376997,0.2476038338658147,0.3338658146964856,0.1709265175718849,0.1356981312541808
2022-12-19,0.0082899994526246,-0.0041465847441363,0.0092882742810546,0.0066571235188606,-0.0150045050946336,0.0143447531518534,-0.0208398671096344,0,0.4185303514376997,0.2476038338658147,0.3338658146964856,0.1709265175718849,0.1356981312541808
2022-12-20,-0.0019082052827157,-0.0119679707652622,0.0084816068467768,0.0066352368188111,-0.0138096579099114,0.0077339647668848,-0.0227083056478405,0,0.4185303514376997,0.2476038338658147,0.3338658146964856,0.1709265175718849,0.1356981312541808
2022-12-21,-0.0101276563341365,-0.0247155726328087,0.0084771836181123,0.0071524386026666,-0.019471458204251,-0.0037307202780934,-0.0326059800664452,0,0.4185303514376997,0.2476038338658147,0.3338658146964856,0.1709265175718849,0.1356981312541808
2022-12-22,-0.0039425026512299,-0.015615072577098,0.0071503220534738,0.0069855717920426,-0.0259009583891968,-0.0193003716707873,-0.0364199335548173,0,0.4185303514376997,0.2476038338658147,0.3338658146964856,0.1709265175718849,0.1356981312541808
2022-12-23,-0.0176832245198552,-0.0252996879960589,0.0096751099301569,0.0084409053578348,-0.0372933403976947,-0.0381331784850981,-0.0534591362126246,0,0.4185303514376997,0.2476038338658147,0.3338658146964856,0.1709265175718849,0.1356981312541808
2022-12-26,0.0116696992160298,-0.0220325779229064,0.010884664271372,0.0097264424982753,-0.0260878027155536,-0.0295295686253385,-0.0424132890365449,0,0.4185303514376997,0.2476038338658147,0.3338658146964856,0.1709265175718849,0.1356981312541808
2022-12-27,0.0065335894219133,-0.0137609938374679,0.0119682688361896,0.0097808594140768,-0.0255642734307824,-0.0260902726117934,-0.0361568106312292,0,0.4185303514376997,0.2476038338658147,0.3338658146964856,0.1709265175718849,0.1356981312541808
2022-12-28,-0.000540471975425,-0.0042089993461214,0.0112278738539153,0.0096333435646901,-0.0288205441498796,-0.0338969045784942,-0.0366777408637873,0,0.4185303514376997,0.2476038338658147,0.3338658146964856,0.1709265175718849,0.1356981312541808
2022-12-29,0.0037798317009243,0.0035112688837586,0.0112173825385285,0.0091003637761171,-0.012158632411797,-0.0330365448504983,-0.0272738696490303,0,0.4185303514376997,0.2476038338658147,0.3338658146964856,0.1709265175718849,0.1356981312541808
2022-12-30,-0.0047111208839536,0.0167632589797155,0.0063177283455788,0.0088904006845629,-0.0089605342383272,-0.0316001732981744,-0.0318565000360941,0,0.4185303514376997,0.2476038338658147,0.3338658146964856,0.1709265175718849,0.1356981312541808
2023-01-02,0.0050896698756719,0.01015010047406,0.004603146883124,0.0085763191241063,-0.0121061103284664,-0.0269289692290004,-0.0248039956485157,0,0.4185303514376997,0.2476038338658147,0.3338658146964856,0.1709265175718849,0.1356981312541808
2023-01-03,0.0019288416783669,0.0055288077077921,0.0038809077320936,0.0086260108260533,-0.0083082680184712,-0.0220031915892237,-0.0229229969507457,0,0.4185303514376997,0.2476038338658147,0.3338658146964856,0.1709265175718849,0.1356981312541808
2023-01-04,-0.0103989842342403,-0.0043895709753069,0.0065293103074711,0.0086589731698748,-0.0085800946200634,-0.0278844858705314,-0.0330836053010936,0,0.4185303514376997,0.2476038338658147,0.3338658146964856,0.1709265175718849,0.1356981312541808
2023-01-05,-0.0028155041165662,-0.0109312297289867,0.0060019332347538,0.0086211766381961,-0.0074583433320367,-0.0331661234809381,-0.0358059623907438,0,0.4185303514376997,0.2476038338658147,0.3338658146964856,0.1709265175718849,0.1356981312541808
2023-01-06,-0.007375438733003,-0.0135788967871285,0.0063884962785824,0.0067883326385318,0.0029567356290856,-0.0344468713168905,-0.0429173164418578,0,0.4185303514376997,0.2476038338658147,0.3338658146964856,0.1709265175718849,0.1356981312541808
2023-01-09,0.0135362511163557,-0.0052892026080577,0.009382973572458,0.0071511712358651,0.0048072119281028,-0.0214060003838429,-0.029962004898099,0,0.4185303514376997,0.2476038338658147,0.3338658146964856,0.1709265175718849,0.1356981312541808
2023-01-10,-0.0103335690451461,-0.0174632731022263,0.0100001564826364,0.0075487682037625,-0.0120310164733651,-0.0372877257093722,-0.0399859594968997,0,0.4185303514376997,0.2476038338658147,0.3338658146964856,0.1709265175718849,0.1356981312541808
2023-01-11,-0.0010299121085846,-0.0081610823063855,0.0092268548689809,0.0075457178711991,-0.0125148296316732,-0.040974689581625,-0.0284873605150797,0,0.4185303514376997,0.2476038338658147,0.3338658146964856,0.1709265175718849,0.1356981312541808
2023-01-12,-0.0020954754494096,-0.0074449134761549,0.0092088136383038,0.0073379096268482,-0.0182947611456214,-0.0302309542815872,-0.0305231413999115,0,0.4185303514376997,0.2476038338658147,0.3338658146964856,0.1709265175718849,0.1356981312541808
2023-01-13,0.0055100738036306,0.0054396971911228,0.0089384234653847,0.0075978000824811,-0.0082130646827172,-0.0171000054737534,-0.0251812523581129,0,0.4185303514376997,0.2476038338658147,0.3338658146964856,0.1709265175718849,0.1356981312541808
2023-01-16,-0.0034388469977613,-0.0113997966985615,0.0056675587674417,0.0073376354637508,-0.0166287034721899,-0.0285335048818027,-0.0266762032710916,0,0.4185303514376997,0.2476038338658147,0.3338658146964856,0.1709265175718849,0.1356981312541808
2023-01-17,0.0088545028318203,0.0077676027051241,0.0053355288255386,0.0080091991863153,-0.0098313181644915,-0.0180579049566773,-0.0098313181644915,0,0.4185303514376997,0.2476038338658147,0.3338658146964856,0.1709265175718849,0.1356981312541808
2023-01-18,0.0062066215041016,0.0150678654648881,0.0054378406590025,0.0075422762090562,0.006783813068262,-0.0018544873098119,-0.0036857159311232,0,0.4185303514376997,0.2476038338658147,0.3338658146964856,0.1709265175718849,0.1356981312541808
2023-01-19,-0.0031653670311885,0.0139795724093132,0.0057034018862062,0.0075611928445566,0.0064305822261372,-0.0010757225959668,-0.006839416318617,0,0.4185303514376997,0.2476038338658147,0.3338658146964856,0.1709265175718849,0.1356981312541808
2023-01-20,-0.0044290183539181,0.0039567624160476,0.0062277806815968,0.007264570505859,0.009417983196571,0.012402565312128,-0.0112381427721299,0,0.4185303514376997,0.2476038338658147,0.3338658146964856,0.1709265175718849,0.1356981312541808
2023-01-23,0.0050422545367809,0.0125008033037439,0.0059306296064269,0.006021071314969,0.0009584999889509,0.0057703196296337,-0.0062525538117268,0,0.4185303514376997,0.2476038338658147,0.3338658146964856,0.1709265175718849,0.1356981312541808
2023-01-24,-1.3798013637988936e-05,0.0036004497792647,0.0047679003537358,0.0047904214018945,0.0113960193478337,-0.0007721028220357,-0.006266265552542,0,0.4185303514376997,0.2476038338658147,0.3338658146964856,0.1709265175718849,0.1356981312541808
2023-01-25,-0.0124928939249266,-0.0150506321100335,0.0064377605402504,0.0064518265623926,-0.0002095475449409,-0.0127217547247895,-0.0186808756866153,0,0.4185303514376997,0.2476038338658147,0.3338658146964856,0.1709265175718849,0.1356981312541808
2023-01-27,-0.0160742680367429,-0.0278056202144373,0.008704259036366,0.0082261348185885,-0.0142147584862977,-0.0322494640206696,-0.0344548623204105,0,0.4185303514376997,0.2476038338658147,0.3338658146964856,0.1709265175718849,0.1356981312541808
2023-01-30,0.002533464740249,-0.0210066203859072,0.0094611498900366,0.0079990291832694,-0.0171329761758906,-0.0252053266170678,-0.0320086877589804,0,0.4185303514376997,0.2476038338658147,0.3338658146964856,0.1709265175718849,0.1356981312541808
2023-01-31,0.0007479198479229,-0.0251896536974536,0.0085647359366304,0.0080073373630195,-0.013003741299871,-0.0294162094139562,-0.0312847078439383,0,0.4185303514376997,0.2476038338658147,0.3338658146964856,0.1709265175718849,0.1356981312541808
2023-02-01,-0.0025959466995808,-0.027706793683734,0.0082567116795237,0.0071724079462318,-0.0242061008236721,-0.0337994411094443,-0.0302251264082442,0,0.4185303514376997,0.2476038338658147,0.3338658146964856,0.1709265175718849,0.1356981312541808
2023-02-02,-0.0003349170938277,-0.0157361271409767,0.0074626366631862,0.0065708703923236,-0.0305499205905747,-0.0239733524728494,-0.0305499205905747,0,0.4185303514376997,0.2476038338658147,0.3338658146964856,0.1709265175718849,0.1356981312541808
2023-02-03,0.0138355744332892,0.0141839942968642,0.0064226746132551,0.0084705630407175,-0.0140160206761155,-0.0076755696234191,-0.0171370218575473,0,0.4185303514376997,0.2476038338658147,0.3338658146964856,0.1709265175718849,0.1356981312541808
2023-02-06,-0.0050100677437332,0.0065527977585067,0.007333308659122,0.0084957714713814,-0.014591474762379,-0.0053109138299333,-0.0220612319608485,0,0.4185303514376997,0.2476038338658147,0.3338658146964856,0.1709265175718849,0.1356981312541808
2023-02-07,-0.0024261734010334,0.0033602930560547,0.0075308576647493,0.0081855843201352,-0.0219140052598028,-0.0209765098446512,-0.0244338809877044,0,0.4185303514376997,0.2476038338658147,0.3338658146964856,0.1709265175718849,0.1356981312541808
2023-02-08,0.0084755805095506,0.0144979365701083,0.0079384436394906,0.0088489104167659,-0.0136105484510135,-0.0023696351766621,-0.0161653918036259,0,0.4185303514376997,0.2476038338658147,0.3338658146964856,0.1709265175718849,0.1356981312541808
2023-02-09,0.0012170078951638,0.0160728887475583,0.0078092381270881,0.0079437205343363,8.383658572719277e-05,-0.0001257285269645,-0.0149680573179156,0,0.4185303514376997,0.2476038338658147,0.3338658146964856,0.1709265175718849,0.1356981312541808
2023-02-10,-0.002065001439074,0.0001372237671564,0.0052096203714422,0.0057071969721101,0.0143231644451513,-9.519436449367812e-05,-0.017002149697088,0,0.4185303514376997,0.2476038338658147,0.3338658146964856,0.1709265175718849,0.1356981312541808
2023-02-13,-0.0047937725758125,0.0003546378753251,0.0051578615428171,0.006013052758317,0.0069097595041065,-0.0103416014167491,-0.0217144178339528,0,0.4185303514376997,0.2476038338658147,0.3338658146964856,0.1709265175718849,0.1356981312541808
2023-02-14,0.0089443978639234,0.0117569054538271,0.0061809800196252,0.0065538666038568,0.0151567051576391,0.0019558699849397,-0.0129642423625198,0,0.4185303514376997,0.2476038338658147,0.3338658146964856,0.1709265175718849,0.1356981312541808
2023-02-15,0.0047964706899388,0.0080658247396721,0.0054455230889406,0.006453585983502,0.0226806991252419,-0.0020744129882072,-0.00822995428109,0,0.4185303514376997,0.2476038338658147,0.3338658146964856,0.1709265175718849,0.1356981312541808
2023-02-16,0.0011101335768226,0.0079582193484206,0.0054477088116699,0.006404923707535,0.0241590196701946,-0.0071289570528506,-0.0045643829114361,0,0.4185303514376997,0.2476038338658147,0.3338658146964856,0.1709265175718849,0.1356981312541808
2023-02-17,-0.0050815459210404,0.0049113768095652,0.0060846458343408,0.0053638836076368,0.0050492745343493,-0.0090375168780389,-0.0096227347111108,0,0.4185303514376997,0.2476038338658147,0.3338658146964856,0.1709265175718849,0.1356981312541808
2023-02-20,-0.0055505400073562,0.0041472294593969,0.0062711947291266,0.0054280982753046,0.0045033380993662,-0.0101538470072363,-0.015119863344473,0,0.4185303514376997,0.2476038338658147,0.3338658146964856,0.1709265175718849,0.1356981312541808
2023-02-21,-0.0010031045806573,-0.0057529761821765,0.0043391246148097,0.0053622017146931,0.0059362920745986,-0.0161078011209505,-0.016094225175651,0,0.4185303514376997,0.2476038338658147,0.3338658146964856,0.1709265175718849,0.1356981312541808
2023-02-22,-0.0152804501113499,-0.0256191076191242,0.0063082591800197,0.0066059205495409,-0.0177599221114947,-0.0311287482821236,-0.0266996010723087,0,0.4185303514376997,0.2476038338658147,0.3338658146964856,0.1709265175718849,0.1356981312541808
2023-02-23,-0.0024523905823643,-0.0290865138044504,0.0055822698328996,0.0065229166003086,-0.0213597713129665,-0.0212777254575382,-0.0290865138044504,0,0.4185303514376997,0.2476038338658147,0.3338658146964856,0.1709265175718849,0.1356981312541808
2023-02-24,-0.0025954743379256,-0.026660425095574,0.00577775096355,0.0065244176229784,-0.0218799876795564,-0.0078702138959972,-0.031606494842217,0,0.4185303514376997,0.2476038338658147,0.3338658146964856,0.1709265175718849,0.1356981312541808
2023-02-27,-0.0041853221724741,-0.025324187709447,0.0057996806040882,0.0065002363149571,-0.0212819834673539,-0.0145192773507772,-0.0356595336510338,0,0.4185303514376997,0.2476038338658147,0.3338658146964856,0.1709265175718849,0.1356981312541808
2023-02-28,-0.0051027155070805,-0.0293239915407786,0.0053472380689375,0.0052360541572855,-0.0349082674980547,-0.0202806566584475,-0.0405802887027779,0,0.4185303514376997,0.2476038338658147,0.3338658146964856,0.1709265175718849,0.1356981312541808
2023-03-01,0.0084922806642413,-0.0058902946856324,0.0055134966504001,0.0059686105073079,-0.0313584982112971,-0.009389031749005,-0.0324326272396364,0,0.4185303514376997,0.2476038338658147,0.3338658146964856,0.1709265175718849,0.1356981312541808
2023-03-02,-0.0073921688852723,-0.010813048754372,0.0062007612806872,0.0058971137817791,-0.0395850486669603,-0.0163823649661564,-0.0395850486669603,0,0.4185303514376997,0.2476038338658147,0.3338658146964856,0.1709265175718849,0.1356981312541808
2023-03-03,0.0157286440863875,0.0073600980201307,0.0100788811083739,0.0085528232967182,-0.0194965504174051,-0.014545719318586,-0.0244790237221977,0,0.4185303514376997,0.2476038338658147,0.3338658146964856,0.1709265175718849,0.1356981312541808
2023-03-06,0.0066555456723325,0.0183266542859934,0.0097070939169178,0.008845351498473,-0.0074616410566781,-0.0029919052497662,-0.0179863993102624,0,0.4185303514376997,0.2476038338658147,0.3338658146964856,0.1709265175718849,0.1356981312541808
2023-03-08,0.0024249849673516,0.0260316286165875,0.0085157479318204,0.0088991468520798,-0.0040557141815366,0.0018565019891092,-0.0156050310908549,0,0.4185303514376997,0.2476038338658147,0.3338658146964856,0.1709265175718849,0.1356981312541808
2023-03-09,-0.009282206101023,0.0079480141425369,0.0103094083566133,0.0079321414452215,0.0020109033114392,-0.0157847322862403,-0.0247423880770798,0,0.4185303514376997,0.2476038338658147,0.3338658146964856,0.1709265175718849,0.1356981312541808
2023-03-10,-0.0100457088279436,0.0052534652665123,0.0109388511651093,0.0085562552666803,-0.0056163894639159,-0.0268561959823286,-0.0345395420786931,0,0.4185303514376997,0.2476038338658147,0.3338658146964856,0.1709265175718849,0.1356981312541808
2023-03-13,-0.014851058697862,-0.025010869966779,0.0091079639961084,0.0096878325428913,-0.0178348544011726,-0.0393246156861647,-0.0488776520097472,0,0.4185303514376997,0.2476038338658147,0.3338658146964856,0.1709265175718849,0.1356981312541808
2023-03-14,-0.0064706808205522,-0.037724184073015,0.0063866022149277,0.0097780494359554,-0.0200888878667487,-0.040943339954645,-0.0550320611448863,0,0.4185303514376997,0.2476038338658147,0.3338658146964856,0.1709265175718849,0.1356981312541808
2023-03-15,-0.0041746610104849,-0.0440595007434776,0.0040337084049825,0.0097495259714033,-0.0191748126872766,-0.0534137206948188,-0.0589769819553831,0,0.4185303514376997,0.2476038338658147,0.3338658146964856,0.1709265175718849,0.1356981312541808
2023-03-16,0.0007924747306615,-0.0343384727338882,0.005913719430384,0.0091222035821496,-0.0266633812582733,-0.0571857558760757,-0.0582312449926119,0,0.4185303514376997,0.2476038338658147,0.3338658146964856,0.1709265175718849,0.1356981312541808
2023-03-17,0.0067380604747551,-0.0179665650178891,0.0080827974903055,0.0093982095692558,-0.0128074864766568,-0.0518855501681373,-0.0470430556948764,0,0.4185303514376997,0.2476038338658147,0.3338658146964856,0.1709265175718849,0.1356981312541808
2023-03-20,-0.0065292206747932,-0.0096710445777442,0.005686744457509,0.0073413606000484,-0.0344400333061464,-0.0532651218778211,-0.0479809017854139,0,0.4185303514376997,0.2476038338658147,0.3338658146964856,0.1709265175718849,0.1356981312541808
2023-03-21,0.0070106661015751,0.0037668761331433,0.0061703408970805,0.0073964576451699,-0.0340994102684987,-0.0413066137655088,-0.0403439784144009,0,0.4185303514376997,0.2476038338658147,0.3338658146964856,0.1709265175718849,0.1356981312541808
2023-03-22,0.0025953529153881,0.0105908797647911,0.0055236398489939,0.0074116452953567,-0.0339352498535574,-0.0378533323610089,-0.0339352498535574,0,0.4185303514376997,0.2476038338658147,0.3338658146964856,0.1709265175718849,0.1356981312541808
2023-03-23,-0.0043726934042293,0.0053751412961569,0.0062672659959577,0.0071378558973193,-0.0291479055805701,-0.0271956158889843,-0.0381595548145812,0,0.4185303514376997,0.2476038338658147,0.3338658146964856,0.1709265175718849,0.1356981312541808
2023-03-24,-0.0077209563796709,-0.009064300981576,0.0063440702944375,0.0069147495947736,-0.026868011646538,-0.032333499892926,-0.045585882936061,0,0.4185303514376997,0.2476038338658147,0.3338658146964856,0.1709265175718849,0.1356981312541808
2023-03-27,0.0023989306611666,-0.0001589319771138,0.0059239388446938,0.0055663561153135,-0.0098284395166226,-0.0274880051300254,-0.0432963096471861,0,0.4185303514376997,0.2476038338658147,0.3338658146964856,0.1709265175718849,0.1356981312541808
2023-03-28,-0.0020016837692883,-0.0091071167616542,0.0044346717993968,0.0052461395733174,-0.0053745460092821,-0.0253554652239157,-0.0452113278961835,0,0.4185303514376997,0.2476038338658147,0.3338658146964856,0.1709265175718849,0.1356981312541808
2023-03-29,0.0076098562386073,-0.0041511436050817,0.0059804924654172,0.0056440584371469,0.0063957718969016,-0.0129016785184885,-0.0379455233632226,0,0.4185303514376997,0.2476038338658147,0.3338658146964856,0.1709265175718849,0.1356981312541808
2023-03-31,0.0163371524586228,0.0165633106711404,0.0092048957184934,0.0075169193476211,0.0220274821024868,-0.0052232263092448,-0.022228292704907,0,0.4185303514376997,0.2476038338658147,0.3338658146964856,0.1709265175718849,0.1356981312541808
2023-04-03,0.0022062529702329,0.026733470836616,0.007043715636555,0.0073480786696798,0.0174268496290945,0.0043961690114824,-0.0200710809714775,0,0.3919156414762741,0.2653778558875219,0.3427065026362039,0.1265377855887522,0.1311178186414185
2023-04-05,0.0091389552277409,0.0336371182818486,0.006992055062758,0.007050176222059,0.033472840291022,-0.0021199987495985,-0.0111155544541072,0,0.3919156414762741,0.2653778558875219,0.3427065026362039,0.1265377855887522,0.1311178186414185
2023-04-06,0.0023978971410345,0.0381938094704366,0.0058060633982483,0.0069317950823989,0.0287388572263627,-0.0063405311253453,-0.0087443112693191,0,0.3919156414762741,0.2653778558875219,0.3427065026362039,0.1265377855887522,0.1311178186414185
2023-04-10,0.0014148410576646,0.0318107571703734,0.0064158795347181,0.0069468182248539,0.0275275625440911,-0.0073418420222594,0.0,0,0.3919156414762741,0.2653778558875219,0.3427065026362039,0.1265377855887522,0.1311178186414185
2023-04-11,0.0055747685690858,0.0208845173461598,0.0032112572058826,0.0065137277423105,0.0377937447663216,0.0075442306817665,0.0,0,0.3919156414762741,0.2653778558875219,0.3427065026362039,0.1265377855887522,0.1311178186414185
2023-04-12,0.0050839902270023,0.0238158874126699,0.003029294429762,0.0051210525390534,0.0511860395808807,0.0229427608267434,0.0,0,0.3919156414762741,0.2653778558875219,0.3427065026362039,0.1265377855887522,0.1311178186414185
2023-04-13,0.0008757943904245,0.0154325470395084,0.0021410180047312,0.0052290551600905,0.0495887717315153,0.0392729519712258,0.0,0,0.3919156414762741,0.2653778558875219,0.3427065026362039,0.1265377855887522,0.1311178186414185
2023-04-17,-0.0067954902400718,0.0061196137313448,0.0049572767969025,0.0060790452103145,0.044547154562669,0.0389331878216072,-0.0067954902400718,0,0.3919156414762741,0.2653778558875219,0.3427065026362039,0.1265377855887522,0.1311178186414185
2023-04-18,-0.0026373973914048,0.0020483373571908,0.0052426894344285,0.0063332859906758,0.0339242536898372,0.0405369973751115,-0.0094149652232442,0,0.3919156414762741,0.2653778558875219,0.3427065026362039,0.1265377855887522,0.1311178186414185
2023-04-19,-0.002344260949086,-0.0058429210655501,0.0044293266911332,0.0045972830168061,0.0149195696942641,0.0372756923511681,-0.0117371550370204,0,0.3919156414762741,0.2653778558875219,0.3427065026362039,0.1265377855887522,0.1311178186414185
2023-04-20,0.0003235189783612,-0.0105516381846354,0.0030464599451931,0.0046033088525595,0.0130129526010098,0.0306665769983129,-0.0114174332510657,0,0.3919156414762741,0.2653778558875219,0.3427065026362039,0.1265377855887522,0.1311178186414185
2023-04-21,-2.26957436970654e-05,-0.011439869867624,0.0028457900018125,0.0036920418436558,0.0038161308420263,0.0374167078712532,-0.011439869867624,0,0.3919156414762741,0.2653778558875219,0.3427065026362039,0.1265377855887522,0.1311178186414185
2023-04-24,0.006771996221073,0.0020641729048365,0.0037928203846208,0.0041831793706397,0.0081964185770335,0.0371708315066492,-0.004745344402064,0,0.3919156414762741,0.2653778558875219,0.3427065026362039,0.1265377855887522,0.1311178186414185
2023-04-25,0.0014568797411995,0.0061777504721081,0.0033886295592207,0.0041838596099591,0.0082387419463745,0.0359930969746791,-0.0032953780569889,0,0.3919156414762741,0.2653778558875219,0.3427065026362039,0.1265377855887522,0.1311178186414185
2023-04-26,0.0024958847447134,0.0110592408655549,0.0027388113951448,0.0038994099353075,0.0051517015285826,0.0431401483875877,-0.0008077181960961,0,0.3919156414762741,0.2653778558875219,0.3427065026362039,0.1265377855887522,0.1311178186414185
2023-04-27,0.0056950868998968,0.0164884577958459,0.0028667526971609,0.0039827649478279,0.0057628393703261,0.0572438558753145,0.0,0,0.3919156414762741,0.2653778558875219,0.3427065026362039,0.1265377855887522,0.1311178186414185
2023-04-28,0.0083700575772884,0.0250197883006459,0.0029067108083663,0.0046870258458569,0.0132936953107472,0.0635416850644954,0.0,0,0.3919156414762741,0.2653778558875219,0.3427065026362039,0.1265377855887522,0.1311178186414185
2023-05-02,0.0045751453086078,0.0227831193570566,0.0027242683519493,0.0037897707405535,0.0248943205595575,0.070550446267926,0.0,0,0.3919156414762741,0.2653778558875219,0.3427065026362039,0.1265377855887522,0.1311178186414185
2023-05-03,-0.0031849853837826,0.0180424047160121,0.0043401718697789,0.0038747458413683,0.0243316166623723,0.0590813022885476,-0.0031849853837826,0,0.3919156414762741,0.2653778558875219,0.3427065026362039,0.1265377855887522,0.1311178186414185
2023-05-04,0.0091736526284076,0.02482373018368,0.0049093472784,0.0040127060718513,0.0361575026605178,0.051616526735696,0.0,0,0.3919156414762741,0.2653778558875219,0.3427065026362039,0.1265377855887522,0.1311178186414185
2023-05-05,-0.0102323645088135,0.008593333538003,0.0082892686092908,0.0059033255930874,0.025223482151216,0.0385646667298922,-0.0102323645088135,0,0.3919156414762741,0.2653778558875219,0.3427065026362039,0.1265377855887522,0.1311178186414185
2023-05-08,0.0108141014998064,0.0110379186271796,0.0088322337038438,0.0063634906892896,0.0363338733151574,0.0402886589717521,0.0,0,0.3919156414762741,0.2653778558875219,0.3427065026362039,0.1265377855887522,0.1311178186414185
2023-05-09,8.486454523559672e-05,0.006518750361617,0.0087620601260904,0.0063436989162639,0.0294503871862212,0.0378881934638888,0.0,0,0.3919156414762741,0.2653778558875219,0.3427065026362039,0.1265377855887522,0.1311178186414185
2023-05-10,0.0026907990003255,0.0124517339834215,0.0083911280499495,0.0063239428158701,0.0307187979233787,0.0392106241187468,0.0,0,0.3919156414762741,0.2653778558875219,0.3427065026362039,0.1265377855887522,0.1311178186414185
2023-05-11,-0.00098825559238,0.0022568170115799,0.0075622046306467,0.0064524279815544,0.0271365698118293,0.032428070848592,-0.00098825559238,0,0.3919156414762741,0.2653778558875219,0.3427065026362039,0.1265377855887522,0.1311178186414185
2023-05-12,0.0009728370771164,0.0136034091537993,0.0047239516522165,0.006381267994944,0.0223136413239148,0.0282050706249576,-1.637992694547563e-05,0,0.3919156414762741,0.2653778558875219,0.3427065026362039,0.1265377855887522,0.1311178186414185
2023-05-15,0.0045891847030816,0.0073613149076892,0.0022038860623619,0.0060818757748154,0.0184804871298089,0.0320198564056539,0.0,0,0.3919156414762741,0.2653778558875219,0.3427065026362039,0.1265377855887522,0.1311178186414185
2023-05-16,-0.0061063599083637,0.0011250441395054,0.0041001042678839,0.0064752518728914,0.0076511283830136,0.0327359185851803,-0.0061063599083637,0,0.3919156414762741,0.2653778558875219,0.3427065026362039,0.1265377855887522,0.1311178186414185
2023-05-17,-0.0057282694884204,-0.0072808775272861,0.0045425860775568,0.0066945788039934,0.0050801969059999,0.0295354229720585,-0.0117996505216357,0,0.3919156414762741,0.2653778558875219,0.3427065026362039,0.1265377855887522,0.1311178186414185
2023-05-18,-0.00284901068379,-0.0091299120074328,0.0045712090488416,0.0060141992001353,-0.0068936995365855,0.0290145441645974,-0.0146150438750246,0,0.3919156414762741,0.2653778558875219,0.3427065026362039,0.1265377855887522,0.1311178186414185
2023-05-19,0.0040513073670915,-0.0060825125035489,0.005205462145317,0.0051222264108914,0.0074381537439813,0.0328492520333967,-0.0106229465428544,0,0.3919156414762741,0.2653778558875219,0.3427065026362039,0.1265377855887522,0.1311178186414185
2023-05-22,0.0060977619565576,-0.0045899607855923,0.0056502409331453,0.0042328384524284,0.0027375659753399,0.0391709056658373,-0.0045899607855923,0,0.3919156414762741,0.2653778558875219,0.3427065026362039,0.1265377855887522,0.1311178186414185
2023-05-23,0.0018346219368365,0.0033631367402182,0.0048880168734483,0.0042598865241312,0.0044919645570036,0.0340746418386554,-0.0027637596915023,0,0.3919156414762741,0.2653778558875219,0.3427065026362039,0.1265377855887522,0.1311178186414185
2023-05-24,-0.003411816001744,0.0057007713778927,0.0041883393018614,0.0043405941251657,-0.0016216127676068,0.0290473711608538,-0.0061661462537059,0,0.3919156414762741,0.2653778558875219,0.3427065026362039,0.1265377855887522,0.1311178186414185
2023-05-25,0.0019551117284828,0.0105460853449679,0.0035447527843059,0.0043773617987577,0.0013198885063125,0.0284922755647372,-0.0042230900300832,0,0.3919156414762741,0.2653778558875219,0.3427065026362039,0.1265377855887522,0.1311178186414185
2023-05-26,0.0097264636772254,0.0162579518112,0.0049526178685954,0.0053331910203027,0.0100765501124773,0.0326150359613843,0.0,0,0.3919156414762741,0.2653778558875219,0.3427065026362039,0.1265377855887522,0.1311178186414185
2023-05-29,0.0053677561644058,0.0155205739745774,0.004857166922719,0.005396459847999,0.0108593743630718,0.0295405480210353,0.0,0,0.3919156414762741,0.2653778558875219,0.3427065026362039,0.1265377855887522,0.1311178186414185
2023-05-30,0.0018926104851695,0.0155793546980596,0.0048534746215034,0.0047667149867326,0.0189948869384517,0.0267913476400523,0.0,0,0.3919156414762741,0.2653778558875219,0.3427065026362039,0.1265377855887522,0.1311178186414185
2023-05-31,-0.005337061315831,0.0136174215494329,0.005529172761958,0.0046983255650654,0.0193958227343353,0.0245745542389794,-0.005337061315831,0,0.3919156414762741,0.2653778558875219,0.3427065026362039,0.1265377855887522,0.1311178186414185
2023-06-01,-0.0025169414709945,0.0090933156488537,0.0060236281931207,0.0046618051308199,0.0197352998767232,0.0127055511125231,-0.0078405697158664,0,0.3919156414762741,0.2653778558875219,0.3427065026362039,0.1265377855887522,0.1311178186414185
2023-06-02,0.0025070654893104,0.0018784443777755,0.0042651826906084,0.004610345409661,0.0181669358471492,0.0257402180530188,-0.0053531610483072,0,0.3919156414762741,0.2653778558875219,0.3427065026362039,0.1265377855887522,0.1311178186414185
2023-06-05,0.003223787505193,-0.0002580832479778,0.0037104159429174,0.0043981616594737,0.0152584851264576,0.0180378222115151,-0.0021466309968148,0,0.3919156414762741,0.2653778558875219,0.3427065026362039,0.1265377855887522,0.1311178186414185
2023-06-06,0.0002769733003118,-0.0018702522559749,0.0035669469362759,0.0044135006817037,0.0136799651188139,0.0182333795942724,-0.0018702522559749,0,0.3919156414762741,0.2653778558875219,0.3427065026362039,0.1265377855887522,0.1311178186414185
2023-06-07,0.0068498306360558,0.0103591160220994,0.0034865452930532,0.00437132671884,0.0241176020212847,0.0224568798423161,0.0,0,0.3919156414762741,0.2653778558875219,0.3427065026362039,0.1265377855887522,0.1311178186414185
2023-06-08,-0.004904840225564,0.0079403929629078,0.0043325245563853,0.0049481613321354,0.0171059131113493,0.0184483795157675,-0.004904840225564,0,0.3919156414762741,0.2653778558875219,0.3427065026362039,0.1265377855887522,0.1311178186414185
2023-06-09,-0.0038181764518058,0.0015808698561032,0.0048860983658538,0.0043239787976765,0.0034622838099718,0.0135737217987639,-0.0087042891319206,0,0.3919156414762741,0.2653778558875219,0.3427065026362039,0.1265377855887522,0.1311178186414185
2023-06-12,0.0020524257409741,0.0004114263587153,0.0047382393451869,0.0040127513022041,0.0001532369284866,0.011014275348731,-0.0066697282980178,0,0.3919156414762741,0.2653778558875219,0.3427065026362039,0.1265377855887522,0.1311178186414185
2023-06-13,0.0061634814396689,0.0062987257379429,0.0054706270524314,0.0044385844542009,0.0044166932759468,0.0234954748038171,-0.0005473556049213,0,0.3919156414762741,0.2653778558875219,0.3427065026362039,0.1265377855887522,0.1311178186414185
2023-06-14,0.0021238342287275,0.0015753161312372,0.0046050188923089,0.0039589503342025,0.0119507510359115,0.0315783684188817,0.0,0,0.3919156414762741,0.2653778558875219,0.3427065026362039,0.1265377855887522,0.1311178186414185
2023-06-15,-0.0036148625232594,0.0028736942936642,0.0042622630544506,0.0040865218630091,0.0108369055185189,0.0307860749753858,-0.0036148625232594,0,0.3919156414762741,0.2653778558875219,0.3427065026362039,0.1265377855887522,0.1311178186414185
2023-06-16,0.0073790272954448,0.0141461154745359,0.0043140719652037,0.0045400266911919,0.0157493484981736,0.0342024017491238,0.0,0,0.3919156414762741,0.2653778558875219,0.3427065026362039,0.1265377855887522,0.1311178186414185
2023-06-19,-0.0037474768936576,0.0082762142837944,0.0052504461301938,0.0047869169883509,0.0086910456952165,0.0240821430131481,-0.0037474768936576,0,0.3919156414762741,0.2653778558875219,0.3427065026362039,0.1265377855887522,0.1311178186414185
2023-06-20,0.0032657174314665,0.0053723655773221,0.0047668373934079,0.0048383846719836,0.0117049303726006,0.02554501853063,-0.0004939976628066,0,0.3919156414762741,0.2653778558875219,0.3427065026362039,0.1265377855887522,0.1311178186414185
2023-06-21,0.0021337428985952,0.0053823063675961,0.0047673812196395,0.0044369665894495,0.0069661013328774,0.0312517090137485,0.0,0,0.3919156414762741,0.2653778558875219,0.3427065026362039,0.1265377855887522,0.1311178186414185
2023-06-22,-0.0045394644386521,0.0044493554721989,0.0050070783837459,0.0043868750476208,0.007335835853294,0.0245672351353489,-0.0045394644386521,0,0.3919156414762741,0.2653778558875219,0.3427065026362039,0.1265377855887522,0.1311178186414185
2023-06-23,-0.0056336152360657,-0.0085254435355359,0.0040952379041175,0.004627428312657,0.0055000700302745,0.008981396643666,-0.0101475060786928,0,0.3919156414762741,0.2653778558875219,0.3427065026362039,0.1265377855887522,0.1311178186414185
2023-06-26,0.0013768717687712,-0.0034256709383139,0.0040972650684965,0.0046080825141405,0.0048221917587292,0.0049761676250694,-0.0087846061245646,0,0.3919156414762741,0.2653778558875219,0.3427065026362039,0.1265377855887522,0.1311178186414185
2023-06-27,0.0067518404382811,3.7200996986674895e-05,0.0051082958105722,0.004691559841153,0.0054097664316645,0.0098503529866347,-0.0020920779451497,0,0.3919156414762741,0.2653778558875219,0.3427065026362039,0.1265377855887522,0.1311178186414185
2023-06-28,0.0082211145004089,0.0061118373429285,0.0063202801764834,0.0052783973984914,0.0115270394915731,0.0236155473066297,0.0,0,0.3919156414762741,0.2653778558875219,0.3427065026362039,0.1265377855887522,0.1311178186414185
2023-06-30,0.0114352127597894,0.0222574415662248,0.0066976570753543,0.0058774985782742,0.0268058283078536,0.0379332260550904,0.0,0,0.3919156414762741,0.2653778558875219,0.3427065026362039,0.1265377855887522,0.1311178186414185
2023-07-03,0.0069570927169402,0.0352013072245587,0.0036342787796711,0.0058412947224674,0.0263757569319027,0.0425405064179,0.0,0,0.3919156414762741,0.2653778558875219,0.3427065026362039,0.1265377855887522,0.1311178186414185
2023-07-04,0.0034389870902133,0.0373330765279917,0.0028833751135633,0.0053956539393867,0.033779514754378,0.0427641397558871,0.0,0,0.3919156414762741,0.2653778558875219,0.3427065026362039,0.1265377855887522,0.1311178186414185
2023-07-05,0.0004899685388621,0.0308809931233857,0.0042500386293567,0.0054708173239158,0.0309193429241045,0.0429861820527985,0.0,0,0.3919156414762741,0.2653778558875219,0.3427065026362039,0.1265377855887522,0.1311178186414185
2023-07-06,0.0050931773075237,0.0276827552036937,0.0040884624154965,0.0054949453464717,0.0339637850436314,0.0411664815447709,0.0,0,0.3919156414762741,0.2653778558875219,0.3427065026362039,0.1265377855887522,0.1311178186414185
2023-07-07,-0.0084883547978438,0.0074391384669902,0.0060670798880606,0.006219730765843,0.0298621562229473,0.0374170559525182,-0.0084883547978438,0,0.3919156414762741,0.2653778558875219,0.3427065026362039,0.1265377855887522,0.1311178186414185
2023-07-10,0.0012466505964268,0.0017259626705585,0.005267339842108,0.0055021086308245,0.0369880260373416,0.0426915328011032,-0.0072522862139885,0,0.3919156414762741,0.2653778558875219,0.3427065026362039,0.1265377855887522,0.1311178186414185
2023-07-11,0.0043139301194985,0.0025994120377534,0.005408017713844,0.005445248713773,0.0400295326142783,0.0450447544552858,-0.0029696419504238,0,0.3919156414762741,0.2653778558875219,0.3427065026362039,0.1265377855887522,0.1311178186414185
2023-07-12,-0.0028344496229308,-0.0007320153620126,0.0056147424939621,0.0057326349656682,0.0301263724000127,0.0356991154697947,-0.0057956742728479,0,0.3919156414762741,0.2653778558875219,0.3427065026362039,0.1265377855887522,0.1311178186414185
2023-07-13,0.0015192707500399,-0.0042852087212075,0.0049738831982937,0.0054369027007452,0.0232789200984604,0.0350742966213297,-0.0042852087212075,0,0.3919156414762741,0.2653778558875219,0.3427065026362039,0.1265377855887522,0.1311178186414185
2023-07-14,0.0077651149314275,0.0120371615679863,0.003935509062456,0.0048446245092225,0.0195658461466305,0.0468961531669887,0.0,0,0.3919156414762741,0.2653778558875219,0.3427065026362039,0.1265377855887522,0.1311178186414185
2023-07-17,0.0075110531830611,0.0183690760956607,0.0044404581869135,0.0049109511840464,0.0201267431058531,0.0470333581217465,0.0,0,0.3919156414762741,0.2653778558875219,0.3427065026362039,0.1265377855887522,0.1311178186414185
2023-07-18,0.0019176671427012,0.0159392779612539,0.0044806896692912,0.0048851073869316,0.0185801227500128,0.0529872650349632,0.0,0,0.3919156414762741,0.2653778558875219,0.3427065026362039,0.1265377855887522,0.1311178186414185
2023-07-19,0.0042482625922504,0.0231553370511188,0.0029707493229673,0.004913048279223,0.0224063716266722,0.0540185048387868,0.0,0,0.3919156414762741,0.2653778558875219,0.3427065026362039,0.1265377855887522,0.1311178186414185
2023-07-20,0.007361412584486,0.0291236881076557,0.0025836052676214,0.0051084352382103,0.0247136783041754,0.0595168334053675,0.0,0,0.3919156414762741,0.2653778558875219,0.3427065026362039,0.1265377855887522,0.1311178186414185
2023-07-21,-0.0117197178058126,0.0092258938383296,0.0079422246903126,0.0059160164732924,0.021374108981057,0.0518745421855231,-0.0117197178058126,0,0.3919156414762741,0.2653778558875219,0.3427065026362039,0.1265377855887522,0.1311178186414185
2023-07-24,-0.0036794125094961,-0.0019836186581911,0.0075183894778828,0.0061964539925508,0.0163490201953924,0.0539417642174062,-0.0153560086390063,0,0.3919156414762741,0.2653778558875219,0.3427065026362039,0.1265377855887522,0.1311178186414185
2023-07-25,0.000419370334505,-0.0034760813701787,0.007433578702664,0.0061317941247824,0.0124077903638999,0.0529340010272212,-0.0149430781589808,0,0.3919156414762741,0.2653778558875219,0.3427065026362039,0.1265377855887522,0.1311178186414185
2023-07-26,0.0049642795443227,-0.0027655717825963,0.0075579657438524,0.0060498654655435,0.0203257275217572,0.0510644403583915,-0.0100529802318918,0,0.3919156414762741,0.2653778558875219,0.3427065026362039,0.1265377855887522,0.1311178186414185
2023-07-27,-0.0059863587871554,-0.015979158272499,0.0063311634901353,0.006564098694705,0.0126791578134055,0.03625323501352,-0.015979158272499,0,0.3919156414762741,0.2653778558875219,0.3427065026362039,0.1265377855887522,0.1311178186414185
2023-07-28,-0.0007044796769059,-0.0050113952899468,0.0041748522229778,0.0061688950621509,0.0041682639474558,0.0238156657051809,-0.0166723809571479,0,0.3919156414762741,0.2653778558875219,0.3427065026362039,0.1265377855887522,0.1311178186414185
2023-07-31,0.0054845630546598,0.0041403289388406,0.0046835634516985,0.0059395755969041,0.0021484974469152,0.0223184828089459,-0.0112792586271188,0,0.3919156414762741,0.2653778558875219,0.3427065026362039,0.1265377855887522,0.1311178186414185
2023-08-01,-0.0010251192175683,0.0026904667540623,0.00475958043987,0.0059195665861542,-0.0007949668974771,0.0177703852699984,-0.0122928152599085,0,0.3919156414762741,0.2653778558875219,0.3427065026362039,0.1265377855887522,0.1311178186414185
2023-08-02,-0.0104897496902482,-0.0127285964921151,0.0060235668517635,0.0065299261359384,-0.0154589664274208,0.0066010258525144,-0.022653616395092,0,0.3919156414762741,0.2653778558875219,0.3427065026362039,0.1265377855887522,0.1311178186414185
2023-08-03,-0.0074206657089961,-0.0141531747363923,0.0062580620222717,0.0059379083533274,-0.0299061771897203,-0.0059315905279191,-0.0299061771897203,0,0.3919156414762741,0.2653778558875219,0.3427065026362039,0.1265377855887522,0.1311178186414185
2023-08-04,0.006983409565233,-0.0065687504612885,0.0076914655131269,0.005836394014312,-0.0115472271461128,0.0095800701434942,-0.0231316147083334,0,0.3919156414762741,0.2653778558875219,0.3427065026362039,0.1265377855887522,0.1311178186414185
2023-08-07,0.0041143618383971,-0.0079225262987374,0.0074088101877903,0.0059790494726946,-0.0038149992248002,0.0124716494712204,-0.0191124247027527,0,0.3919156414762741,0.2653778558875219,0.3427065026362039,0.1265377855887522,0.1311178186414185
2023-08-08,-0.001349675720635,-0.0082448419062967,0.0074042900156361,0.0059793999587265,-0.0055765576252756,0.0067620399806576,-0.020436304847804,0,0.3919156414762741,0.2653778558875219,0.3427065026362039,0.1265377855887522,0.1311178186414185
2023-08-09,0.0031526479432422,0.0054285063157597,0.0056239849054475,0.005819304124304,-0.0073691874428034,0.0128067559829345,-0.0173480853790076,0,0.3919156414762741,0.2653778558875219,0.3427065026362039,0.1265377855887522,0.1311178186414185
2023-08-10,-0.0045562089489139,0.0083300441396887,0.004590467957842,0.0056917863043554,-0.0059410271669745,0.0066628034254072,-0.0218252528260712,0,0.3919156414762741,0.2653778558875219,0.3427065026362039,0.1265377855887522,0.1311178186414185
2023-08-11,-0.0058741960077981,-0.004544755853871,0.0044687930105458,0.0059338671519167,-0.011083652948048,-0.0069615885915816,-0.0275712430208493,0,0.3919156414762741,0.2653778558875219,0.3427065026362039,0.1265377855887522,0.1311178186414185
2023-08-14,0.0003216956707483,-0.008304715445495,0.0036514540528585,0.0055067255883431,-0.016161447417712,-0.0140476727993121,-0.0272584168996179,0,0.3919156414762741,0.2653778558875219,0.3427065026362039,0.1265377855887522,0.1311178186414185
2023-08-16,0.0015667972759854,-0.0054085540484954,0.0039355405013362,0.0055977866901596,-0.0136088032817206,-0.0143929516310745,-0.0257343280369786,0,0.3919156414762741,0.2653778558875219,0.3427065026362039,0.1265377855887522,0.1311178186414185
2023-08-17,-0.0051245825841254,-0.0136151442375035,0.0034179779218198,0.004829380464709,-0.0082605478182269,-0.0235918147142537,-0.0307270329318315,0,0.3919156414762741,0.2653778558875219,0.3427065026362039,0.1265377855887522,0.1311178186414185
2023-08-18,-0.0028453027975366,-0.0119198080140815,0.0032723995865214,0.0043247797679609,-0.0036890564012868,-0.0334849080166073,-0.0236698806267473,0,0.3919156414762741,0.2653778558875219,0.3427065026362039,0.1265377855887522,0.1311178186414185
2023-08-21,0.0043215614586109,-0.0017860543639948,0.0037071528464345,0.0038817293654174,-0.0063226930368397,-0.0177969106102811,-0.0194506100119828,0,0.3919156414762741,0.2653778558875219,0.3427065026362039,0.1265377855887522,0.1311178186414185
2023-08-22,0.0001469556967248,-0.001960426148277,0.0037000312444692,0.0035300703078409,-0.0102488608124587,-0.0140247606412043,-0.019306512693204,0,0.3919156414762741,0.2653778558875219,0.3427065026362039,0.1265377855887522,0.1311178186414185
2023-08-23,0.0024514795233148,-0.0010788594913948,0.0038354883223661,0.0036920457546428,-0.0064815784700203,-0.0120219911994552,-0.0169023626904233,0,0.3919156414762741,0.2653778558875219,0.3427065026362039,0.1265377855887522,0.1311178186414185
2023-08-24,-0.0029469245011314,0.0011076541743586,0.0032106455947648,0.0034936497549191,-0.0125225709344939,-0.0197994772048153,-0.0185837661614473,0,0.3919156414762741,0.2653778558875219,0.3427065026362039,0.1265377855887522,0.1311178186414185
2023-08-25,-0.0062362341192674,-0.0022967196008317,0.0042207179745082,0.0037041500786204,-0.0141891511582092,-0.0200458801926766,-0.0247041075641142,0,0.3919156414762741,0.2653778558875219,0.3427065026362039,0.1265377855887522,0.1311178186414185
2023-08-28,0.00208919432362,-0.0045143758765777,0.0036718219054577,0.0034904542483524,-0.0062923673198375,-0.0173062778522908,-0.0226665249217872,0,0.3919156414762741,0.2653778558875219,0.3427065026362039,0.1265377855887522,0.1311178186414185
2023-08-29,0.0018957787843707,-0.0027737034354223,0.0038740987087942,0.0035724477197672,-0.0047286919429571,-0.0208137168544785,-0.0198089041252079,0,0.3919156414762741,0.2653778558875219,0.3427065026362039,0.1265377855887522,0.1311178186414185
2023-08-30,0.0002481562764149,-0.004965542069533,0.0035600110174297,0.0035128289656725,-0.0060390444387361,-0.0195656635526805,-0.0145218018036372,0,0.3919156414762741,0.2653778558875219,0.3427065026362039,0.1265377855887522,0.1311178186414185
2023-08-31,-0.0048404311679317,-0.006855215173289,0.0039042888215996,0.0034730875815447,-0.005755154206633,-0.0139681612983347,-0.0192919411895041,0,0.3919156414762741,0.2653778558875219,0.3427065026362039,0.1265377855887522,0.1311178186414185
2023-09-01,0.0094267105714196,0.0087979736112697,0.0051175322049265,0.0045740417545698,0.0064810475319974,0.0027680821808255,-0.0100470901640388,0,0.3919156414762741,0.2653778558875219,0.3427065026362039,0.1265377855887522,0.1311178186414185
2023-09-04,0.0048108338950261,0.0115378339950429,0.0053021969065846,0.0046199982461827,0.0069713719990101,0.0006046011169749,-0.0052845911509202,0,0.3919156414762741,0.2653778558875219,0.3427065026362039,0.1265377855887522,0.1311178186414185
2023-09-05,0.0023606161156857,0.0120071448327918,0.0052972304224534,0.0046432873884183,0.0092001371384971,-0.0011430145989497,-0.0029364499262702,0,0.3919156414762741,0.2653778558875219,0.3427065026362039,0.1265377855887522,0.1311178186414185
2023-09-06,0.0018467527292602,0.0136245344993783,0.0051817802458385,0.0046251136814203,0.0085913392306109,0.0020540753212048,-0.0010951200939256,0,0.3919156414762741,0.2653778558875219,0.3427065026362039,0.1265377855887522,0.1311178186414185
2023-09-07,0.0059150325964187,0.0245795635147347,0.0030535314286049,0.0046623292850755,0.0175558501446866,0.0048134348314405,0.0,0,0.3919156414762741,0.2653778558875219,0.3427065026362039,0.1265377855887522,0.1311178186414185
2023-09-08,0.0047092697590365,0.0197913075692168,0.0017411460198305,0.0037800182640879,0.0287634045822131,0.014166125128562,0.0,0,0.3919156414762741,0.2653778558875219,0.3427065026362039,0.1265377855887522,0.1311178186414185
2023-09-11,0.0089001233605532,0.0239415632296915,0.0028600881798088,0.0042168315517858,0.0357556310068605,0.0292382761229752,0.0,0,0.3919156414762741,0.2653778558875219,0.3427065026362039,0.1265377855887522,0.1311178186414185
2023-09-12,-0.0001575287489965,0.0213692023969471,0.0035287587185756,0.0043528974356596,0.0336329303378801,0.0287451986282163,-0.0001575287489965,0,0.3919156414762741,0.2653778558875219,0.3427065026362039,0.1265377855887522,0.1311178186414185
2023-09-13,0.0038413060440549,0.0234026225010899,0.0032951987096155,0.0042171589917903,0.0373460068381104,0.0310814282044695,0.0,0,0.3919156414762741,0.2653778558875219,0.3427065026362039,0.1265377855887522,0.1311178186414185
2023-09-14,0.0016492277030393,0.0190626576198671,0.0034324527547356,0.0031155189830144,0.0441107729383289,0.038101754431262,0.0,0,0.3919156414762741,0.2653778558875219,0.3427065026362039,0.1265377855887522,0.1311178186414185
2023-09-15,0.0044396137909079,0.0187891493167235,0.0034164494001823,0.0025584046218651,0.0389523187190319,0.0456858180801287,0.0,0,0.3919156414762741,0.2653778558875219,0.3427065026362039,0.1265377855887522,0.1311178186414185
2023-09-18,-0.0029243748251194,0.0068487498968561,0.0030159098585565,0.003293237089708,0.0309542829052476,0.0381414487253526,-0.0029243748251194,0,0.3919156414762741,0.2653778558875219,0.3427065026362039,0.1265377855887522,0.1311178186414185
2023-09-20,-0.0115182309904485,-0.0045915611307844,0.0066017973325214,0.0056796589060592,0.0166795232670409,0.0260331143069996,-0.0144089221908295,0,0.3919156414762741,0.2653778558875219,0.3427065026362039,0.1265377855887522,0.1311178186414185
2023-09-21,-0.007991900067332,-0.0163253612356751,0.0065970837064375,0.0064461033405394,0.0066952049992223,0.0153440650072,-0.0222856675919346,0,0.3919156414762741,0.2653778558875219,0.3427065026362039,0.1265377855887522,0.1311178186414185
2023-09-22,-0.0034494373770092,-0.0213325308037067,0.0060151686491039,0.0062801691385464,-0.002676527914716,0.0148323335069919,-0.0256582319541806,0,0.3919156414762741,0.2653778558875219,0.3427065026362039,0.1265377855887522,0.1311178186414185
2023-09-25,1.524835762478638e-05,-0.0256433748424527,0.004559414860872,0.0060390904666046,-0.0073360427246285,0.0212163522926636,-0.0256433748424527,0,0.3919156414762741,0.2653778558875219,0.3427065026362039,0.1265377855887522,0.1311178186414185
2023-09-26,-0.0005006467746402,-0.0232748729716438,0.0049688106127718,0.0050211444785971,-0.0165855268586515,0.0185770781697967,-0.0261311833441871,0,0.3919156414762741,0.2653778558875219,0.3427065026362039,0.1265377855887522,0.1311178186414185
2023-09-27,0.0026316190941126,-0.0092933160481172,0.0040517139744388,0.0051885326423254,-0.013842206350159,0.0193251700258236,-0.0235683315711147,0,0.3919156414762741,0.2653778558875219,0.3427065026362039,0.1265377855887522,0.1311178186414185
2023-09-28,-0.0097837085276508,-0.0110827738339154,0.004748996929181,0.0054473579203256,-0.0272272047832586,0.0091019746788336,-0.0331214544121907,0,0.3919156414762741,0.2653778558875219,0.3427065026362039,0.1265377855887522,0.1311178186414185
2023-09-29,0.0058775171523621,-0.0018272615220402,0.005848567342104,0.0059656365344543,-0.0231208122130417,0.019970083827608,-0.0274386091762474,0,0.3919156414762741,0.2653778558875219,0.3427065026362039,0.1265377855887522,0.1311178186414185
2023-10-03,-0.0055783850944327,-0.0074105888063513,0.0062798389338793,0.0055295109507647,-0.0328639311422394,0.0048082612565796,-0.0328639311422394,0,0.3846153846153846,0.2504091653027823,0.3649754500818331,0.1342062193126023,0.1326620425399971
2023-10-04,-0.0047442872687705,-0.0116248913026897,0.0064015428759191,0.0055448892639151,-0.0346291964059543,-0.004746835443038,-0.03745230248089,0,0.3846153846153846,0.2504091653027823,0.3649754500818331,0.1342062193126023,0.1326620425399971
2023-10-05,0.005641563893991,-0.0086577451823224,0.0070882244220053,0.0054435216014504,-0.0178706020681962,-0.0014891519241477,-0.0320220281443218,0,0.3846153846153846,0.2504091653027823,0.3649754500818331,0.1342062193126023,0.1326620425399971
2023-10-06,0.0055127073660514,0.0066560640867054,0.0059453046151582,0.0054085157515615,-0.0045004774001068,0.0021645959803273,-0.0266858488486976,0,0.3846153846153846,0.2504091653027823,0.3649754500818331,0.1342062193126023,0.1326620425399971
2023-10-09,-0.0071819268832524,-0.0064134879291996,0.0063118651814159,0.0057570118222847,-0.0082290303315247,-0.0108835330168474,-0.0336761199167011,0,0.3846153846153846,0.2504091653027823,0.3649754500818331,0.1342062193126023,0.1326620425399971
2023-10-10,0.0090968027941278,0.0082493759201176,0.0071623439549472,0.0065618731688949,0.0007776543809134,-0.0065640932494784,-0.0248856621443269,0,0.3846153846153846,0.2504091653027823,0.3649754500818331,0.1342062193126023,0.1326620425399971
2023-10-11,0.0061706920062876,0.0193068568282732,0.0063362496405375,0.0068280777892115,0.0074575254135582,-0.009251688433139,-0.0188685318945046,0,0.3846153846153846,0.2504091653027823,0.3649754500818331,0.1342062193126023,0.1326620425399971
2023-10-12,-0.0008757606119723,0.0127009707992786,0.0065420516260058,0.0068115610807059,0.0039332638482079,-0.0099633875517676,-0.019727768189438,0,0.3846153846153846,0.2504091653027823,0.3649754500818331,0.1342062193126023,0.1326620425399971
2023-10-13,-0.002169849449328,0.0049634925076957,0.0065727525229646,0.0059110959661383,0.0116525939186264,-0.0158918784255107,-0.0218548113518237,0,0.3846153846153846,0.2504091653027823,0.3649754500818331,0.1342062193126023,0.1326620425399971
2023-10-16,-0.0009771632394226,0.0112441607494742,0.0050490236647616,0.0056988079141813,0.0047585585310336,-0.0184722754202087,-0.0228106188729889,0,0.3846153846153846,0.2504091653027823,0.3649754500818331,0.1342062193126023,0.1326620425399971
2023-10-17,0.0040417094276989,0.0061783101445669,0.0036462517373153,0.0053627647524808,0.0144786532676182,-0.0188611033386405,-0.0159834701713081,0,0.3846153846153846,0.2504091653027823,0.3649754500818331,0.1342062193126023,0.1326620425399971
2023-10-18,-0.0070867930242536,-0.007079275263927,0.0039685381918657,0.0057037892553476,0.0120909030103775,-0.0229569916506484,-0.0115720502075232,0,0.3846153846153846,0.2504091653027823,0.3649754500818331,0.1342062193126023,0.1326620425399971
2023-10-19,-0.0023587903065918,-0.0085530968980498,0.0039737106243648,0.0055738578555442,0.0040392412672831,-0.0139035444742581,-0.009428867072155,0,0.3846153846153846,0.2504091653027823,0.3649754500818331,0.1342062193126023,0.1326620425399971
2023-10-20,-0.0041809556324428,-0.0105513377769788,0.004130558131115,0.0054302898547505,-0.0056402167552852,-0.0101153104873531,-0.0135704010297048,0,0.3846153846153846,0.2504091653027823,0.3649754500818331,0.1342062193126023,0.1326620425399971
2023-10-23,-0.0133502877040729,-0.0228058839180508,0.0063762958173142,0.00651003747125,-0.0118181561933851,-0.0199499345591318,-0.0267395199757716,0,0.3846153846153846,0.2504091653027823,0.3649754500818331,0.1342062193126023,0.1326620425399971
2023-10-25,-0.0082772569917148,-0.0347954470888119,0.0042261092993355,0.0057385512194075,-0.0288321140079785,-0.0280768810468344,-0.0347954470888119,0,0.3846153846153846,0.2504091653027823,0.3649754500818331,0.1342062193126023,0.1326620425399971
2023-10-26,-0.0138530447674556,-0.041372876961634,0.0052094284394854,0.0057127278515212,-0.048159262241089,-0.0410608857495919,-0.0481664689700426,0,0.3846153846153846,0.2504091653027823,0.3649754500818331,0.1342062193126023,0.1326620425399971
2023-10-27,0.0100757003274603,-0.0294246536252783,0.0097798990201441,0.0073786038308191,-0.0377260786096796,-0.0339412013826019,-0.0385760795497565,0,0.3846153846153846,0.2504091653027823,0.3649754500818331,0.1342062193126023,0.1326620425399971
2023-10-30,0.004916720261455,-0.0205576009394836,0.0109589104941039,0.0078774630431424,-0.0308920285250656,-0.0195994068701643,-0.033849027080231,0,0.3846153846153846,0.2504091653027823,0.3649754500818331,0.1342062193126023,0.1326620425399971
2023-10-31,-0.0032025662325179,-0.0104840068977142,0.0096822668811333,0.0078420259008015,-0.0330507937714598,-0.0284495093770845,-0.0369431895616183,0,0.3846153846153846,0.2504091653027823,0.3649754500818331,0.1342062193126023,0.1326620425399971
2023-11-01,-0.004740665422755,-0.0069552848398323,0.009234075113811,0.0074046090631344,-0.0415087196830122,-0.0276310567752671,-0.0415087196830122,0,0.3846153846153846,0.2504091653027823,0.3649754500818331,0.1342062193126023,0.1326620425399971
2023-11-02,0.0075885439843277,0.0146362804756792,0.0065794674774799,0.0081834780597625,-0.0273421415172511,-0.0155818296880546,-0.0342351664437321,0,0.3846153846153846,0.2504091653027823,0.3649754500818331,0.1342062193126023,0.1326620425399971
2023-11-03,0.0050880012543608,0.0096260615049414,0.0055171007598781,0.0085523532798459,-0.0200818356458953,-0.0161237097578758,-0.0293213537591803,0,0.3846153846153846,0.2504091653027823,0.3649754500818331,0.1342062193126023,0.1326620425399971
2023-11-06,0.0094198828949696,0.0141503273095831,0.0064201965572404,0.009221165216534,-0.006698170411894,-0.0123006080341924,-0.0201776745829442,0,0.3846153846153846,0.2504091653027823,0.3649754500818331,0.1342062193126023,0.1326620425399971
2023-11-07,-0.0002601517122361,0.0171439652822911,0.0058373271880572,0.0080729758570211,0.0064802209343031,-0.0054145195222511,-0.0204325770385886,0,0.3846153846153846,0.2504091653027823,0.3649754500818331,0.1342062193126023,0.1326620425399971
2023-11-08,0.0018962523252279,0.0239268213690448,0.0039757017611231,0.007435234952039,0.0168051186712789,-0.0125115224341474,-0.0185750700350806,0,0.3846153846153846,0.2504091653027823,0.3649754500818331,0.1342062193126023,0.1326620425399971
2023-11-09,-0.0024789775503382,0.0136960526831562,0.0046659470525283,0.0053783148565612,0.0285327924273157,-0.0210005880467509,-0.0210080004038059,0,0.3846153846153846,0.2504091653027823,0.3649754500818331,0.1342062193126023,0.1326620425399971
2023-11-10,0.0015493444288048,0.0101270891183842,0.0044842738814008,0.0047400321130771,0.0198506346060454,-0.0186243306052339,-0.019491204603387,0,0.3846153846153846,0.2504091653027823,0.3649754500818331,0.1342062193126023,0.1326620425399971
2023-11-12,0.0051582082176124,0.0058624286836581,0.0028256626404344,0.0047572532973803,0.020095711277944,-0.0114171145331514,-0.0144335360775307,0,0.3846153846153846,0.2504091653027823,0.3649754500818331,0.1342062193126023,0.1326620425399971
2023-11-13,-0.0041996256187405,0.0018988287550174,0.0037297539360118,0.0048871253083112,0.0190753474915617,-0.0146059016559606,-0.0185725462483911,0,0.3846153846153846,0.2504091653027823,0.3649754500818331,0.1342062193126023,0.1326620425399971
2023-11-15,0.0119268343486658,0.0119294365726334,0.0064507943194938,0.0052019759010488,0.0361416914395851,-0.0068672235822627,0.0,0,0.3846153846153846,0.2504091653027823,0.3649754500818331,0.1342062193126023,0.1326620425399971
2023-11-16,0.0045615220998758,0.0190716307559049,0.0058636494561683,0.0050272152444673,0.0330288894986476,0.0047836674105667,0.0,0,0.3846153846153846,0.2504091653027823,0.3649754500818331,0.1342062193126023,0.1326620425399971
2023-11-17,-0.0016898387064133,0.015775777527818,0.0063344127869995,0.005207948251398,0.0260626293511383,0.0054574082661136,-0.0016898387064133,0,0.3846153846153846,0.2504091653027823,0.3649754500818331,0.1342062193126023,0.1326620425399971
2023-11-20,-0.001915689394784,0.0086271577497176,0.0065600978569591,0.0047711100788169,0.0145401625304262,0.0077445996320866,-0.0036022908951086,0,0.3846153846153846,0.2504091653027823,0.3649754500818331,0.1342062193126023,0.1326620425399971
2023-11-21,0.0045394536407028,0.0174788040249853,0.005689502165854,0.004820580263612,0.0194108220356887,0.0260168293852995,0.0,0,0.3846153846153846,0.2504091653027823,0.3649754500818331,0.1342062193126023,0.1326620425399971
2023-11-22,0.0014380743451578,0.0069324970966355,0.0031777687272245,0.0048231635209106,0.0189446344536734,0.0360681199551304,0.0,0,0.3846153846153846,0.2504091653027823,0.3649754500818331,0.1342062193126023,0.1326620425399971
2023-11-23,-0.0004971771944567,0.0018618582154492,0.0026806860608813,0.0046617628133571,0.020968997643759,0.050100094128253,-0.0004971771944567,0,0.3846153846153846,0.2504091653027823,0.3649754500818331,0.1342062193126023,0.1326620425399971
2023-11-24,-0.0003686496313503,0.0031877476966115,0.0024841876191327,0.0047253687516703,0.0190138144229061,0.0392418853115279,-0.0008656435416176,0,0.3846153846153846,0.2504091653027823,0.3649754500818331,0.1342062193126023,0.1326620425399971
2023-11-28,0.0047992644495749,0.0099370366609119,0.0025712485432944,0.0046991199179125,0.0186499227934682,0.0391204175352255,0.0,0,0.3846153846153846,0.2504091653027823,0.3649754500818331,0.1342062193126023,0.1326620425399971
2023-11-29,0.0104023690653956,0.0158314546539015,0.0045806741422046,0.0048726420455858,0.0335869735722129,0.0533030042558544,0.0,0,0.3846153846153846,0.2504091653027823,0.3649754500818331,0.1342062193126023,0.1326620425399971
2023-11-30,0.0018187156036346,0.016217566759288,0.0045480577582148,0.003824407848015,0.0232624920903969,0.060244929341229,0.0,0,0.3846153846153846,0.2504091653027823,0.3649754500818331,0.1342062193126023,0.1326620425399971
2023-12-01,0.0066929417403636,0.0235279264720735,0.0041978227915761,0.0040183811913209,0.0254335903507174,0.0593025230946129,0.0,0,0.3846153846153846,0.2504091653027823,0.3649754500818331,0.1342062193126023,0.1326620425399971
2023-12-04,0.0206681501290215,0.0450676191101657,0.0072899826120871,0.0067237894116695,0.0483990310057875,0.0757230663629839,0.0,0,0.3846153846153846,0.2504091653027823,0.3649754500818331,0.1342062193126023,0.1326620425399971
2023-12-05,0.0081356227159348,0.0485376853346202,0.0069691389596494,0.0063565935554714,0.0589570427541381,0.0743544502685229,0.0,0,0.3846153846153846,0.2504091653027823,0.3649754500818331,0.1342062193126023,0.1326620425399971
2023-12-06,0.0039606619004464,0.0418528507309694,0.007355400556287,0.0063715883998309,0.0583468968933549,0.0788902801609754,0.0,0,0.3846153846153846,0.2504091653027823,0.3649754500818331,0.1342062193126023,0.1326620425399971
2023-12-07,-0.0017456549668778,0.0381460427205877,0.0082531148944065,0.0066805374299499,0.0549822454742996,0.0749684984699257,-0.0017456549668778,0,0.3846153846153846,0.2504091653027823,0.3649754500818331,0.1342062193126023,0.1326620425399971
2023-12-08,0.0032653705657343,0.034611380557433,0.0084805216916597,0.0064129308898337,0.0589536410463589,0.0811588374503102,0.0,0,0.3846153846153846,0.2504091653027823,0.3649754500818331,0.1342062193126023,0.1326620425399971
2023-12-11,0.0013209724646388,0.0149999033199914,0.0036299963341953,0.0062537149037633,0.0607435323596718,0.0809123130342568,0.0,0,0.3846153846153846,0.2504091653027823,0.3649754500818331,0.1342062193126023,0.1326620425399971
2023-12-12,-0.0043196441413336,0.0024598299696478,0.0034845846196746,0.0070512042008505,0.0511169097573116,0.0707201589711943,-0.0043196441413336,0,0.3846153846153846,0.2504091653027823,0.3649754500818331,0.1342062193126023,0.1326620425399971
2023-12-13,0.000954253243026,-0.0005420843741195,0.0029567628664593,0.0068807953480621,0.0412880785804563,0.0762617937567984,-0.0033695129327383,0,0.3846153846153846,0.2504091653027823,0.3649754500818331,0.1342062193126023,0.1326620425399971
2023-12-14,0.012250105727946,0.0134705506634802,0.0060363223140373,0.0072798454472235,0.0521304415851469,0.0766056176605871,0.0,0,0.3846153846153846,0.2504091653027823,0.3649754500818331,0.1342062193126023,0.1326620425399971
2023-12-15,0.0129327234016438,0.0232362394727554,0.0076085167416943,0.0076859023320208,0.0586518583573039,0.0855771760467893,0.0,0,0.3846153846153846,0.2504091653027823,0.3649754500818331,0.1342062193126023,0.1326620425399971
2023-12-18,-0.0017710127163373,0.0200765820041817,0.0080569069832201,0.0059158275923107,0.0353776321132317,0.0854889062325789,-0.0017710127163373,0,0.3846153846153846,0.2504091653027823,0.3649754500818331,0.1342062193126023,0.1326620425399971
2023-12-19,0.0016084113611267,0.0261498871159069,0.006874222947076,0.0057036063934871,0.0286740413615853,0.0893216207982126,-0.0001654498721842,0,0.3846153846153846,0.2504091653027823,0.3649754500818331,0.1342062193126023,0.1326620425399971
2023-12-20,-0.0141215022537534,0.010694650524339,0.0111658439043504,0.007794040020129,0.0101467687472835,0.0690856981105372,-0.0142846157251947,0,0.3846153846153846,0.2504091653027823,0.3649754500818331,0.1342062193126023,0.1326620425399971
2023-12-21,0.0049597756989903,0.0034155230447487,0.0099296387775896,0.0078164133877133,0.0169320826844454,0.0728452920852924,-0.0093956885161478,0,0.3846153846153846,0.2504091653027823,0.3649754500818331,0.1342062193126023,0.1326620425399971
2023-12-22,0.0044389450977533,-0.0049984503638732,0.0078209736377826,0.0078511281769977,0.0181216439192346,0.0781436218563782,-0.0049984503638732,0,0.3846153846153846,0.2504091653027823,0.3649754500818331,0.1342062193126023,0.1326620425399971
2023-12-26,0.0043069126064432,0.00105982403186,0.0081328421576679,0.0078865171669791,0.0211576836801272,0.0831864084830786,-0.0007130656463149,0,0.3846153846153846,0.2504091653027823,0.3649754500818331,0.1342062193126023,0.1326620425399971
2023-12-27,0.0099527315211029,0.009399573954347,0.0092619712464367,0.0078822990137215,0.0357952588680976,0.0887419116427095,0.0,0,0.3846153846153846,0.2504091653027823,0.3649754500818331,0.1342062193126023,0.1326620425399971
2023-12-28,0.0057239173853311,0.0297184653536735,0.002345714016323,0.0078519492592461,0.0407309444790897,0.083700725495855,0.0,0,0.3846153846153846,0.2504091653027823,0.3649754500818331,0.1342062193126023,0.1326620425399971
2023-12-29,-0.0021718468044464,0.0224111446456254,0.0043523663369922,0.0074901170278381,0.0259032134713705,0.0793840010132542,-0.0021718468044464,0,0.3846153846153846,0.2504091653027823,0.3649754500818331,0.1342062193126023,0.1326620425399971
2024-01-01,0.0004831718158977,0.0183845916044478,0.0047005156664678,0.0065555946704229,0.0132942467719798,0.0727258374079209,-0.0016897243637131,0,0.3846153846153846,0.2504091653027823,0.3649754500818331,0.1342062193126023,0.1326620425399971
2024-01-02,-0.0035001540803702,0.0104680908618162,0.0056352168127856,0.0066686278649698,0.011539009227939,0.047324864164588,-0.005183964148457,0,0.3846153846153846,0.2504091653027823,0.3649754500818331,0.1342062193126023,0.1326620425399971
2024-01-03,-0.0068518125340398,-0.0063450282270633,0.0047151833580307,0.0071274265544424,0.0029949051652209,0.0317548225613879,-0.0120002571319685,0,0.3846153846153846,0.2504091653027823,0.3649754500818331,0.1342062193126023,0.1326620425399971
2024-01-04,0.0065644700671783,-0.0055145623935314,0.0050309880604767,0.0052149788632077,0.0240400186287093,0.0344307158856989,-0.0055145623935314,0,0.3846153846153846,0.2504091653027823,0.3649754500818331,0.1342062193126023,0.1326620425399971
2024-01-05,0.0024101280784538,-0.000947937086428,0.0052003109445075,0.0051371603121532,0.0214419632040385,0.0387371029823717,-0.0031177251167425,0,0.3846153846153846,0.2504091653027823,0.3649754500818331,0.1342062193126023,0.1326620425399971
2024-01-08,-0.0091106730290915,-0.0105280587253184,0.0065019988918061,0.0061493363962855,0.0076629788190767,0.0259234885118313,-0.0121999935717008,0,0.3846153846153846,0.2504091653027823,0.3649754500818331,0.1342062193126023,0.1326620425399971
2024-01-09,0.0014805001626922,-0.0055825309935474,0.0066139681833018,0.0060331090162715,0.0048271214265893,0.0260869358149458,-0.0107375555014762,0,0.3846153846153846,0.2504091653027823,0.3649754500818331,0.1342062193126023,0.1326620425399971
2024-01-10,0.0034277333098164,0.0047101525048391,0.0059433131441055,0.0051910182377835,-0.0016647617728211,0.0340709065166646,-0.0073466276683181,0,0.3846153846153846,0.2504091653027823,0.3649754500818331,0.1342062193126023,0.1326620425399971
2024-01-11,0.0013183031357111,-0.0005263498102369,0.0051099731689219,0.0048096295799659,-0.0060380096148989,0.0344470010298021,-0.0060380096148989,0,0.3846153846153846,0.2504091653027823,0.3649754500818331,0.1342062193126023,0.1326620425399971
2024-01-12,0.0114264200450866,0.0084635296718684,0.0073255115131819,0.0060711533537184,0.0075075696917823,0.0336052533435302,0.0,0,0.3846153846153846,0.2504091653027823,0.3649754500818331,0.1342062193126023,0.1326620425399971
2024-01-15,0.0092671463903117,0.0271672941942082,0.0046686145488517,0.0066351315266447,0.0163532166002051,0.0298648670691836,0.0,0,0.3846153846153846,0.2504091653027823,0.3649754500818331,0.1342062193126023,0.1326620425399971
2024-01-16,-0.0029483039898269,0.0226248964369675,0.00586197806465,0.0065897402615342,0.0169160612578349,0.0286502650727284,-0.0029483039898269,0,0.3846153846153846,0.2504091653027823,0.3649754500818331,0.1342062193126023,0.1326620425399971
2024-01-17,-0.0208943233343772,-0.0021624797050701,0.0128722172687116,0.0094776206847112,0.0025374871905696,0.0055399918892842,-0.0237810245073526,0,0.3846153846153846,0.2504091653027823,0.3649754500818331,0.1342062193126023,0.1326620425399971
2024-01-18,-0.0050853075405793,-0.0085438301489338,0.0129808292240928,0.0093361741593093,-0.0090656829157932,0.0147563965267385,-0.028745398224682,0,0.3846153846153846,0.2504091653027823,0.3649754500818331,0.1342062193126023,0.1326620425399971
2024-01-19,0.0074619389858938,-0.0124300339582223,0.0120719069193714,0.0096643427245564,-0.0040717062475817,0.0172829515809185,-0.0214979556464659,0,0.3846153846153846,0.2504091653027823,0.3649754500818331,0.1342062193126023,0.1326620425399971
2024-01-20,-0.0023401657540329,-0.0237878126209133,0.0102339611056421,0.0092101096607878,0.0027332310695857,0.0104171545804565,-0.0237878126209133,0,0.3846153846153846,0.2504091653027823,0.3649754500818331,0.1342062193126023,0.1326620425399971
2024-01-23,-0.0154368202931605,-0.0360153048024944,0.0111627136153506,0.0104427271635426,-0.0142052509068292,-0.0094466999512623,-0.0388574247254774,0,0.3846153846153846,0.2504091653027823,0.3649754500818331,0.1342062193126023,0.1326620425399971
2024-01-24,0.0101300450119592,-0.005470066452036,0.0102758851448519,0.0109865282322197,-0.0076207172494183,-0.0092727923434812,-0.029121007175036,0,0.3846153846153846,0.2504091653027823,0.3649754500818331,0.1342062193126023,0.1326620425399971
2024-01-25,-0.0047240717909756,-0.005108970401519,0.0102416697245317,0.0110286528983785,-0.0136091503751063,-0.0195649878091898,-0.0337075092374913,0,0.3846153846153846,0.2504091653027823,0.3649754500818331,0.1342062193126023,0.1326620425399971
2024-01-29,0.0180305911223925,0.0053278081989047,0.0131091810735364,0.0120287553833363,-0.007168450596153,0.0002853014531967,-0.0162846844319142,0,0.3846153846153846,0.2504091653027823,0.3649754500818331,0.1342062193126023,0.1326620425399971
2024-01-30,-0.0099136979243338,-0.0023039338395498,0.0140167851687301,0.0117980402401226,-0.0260369409139969,-0.0101095120481652,-0.0260369409139969,0,0.3846153846153846,0.2504091653027823,0.3649754500818331,0.1342062193126023,0.1326620425399971
2024-01-31,0.0094600433972522,0.0229250240126561,0.0115343820959507,0.0123916451394165,-0.0139159325172586,0.0027647259736542,-0.0168232081077228,0,0.3846153846153846,0.2504091653027823,0.3649754500818331,0.1342062193126023,0.1326620425399971
2024-02-01,-0.0013003033273956,0.0113498912787621,0.0112937078890146,0.0103326210112737,0.0058177401672079,0.0083699897989297,-0.0181016361616385,0,0.3846153846153846,0.2504091653027823,0.3649754500818331,0.1342062193126023,0.1326620425399971
2024-02-02,0.0072059159025599,0.0234725513520601,0.0106794900798795,0.0103084736135387,0.0182436603804354,0.0090125862244097,-0.0110261591269581,0,0.3846153846153846,0.2504091653027823,0.3649754500818331,0.1342062193126023,0.1326620425399971
2024-02-05,-0.0037567837172481,0.0015687104372148,0.0079832408996383,0.0102409998676439,0.0069048764244485,0.0028050555483907,-0.0147415199491344,0,0.3846153846153846,0.2504091653027823,0.3649754500818331,0.1342062193126023,0.1326620425399971
2024-02-06,0.0072433480160023,0.0189247331812416,0.0058865674710405,0.0103688163424602,0.0165771980085112,0.0193557383907405,-0.0076049498924083,0,0.3846153846153846,0.2504091653027823,0.3649754500818331,0.1342062193126023,0.1326620425399971
2024-02-07,5.0160971116319786e-05,0.0094266237681639,0.0050588164239318,0.0085171009981658,0.0325677533570636,0.0178998693423255,-0.0075551703929639,0,0.3846153846153846,0.2504091653027823,0.3649754500818331,0.1342062193126023,0.1326620425399971
2024-02-08,-0.0096919814869701,0.000944811487064,0.007283903185891,0.0090273739760986,0.0123054262734834,0.0045909328498012,-0.0171739273083545,0,0.3846153846153846,0.2504091653027823,0.3649754500818331,0.1342062193126023,0.1326620425399971
2024-02-09,0.0029721958103781,-0.0032625904876955,0.0064676910267606,0.0087853136018641,0.0201333795416016,0.0062502309767544,-0.0142527757727701,0,0.3846153846153846,0.2504091653027823,0.3649754500818331,0.1342062193126023,0.1326620425399971
2024-02-12,-0.0076414552966831,-0.007149189084913,0.007135095157889,0.0071975746332218,-0.0055916936552332,-0.0127200604716698,-0.021785319120532,0,0.3846153846153846,0.2504091653027823,0.3649754500818331,0.1342062193126023,0.1326620425399971
2024-02-13,0.0058845163663112,-0.00848860433938,0.0067377471416048,0.0066215880747567,0.0102754842696577,-0.0160289988211309,-0.0131193747361827,0,0.3846153846153846,0.2504091653027823,0.3649754500818331,0.1342062193126023,0.1326620425399971
2024-02-14,0.0044519563542708,-0.0041243929686966,0.0072864255379154,0.0060815821916784,0.0052633516986793,-0.0087258252656327,-0.0041243929686966,0,0.3846153846153846,0.2504091653027823,0.3649754500818331,0.1342062193126023,0.1326620425399971
2024-02-15,0.0032371720760713,0.0088774492988519,0.0053920057198415,0.0060981234439242,0.0098306483019894,0.0157055806266934,-0.0009005722623742,0,0.3846153846153846,0.2504091653027823,0.3649754500818331,0.1342062193126023,0.1326620425399971
2024-02-16,0.0059308786782743,0.0118535521634339,0.0057084896190474,0.0059657366345302,0.0085522883892046,0.0269519738144883,0.0,0,0.3846153846153846,0.2504091653027823,0.3649754500818331,0.1342062193126023,0.1326620425399971
2024-02-19,0.00369997323134,0.0234177844703358,0.0012351236402292,0.0057867783809856,0.0161011772162944,0.0231172302797098,0.0,0,0.3846153846153846,0.2504091653027823,0.3649754500818331,0.1342062193126023,0.1326620425399971
2024-02-20,0.0033766908881329,0.0208662458464121,0.0011063367038045,0.0054904072979815,0.0122005162019935,0.0289799645833912,0.0,0,0.3846153846153846,0.2504091653027823,0.3649754500818331,0.1342062193126023,0.1326620425399971
2024-02-21,-0.0063927701778848,0.0098442998070058,0.0048010883115716,0.0059983896043136,0.0056793050774035,0.0384320206414674,-0.0063927701778848,0,0.3846153846153846,0.2504091653027823,0.3649754500818331,0.1342062193126023,0.1326620425399971
2024-02-22,0.0073633929644232,0.0139976951952809,0.0053915769733554,0.0051114863721763,0.0229994083235296,0.035587852120472,0.0,0,0.3846153846153846,0.2504091653027823,0.3649754500818331,0.1342062193126023,0.1326620425399971
2024-02-23,-0.0002137959126722,0.0078037448901351,0.0051949952412425,0.0051631500546138,0.0197497991506943,0.0402808088944672,-0.0002137959126722,0,0.3846153846153846,0.2504091653027823,0.3649754500818331,0.1342062193126023,0.1326620425399971
2024-02-26,-0.0040809987079464,-9.040671721916029e-06,0.0055495228476441,0.0045079231962989,0.0234085320861119,0.0176859450905344,-0.0042939221197753,0,0.3846153846153846,0.2504091653027823,0.3649754500818331,0.1342062193126023,0.1326620425399971
2024-02-27,0.0034490474436139,6.307172832298313e-05,0.0055605785473957,0.0043575724158314,0.0209306336449242,0.0314211903113543,-0.0008596846172717,0,0.3846153846153846,0.2504091653027823,0.3649754500818331,0.1342062193126023,0.1326620425399971
2024-02-28,-0.0111359628080464,-0.0047109392180021,0.0071161724368676,0.0059226522204682,0.0050869846909691,0.010377110979163,-0.0119860740093934,0,0.3846153846153846,0.2504091653027823,0.3649754500818331,0.1342062193126023,0.1326620425399971
2024-02-29,0.0014418378991531,-0.010561518086009,0.0057547148254071,0.0058581073644912,0.0032883401983043,0.0131513150162807,-0.010561518086009,0,0.3846153846153846,0.2504091653027823,0.3649754500818331,0.1342062193126023,0.1326620425399971
2024-03-01,0.0161922048146734,0.0056746816010659,0.0101235399765214,0.0075886113523519,0.0135227102587485,0.0221906487658896,0.0,0,0.3846153846153846,0.2504091653027823,0.3649754500818331,0.1342062193126023,0.1326620425399971
2024-03-04,0.0029925577751663,0.0128175282128011,0.0096907210907059,0.0075677460412991,0.0128083716620144,0.0291157787402911,0.0,0,0.3846153846153846,0.2504091653027823,0.3649754500818331,0.1342062193126023,0.1326620425399971
2024-03-05,-0.0022003427714499,0.0071153937116947,0.0098924629305099,0.0076030531135525,0.0071789142201967,0.0194670168814468,-0.0022003427714499,0,0.3846153846153846,0.2504091653027823,0.3649754500818331,0.1342062193126023,0.1326620425399971
2024-03-06,0.0052669717260906,0.0238210754334053,0.0069557614699443,0.007274342104134,0.0189979165769291,0.0247851166184081,0.0,0,0.3846153846153846,0.2504091653027823,0.3649754500818331,0.1342062193126023,0.1326620425399971
2024-03-07,0.0008676673763741,0.0232340739123315,0.007028158860473,0.0070185421279078,0.0124271687344856,0.0357123945860451,0.0,0,0.3846153846153846,0.2504091653027823,0.3649754500818331,0.1342062193126023,0.1326620425399971
2024-03-11,-0.0071531616841271,-0.0002730680991549,0.0048334311633749,0.0075063251238019,0.005400063927393,0.0252565132560542,-0.0071531616841271,0,0.3846153846153846,0.2504091653027823,0.3649754500818331,0.1342062193126023,0.1326620425399971
2024-03-12,0.0001365713428544,-0.0031197557753417,0.0045448215776076,0.0073328204006993,0.0096577848797918,0.0332923915331433,-0.0070175672581694,0,0.3846153846153846,0.2504091653027823,0.3649754500818331,0.1342062193126023,0.1326620425399971
2024-03-13,-0.0151327247411094,-0.0160402213246377,0.008021620789969,0.0088389356984622,-0.0090389601028904,0.011702482379589,-0.0220440970856089,0,0.3846153846153846,0.2504091653027823,0.3649754500818331,0.1342062193126023,0.1326620425399971
2024-03-14,0.0067711624397095,-0.0145679127705062,0.0084361777901695,0.0083277263477043,0.0089061393138856,0.0140384293992001,-0.0154221988081026,0,0.3846153846153846,0.2504091653027823,0.3649754500818331,0.1342062193126023,0.1326620425399971
2024-03-15,-0.0055674334493028,-0.0209037701918994,0.0082049858706644,0.0085702102556476,0.001844623978747,0.0051390299282314,-0.0209037701918994,0,0.3846153846153846,0.2504091653027823,0.3649754500818331,0.1342062193126023,0.1326620425399971
2024-03-18,0.0014688955131714,-0.012401125706085,0.0083313676392932,0.0065466637013501,-0.012670807453416,0.0006805591473955,-0.0194655801329713,0,0.3846153846153846,0.2504091653027823,0.3649754500818331,0.1342062193126023,0.1326620425399971
2024-03-19,-0.0108021962576567,-0.0232027650801184,0.0088946967972364,0.0069905284109397,-0.0262501338950975,-0.0137779837041891,-0.0300575053737626,0,0.3846153846153846,0.2504091653027823,0.3649754500818331,0.1342062193126023,0.1326620425399971
2024-03-20,0.0009923249508994,-0.0072098446655787,0.0068280067449654,0.0070848287026122,-0.0231344184860643,-0.016121584271713,-0.0290950072354074,0,0.3846153846153846,0.2504091653027823,0.3649754500818331,0.1342062193126023,0.1326620425399971
2024-03-21,0.0079147034447391,-0.0060821839871945,0.0071812908104558,0.0074402336201198,-0.0205614920319211,-0.0019542009653117,-0.0214105821446591,0,0.3846153846153846,0.2504091653027823,0.3649754500818331,0.1342062193126023,0.1326620425399971
2024-03-22,0.0038524528721899,0.003332826295727,0.0069815110825061,0.0076278106756132,-0.0176406125311477,-0.0054326666651663,-0.0176406125311477,0,0.3846153846153846,0.2504091653027823,0.3649754500818331,0.1342062193126023,0.1326620425399971
2024-03-26,-0.0041657709844207,-0.0023123274255634,0.0072721084009843,0.0074491789157905,-0.0146847776685704,-0.0093640124793473,-0.0217328967637389,0,0.3846153846153846,0.2504091653027823,0.3649754500818331,0.1342062193126023,0.1326620425399971
2024-03-27,0.0054056633355601,0.0140346374117965,0.0046326823818969,0.0077542297750241,-0.0094937700631724,7.232602765117058e-05,-0.0164447141513899,0,0.3846153846153846,0.2504091653027823,0.3649754500818331,0.1342062193126023,0.1326620425399971
2024-03-28,0.0091870012407537,0.0223360852782397,0.0052427232730046,0.0065188938256181,0.0149652009073675,0.0057909709505437,-0.0074087905199489,0,0.3846153846153846,0.2504091653027823,0.3649754500818331,0.1342062193126023,0.1326620425399971
2024-04-01,0.0060509967796693,0.0204457124425596,0.0049941771010828,0.0064579539783752,0.01423917387054,0.0232721292506314,-0.001402624307857,0,0.3450704225352112,0.3126760563380282,0.3422535211267605,0.032394366197183,0.0825278218748411
2024-04-02,-0.0003873208084765,0.0161358570830552,0.0053842160398012,0.0060273800500404,0.0195224613875728,0.0214030969667193,-0.0017894018507528,0,0.3450704225352112,0.3126760563380282,0.3422535211267605,0.032394366197183,0.0825278218748411
2024-04-03,-0.0008306128720498,0.0195390075756543,0.0043475540804654,0.0060913697450397,0.0171814995670054,0.0042929886408147,-0.0026185284225921,0,0.3450704225352112,0.3126760563380282,0.3422535211267605,0.032394366197183,0.0825278218748411
2024-04-04,0.0035659125504521,0.0176733947608103,0.0042637396923641,0.0042144099516585,0.0319560718599103,0.0048670867997286,0.0,0,0.3450704225352112,0.3126760563380282,0.3422535211267605,0.032394366197183,0.0825278218748411
2024-04-05,-4.219474875255536e-05,0.0083665891816597,0.0030085234122745,0.0042855888110679,0.030889551309349,0.0070405210164472,-4.219474875255536e-05,0,0.3450704225352112,0.3126760563380282,0.3422535211267605,0.032394366197183,0.0825278218748411
2024-04-08,0.0067780951154186,0.0090953610542248,0.0032785914987555,0.0041554805016615,0.0297270346334603,0.0085543104157905,0.0,0,0.3450704225352112,0.3126760563380282,0.3422535211267605,0.032394366197183,0.0825278218748411
2024-04-09,-0.0010389873953843,0.0084375125259983,0.0033988621855348,0.004320921058439,0.0247095161053096,0.0066330125747158,-0.0010389873953843,0,0.3450704225352112,0.3126760563380282,0.3422535211267605,0.032394366197183,0.0825278218748411
2024-04-10,0.004904439610913,0.0142257623809596,0.0033034386835943,0.0036821020160103,0.034042727235545,0.0188580396862887,0.0,0,0.3450704225352112,0.3126760563380282,0.3422535211267605,0.032394366197183,0.0825278218748411
2024-04-12,-0.010301576000492,0.0002109737437623,0.0066554840430555,0.0055755522711755,0.0178880971268302,0.008224501582668,-0.010301576000492,0,0.3450704225352112,0.3126760563380282,0.3422535211267605,0.032394366197183,0.0825278218748411
2024-04-15,-0.0109638800323277,-0.0107134766830863,0.0082891456233668,0.0062098815434574,-0.0024365227595412,0.0124922150952144,-0.0211525107894066,0,0.3450704225352112,0.3126760563380282,0.3422535211267605,0.032394366197183,0.0825278218748411
2024-04-16,-0.0055943427994162,-0.0228709582066767,0.0066522708952201,0.0059898872045208,-0.0139836167749977,5.644194494425214e-05,-0.0266285191923985,0,0.3450704225352112,0.3126760563380282,0.3422535211267605,0.032394366197183,0.0825278218748411
2024-04-18,-0.0068652106971768,-0.0285698512768988,0.0063774093592708,0.0062153165475401,-0.0203733972289151,-0.0012486747020775,-0.0333109194947657,0,0.3450704225352112,0.3126760563380282,0.3422535211267605,0.032394366197183,0.0825278218748411
2024-04-19,0.0068717508075386,-0.026668073025165,0.0072069130197214,0.0068286776609167,-0.0128216843142193,0.004139519489293,-0.026668073025165,0,0.3450704225352112,0.3126760563380282,0.3422535211267605,0.032394366197183,0.0825278218748411
2024-04-22,0.0085519483451483,-0.0081263266339245,0.0087491725934258,0.0073806213520556,-0.0079170673317151,0.0237860061556232,-0.0183441886629924,0,0.3450704225352112,0.3126760563380282,0.3422535211267605,0.032394366197183,0.0825278218748411
2024-04-23,0.0014147311115488,0.0042877988550904,0.0070169637433463,0.0074109020131268,-0.0064716150610517,0.0242180309628143,-0.0169554096458612,0,0.3450704225352112,0.3126760563380282,0.3422535211267605,0.032394366197183,0.0825278218748411
2024-04-24,0.0015379113018598,0.0114909314201345,0.0060281279450945,0.0070033875612242,-0.0116428353988078,0.0177380922635206,-0.0154435742601234,0,0.3450704225352112,0.3126760563380282,0.3422535211267605,0.032394366197183,0.0825278218748411
2024-04-25,0.0074969646109344,0.0261185632744358,0.003429369432596,0.0075193802019926,-0.0031974914707798,0.0214330161675357,-0.0080623895788836,0,0.3450704225352112,0.3126760563380282,0.3422535211267605,0.032394366197183,0.0825278218748411
2024-04-26,-0.0066636095585579,0.012324468325281,0.0060758876953959,0.0075204837131428,-0.0146722745211788,0.0188709684749166,-0.0146722745211788,0,0.3450704225352112,0.3126760563380282,0.3422535211267605,0.032394366197183,0.0825278218748411
2024-04-29,0.0099665699522077,0.0137443813685285,0.0064513700194578,0.0076010894549894,0.0055063634022221,0.0234929588924071,-0.0048519368193443,0,0.3450704225352112,0.3126760563380282,0.3422535211267605,0.032394366197183,0.0825278218748411
2024-04-30,-0.0017024828426828,0.0105887875536478,0.0067561482680767,0.0065272729412621,0.0149219889998877,0.0124491084745306,-0.0065461593228384,0,0.3450704225352112,0.3126760563380282,0.3422535211267605,0.032394366197183,0.0825278218748411
2024-05-02,0.0019177300446586,0.0109720387101381,0.0067500003693432,0.006033498372823,0.0225890490746301,0.0082895556940612,-0.0046409830445902,0,0.3450704225352112,0.3126760563380282,0.3422535211267605,0.032394366197183,0.0825278218748411
2024-05-03,-0.0076098762815588,-0.0041869089314078,0.0071567138375184,0.0061617681668964,0.0218222982971787,0.0010043067166072,-0.012215542019355,0,0.3450704225352112,0.3126760563380282,0.3422535211267605,0.032394366197183,0.0825278218748411
2024-05-06,-0.0014749164102803,0.0010147212638742,0.0064372656436916,0.0060189979998019,0.0133516954892309,0.0003588199503892,-0.0136724415262504,0,0.3450704225352112,0.3126760563380282,0.3422535211267605,0.032394366197183,0.0825278218748411
2024-05-07,-0.0062470201891929,-0.0150551595608433,0.0038724953663657,0.0058671237183653,-0.0015177020468831,-0.0094227536293036,-0.0198340496971933,0,0.3450704225352112,0.3126760563380282,0.3422535211267605,0.032394366197183,0.0825278218748411
2024-05-08,0.0,-0.0133754481892159,0.0040865945950783,0.0058425709509737,-0.0029282904148784,-0.009380954707578,-0.0198340496971933,0,0.3450704225352112,0.3126760563380282,0.3422535211267605,0.032394366197183,0.0825278218748411
2024-05-09,-0.0154691178119045,-0.030496904831289,0.0060964128028392,0.007496470742698,-0.0198594793414992,-0.0312710940912279,-0.0349963522576448,1,0.3450704225352112,0.3126760563380282,0.3422535211267605,0.032394366197183,0.0825278218748411
2024-05-10,0.004449504725037,-0.0187156436797717,0.0075835875565112,0.007121012053932,-0.0228241919154996,-0.0259487032273022,-0.0307025639673372,1,0.3450704225352112,0.3126760563380282,0.3422535211267605,0.032394366197183,0.0825278218748411
2024-05-13,0.0022148971671078,-0.0150895391374479,0.00802670195197,0.0070674809245646,-0.0140901295497983,-0.0285556698221834,-0.0240261919269523,1,0.3450704225352112,0.3126760563380282,0.3422535211267605,0.032394366197183,0.0825278218748411
2024-05-14,0.0051483777859713,-0.003795538616747,0.0084827692965642,0.0063328777269804,-0.018793555738096,-0.0133906764833877,-0.0190015100537792,1,0.3450704225352112,0.3126760563380282,0.3422535211267605,0.032394366197183,0.0825278218748411
2024-05-15,-0.000778653200017,-0.0045712364084744,0.0084731300686989,0.0063424422443269,-0.0178855422619481,-0.0032304411269502,-0.0197653676671877,1,0.3450704225352112,0.3126760563380282,0.3422535211267605,0.032394366197183,0.0825278218748411
2024-05-16,0.0091574307843724,0.0203279061823977,0.0036788142799617,0.0071711077484935,-0.0107889368691552,0.0115564003810744,-0.0107889368691552,1,0.3450704225352112,0.3126760563380282,0.3422535211267605,0.032394366197183,0.0825278218748411
2024-05-17,0.0027785402955295,0.0186305270412419,0.0037079042956029,0.0068628156230465,-0.0004337989442001,0.0213790328630172,-0.0080403740694625,1,0.3450704225352112,0.3126760563380282,0.3422535211267605,0.032394366197183,0.0825278218748411
2024-05-18,0.0015979631533733,0.0180034880485702,0.0037794247510002,0.0068593309374423,0.0026422845736029,0.0160292590418567,-0.0064552591375915,1,0.3450704225352112,0.3126760563380282,0.3422535211267605,0.032394366197183,0.0825278218748411
2024-05-21,0.0012021153675227,0.0140067558292094,0.003782258263558,0.0064642244053918,0.0101580540298171,0.0086249350835405,-0.0052609037362792,1,0.3450704225352112,0.3126760563380282,0.3422535211267605,0.032394366197183,0.0825278218748411
2024-05-22,0.0030516155807722,0.0178937008317361,0.0032252729912095,0.0064821971787324,0.0132406680865373,0.0102736051502145,-0.0022253424113175,1,0.3450704225352112,0.3126760563380282,0.3422535211267605,0.032394366197183,0.0825278218748411
2024-05-23,0.0163666374602837,0.0251653175681858,0.0064017441499866,0.0049483231223545,0.0460047819651601,0.0252316716066136,0.0,1,0.3450704225352112,0.3126760563380282,0.3422535211267605,0.032394366197183,0.0825278218748411
2024-05-24,-0.0004593417262978,0.0218551506492004,0.0068318740857366,0.0051933820351754,0.0408928506656025,0.0171353124785393,-0.0004593417262978,1,0.3450704225352112,0.3126760563380282,0.3422535211267605,0.032394366197183,0.0825278218748411
2024-05-27,-0.0010737418924863,0.0191294107190471,0.0071958892624514,0.0054201229172979,0.037477294884874,0.0228591053949718,-0.0015325904043296,1,0.3450704225352112,0.3126760563380282,0.3422535211267605,0.032394366197183,0.0825278218748411
2024-05-28,-0.0019317604529824,0.015939420437169,0.007605467486976,0.0056665966631771,0.030169435836501,0.0108088891244246,-0.0034613902597784,1,0.3450704225352112,0.3126760563380282,0.3422535211267605,0.032394366197183,0.0825278218748411
2024-05-29,-0.0080150645639774,0.0047305489914948,0.0091162995908575,0.0065885475745686,0.0227088968516546,0.0044171936553438,-0.0114487115573426,1,0.3450704225352112,0.3126760563380282,0.3422535211267605,0.032394366197183,0.0825278218748411
2024-05-30,-0.0095156509445181,-0.0208554205589165,0.0042344357170073,0.0070488885725101,0.0037850637278862,-0.0070447099548749,-0.0208554205589165,1,0.3450704225352112,0.3126760563380282,0.3422535211267605,0.032394366197183,0.0825278218748411
2024-05-31,0.0018698321153114,-0.0185737745621179,0.0048343296792997,0.0070206211098959,0.002875443445903,0.002440397137372,-0.0190245845787444,1,0.3450704225352112,0.3126760563380282,0.3422535211267605,0.032394366197183,0.0825278218748411
2024-06-03,0.0325422645545856,0.0144533183327555,0.0171487433499171,0.0124058808162374,0.0338592125144432,0.0365909627629474,0.0,1,0.3450704225352112,0.3126760563380282,0.3422535211267605,0.032394366197183,0.0825278218748411
2024-06-04,-0.059293583620975,-0.0438502019604031,0.0330652922354616,0.0234408977951741,-0.0286097283285358,-0.0187422934648582,-0.059293583620975,1,0.3450704225352112,0.3126760563380282,0.3422535211267605,0.032394366197183,0.0825278218748411
2024-06-05,0.0336242546094267,-0.0037150898272164,0.0380763803240286,0.0261084782912578,0.0009978847498428,0.0142517654971414,-0.0276630315639253,1,0.3450704225352112,0.3126760563380282,0.3422535211267605,0.032394366197183,0.0825278218748411
2024-06-06,0.0088880145532674,0.0147963528268704,0.0378339884150402,0.0257046557152283,-0.0063676518929886,0.0393441876352045,-0.0190208864377855,1,0.3450704225352112,0.3126760563380282,0.3422535211267605,0.032394366197183,0.0825278218748411
2024-06-07,0.0205399318183809,0.0337073415384343,0.0385443035195986,0.0265377642036647,0.014507494413493,0.0559935978816787,0.0,1,0.3450704225352112,0.3126760563380282,0.3422535211267605,0.032394366197183,0.0825278218748411
2024-06-10,-0.0013288879633664,-0.0002020297542544,0.0358740518505048,0.0265409175644404,0.0142483685781502,0.0522596537738559,-0.0013288879633664,0,0.3450704225352112,0.3126760563380282,0.3422535211267605,0.032394366197183,0.0825278218748411
2024-06-11,0.0002429146316296,0.0630743220087275,0.0147083171773821,0.0265164063394468,0.0164582982897261,0.0471242717004569,-0.0010862961380671,0,0.3450704225352112,0.3126760563380282,0.3422535211267605,0.032394366197183,0.0825278218748411
2024-06-12,0.0024973296625596,0.0310605273570039,0.0089265711467063,0.0262845765386961,0.0272300448805753,0.0505573060126889,0.0,0,0.3450704225352112,0.3126760563380282,0.3422535211267605,0.032394366197183,0.0825278218748411
2024-06-13,0.0032564491198583,0.0253051960002452,0.0088525259461592,0.0259162167267728,0.0404759734354884,0.0444142413022763,0.0,0,0.3450704225352112,0.3126760563380282,0.3422535211267605,0.032394366197183,0.0825278218748411
2024-06-14,0.0028505613511744,0.0075332275661599,0.0019676508324981,0.0259079208224056,0.0414944941790533,0.0444892526962845,0.0,0,0.3450704225352112,0.3126760563380282,0.3422535211267605,0.032394366197183,0.0825278218748411
2024-06-18,0.0039334174280649,0.0128422301712871,0.0013989710656178,0.0239590694183465,0.012637605904427,0.046924717802862,0.0,0,0.3450704225352112,0.3126760563380282,0.3422535211267605,0.032394366197183,0.0825278218748411
2024-06-19,-0.0017785965642099,0.0107952555034742,0.002261088546384,0.0112940733225163,0.0745504809339943,0.0438078835991753,-0.0017785965642099,0,0.3450704225352112,0.3126760563380282,0.3422535211267605,0.032394366197183,0.0825278218748411
2024-06-20,0.0021687361796223,0.0104639421685506,0.0022532980367955,0.0065038086714767,0.0418494850875428,0.0428891308003434,0.0,0,0.3450704225352112,0.3126760563380282,0.3422535211267605,0.032394366197183,0.0825278218748411
2024-06-21,-0.0027962829380066,0.0043677266880066,0.0029770121198748,0.0066022533872804,0.0297834488681674,0.0232261463406138,-0.0027962829380066,0,0.3450704225352112,0.3126760563380282,0.3422535211267605,0.032394366197183,0.0825278218748411
2024-06-24,0.0015637565901169,0.0030789751806901,0.0028147927902747,0.0023366396456602,0.0106353973675565,0.0252971847489447,-0.0012368990537616,0,0.3450704225352112,0.3126760563380282,0.3422535211267605,0.032394366197183,0.0825278218748411
2024-06-25,0.0077938299377386,0.006936102114365,0.0041596462550538,0.0029895577357411,0.0198674073054963,0.0343988540256274,0.0,0,0.3450704225352112,0.3126760563380282,0.3422535211267605,0.032394366197183,0.0825278218748411
2024-06-26,0.0062180403266263,0.0150025514543288,0.0041739292174577,0.0031953356705821,0.0259597633339565,0.0428453151521637,0.0,0,0.3450704225352112,0.3126760563380282,0.3422535211267605,0.032394366197183,0.0825278218748411
2024-06-27,0.0073610738704921,0.0202613824415496,0.0045478144845788,0.0035350309404027,0.0309373385442235,0.0590098085418437,0.0,0,0.3450704225352112,0.3126760563380282,0.3422535211267605,0.032394366197183,0.0825278218748411
2024-06-28,-0.0014098858366778,0.0216798362629835,0.0040418306504412,0.0038035763029261,0.0261422545504275,0.0676763611866428,-0.0014098858366778,0,0.3450704225352112,0.3126760563380282,0.3422535211267605,0.032394366197183,0.0825278218748411
2024-07-01,0.005470500528933,0.0256650458729239,0.0037461376882018,0.0039121645110744,0.0288230430928679,0.0715135348657609,0.0,0,0.3450704225352112,0.3126760563380282,0.3422535211267605,0.032394366197183,0.0825278218748411
2024-07-02,-0.0007497323124272,0.016969980565989,0.0041313221190786,0.0040463893642944,0.0240237881984386,0.0369649972704488,-0.0007497323124272,0,0.3450704225352112,0.3126760563380282,0.3422535211267605,0.032394366197183,0.0825278218748411
2024-07-03,0.0067422903060665,0.0174998324172142,0.0042269653157617,0.0039688212813964,0.0327649260078244,0.109758047933469,0.0,0,0.3450704225352112,0.3126760563380282,0.3422535211267605,0.032394366197183,0.0825278218748411
2024-07-04,0.0006443909167646,0.0107155482542786,0.0037236540342825,0.0040429583960168,0.0311940425170791,0.0743489822217606,0.0,0,0.3450704225352112,0.3126760563380282,0.3422535211267605,0.032394366197183,0.0825278218748411
2024-07-05,0.0008929251115641,0.013046321208133,0.0032923229020083,0.0035896944914026,0.035008999578743,0.0658351371957897,0.0,0,0.3450704225352112,0.3126760563380282,0.3422535211267605,0.032394366197183,0.0825278218748411
2024-07-08,-0.0001356693122182,0.0073979111049438,0.003013166338106,0.0037266712214851,0.0332528247057399,0.0442418790776357,-0.0001356693122182,0,0.3450704225352112,0.3126760563380282,0.3422535211267605,0.032394366197183,0.0825278218748411
2024-07-09,0.0046318853808815,0.0128234091987804,0.0029790717601606,0.0034231792715806,0.0300110027696627,0.0504746508908302,0.0,0,0.3450704225352112,0.3126760563380282,0.3422535211267605,0.032394366197183,0.0825278218748411
2024-07-10,-0.0044509110554491,0.0015625965042307,0.0032401772560949,0.0039232635843488,0.0190897740984046,0.0455451034500544,-0.0044509110554491,0,0.3450704225352112,0.3126760563380282,0.3422535211267605,0.032394366197183,0.0825278218748411
2024-07-11,-0.0003494426389908,0.0005678509926076,0.0032455149375537,0.0034611270124333,0.0112894840815986,0.0425760892168443,-0.0047987983563347,0,0.3450704225352112,0.3126760563380282,0.3422535211267605,0.032394366197183,0.0825278218748411
2024-07-12,0.0076575252046495,0.0073302540510651,0.0047230476974137,0.0038840861181487,0.0204722081080857,0.0471496523340839,0.0,0,0.3450704225352112,0.3126760563380282,0.3422535211267605,0.032394366197183,0.0825278218748411
2024-07-15,0.003450717590089,0.0109434202762683,0.0046903222855594,0.0037352715890318,0.0184222898316002,0.0477763193781537,0.0,0,0.3450704225352112,0.3126760563380282,0.3422535211267605,0.032394366197183,0.0825278218748411
2024-07-16,0.001069684016155,0.0073588396116759,0.0044926709874123,0.003638527695974,0.0202766142220252,0.0447875235059151,0.0,0,0.3450704225352112,0.3126760563380282,0.3422535211267605,0.032394366197183,0.0825278218748411
2024-07-18,0.0076321456141064,0.0195852321429672,0.0036850340073075,0.0037752883158543,0.021178432462479,0.0546372682428983,0.0,0,0.3450704225352112,0.3126760563380282,0.3422535211267605,0.032394366197183,0.0825278218748411
2024-07-19,-0.0108847075805867,0.0088398767064417,0.0076237039277085,0.005593317117126,0.0094127474318115,0.0409004115924811,-0.0108847075805867,0,0.3450704225352112,0.3126760563380282,0.3422535211267605,0.032394366197183,0.0825278218748411
2024-07-22,-0.0008825603626446,0.0002897704895283,0.0069015832665448,0.0056234783411345,0.0076221486318983,0.0428979920088847,-0.0117576615317619,0,0.3450704225352112,0.3126760563380282,0.3422535211267605,0.032394366197183,0.0825278218748411
2024-07-23,-0.0012321878474453,-0.0043783834349465,0.0066421760599668,0.0056537926469003,0.0065171223512625,0.0399866597841349,-0.0129753617315535,0,0.3450704225352112,0.3126760563380282,0.3422535211267605,0.032394366197183,0.0825278218748411
2024-07-24,-0.0026777999963233,-0.0081054727176694,0.0065812149098098,0.0055554962289141,-0.0008062799796997,0.0291805255192592,-0.0156184163042798,0,0.3450704225352112,0.3126760563380282,0.3422535211267605,0.032394366197183,0.0825278218748411
2024-07-25,-0.000303110983677,-0.0159167931744275,0.0043864029529799,0.0053425592046509,0.0033567048792468,0.0225105577155113,-0.0159167931744275,0,0.3450704225352112,0.3126760563380282,0.3422535211267605,0.032394366197183,0.0825278218748411
2024-07-26,0.0175673294791056,0.0123904952529256,0.008471455628192,0.0076070385271491,0.0213399024097351,0.0328703029798913,0.0,0,0.3450704225352112,0.3126760563380282,0.3422535211267605,0.032394366197183,0.0825278218748411
2024-07-29,5.033249647179439e-05,0.0133357813886594,0.0083883537081081,0.0073706285976535,0.0136294161940888,0.0343806485468918,0.0,0,0.3450704225352112,0.3126760563380282,0.3422535211267605,0.032394366197183,0.0825278218748411
2024-07-30,0.0008535961765334,0.0154519885371369,0.0081947321921841,0.0073351887267528,0.0110059503715422,0.0296309950107591,0.0,0,0.3450704225352112,0.3126760563380282,0.3422535211267605,0.032394366197183,0.0825278218748411
2024-07-31,0.0037755508442189,0.0220226514018884,0.0075396238097774,0.0073829091613839,0.0137386746841101,0.0342938627126268,0.0,0,0.3450704225352112,0.3126760563380282,0.3422535211267605,0.032394366197183,0.0825278218748411
2024-08-01,0.002394679203163,0.0247806900733833,0.0072092112839484,0.007070019196358,0.0084694677803383,0.0298272702941964,0.0,0,0.3450704225352112,0.3126760563380282,0.3422535211267605,0.032394366197183,0.0825278218748411
2024-08-02,-0.0117228888204743,-0.0047171615693268,0.0062012985826487,0.0072280123995671,0.0076148857155668,0.0170993101433412,-0.0117228888204743,0,0.3450704225352112,0.3126760563380282,0.3422535211267605,0.032394366197183,0.0825278218748411
2024-08-05,-0.0267864728514385,-0.0314260290464284,0.013013371591603,0.0113546924595121,-0.0185093383110458,-0.0110282706068324,-0.0381953468287827,0,0.3450704225352112,0.3126760563380282,0.3422535211267605,0.032394366197183,0.0825278218748411
2024-08-06,-0.0026210113237665,-0.0347885731756868,0.0126229741359517,0.0113553591963004,-0.0198741372724839,-0.013486537105452,-0.0407162477159959,0,0.3450704225352112,0.3126760563380282,0.3422535211267605,0.032394366197183,0.0825278218748411
2024-08-07,0.0127101954565063,-0.0261971893079077,0.0149468156707247,0.0122525157660874,-0.0047514694738566,-0.0055539184388455,-0.0285235637262154,0,0.3450704225352112,0.3126760563380282,0.3422535211267605,0.032394366197183,0.0825278218748411
2024-08-08,-0.007428747813561,-0.0357404171781103,0.0143310608758411,0.0124513147267741,-0.0118453993059112,-0.008528455936311,-0.0357404171781103,1,0.3450704225352112,0.3126760563380282,0.3422535211267605,0.032394366197183,0.0825278218748411
2024-08-09,0.0103868640378157,-0.0141679848853251,0.0159001113453168,0.0114180276264776,-0.018818313780836,0.0021200076493002,-0.0257247839941785,0,0.3450704225352112,0.3126760563380282,0.3422535211267605,0.032394366197183,0.0825278218748411
2024-08-12,-0.0008412844977941,0.0121136034852591,0.0086948605867874,0.0114051105931712,-0.0196931080161538,-0.0063320973873721,-0.0265444266299893,0,0.3450704225352112,0.3126760563380282,0.3422535211267605,0.032394366197183,0.0825278218748411
2024-08-13,-0.0085431469996303,0.0061039781098717,0.0098794989421524,0.0115368147247933,-0.0288969437549532,-0.0182090317122671,-0.0348608006908988,0,0.3450704225352112,0.3126760563380282,0.3422535211267605,0.032394366197183,0.0825278218748411
2024-08-14,0.0001967769998756,-0.006327811503241,0.0075670940698703,0.0113620266624695,-0.0323592299352936,-0.0190651281842928,-0.0346708834947963,0,0.3450704225352112,0.3126760563380282,0.3422535211267605,0.032394366197183,0.0825278218748411
2024-08-16,0.016459746311157,0.0175871791682216,0.0098764149652898,0.0129013386414421,-0.0187818111303471,-0.0104714152942337,-0.0187818111303471,0,0.3450704225352112,0.3126760563380282,0.3422535211267605,0.032394366197183,0.0825278218748411
2024-08-19,0.0012835584314507,0.0084190007181697,0.0091058055945456,0.0124392874812699,-0.0058682644420798,0.0017019351104117,-0.0175223602509305,0,0.3450704225352112,0.3126760563380282,0.3422535211267605,0.032394366197183,0.0825278218748411
2024-08-20,0.0051357912150296,0.0144514724606727,0.0090792507864162,0.0083843434769387,0.0267401353530987,0.007735854830319,-0.0124765602197443,0,0.3450704225352112,0.3126760563380282,0.3422535211267605,0.032394366197183,0.0825278218748411
2024-08-21,0.0028887984663255,0.0261485562782219,0.006566927889358,0.0081761816637875,0.0324121446032206,0.0118938439195965,-0.0096238040214466,0,0.3450704225352112,0.3126760563380282,0.3422535211267605,0.032394366197183,0.0825278218748411
2024-08-22,0.0016673260611541,0.0276572611959617,0.006315338281494,0.0074677769956742,0.0211544397571765,0.0163024556085771,-0.0079725239795449,0,0.3450704225352112,0.3126760563380282,0.3422535211267605,0.032394366197183,0.0825278218748411
2024-08-23,0.0004695403341192,0.0114909040529884,0.0018146489420754,0.0067264601892671,0.0292801758095948,0.0170879411294717,-0.0075067270669988,0,0.3450704225352112,0.3126760563380282,0.3422535211267605,0.032394366197183,0.0825278218748411
2024-08-26,0.0075514187361394,0.0178226605596056,0.0028282808561448,0.0064294889090634,0.0263917102698265,0.0070767490039198,-1.199477028024365e-05,0,0.3450704225352112,0.3126760563380282,0.3422535211267605,0.032394366197183,0.0825278218748411
2024-08-27,0.0002858787873942,0.0129115323183064,0.0029732176275854,0.0063715520754661,0.027549595432702,0.0073139502578907,0.0,0,0.3450704225352112,0.3126760563380282,0.3422535211267605,0.032394366197183,0.0825278218748411
2024-08-28,0.0013830180571794,0.0113907033451485,0.0030092240855622,0.0050558850285971,0.0378371100708396,0.0078467894743194,0.0,0,0.3450704225352112,0.3126760563380282,0.3422535211267605,0.032394366197183,0.0825278218748411
2024-08-29,0.0039756749366826,0.0137214598069443,0.00306983318736,0.0049011328496839,0.0417582190007765,0.0080477252551485,0.0,0,0.3450704225352112,0.3126760563380282,0.3422535211267605,0.032394366197183,0.0825278218748411
2024-08-30,0.003337713378088,0.0166276238108378,0.0027969644014451,0.0022865140510747,0.0283095942936659,0.0089960777101183,0.0,0,0.3450704225352112,0.3126760563380282,0.3422535211267605,0.032394366197183,0.0825278218748411
2024-09-02,0.0016959965763059,0.0107194549511007,0.0015010039678205,0.0022597269261439,0.028733164717684,0.022696286466783,0.0,0,0.3450704225352112,0.3126760563380282,0.3422535211267605,0.032394366197183,0.0825278218748411
2024-09-03,4.549284575539048e-05,0.0104765616412345,0.0015769908851545,0.0022582143400021,0.0235233624237565,0.0508925156720265,0.0,0,0.3450704225352112,0.3126760563380282,0.3422535211267605,0.032394366197183,0.0825278218748411
2024-09-04,-0.0032100665154262,0.0058417673391917,0.0028851758686851,0.0028393524436838,0.0172990125231125,0.0502718552217251,-0.0032100665154262,0,0.3450704225352112,0.3126760563380282,0.3422535211267605,0.032394366197183,0.0825278218748411
2024-09-05,-0.0021270938580165,-0.0002723446889805,0.0026848906622276,0.0030897034675572,0.0134453781512604,0.0348842473505504,-0.005330332260674,0,0.3450704225352112,0.3126760563380282,0.3422535211267605,0.032394366197183,0.0825278218748411
2024-09-06,-0.0116503811875871,-0.0152065113588182,0.0051708434986803,0.0051557715099371,0.0011682643016699,0.03048264709541,-0.0169186130455678,0,0.3450704225352112,0.3126760563380282,0.3422535211267605,0.032394366197183,0.0825278218748411
2024-09-09,0.0033900487482974,-0.0135410444366205,0.0055974011073043,0.0046313701285512,-0.0029667421013489,0.0233466707704934,-0.0135859192202484,0,0.3450704225352112,0.3126760563380282,0.3422535211267605,0.032394366197183,0.0825278218748411
2024-09-10,0.0041986814455974,-0.0094442807216024,0.0063642411665647,0.0048455175003059,0.0009333373304953,0.0285086458290548,-0.0094442807216024,0,0.3450704225352112,0.3126760563380282,0.3422535211267605,0.032394366197183,0.0825278218748411
2024-09-11,-0.0048979477738596,-0.0111216054796478,0.0064958488324278,0.0050634721249356,-0.0053448079721063,0.0322900700111852,-0.0142959709017259,0,0.3450704225352112,0.3126760563380282,0.3422535211267605,0.032394366197183,0.0825278218748411
2024-09-12,0.0188795852069449,0.0096957260062597,0.0114629854532285,0.0079217965688818,0.0094207407377957,0.0515723530934506,0.0,0,0.3450704225352112,0.3126760563380282,0.3422535211267605,0.032394366197183,0.0825278218748411
2024-09-13,-0.0012761482380095,0.0202940188273448,0.0090665245902581,0.0079026651802651,0.0047789062407126,0.0332237894312206,-0.0012761482380095,0,0.3450704225352112,0.3126760563380282,0.3422535211267605,0.032394366197183,0.0825278218748411
2024-09-16,0.0010746751326089,0.0179396384401917,0.0091677867798269,0.0078946977825155,0.0041556725622757,0.0330082429042044,-0.0002028445501774,0,0.3450704225352112,0.3126760563380282,0.3422535211267605,0.032394366197183,0.0825278218748411
2024-09-17,0.0013709558280394,0.0150732196269334,0.009208424708325,0.0078984141778099,0.0054865831877959,0.0291390084963469,0.0,0,0.3450704225352112,0.3126760563380282,0.3422535211267605,0.032394366197183,0.0825278218748411
2024-09-18,-0.0016129952337957,0.0184240994122828,0.0085983390368448,0.0078292138970165,0.0070975883676538,0.0245193821608222,-0.0016129952337957,0,0.3450704225352112,0.3126760563380282,0.3422535211267605,0.032394366197183,0.0825278218748411
2024-09-19,0.0015072376963103,0.0010595181358781,0.0015256324665507,0.0077656916128716,0.010765516939682,0.0243556415371903,-0.0001081887047058,0,0.3450704225352112,0.3126760563380282,0.3422535211267605,0.032394366197183,0.0825278218748411
2024-09-20,0.0147605033089652,0.0171336738114487,0.006467144784956,0.0074320879551145,0.0377754037377047,0.0389877996950427,0.0,0,0.3450704225352112,0.3126760563380282,0.3422535211267605,0.032394366197183,0.0825278218748411
2024-09-23,0.0057423243424534,0.021876200325011,0.0063802506824905,0.0074569836133076,0.0402082898894786,0.0371222601616914,0.0,0,0.3450704225352112,0.3126760563380282,0.3422535211267605,0.032394366197183,0.0825278218748411
2024-09-24,5.204508260714391e-05,0.0205302820184472,0.0065591484224645,0.0075577548818893,0.0359129590952476,0.0368798153311149,0.0,0,0.3450704225352112,0.3126760563380282,0.3422535211267605,0.032394366197183,0.0825278218748411
2024-09-25,0.0024575565527131,0.0246911147845241,0.0058931738343943,0.0069788946918937,0.0435701257501972,0.0379924438226355,0.0,0,0.3450704225352112,0.3126760563380282,0.3422535211267605,0.032394366197183,0.0825278218748411
2024-09-26,0.0081486993422204,0.0314863195335184,0.0056808263741312,0.0050440585540482,0.0325791979959746,0.0423068589115356,0.0,0,0.3450704225352112,0.3126760563380282,0.3422535211267605,0.032394366197183,0.0825278218748411
2024-09-27,-0.0014151636116043,0.0150440367648341,0.0039530924049762,0.0050580067602787,0.0324354701950191,0.0373693825066669,-0.0014151636116043,0,0.3450704225352112,0.3126760563380282,0.3422535211267605,0.032394366197183,0.0825278218748411
2024-09-30,-0.0140609153537479,-0.0049423552520234,0.0081779188299226,0.0074611908321229,0.0168257251194168,0.0210513198859116,-0.0154561804695978,0,0.3450704225352112,0.3126760563380282,0.3422535211267605,0.032394366197183,0.0825278218748411
2024-10-01,-0.0005404703835788,-0.0055319116127738,0.0081638037549356,0.0074948232555221,0.0148847987001619,0.0204530485742597,-0.0159882972453896,0,0.3619456366237482,0.2818311874105865,0.3562231759656652,0.0801144492131616,0.0813211309408408
2024-10-03,-0.0211963452973033,-0.0289972946625828,0.0116912895147074,0.0103965059472257,-0.005022155409013,0.0020397877668292,-0.0368457490735637,0,0.3619456366237482,0.2818311874105865,0.3562231759656652,0.0801144492131616,0.0813211309408408
2024-10-04,-0.0093266957358584,-0.0458287957186532,0.0087047364921861,0.0107285552317642,-0.0157854562909686,-0.0051898779483875,-0.0458287957186532,0,0.3619456366237482,0.2818311874105865,0.3562231759656652,0.0801144492131616,0.0813211309408408
2024-10-07,-0.0087488906478615,-0.0528363437036245,0.0075886424637275,0.0092316537720364,-0.038587178835987,-0.0022694213579107,-0.0541767352442491,0,0.3619456366237482,0.2818311874105865,0.3562231759656652,0.0801144492131616,0.0813211309408408
2024-10-08,0.0087676315497615,-0.0309056075255172,0.0111492523386559,0.009623595136149,-0.03569521628587,0.0030778299995186,-0.0458841053476781,0,0.3619456366237482,0.2818311874105865,0.3562231759656652,0.0801144492131616,0.0813211309408408
2024-10-09,-0.0012473438971101,-0.0315910051207704,0.0110635578021851,0.009577674775654,-0.0369481580854574,-0.0023621166801777,-0.0470742159860084,0,0.3619456366237482,0.2818311874105865,0.3562231759656652,0.0801144492131616,0.0813211309408408
2024-10-10,0.0006604768642959,-0.0099662971631794,0.0074634492769895,0.0094651629692213,-0.0386745961702267,0.0032104725614956,-0.0464448305522761,0,0.3619456366237482,0.2818311874105865,0.3562231759656652,0.0801144492131616,0.0813211309408408
2024-10-11,-0.0013680848212589,-0.0020128245104857,0.00625556593272,0.0085541693265458,-0.0477493749058305,-0.016725813249097,-0.0477493749058305,0,0.3619456366237482,0.2818311874105865,0.3562231759656652,0.0801144492131616,0.0813211309408408
2024-10-14,0.0065573770491802,0.0133974572255326,0.004689952714297,0.0092526256964291,-0.0401467591328147,-0.0090134679470746,-0.0415051085117703,0,0.3619456366237482,0.2818311874105865,0.3562231759656652,0.0801144492131616,0.0813211309408408
2024-10-15,-0.0028096203629823,0.0017670705209058,0.0036781137516417,0.0085580892817584,-0.0291931493926004,-0.0128586201802334,-0.0441981152767102,0,0.3619456366237482,0.2818311874105865,0.3562231759656652,0.0801144492131616,0.0813211309408408
2024-10-16,-0.0034341221238478,-0.0004263077942274,0.0040299875269656,0.0085173208724385,-0.0320038454232873,-0.0175954175198821,-0.0474804556750539,0,0.3619456366237482,0.2818311874105865,0.3562231759656652,0.0801144492131616,0.0813211309408408
2024-10-17,-0.0088681806714108,-0.0099446165662271,0.0055567733149232,0.0062032544905339,-0.0198118027255337,-0.0247344601823265,-0.0559275710871775,0,0.3619456366237482,0.2818311874105865,0.3562231759656652,0.0801144492131616,0.0813211309408408
2024-10-18,0.0042101265260194,-0.0044143124668275,0.0062305969335584,0.0058915166886076,-0.0064182517409832,-0.0221023929996301,-0.0519529067117281,0,0.3619456366237482,0.2818311874105865,0.3562231759656652,0.0801144492131616,0.0813211309408408
2024-10-21,-0.0029351353199982,-0.013803354432017,0.004647037693738,0.0052534061601742,-0.0005908270570561,-0.0391552075437314,-0.0547355532202601,0,0.3619456366237482,0.2818311874105865,0.3562231759656652,0.0801144492131616,0.0813211309408408
2024-10-22,-0.0124691801413173,-0.0233564203716674,0.006360845788138,0.0055768407195938,-0.0216306222926742,-0.0565537288374092,-0.0665222258883394,0,0.3619456366237482,0.2818311874105865,0.3562231759656652,0.0801144492131616,0.0813211309408408
2024-10-23,-0.0014955806816742,-0.0214566322137813,0.006514464367416,0.0055728266679917,-0.0218737928784582,-0.0580137546067138,-0.067918317214073,0,0.3619456366237482,0.2818311874105865,0.3562231759656652,0.0801144492131616,0.0813211309408408
2024-10-24,-0.0014773587608192,-0.014159681775849,0.006043560277217,0.0054915184891426,-0.0239634857361156,-0.061711303772667,-0.0692953362539359,0,0.3619456366237482,0.2818311874105865,0.3562231759656652,0.0801144492131616,0.0813211309408408
2024-10-25,-0.0089592367025419,-0.0270881405646162,0.0049831212821443,0.0058449492064765,-0.0313828775148462,-0.0776337396365967,-0.0763265906386619,0,0.3619456366237482,0.2818311874105865,0.3562231759656652,0.0801144492131616,0.0813211309408408
2024-10-28,0.0065485840005294,-0.017834155868787,0.0074045152259695,0.005843323993081,-0.0313913391263512,-0.0702778377284039,-0.0570186568826674,0,0.3619456366237482,0.2818311874105865,0.3562231759656652,0.0801144492131616,0.0813211309408408
2024-10-29,0.0052466910307056,-0.0002145300158139,0.0062268620423215,0.0064248106545083,-0.0235659397342495,-0.052071125127611,-0.0515585205974362,0,0.3619456366237482,0.2818311874105865,0.3562231759656652,0.0801144492131616,0.0813211309408408
2024-10-30,-0.0051498251716097,-0.0038734627897936,0.0066428226809921,0.0064792600017456,-0.0252469835371006,-0.0564428284018623,-0.0360097583771945,0,0.3619456366237482,0.2818311874105865,0.3562231759656652,0.0801144492131616,0.0813211309408408
2024-10-31,-0.0055667735514577,-0.0079530644196169,0.0069958677467724,0.0061987385734676,-0.0220001333341414,-0.0413760737581236,-0.0367160870663942,0,0.3619456366237482,0.2818311874105865,0.3562231759656652,0.0801144492131616,0.0813211309408408
2024-11-01,0.0040900048956118,0.0051094256600277,0.0059014081629704,0.0061850275308449,-0.0221171197450718,-0.0283934182437456,-0.0327762511466316,0,0.3619456366237482,0.2818311874105865,0.3562231759656652,0.0801144492131616,0.0813211309408408
2024-11-04,-0.0127137734603064,-0.0141253905744449,0.0074779553923752,0.0070269301865768,-0.0317076320260197,-0.0322797253561598,-0.0450733147749817,0,0.3619456366237482,0.2818311874105865,0.3562231759656652,0.0801144492131616,0.0813211309408408
2024-11-05,0.0090830098331551,-0.0103630013671559,0.0086217201583609,0.0071699515044647,-0.0105753082081226,-0.0319771800033183,-0.0363997063031406,0,0.3619456366237482,0.2818311874105865,0.3562231759656652,0.0801144492131616,0.0813211309408408
2024-11-06,0.0111818711204172,0.0058831141886992,0.0101182129640043,0.0081360247278526,0.0019868633750077,-0.0199303897413933,-0.025624852007426,0,0.3619456366237482,0.2818311874105865,0.3562231759656652,0.0801144492131616,0.0813211309408408
2024-11-07,-0.0116279782143885,-0.0002478790845825,0.0114139533891846,0.0089635870262715,-0.0081989721058716,-0.0319659818908772,-0.0369548650009253,0,0.3619456366237482,0.2818311874105865,0.3562231759656652,0.0801144492131616,0.0813211309408408
2024-11-08,-0.0021136931363857,-0.0064247758117372,0.0111936176551319,0.0085205504705927,-0.001348177066102,-0.0326887449052144,-0.0389904468928026,0,0.3619456366237482,0.2818311874105865,0.3562231759656652,0.0801144492131616,0.0813211309408408
2024-11-11,-0.0002857355827764,0.006082428470516,0.0092129435280626,0.0081957180443707,-0.0081288787817159,-0.0392650415175134,-0.036558135636849,0,0.3619456366237482,0.2818311874105865,0.3562231759656652,0.0801144492131616,0.0813211309408408
2024-11-12,-0.0106808663990753,-0.0136226784453171,0.0092504278046962,0.0084372623100588,-0.02384450797712,-0.0468485294733879,-0.0435640114851849,0,0.3619456366237482,0.2818311874105865,0.3562231759656652,0.0801144492131616,0.0813211309408408
2024-11-13,-0.0135826273004947,-0.0377796973948345,0.0060226505380167,0.0091374057811219,-0.0321188454799236,-0.0565549250539619,-0.0521041842275202,0,0.3619456366237482,0.2818311874105865,0.3562231759656652,0.0801144492131616,0.0813211309408408
2024-11-14,-0.0011184661520731,-0.0275482605937762,0.0061238850263951,0.0091188129625383,-0.0277893110407408,-0.049178075826722,-0.0531643736131535,0,0.3619456366237482,0.2818311874105865,0.3562231759656652,0.0801144492131616,0.0813211309408408
2024-11-18,-0.0033527814487925,-0.0287557664753481,0.0059729559372473,0.0087940232748437,-0.0349957929341866,-0.0563389065363593,-0.0535609799403578,0,0.3619456366237482,0.2818311874105865,0.3562231759656652,0.0801144492131616,0.0813211309408408
2024-11-19,0.0027586148086877,-0.0257981136061438,0.0067771474005548,0.0083466814906262,-0.0198726003163112,-0.0509501192441013,-0.0394358776427918,0,0.3619456366237482,0.2818311874105865,0.3562231759656652,0.0801144492131616,0.0813211309408408
2024-11-21,-0.0071688245423814,-0.0223397373495034,0.0062260512294075,0.0074931430182948,-0.0356580887363555,-0.0458563016659786,-0.0463219932976773,0,0.3619456366237482,0.2818311874105865,0.3562231759656652,0.0801144492131616,0.0813211309408408
2024-11-22,0.0238694812397481,0.0147798828900147,0.0122098123807969,0.0106732882130278,-0.0235581940079357,-0.0216181375457837,-0.0235581940079357,0,0.3619456366237482,0.2818311874105865,0.3562231759656652,0.0801144492131616,0.0813211309408408
2024-11-25,0.0131612795281765,0.0292869071547252,0.0126678144385461,0.0111423247449503,0.0009318432106648,-0.0072747690516979,-0.0107069704562765,0,0.3619456366237482,0.2818311874105865,0.3562231759656652,0.0801144492131616,0.0813211309408408
2024-11-26,-0.0011312077087264,0.0315812363028593,0.0122977365470401,0.0111244772231924,0.0019173271713832,0.0005665652087607,-0.0118260663574857,0,0.3619456366237482,0.2818311874105865,0.3562231759656652,0.0801144492131616,0.0813211309408408
2024-11-27,0.0033230692926078,0.0321619150881222,0.0122596562797983,0.011163744928167,0.0055340847427438,-0.0026397799430136,-0.0085422959028428,0,0.3619456366237482,0.2818311874105865,0.3562231759656652,0.0801144492131616,0.0813211309408408
2024-11-28,-0.0148610292936325,0.0241649857172836,0.0146410944115956,0.0116988406218777,0.0012854089338014,-0.0225897489868943,-0.0232763778868282,0,0.3619456366237482,0.2818311874105865,0.3562231759656652,0.0801144492131616,0.0813211309408408
2024-11-29,0.0090720347576642,0.009363268464587,0.0108443432902508,0.0109018807939649,0.0242815393659761,-0.0086172011248579,-0.0144155072383858,0,0.3619456366237482,0.2818311874105865,0.3562231759656652,0.0801144492131616,0.0813211309408408
2024-12-02,0.0060067713448621,0.0022355801980851,0.0093594131395468,0.0108751728925254,0.0315879605825084,0.0029208418799975,-0.0084953265493249,0,0.3619456366237482,0.2818311874105865,0.3562231759656652,0.0801144492131616,0.0813211309408408
2024-12-03,0.0074600274756395,0.0108557730062617,0.0097688825342083,0.010690802380516,0.0427798480416821,0.0062869404036727,-0.0010986744431578,0,0.3619456366237482,0.2818311874105865,0.3562231759656652,0.0801144492131616,0.0813211309408408
2024-12-04,0.0004211447368152,0.0079320615120968,0.0097716949153727,0.0107523860531183,0.0403490868890448,0.0196746452958596,-0.0006779924073018,0,0.3619456366237482,0.2818311874105865,0.3562231759656652,0.0801144492131616,0.0813211309408408
2024-12-05,0.0098477773531773,0.0332125540736343,0.0037390320225226,0.0101132574729206,0.0581801206857417,0.0204474400432821,0.0,0,0.3619456366237482,0.2818311874105865,0.3562231759656652,0.0801144492131616,0.0813211309408408
2024-12-06,-0.0012384452251057,0.0226554114814492,0.0047222255753129,0.0080022452819997,0.0322308086459128,0.007913314994864,-0.0012384452251057,0,0.3619456366237482,0.2818311874105865,0.3562231759656652,0.0801144492131616,0.0813211309408408
2024-12-09,-0.0023827083451523,0.0141270923399812,0.0054820880075163,0.0073355474088323,0.0163942547859581,0.0173413748716391,-0.0036182027164851,0,0.3619456366237482,0.2818311874105865,0.3562231759656652,0.0801144492131616,0.0813211309408408
2024-12-10,-0.0003635403550104,0.0062517505105867,0.0049142899839447,0.0073071496376911,0.0171753911012833,0.0191256491167042,-0.0039804277087954,0,0.3619456366237482,0.2818311874105865,0.3562231759656652,0.0801144492131616,0.0813211309408408
2024-12-11,0.0012901233439184,0.0071257936564701,0.0048926646839818,0.007286107021481,0.0151143774021724,0.0207321063902938,-0.0026954396075828,0,0.3619456366237482,0.2818311874105865,0.3562231759656652,0.0801144492131616,0.0813211309408408
2024-12-12,-0.0037781330909267,-0.0064633889689337,0.0019302031339226,0.005001329012419,0.0265344994490708,0.027854016065518,-0.0064633889689337,0,0.3619456366237482,0.2818311874105865,0.3562231759656652,0.0801144492131616,0.0813211309408408
2024-12-13,0.0089454838749098,0.0036672636944945,0.0049753193732721,0.0049833549322729,0.0264057585439536,0.0513284703755032,0.0,0,0.3619456366237482,0.2818311874105865,0.3562231759656652,0.0801144492131616,0.0813211309408408
2024-12-16,-0.0040394375068131,0.0020004874284089,0.0052812265533503,0.0052313879054574,0.0161558408390163,0.048254131485125,-0.0040394375068131,0,0.3619456366237482,0.2818311874105865,0.3562231759656652,0.0801144492131616,0.0813211309408408
2024-12-17,-0.0134687300477334,-0.0111356945638062,0.0082045805663631,0.0066325083567637,-0.0049535616373944,0.0376143737901748,-0.0174537614612225,0,0.3619456366237482,0.2818311874105865,0.3562231759656652,0.0801144492131616,0.0813211309408408
2024-12-18,-0.0056356837606837,-0.0179755537338993,0.0080490641235431,0.0068154450642394,-0.0109778501641978,0.0289282904947167,-0.0229910813418765,0,0.3619456366237482,0.2818311874105865,0.3562231759656652,0.0801144492131616,0.0813211309408408
2024-12-19,-0.0102132952598986,-0.0243190067091129,0.0085824224812241,0.0061618473441937,-0.0306252124783474,0.0257731296493775,-0.0329695618996862,0,0.3619456366237482,0.2818311874105865,0.3562231759656652,0.0801144492131616,0.0813211309408408
2024-12-20,-0.015205601272561,-0.0476738411598696,0.0048305871885028,0.0071926685668051,-0.0441814100122377,-0.0133746039381359,-0.0476738411598696,0,0.3619456366237482,0.2818311874105865,0.3562231759656652,0.0801144492131616,0.0813211309408408
2024-12-23,0.0070355060943296,-0.0370841060877848,0.0089039399036744,0.0080625702535944,-0.0351578049473982,-0.0193399361734628,-0.0409737446655603,0,0.3619456366237482,0.2818311874105865,0.3562231759656652,0.0801144492131616,0.0813211309408408
2024-12-24,-0.001086158010731,-0.0249979454306377,0.0085426311805116,0.0080340923919726,-0.0358552705094056,-0.0192957077021636,-0.0420153987152932,0,0.3619456366237482,0.2818311874105865,0.3562231759656652,0.0801144492131616,0.0813211309408408
2024-12-26,0.0009503680305467,-0.0185401372379264,0.0089234380436279,0.008011728689029,-0.0361824217386715,-0.0216149191139819,-0.0411049607764762,0,0.3619456366237482,0.2818311874105865,0.3562231759656652,0.0801144492131616,0.0813211309408408
2024-12-27,0.0026610302229033,-0.0057741204173398,0.0084187261370088,0.0082553081174912,-0.0299527062532842,-0.0042129868717892,-0.0385533120965103,0,0.3619456366237482,0.2818311874105865,0.3562231759656652,0.0801144492131616,0.0813211309408408
2024-12-30,-0.0070758480519371,0.0024334923158453,0.005183990939058,0.0071602262234422,-0.0453563627701536,-0.0201482733899406,-0.0453563627701536,0,0.3619456366237482,0.2818311874105865,0.3562231759656652,0.0801144492131616,0.0813211309408408
2024-12-31,-4.229241823860974e-06,-0.0045740723979044,0.0037108744216572,0.0073079938876415,-0.0414885530996321,-0.0260029947211346,-0.0453604001889511,0,0.3619456366237482,0.2818311874105865,0.3562231759656652,0.0801144492131616,0.0813211309408408
2025-01-01,0.004148903775883,0.0006427100871768,0.0043351120569321,0.0069407648883365,-0.0243713017751479,-0.0292041386670155,-0.0413996923486875,0,0.3619456366237482,0.2818311874105865,0.3562231759656652,0.0801144492131616,0.0813211309408408
2025-01-02,0.0187740335005413,0.0184608971713922,0.0094650365987253,0.0095098161752113,-0.0004215076336271,-0.0113947305501799,-0.0234028980592126,0,0.3619456366237482,0.2818311874105865,0.3562231759656652,0.0801144492131616,0.0813211309408408
2025-01-03,-0.0076027393012839,0.0080353918382087,0.0107699478535891,0.0092300605568262,0.0022148741007945,-0.0284781693675025,-0.0308277112276579,0,0.3619456366237482,0.2818311874105865,0.3562231759656652,0.0801144492131616,0.0813211309408408
2025-01-06,-0.0161926285422676,-0.0012201362661716,0.0131294222246686,0.009417194482679,0.0012103868574455,-0.0430244997528143,-0.0465211580932078,0,0.3619456366237482,0.2818311874105865,0.3562231759656652,0.0801144492131616,0.0813211309408408
2025-01-07,0.0038893040961549,0.00266866287725,0.0132569508333031,0.00921232518357,-0.0019176161778604,-0.0370080019497135,-0.0428127889277826,0,0.3619456366237482,0.2818311874105865,0.3562231759656652,0.0801144492131616,0.0813211309408408
2025-01-08,-0.0007993116218644,-0.0022722582329876,0.0131099844299014,0.009209545658998,-0.0016310085490978,-0.0374277988057724,-0.0435778797898926,0,0.3619456366237482,0.2818311874105865,0.3562231759656652,0.0801144492131616,0.0813211309408408
2025-01-09,-0.0068576277124988,-0.0273744090720234,0.007596901991578,0.009436425973935,-0.0094188680516374,-0.0452604923341638,-0.0501366666262924,0,0.3619456366237482,0.2818311874105865,0.3562231759656652,0.0801144492131616,0.0813211309408408
2025-01-10,-0.0040379997024632,-0.0238806902800486,0.0075185765595969,0.0093927538404099,-0.0160371891456071,-0.0455095381832847,-0.0539722144838361,0,0.3619456366237482,0.2818311874105865,0.3562231759656652,0.0801144492131616,0.0813211309408408
2025-01-13,-0.0147472419606085,-0.0224465988173296,0.0069794838455542,0.0101727606302281,-0.0236393471742321,-0.0679235151383017,-0.0641431799985811,0,0.3619456366237482,0.2818311874105865,0.3562231759656652,0.0801144492131616,0.0813211309408408
2025-01-14,0.0039028066854513,-0.0224334504532245,0.0069835479002932,0.0103461153582736,-0.0198246548924075,-0.0604907117448542,-0.0476639546351085,0,0.3619456366237482,0.2818311874105865,0.3562231759656652,0.0801144492131616,0.0813211309408408
2025-01-15,0.0016029478707546,-0.0200832033500851,0.007374183143504,0.010209723535368,-0.0223098273589157,-0.046137409598948,-0.0407312744200653,0,0.3619456366237482,0.2818311874105865,0.3562231759656652,0.0801144492131616,0.0813211309408408
2025-01-16,0.0042475832715866,-0.0091258793275668,0.0079579337018678,0.0075902472410336,-0.0362504728457355,-0.0366567006283355,-0.0362504728457355,0,0.3619456366237482,0.2818311874105865,0.3562231759656652,0.0801144492131616,0.0813211309408408
2025-01-17,-0.0046585849226571,-0.0097432942833365,0.0080061344524457,0.0074765474340694,-0.0333913079702975,-0.0312503914127181,-0.0407401818621543,0,0.3619456366237482,0.2818311874105865,0.3562231759656652,0.0801144492131616,0.0813211309408408
2025-01-20,0.0061004516618397,0.0112102815781893,0.0041741678347361,0.0064845182098972,-0.0114879499323552,-0.0102914679385267,-0.0348882637104592,0,0.3619456366237482,0.2818311874105865,0.3562231759656652,0.0801144492131616,0.0813211309408408
2025-01-21,-0.0137118624101778,-0.0065326058582027,0.008051437686435,0.0073057626381068,-0.0288195074215767,-0.0306818588457676,-0.0481217430489092,0,0.3619456366237482,0.2818311874105865,0.3562231759656652,0.0801144492131616,0.0813211309408408
2025-01-22,0.0056765249417471,-0.0024921165543743,0.0086037398290835,0.0077836326953534,-0.0225252702209258,-0.0241195398617226,-0.0427183823818196,0,0.3619456366237482,0.2818311874105865,0.3562231759656652,0.0801144492131616,0.0813211309408408
2025-01-23,0.0021593281898135,-0.0045663569522731,0.0083649029335266,0.0077122930763233,-0.0136505642573269,-0.0229408594453942,-0.0406512971993063,0,0.3619456366237482,0.2818311874105865,0.3562231759656652,0.0801144492131616,0.0813211309408408
2025-01-24,-0.0048760307429104,-0.0047838229209764,0.008389942428764,0.0077492522369822,-0.0144805070097945,-0.0302854695255612,-0.0453291109673338,0,0.3619456366237482,0.2818311874105865,0.3562231759656652,0.0801144492131616,0.0813211309408408
2025-01-27,-0.011391292297832,-0.0220863363282964,0.008372165000473,0.00715862416796,-0.0111236487993779,-0.0345000401777972,-0.0562040461125362,1,0.3619456366237482,0.2818311874105865,0.3562231759656652,0.0801144492131616,0.0813211309408408
2025-01-28,0.0056112470240896,-0.0029272974833494,0.0074215600012242,0.0073099343417187,-0.0094407804608636,-0.0290782751387196,-0.0509081738749372,1,0.3619456366237482,0.2818311874105865,0.3562231759656652,0.0801144492131616,0.0813211309408408
2025-01-29,0.0089666663036731,0.000334695869421,0.0082164917596195,0.0079367862222263,-0.0021582547860701,-0.024419931853312,-0.0423979841785301,1,0.3619456366237482,0.2818311874105865,0.3562231759656652,0.0801144492131616,0.0813211309408408
2025-01-30,0.0037300706727512,0.0019025785002166,0.0083442342605598,0.0079062822697806,-0.0026724663046182,-0.0388260609831471,-0.0314625230423145,1,0.3619456366237482,0.2818311874105865,0.3562231759656652,0.0801144492131616,0.0813211309408408
2025-01-31,0.0111357233488893,0.0180234018413143,0.0088655028321763,0.0084820088998293,0.0131533581574956,-0.0206771576458825,-0.008414916546805,0,0.3619456366237482,0.2818311874105865,0.3562231759656652,0.0801144492131616,0.0813211309408408
2025-02-01,-0.0011166221435742,0.0286037806926671,0.0047583361917101,0.0083377717843466,0.0058856916437315,-0.0056698728195442,-0.0095221424082267,0,0.3619456366237482,0.2818311874105865,0.3562231759656652,0.0801144492131616,0.0813211309408408
2025-02-03,-0.0051571086974575,0.0175892147360854,0.0067915330603004,0.0070423170635414,0.0146104283887049,-0.0146301443822524,-0.0138418967493283,0,0.3619456366237482,0.2818311874105865,0.3562231759656652,0.0801144492131616,0.0813211309408408
2025-02-04,0.0161893408044586,0.0248736136354805,0.008732576020916,0.0083943057151169,0.025216634600643,0.0021233528712754,0.0,0,0.3619456366237482,0.2818311874105865,0.3562231759656652,0.0801144492131616,0.0813211309408408
2025-02-05,-0.0018092399717767,0.0192176175831737,0.0092623353340975,0.0085065813249409,0.0211567591094294,0.0072173931524026,-0.0018092399717767,0,0.3619456366237482,0.2818311874105865,0.3562231759656652,0.0801144492131616,0.0813211309408408
2025-02-06,-0.0039225533100104,0.0040389818107569,0.0087335027359023,0.0084242945243438,0.0221351798442763,0.0073341442075838,-0.0057246964415472,0,0.3619456366237482,0.2818311874105865,0.3562231759656652,0.0801144492131616,0.0813211309408408
2025-02-07,-0.0018387220458111,0.0033131548857323,0.0087797280950955,0.0071548756464602,0.0320117043341516,0.0205319685782912,-0.0075528923618057,0,0.3619456366237482,0.2818311874105865,0.3562231759656652,0.0801144492131616,0.0813211309408408
2025-02-10,-0.0075700500213287,0.0008796693641766,0.0092360854738926,0.0078384993104828,0.0184843567936054,0.0088690695782931,-0.0150657666101499,0,0.3619456366237482,0.2818311874105865,0.3562231759656652,0.0801144492131616,0.0813211309408408
2025-02-11,-0.0132497348342286,-0.0281158840317196,0.004839937347527,0.0087015613054437,-0.003941614032664,-0.0060913618113832,-0.0281158840317196,0,0.3619456366237482,0.2818311874105865,0.3562231759656652,0.0801144492131616,0.0813211309408408
2025-02-12,-0.0011507554677138,-0.0274747534425204,0.0049785030809734,0.0085826712232174,-0.0087851351641971,-0.0114341234911075,-0.0292342849921543,0,0.3619456366237482,0.2818311874105865,0.3562231759656652,0.0801144492131616,0.0813211309408408
2025-02-13,-0.0006009915275381,-0.024231729818013,0.0054487466257775,0.007495285381441,-0.0202906195232343,-0.0074041511515652,-0.0298177069620986,0,0.3619456366237482,0.2818311874105865,0.3562231759656652,0.0801144492131616,0.0813211309408408
2025-02-14,-0.0044352492683902,-0.0267700058786203,0.0052044392170078,0.007524125555461,-0.0235455441686558,-0.0177984343374848,-0.0341207072675,0,0.3619456366237482,0.2818311874105865,0.3562231759656652,0.0801144492131616,0.0813211309408408
2025-02-17,0.0013192755977626,-0.0180526567899543,0.0057663764088884,0.007534807584247,-0.0171888677948979,-0.0028295761281931,-0.0328464462862138,0,0.3619456366237482,0.2818311874105865,0.3562231759656652,0.0801144492131616,0.0813211309408408
2025-02-18,-0.0006184803676038,-0.0054828838668851,0.0020892696539342,0.0042638003476965,-0.033444611771644,-0.0090713377254068,-0.033444611771644,0,0.3619456366237482,0.2818311874105865,0.3562231759656652,0.0801144492131616,0.0813211309408408
2025-02-19,-0.0005404156842576,-0.0048751911999218,0.002103145114036,0.0043342859783383,-0.0322159999662393,-0.0117408270075649,-0.0339669534631463,0,0.3619456366237482,0.2818311874105865,0.3562231759656652,0.0801144492131616,0.0813211309408408
2025-02-20,-0.0008612081332932,-0.0051342949191104,0.0020947739468272,0.004390103224884,-0.0292416118898375,-0.0077537003836792,-0.0347989089798539,0,0.3619456366237482,0.2818311874105865,0.3562231759656652,0.0801144492131616,0.0813211309408408
2025-02-21,-0.00511714888612,-0.0058157157342695,0.0023755091546267,0.0044198223345707,-0.032430034868495,-0.0014564712220997,-0.0397379866676494,0,0.3619456366237482,0.2818311874105865,0.3562231759656652,0.0801144492131616,0.0813211309408408
2025-02-24,-0.0106400712408811,-0.0176898451621333,0.0044047112084556,0.0048376059253177,-0.0354231532487083,-0.0175935706585066,-0.0499552428994176,0,0.3619456366237482,0.2818311874105865,0.3562231759656652,0.0801144492131616,0.0813211309408408
2025-02-25,-0.0002571680038663,-0.0173347047107687,0.004467457281248,0.0035201787807048,-0.0227225444048578,-0.0265745949376378,-0.0501995640131849,0,0.3619456366237482,0.2818311874105865,0.3562231759656652,0.0801144492131616,0.0813211309408408
2025-02-27,-0.0001108767914917,-0.0169123835188746,0.00454170628326,0.0035725489370265,-0.0217051236154955,-0.0302995763349749,-0.0503048748380846,0,0.3619456366237482,0.2818311874105865,0.3562231759656652,0.0801144492131616,0.0813211309408408
2025-02-28,-0.0186448910071167,-0.0344103713369833,0.0078312510139519,0.0062421874696393,-0.0393679932613736,-0.0588598118119481,-0.0680118369367186,0,0.3619456366237482,0.2818311874105865,0.3562231759656652,0.0801144492131616,0.0813211309408408
2025-03-03,-0.0002440711060489,-0.0296807759290048,0.0083996133847616,0.0063488100719278,-0.0353238767076987,-0.0580377009771252,-0.0682393083185021,0,0.3619456366237482,0.2818311874105865,0.3562231759656652,0.0801144492131616,0.0813211309408408
2025-03-04,-0.0016569240437083,-0.0208705136930875,0.0081092055117755,0.0061610479769623,-0.038191162699536,-0.0547235676478582,-0.0697831650115314,0,0.3619456366237482,0.2818311874105865,0.3562231759656652,0.0801144492131616,0.0813211309408408
2025-03-05,0.0115316775839855,-0.0093247381644568,0.0108024924628662,0.0078420661835345,-0.0264978012926394,-0.059056204387249,-0.0573507256407118,0,0.3619456366237482,0.2818311874105865,0.3562231759656652,0.0801144492131616,0.0813211309408408
2025-03-06,0.0092849180518683,-1.5524472112393717e-05,0.0119332682349093,0.0087044112815295,-0.0169276454351609,-0.0485983043766325,-0.0448516841888968,0,0.3619456366237482,0.2818311874105865,0.3562231759656652,0.0801144492131616,0.0813211309408408
2025-03-07,0.000345979321082,0.0193358554014291,0.006080959411953,0.008725244892615,-0.0157398699000356,-0.0445212226230598,-0.0427611264030696,0,0.3619456366237482,0.2818311874105865,0.3562231759656652,0.0801144492131616,0.0813211309408408
2025-03-10,-0.004088238554484,0.0154164010615163,0.0069142744344326,0.0086844886555397,-0.0147219456130269,-0.0466745472719595,-0.0394027782529852,0,0.3619456366237482,0.2818311874105865,0.3562231759656652,0.0801144492131616,0.0813211309408408
2025-03-11,0.0016740649056334,0.0188043554555272,0.006490852607446,0.0080888921535645,-0.0024586147955845,-0.0377946761556093,-0.0248745221439158,0,0.3619456366237482,0.2818311874105865,0.3562231759656652,0.0801144492131616,0.0813211309408408
2025-03-12,-0.0012178914476462,0.0059631199831671,0.0050032902811352,0.0080951310240649,-0.0034172227137759,-0.0260621191237787,-0.0249400635705839,0,0.3619456366237482,0.2818311874105865,0.3562231759656652,0.0801144492131616,0.0813211309408408
2025-03-13,-0.003262054693932,-0.0065425576743092,0.0024075153769212,0.0081475678421874,-0.0065579805766675,-0.0281207624130785,-0.0275363199805482,0,0.3619456366237482,0.2818311874105865,0.3562231759656652,0.0801144492131616,0.0813211309408408
2025-03-17,0.0049805332809458,-0.001939917969183,0.0037320837774575,0.0052542557737192,0.0173584274589033,-0.0226929322577004,-0.0196323961758748,0,0.3619456366237482,0.2818311874105865,0.3562231759656652,0.0801144492131616,0.0813211309408408
2025-03-18,0.0144632642861108,0.0166516030507162,0.0069561919776017,0.0065398959737756,0.0323247119031795,-0.0041409989423989,-0.0054530804242253,0,0.3619456366237482,0.2818311874105865,0.3562231759656652,0.0801144492131616,0.0813211309408408
2025-03-19,0.0032100830767747,0.0182105885438195,0.0068985911655624,0.0063150605854027,0.0373573823793791,-0.0022605021886366,-0.0016430380077837,0,0.3619456366237482,0.2818311874105865,0.3562231759656652,0.0801144492131616,0.0813211309408408
2025-03-20,0.0123561612739877,0.0320486860550499,0.0071767879764151,0.0064330629928827,0.0382029161984662,0.0106928216236006,0.0,0,0.3619456366237482,0.2818311874105865,0.3562231759656652,0.0801144492131616,0.0813211309408408
2025-03-21,0.0068885520673203,0.0425588912899828,0.0048302379433873,0.0062469363464533,0.0357378896148541,0.018205285855692,0.0,0,0.3619456366237482,0.2818311874105865,0.3562231759656652,0.0801144492131616,0.0813211309408408
2025-03-24,0.0131882109085923,0.051073471427778,0.0047806572290145,0.0068128888909124,0.0490344751136238,0.0325228089546831,0.0,0,0.3619456366237482,0.2818311874105865,0.3562231759656652,0.0801144492131616,0.0813211309408408
2025-03-25,0.0004353642582852,0.0365393289919113,0.0055727052258121,0.0062855012307856,0.0537993704447403,0.0382853934260107,0.0,0,0.3619456366237482,0.2818311874105865,0.3562231759656652,0.0801144492131616,0.0813211309408408
2025-03-26,-0.0076810464475161,0.0252863678429866,0.0087516335907107,0.0074658128276194,0.0439574360273624,0.0413907468291849,-0.0076810464475161,0,0.3619456366237482,0.2818311874105865,0.3562231759656652,0.0801144492131616,0.0813211309408408
2025-03-27,0.0044748444342259,0.017304387759722,0.0077571627590275,0.0072078410575924,0.0499076567054583,0.0463198884135971,-0.0032405735012347,0,0.3619456366237482,0.2818311874105865,0.3562231759656652,0.0801144492131616,0.0813211309408408
2025-03-28,-0.0030773208658039,0.0072354220912702,0.007934667391264,0.0071847822299303,0.0501022449234724,0.0432156947977493,-0.0063079220825861,0,0.3619456366237482,0.2818311874105865,0.3562231759656652,0.0801144492131616,0.0813211309408408
2025-04-01,-0.0150365550068346,-0.0208235147421522,0.0075423120924513,0.009562290633907,0.0291864275004165,0.0470514854438703,-0.0212496276720471,0,0.3469656992084433,0.3218997361477572,0.3311345646437995,0.025065963060686,0.0531934933515523
2025-04-02,0.0071938253538634,-0.014208668428491,0.0090337079669154,0.0088361764036916,0.0218114853531747,0.0548412472365762,-0.014208668428491,0,0.3469656992084433,0.3218997361477572,0.3311345646437995,0.025065963060686,0.0531934933515523
2025-04-03,-0.0035251485598322,-0.010080108656546,0.0086586419855977,0.0090052968781388,0.0149513698510537,0.0528672962710543,-0.0176837293212752,0,0.3469656992084433,0.3218997361477572,0.3311345646437995,0.025065963060686,0.0531934933515523
2025-04-04,-0.0148666027242893,-0.0291412960776875,0.0093397700366609,0.0094689009154389,-0.0123411806051145,0.0253902665049043,-0.0322874350670613,0,0.3469656992084433,0.3218997361477572,0.3311345646437995,0.025065963060686,0.0531934933515523
2025-04-07,-0.0324325622313569,-0.0577290613898768,0.0147884951963619,0.0131754308898042,-0.0509113334246952,-0.0169929074239179,-0.0636728330513148,0,0.3469656992084433,0.3218997361477572,0.3311345646437995,0.025065963060686,0.0531934933515523
2025-04-08,0.0168873186051548,-0.0271889042852149,0.0192302292701513,0.0137847939915977,-0.0474462504781609,-0.0007382773528433,-0.0478607778643903,1,0.3469656992084433,0.3218997361477572,0.3311345646437995,0.025065963060686,0.0531934933515523
2025-04-09,-0.006065890569914,-0.0399959712587886,0.0179390916056997,0.013665185132503,-0.053636350193188,-0.0027225816217948,-0.053636350193188,1,0.3469656992084433,0.3218997361477572,0.3311345646437995,0.025065963060686,0.0531934933515523
2025-04-11,0.0191703703042303,-0.0181311048124523,0.0218085856791243,0.0156621594080243,-0.0280284499624257,0.0146969272687671,-0.0354942085839286,1,0.3469656992084433,0.3218997361477572,0.3311345646437995,0.025065963060686,0.0531934933515523
2025-04-15,0.0219023985316633,0.0185160525574723,0.0231587713698271,0.0174232437120113,-0.0111648252899824,0.0381856211477269,-0.0143692183542366,1,0.3469656992084433,0.3218997361477572,0.3311345646437995,0.025065963060686,0.0531934933515523
2025-04-16,0.0046573833350123,0.0575590210093135,0.0117395665580771,0.0174915889939869,-0.0034928686379511,0.0464343757255372,-0.0097787579773244,1,0.3469656992084433,0.3218997361477572,0.3311345646437995,0.025065963060686,0.0531934933515523
2025-04-17,0.0176834263478573,0.0583869700943164,0.0118390932059946,0.0174705803964172,0.0296105880677035,0.0596612428500027,0.0,0,0.3469656992084433,0.3218997361477572,0.3311345646437995,0.025065963060686,0.0531934933515523
2025-04-21,0.0114834822748111,0.0770743532678694,0.0069204293223594,0.0176352335584392,0.0339957183909893,0.0565487008579199,0.0,0,0.3469656992084433,0.3218997361477572,0.3311345646437995,0.025065963060686,0.0531934933515523
2025-04-22,0.0017284580040661,0.0586414818286751,0.0084963074761466,0.0174806240886647,0.0394471421628295,0.0549883008259268,0.0,0,0.3469656992084433,0.3218997361477572,0.3311345646437995,0.025065963060686,0.0531934933515523
2025-04-23,0.0066908729789281,0.0428830767450185,0.0062672913716059,0.0161738211972322,0.0621931546053278,0.049084437046827,0.0,0,0.3469656992084433,0.3218997361477572,0.3311345646437995,0.025065963060686,0.0531934933515523
2025-04-24,-0.0033807459836943,0.0345391087672588,0.0082121185675458,0.0098373439048385,0.09408616706375,0.0383847814170206,-0.0033807459836943,0,0.3469656992084433,0.3218997361477572,0.3311345646437995,0.025065963060686,0.0531934933515523
2025-04-25,-0.0085516791975815,0.0078694765351661,0.0079290755566835,0.0108317908787225,0.0667159215205994,0.0161042507190907,-0.0119035141261748,0,0.3469656992084433,0.3218997361477572,0.3311345646437995,0.025065963060686,0.0531934933515523
2025-04-28,0.0120281954378966,0.0084122434514446,0.0081008040413381,0.0099706119722472,0.0861349649428659,0.0278786496061245,-1.849648258556158e-05,0,0.3469656992084433,0.3218997361477572,0.3311345646437995,0.025065963060686,0.0531934933515523
2025-04-29,0.0003062252091168,0.0069805211598341,0.0081246222149253,0.0094658616596034,0.0660313510932582,0.0361521447107637,0.0,0,0.3469656992084433,0.3218997361477572,0.3311345646437995,0.025065963060686,0.0531934933515523
2025-04-30,-7.191007542339811e-05,0.0002157922968315,0.0075715800804969,0.0079029215920196,0.043108122879476,0.0314620029289651,-7.191007542339811e-05,1,0.3469656992084433,0.3218997361477572,0.3311345646437995,0.025065963060686,0.0531934933515523
2025-05-02,0.000513680334673,0.0041242725814234,0.0073246538344672,0.0079877942185235,0.0388058300479579,0.0351774177432626,0.0,1,0.3469656992084433,0.3218997361477572,0.3311345646437995,0.025065963060686,0.0531934933515523
2025-05-05,0.0047008424139616,0.0175462314912842,0.0051490018105881,0.0063819838930042,0.0255537876834517,0.0559210384318193,0.0,1,0.3469656992084433,0.3218997361477572,0.3311345646437995,0.025065963060686,0.0531934933515523
2025-05-06,-0.0033338579747886,0.0021004172061573,0.0028583523583952,0.0057664640869055,0.0105303298784897,0.0448840343985925,-0.0033338579747886,1,0.3469656992084433,0.3218997361477572,0.3311345646437995,0.025065963060686,0.0531934933515523
2025-05-07,0.0014274229273656,0.0032236259525517,0.0028906977544605,0.0057633890972706,0.010226649701559,0.0500772039690153,-0.0019111938727328,1,0.3469656992084433,0.3218997361477572,0.3311345646437995,0.025065963060686,0.0531934933515523
2025-05-08,-0.0057588963890163,-0.00248210337714,0.0041072352949197,0.0057500354000864,-0.0022668466990972,0.059785325559007,-0.0076590838942568,1,0.3469656992084433,0.3218997361477572,0.3311345646437995,0.025065963060686,0.0531934933515523
2025-05-09,-0.0109500778617274,-0.0139115362656951,0.0061154746972913,0.0066424640298598,-0.0098446386518578,0.0833152840950113,-0.0185252941909926,1,0.3469656992084433,0.3218997361477572,0.3311345646437995,0.025065963060686,0.0531934933515523
2025-05-12,0.0381831056314561,0.0189504581755151,0.0196697219458709,0.013556785146096,0.0368291987928126,0.1060022142497398,0.0,1,0.3469656992084433,0.3218997361477572,0.3311345646437995,0.025065963060686,0.0531934933515523
2025-05-13,-0.0138958543131914,0.0081523076670659,0.0211537846808064,0.0142492079329143,0.010269848120517,0.0972894060712123,-0.0138958543131914,1,0.3469656992084433,0.3218997361477572,0.3311345646437995,0.025065963060686,0.0531934933515523
2025-05-14,0.0036027642213576,0.0103422570286388,0.0211665431089234,0.0142666152982749,0.0135992225493559,0.0805285486813662,-0.0103431535785786,1,0.3469656992084433,0.3218997361477572,0.3311345646437995,0.025065963060686,0.0531934933515523
2025-05-15,0.016021470067175,0.0324753437863045,0.0213502052740423,0.0149673908336876,0.0299126332486787,0.0743102335978875,0.0,1,0.3469656992084433,0.3218997361477572,0.3311345646437995,0.025065963060686,0.0531934933515523
2025-05-16,-0.0016878074862042,0.0421442852382538,0.0197926288754718,0.015024938563466,0.0276464572200749,0.0675251309883433,-0.0016878074862042,0,0.3469656992084433,0.3218997361477572,0.3311345646437995,0.025065963060686,0.0531934933515523
2025-05-19,-0.0029716464560067,0.000832507512628,0.0108882165256601,0.0151144718451186,0.0197987420869418,0.0458584626220828,-0.0046544383750761,0,0.3469656992084433,0.3218997361477572,0.3311345646437995,0.025065963060686,0.0531934933515523
2025-05-20,-0.0104848780038042,0.0042944298539162,0.0098395318952811,0.0155607921156551,0.0124817470344058,0.0231435138266278,-0.0150905151603415,0,0.3469656992084433,0.3218997361477572,0.3311345646437995,0.025065963060686,0.0531934933515523
2025-05-21,0.0052483602672186,0.0059411600160539,0.0099792345151236,0.015609778011664,0.016344862048627,0.0267386649287775,-0.0099213553533022,0,0.3469656992084433,0.3218997361477572,0.3311345646437995,0.025065963060686,0.0531934933515523
2025-05-22,-0.0082112725155107,-0.0180511609162838,0.0061442629110554,0.0157590666987688,0.0138379652135225,0.0115397499686586,-0.0180511609162838,1,0.3469656992084433,0.3218997361477572,0.3311345646437995,0.025065963060686,0.0531934933515523
2025-05-23,0.0098924407855438,-0.0066607247060327,0.0087045057409011,0.0153033370868663,0.0352028490503166,0.0250116510700424,-0.0083372901712145,1,0.3469656992084433,0.3218997361477572,0.3311345646437995,0.025065963060686,0.0531934933515523
2025-05-26,0.0059549795498758,0.002232872126981,0.0091797803595828,0.0094953999597834,0.0030672385224295,0.0400094012525298,-0.0024319590138095,1,0.3469656992084433,0.3218997361477572,0.3311345646437995,0.025065963060686,0.0531934933515523
2025-05-27,-0.006997678106807,0.0057648912854126,0.0082208423138458,0.0085491551863801,0.0100840780605695,0.020457488131204,-0.0094126190542691,1,0.3469656992084433,0.3218997361477572,0.3311345646437995,0.025065963060686,0.0531934933515523
2025-05-28,-0.0029706519725128,-0.0024583441641529,0.0080226494948515,0.0085825749949424,0.0034682104358472,0.0171145979507683,-0.0123553094114219,1,0.3469656992084433,0.3218997361477572,0.3311345646437995,0.025065963060686,0.0531934933515523
2025-05-29,0.0032784633440325,0.0090980385782841,0.0068024003571076,0.0067530683497813,-0.009117352496399,0.020522556730856,-0.009117352496399,1,0.3469656992084433,0.3218997361477572,0.3311345646437995,0.025065963060686,0.0531934933515523
2025-05-30,-0.003338219186908,-0.0041222138843567,0.0052874389736827,0.0067946374424384,-0.0107554816585263,0.0165936245979947,-0.0124251359622696,0,0.3469656992084433,0.3218997361477572,0.3311345646437995,0.025065963060686,0.0531934933515523
2025-06-02,-0.0013777388114276,-0.0113814764520833,0.0037270597636733,0.0067634345811296,-0.0091740177066359,0.0104430903698311,-0.0137857561816447,0,0.3469656992084433,0.3218997361477572,0.3311345646437995,0.025065963060686,0.0531934933515523
2025-06-03,-0.0070438490730925,-0.0114274435878225,0.0037416953134465,0.0062927967309022,-0.0057284302723638,0.0066818159444781,-0.0207325004688353,0,0.3469656992084433,0.3218997361477572,0.3311345646437995,0.025065963060686,0.0531934933515523
2025-06-04,0.0031659366405216,-0.0053429054497635,0.0044096045045724,0.0061111921936819,-0.0077881149134844,0.0084294514712628,-0.0176322016111977,0,0.3469656992084433,0.3218997361477572,0.3311345646437995,0.025065963060686,0.0531934933515523
2025-06-05,0.0053086489955402,-0.0033301655821144,0.0049674957053485,0.0057665406716731,0.0057375750212314,0.0196549365983076,-0.0124171557850298,0,0.3469656992084433,0.3218997361477572,0.3311345646437995,0.025065963060686,0.0531934933515523
2025-06-06,0.0101875083330302,0.0101956712335407,0.0065675455085707,0.0058199523650864,0.0060314286116647,0.0414466011329557,-0.0023561473300321,0,0.3469656992084433,0.3218997361477572,0.3311345646437995,0.025065963060686,0.0531934933515523
2025-06-09,0.004005511327618,0.0156413098889005,0.0063013850473205,0.0056514849244223,0.004081812236637,0.0071615706508001,0.0,0,0.3469656992084433,0.3218997361477572,0.3311345646437995,0.025065963060686,0.0531934933515523
2025-06-10,4.182733675395234e-05,0.0228888662524193,0.0037044716026786,0.0050287384465302,0.0111998614367079,0.0213968797742729,0.0,0,0.3469656992084433,0.3218997361477572,0.3311345646437995,0.025065963060686,0.0531934933515523
2025-06-11,0.0014798291126005,0.021169608695299,0.0039308652107078,0.0048184614201398,0.015713596027868,0.0192363045214436,0.0,0,0.3469656992084433,0.3218997361477572,0.3311345646437995,0.025065963060686,0.0531934933515523
2025-06-12,-0.0100710382078961,0.0055472730284555,0.0073667627149026,0.005997715109645,0.002198634108627,-0.0069387641099507,-0.0100710382078961,0,0.3469656992084433,0.3218997361477572,0.3311345646437995,0.025065963060686,0.0531934933515523
2025-06-13,-0.0068144743292002,-0.0113766120533295,0.0059223356151635,0.0063199673730194,-0.0012969330160359,-0.012038465535296,-0.0168168837057602,0,0.3469656992084433,0.3218997361477572,0.3311345646437995,0.025065963060686,0.0531934933515523
2025-06-16,0.0092197778191323,-0.0062422320660314,0.0075416987174116,0.0069420022254495,0.009301441136726,4.209184440440161e-05,-0.0077521538180054,0,0.3469656992084433,0.3218997361477572,0.3311345646437995,0.025065963060686,0.0531934933515523
2025-06-17,-0.0037319864510051,-0.0099923319756614,0.0075715235340554,0.0065883613336854,0.0126678211266171,0.0068668241242266,-0.0114552093359956,0,0.3469656992084433,0.3218997361477572,0.3311345646437995,0.025065963060686,0.0531934933515523
2025-06-18,-0.0016637562667483,-0.0130999069264242,0.0073389805699986,0.0066116624642786,0.0077923818652976,-5.642101360359142e-05,-0.0130999069264242,0,0.3469656992084433,0.3218997361477572,0.3311345646437995,0.025065963060686,0.0531934933515523
2025-06-19,-0.0007576963612437,-0.0038150609525799,0.0060394861308756,0.0064273623709006,0.0017110488911513,0.0074584411837608,-0.0138476775358572,0,0.3469656992084433,0.3218997361477572,0.3311345646437995,0.025065963060686,0.0531934933515523
2025-06-20,0.0128724552045416,0.0159313229713657,0.0073682645023504,0.00692800197113,0.0043734664370946,0.0104312732993603,-0.0011534759400828,0,0.3469656992084433,0.3218997361477572,0.3311345646437995,0.025065963060686,0.0531934933515523
2025-06-23,-0.0055948455742979,0.001018178902852,0.0073147036793875,0.0070459695487447,-0.0052304088721756,-0.0011699461824755,-0.0067418679946223,0,0.3469656992084433,0.3218997361477572,0.3311345646437995,0.025065963060686,0.0531934933515523
2025-06-24,0.0029012610173835,0.0076830534252858,0.0070129593843981,0.0071280348736846,-0.0023860501707878,0.0087870878346263,-0.0038601668960361,0,0.3469656992084433,0.3218997361477572,0.3311345646437995,0.025065963060686,0.0531934933515523
2025-06-25,0.0080018047982879,0.0174391072079898,0.0072337863400317,0.0075842190795137,0.0041107496002608,0.019888940286719,0.0,0,0.3469656992084433,0.3218997361477572,0.3311345646437995,0.025065963060686,0.0531934933515523
2025-06-26,0.0120520108141297,0.0304820868583182,0.0076140740815659,0.0074032102100864,0.026550734886412,0.0288077443463694,0.0,0,0.3469656992084433,0.3218997361477572,0.3311345646437995,0.025065963060686,0.0531934933515523
2025-06-27,0.0034756741946846,0.0209219349803284,0.0066002420177911,0.0066149345826438,0.0371865720550517,0.0358414105459643,0.0,0,0.3469656992084433,0.3218997361477572,0.3311345646437995,0.025065963060686,0.0531934933515523
2025-06-30,-0.0047098424981862,0.0218305375241771,0.0062769522052148,0.0067826792175414,0.0228709438197742,0.0323851176941811,-0.0047098424981862,0,0.3469656992084433,0.3218997361477572,0.3311345646437995,0.025065963060686,0.0531934933515523
2025-07-01,0.0009699397069802,0.0198627634576262,0.0064451145129925,0.0064752667103086,0.0276984235557307,0.040717123357441,-0.0037444710544586,0,0.3469656992084433,0.3218997361477572,0.3311345646437995,0.025065963060686,0.0531934933515523
2025-07-02,-0.0034609933520737,0.0082650848196159,0.0066814307521901,0.0066345124118627,0.025848327727858,0.0338421296333903,-0.0071925048171058,0,0.3469656992084433,0.3218997361477572,0.3311345646437995,0.025065963060686,0.0531934933515523
2025-07-03,-0.0018897278948981,-0.0056244862812634,0.0033334563388229,0.0067069576026261,0.0246861544976959,0.0264394426061274,-0.009068640835017,0,0.3469656992084433,0.3218997361477572,0.3311345646437995,0.025065963060686,0.0531934933515523
2025-07-04,0.0021924559048702,-0.0068960675252947,0.0029138833224956,0.0056286324122122,0.0138815883786496,0.0183157654766119,-0.0068960675252947,0,0.3469656992084433,0.3218997361477572,0.3311345646437995,0.025065963060686,0.0531934933515523
2025-07-07,1.1782726522913125e-05,-0.0021848136833999,0.0022555411465919,0.0051105467956474,0.0195980281836782,0.0142651136110136,-0.0068843660532494,0,0.3469656992084433,0.3218997361477572,0.3311345646437995,0.025065963060686,0.0531934933515523
2025-07-08,0.0024036478891493,-0.000755624114197,0.0025506720053815,0.0051027198555603,0.0190921305603859,0.0166605256082137,-0.004497265756032,0,0.3469656992084433,0.3218997361477572,0.3311345646437995,0.025065963060686,0.0531934933515523
2025-07-09,-0.0018180037222059,0.0008918258464487,0.002079583983825,0.0047302834654205,0.0091642816823298,0.013312703349853,-0.0063070934323538,0,0.3469656992084433,0.3218997361477572,0.3311345646437995,0.025065963060686,0.0531934933515523
2025-07-10,-0.0047436617064621,-0.0019700613651482,0.0029844823008938,0.0030077064043064,-0.0075834670632901,0.0187659211996045,-0.0110208364212217,0,0.3469656992084433,0.3218997361477572,0.3311345646437995,0.025065963060686,0.0531934933515523
2025-07-11,-0.0081008864041963,-0.0122206511920192,0.0040991185283831,0.0033999196855999,-0.0190324442814906,0.0174463764129035,-0.0190324442814906,0,0.3469656992084433,0.3218997361477572,0.3311345646437995,0.025065963060686,0.0531934933515523
2025-07-14,-0.0026859007111373,-0.0148853357841115,0.0038650347030705,0.0032728969037251,-0.0170376277822084,0.0054436494097367,-0.0216672257369977,0,0.3469656992084433,0.3218997361477572,0.3311345646437995,0.025065963060686,0.0531934933515523
2025-07-15,0.0045251033597397,-0.0128004701733764,0.0046431344649684,0.003754292126085,-0.0135464219436375,0.0137767870794336,-0.0172401688132367,0,0.3469656992084433,0.3218997361477572,0.3311345646437995,0.025065963060686,0.0531934933515523
2025-07-16,0.0006449487613013,-0.0103646162481698,0.0048673839203098,0.0037229675340596,-0.0094820338343797,0.0161211991754006,-0.0166063390774559,0,0.3469656992084433,0.3218997361477572,0.3311345646437995,0.025065963060686,0.0531934933515523
2025-07-17,-0.00399015550104,-0.0096153656540558,0.0047747726231053,0.0038395509651151,-0.0115664841588172,0.0128341383239389,-0.020530232703274,0,0.3469656992084433,0.3218997361477572,0.3311345646437995,0.025065963060686,0.0531934933515523
2025-07-18,-0.0056966045369741,-0.0072147547599685,0.0040652094630635,0.0038852929745016,-0.0193472369506303,-0.0057342189515936,-0.0261098846234855,0,0.3469656992084433,0.3218997361477572,0.3311345646437995,0.025065963060686,0.0531934933515523
2025-07-21,0.0048981913138206,0.0003348975173729,0.0048277410795463,0.0044280898727791,-0.014555423328738,0.0047573472583182,-0.0213395845197325,0,0.3469656992084433,0.3218997361477572,0.3311345646437995,0.025065963060686,0.0531934933515523
2025-07-22,-0.0011876910568456,-0.0053540669476658,0.0041384452344243,0.0042210421311738,-0.0180860025467723,0.000660827691675,-0.0225019307428874,0,0.3469656992084433,0.3218997361477572,0.3311345646437995,0.025065963060686,0.0531934933515523
2025-07-23,0.0063445446891372,0.0003113590525165,0.0053385778285092,0.0049472530957579,-0.0100564843127478,-0.0009843630853939,-0.0163001505589401,0,0.3469656992084433,0.3218997361477572,0.3311345646437995,0.025065963060686,0.0531934933515523
2025-07-24,-0.0062569637468825,-0.0019652389646954,0.005842434336675,0.0050954430921329,-0.0115617081275081,-0.0190574973580179,-0.0224551248547068,0,0.3469656992084433,0.3218997361477572,0.3311345646437995,0.025065963060686,0.0531934933515523
2025-07-25,-0.0089816894833233,-0.005262651992118,0.0067101139677693,0.0052346480938184,-0.0124394380085764,-0.0312351293792758,-0.0275939831961725,0,0.3469656992084433,0.3218997361477572,0.3311345646437995,0.025065963060686,0.0531934933515523
2025-07-28,-0.0062849780569311,-0.0163327448018588,0.0060706438225094,0.0054639182748607,-0.0160033170801719,-0.0327682863026876,-0.0337055336742123,0,0.3469656992084433,0.3218997361477572,0.3311345646437995,0.025065963060686,0.0531934933515523
2025-07-29,0.0056805059783069,-0.0095686906695291,0.0073109178494397,0.0056178446700394,-0.0148715262067488,-0.0282164921814437,-0.0274816338524831,0,0.3469656992084433,0.3218997361477572,0.3311345646437995,0.025065963060686,0.0531934933515523
2025-07-30,0.0013677878901419,-0.0144667504629282,0.0061553473436876,0.0056528082400402,-0.0141598957641286,-0.0235076649877816,-0.026151435008326,0,0.3469656992084433,0.3218997361477572,0.3311345646437995,0.025065963060686,0.0531934933515523
2025-07-31,-0.0034882247269669,-0.011720885320863,0.005896386808138,0.0056295401343513,-0.0136630899450251,-0.0250715401904327,-0.0295484376530512,0,0.3469656992084433,0.3218997361477572,0.3311345646437995,0.025065963060686,0.0531934933515523
2025-08-01,-0.0081959436135229,-0.010937311269477,0.0056817281818136,0.0058927663332297,-0.0161424039986544,-0.03517733003417,-0.037502203937702,0,0.3469656992084433,0.3218997361477572,0.3311345646437995,0.025065963060686,0.0531934933515523
2025-08-04,0.0064073990397044,0.0016956431896728,0.0062029690056275,0.0060938763832564,-0.0146647961196778,-0.0290067671328643,-0.0313350964834949,0,0.3469656992084433,0.3218997361477572,0.3311345646437995,0.025065963060686,0.0531934933515523
2025-08-05,-0.0029608356675532,-0.0069114583962838,0.0055134943579586,0.0061108609969982,-0.0164140154583435,-0.0342031540797336,-0.0324441339137465,0,0.3469656992084433,0.3218997361477572,0.3311345646437995,0.025065963060686,0.0531934933515523
2025-08-06,-0.0030568509364268,-0.0112995145855671,0.0053149295521371,0.0054319927690086,-0.0256027977906335,-0.0354018079690375,-0.0308042713047593,0,0.3469656992084433,0.3218997361477572,0.3311345646437995,0.025065963060686,0.0531934933515523
2025-08-07,0.0008932132073475,-0.0069524211342296,0.0054216926787134,0.0053639367477698,-0.018591817924276,-0.0299385728793839,-0.0247324533404177,0,0.3469656992084433,0.3218997361477572,0.3311345646437995,0.025065963060686,0.0531934933515523
2025-08-08,-0.0094669287673071,-0.0082249998473459,0.0058350372030377,0.0054371950656547,-0.0190723517333011,-0.0312745404048134,-0.0339652417337104,0,0.3469656992084433,0.3218997361477572,0.3311345646437995,0.025065963060686,0.0531934933515523
2025-08-11,0.0091018047637225,-0.0055697687352742,0.0068071133685737,0.0061871448882412,-0.0038835698860253,-0.0198247369659082,-0.0251725819690007,0,0.3469656992084433,0.3218997361477572,0.3311345646437995,0.025065963060686,0.0531934933515523
2025-08-12,-0.0039719260282162,-0.0065782133953763,0.0068907939641276,0.0058835011459588,-0.013444206743456,-0.0281157970772906,-0.0290445243636968,0,0.3469656992084433,0.3218997361477572,0.3311345646437995,0.025065963060686,0.0531934933515523
2025-08-13,0.005388485506832,0.0018372927704664,0.0073708727571324,0.0062168262214646,-0.0094829823315584,-0.023508600054339,-0.0238125448554515,0,0.3469656992084433,0.3218997361477572,0.3311345646437995,0.025065963060686,0.0531934933515523
2025-08-14,0.0004853905566151,0.0014290854462994,0.0073661523167676,0.006162248797593,-0.0055332712917897,-0.0191207596534649,-0.0233387126832382,0,0.3469656992084433,0.3218997361477572,0.3311345646437995,0.025065963060686,0.0531934933515523
2025-08-18,0.0099730830285045,0.0210829403241761,0.0059022721562522,0.0063295898372486,0.0126845332958822,-0.0036626295637686,-0.0135983885741022,0,0.3469656992084433,0.3218997361477572,0.3311345646437995,0.025065963060686,0.0531934933515523
2025-08-19,0.0041685174428538,0.0160910797415503,0.0052537462019194,0.0061655153172467,0.0104316874134149,-0.0043860872753649,-0.0094865562512143,0,0.3469656992084433,0.3218997361477572,0.3311345646437995,0.025065963060686,0.0531934933515523
2025-08-20,0.0027981657803137,0.0229975415928189,0.0035301409112202,0.0060158378008662,0.0162680454612762,-0.0004129939467457,-0.0067149354279756,0,0.3469656992084433,0.3218997361477572,0.3311345646437995,0.025065963060686,0.0531934933515523
2025-08-21,0.0013253202025504,0.0188632112545619,0.0037531538239154,0.0057918266346426,0.0207351612666943,-0.0053985146650066,0.0,0,0.3469656992084433,0.3218997361477572,0.3311345646437995,0.025065963060686,0.0531934933515523
2025-08-22,-0.0085174664872677,0.0096949815884666,0.0067076289494857,0.006697857518275,0.0111379219918563,-0.0076609701501469,-0.0085174664872677,0,0.3469656992084433,0.3218997361477572,0.3311345646437995,0.025065963060686,0.0531934933515523
2025-08-25,0.0039264015826234,0.0036499651283616,0.0052959233993511,0.0055914632821183,0.0248098574495245,0.005264323388493,-0.0046245078985398,0,0.3469656992084433,0.3218997361477572,0.3311345646437995,0.025065963060686,0.0531934933515523
2025-08-26,-0.0102412111623995,-0.0107523222974583,0.0066988215228988,0.0063374811725146,0.0051657409685967,0.0012621095665068,-0.0148183584990282,0,0.3469656992084433,0.3218997361477572,0.3311345646437995,0.025065963060686,0.0531934933515523
2025-08-28,-0.0085444145669824,-0.0219416340160195,0.0065260473713635,0.0068434209562552,0.0005513039359017,-0.012900314651647,-0.0232361588677928,0,0.3469656992084433,0.3218997361477572,0.3311345646437995,0.025065963060686,0.0531934933515523
2025-08-29,-0.0030223379549323,-0.0261882692978522,0.005822501089325,0.0066315618726348,-0.0078190528994469,-0.0172278872905103,-0.0261882692978522,0,0.3469656992084433,0.3218997361477572,0.3311345646437995,0.025065963060686,0.0531934933515523
2025-09-01,0.0081140220699762,-0.0098531972127172,0.0078929869023867,0.0072053241151424,-0.0002537421898154,-0.0057856094572307,-0.0182867394229332,0,0.3469656992084433,0.3218997361477572,0.3311345646437995,0.025065963060686,0.0531934933515523
2025-09-02,-0.0018456815316111,-0.0155460544101891,0.0072106149190569,0.0062997267134477,-0.0119528318383081,0.0005800853641408,-0.020098669457318,0,0.3469656992084433,0.3218997361477572,0.3311345646437995,0.025065963060686,0.0531934933515523
2025-09-03,0.0055106673827076,0.0001213982652188,0.0067406210026676,0.0064391825622852,-0.0106322293455135,-0.0003114540251387,-0.0146987591568246,0,0.3469656992084433,0.3218997361477572,0.3311345646437995,0.025065963060686,0.0531934933515523
2025-09-04,0.0007788776474253,0.0095261806709139,0.0047740756413255,0.0063359442797768,-0.0126244733149571,0.0034381966405065,-0.0139313300443514,0,0.3469656992084433,0.3218997361477572,0.3311345646437995,0.025065963060686,0.0531934933515523
2025-09-05,0.0002708789009593,0.0128608477965845,0.0041041422878935,0.0062969479930206,-0.0136642248467633,0.006787606514149,-0.0136642248467633,0,0.3469656992084433,0.3218997361477572,0.3311345646437995,0.025065963060686,0.0531934933515523
2025-09-08,0.0012994624307829,0.0060142009863939,0.00268833088312,0.005802411450829,-0.0038982553347191,0.0071962481933147,-0.0123825185628144,0,0.3469656992084433,0.3218997361477572,0.3311345646437995,0.025065963060686,0.0531934933515523
2025-09-09,0.0038529617751474,0.0117577177822258,0.0022440608015965,0.0057964052526034,-0.0039711227483454,0.020740211711878,-0.0085772661583695,0,0.3469656992084433,0.3218997361477572,0.3311345646437995,0.025065963060686,0.0531934933515523
2025-09-10,0.0042020861648826,0.0104410065931486,0.001818083945416,0.0047767179901778,0.010563672378455,0.0157839825422358,-0.0044112224049435,0,0.3469656992084433,0.3218997361477572,0.3311345646437995,0.025065963060686,0.0531934933515523
2025-09-11,0.0012973959980939,0.010964531035849,0.0017382900600439,0.0033902842404483,0.0205951618103823,0.0211578199400508,-0.0031195495091443,0,0.3469656992084433,0.3218997361477572,0.3311345646437995,0.025065963060686,0.0531934933515523
2025-09-12,0.0043390454100098,0.0150761893213693,0.0015617513874887,0.0029363565984343,0.0281309296941685,0.0200919195673323,0.0,0,0.3469656992084433,0.3218997361477572,0.3311345646437995,0.025065963060686,0.0531934933515523
2025-09-15,-0.0017838655729871,0.0119504382769248,0.0026380518196312,0.0025866967362251,0.0180365116009917,0.017778192787226,-0.0017838655729871,0,0.3469656992084433,0.3218997361477572,0.3311345646437995,0.025065963060686,0.0531934933515523
2025-09-16,0.0067772405980246,0.0148983054936746,0.0032895356493599,0.0026749925181984,0.0268311933473286,0.0145576527669186,0.0,0,0.3469656992084433,0.3218997361477572,0.3311345646437995,0.025065963060686,0.0531934933515523
2025-09-17,0.0036114599965926,0.0143013882938041,0.003244363203672,0.0025121383436356,0.0248917157764196,0.0139948319999678,0.0,0,0.3469656992084433,0.3218997361477572,0.3311345646437995,0.025065963060686,0.0531934933515523
2025-09-18,0.0036853169629198,0.0167203215292635,0.0031328359677315,0.0024630957952212,0.0278681830494496,0.0148918886012483,0.0,0,0.3469656992084433,0.3218997361477572,0.3311345646437995,0.025065963060686,0.0531934933515523
2025-09-19,-0.003797652574773,0.0084833160786812,0.0043512936801553,0.0031572541633608,0.0236874014793257,0.0096995066527134,-0.003797652574773,0,0.3469656992084433,0.3218997361477572,0.3311345646437995,0.025065963060686,0.0531934933515523
2025-09-22,-0.0049235896008418,0.0053112983262328,0.0051353834648937,0.0039104209305119,0.0173252089459756,0.0133594155230578,-0.00870254409289,0,0.3469656992084433,0.3218997361477572,0.3311345646437995,0.025065963060686,0.0531934933515523
2025-09-23,-0.0013034498766979,-0.0027576260643207,0.0040465658740073,0.0039386641894861,0.0120995954738103,0.0080804237466332,-0.0099946506395631,0,0.3469656992084433,0.3218997361477572,0.3311345646437995,0.025065963060686,0.0531934933515523
2025-09-24,-0.0044736685273842,-0.0107914450113993,0.0035557618724995,0.0041559760942574,0.0033556106370455,0.0139547305869001,-0.014423606412939,0,0.3469656992084433,0.3218997361477572,0.3311345646437995,0.025065963060686,0.0531934933515523
2025-09-25,-0.0066269171365972,-0.0209549395050268,0.0019388882334587,0.0046766064883256,-0.0045849913019135,0.0159157418707067,-0.0209549395050268,0,0.3469656992084433,0.3218997361477572,0.3311345646437995,0.025065963060686,0.0531934933515523
2025-09-26,-0.0094874220848222,-0.0265467158630791,0.003003010291032,0.0051258559712522,-0.0182886039659153,0.0093278502958835,-0.0302435532340029,0,0.3469656992084433,0.3218997361477572,0.3311345646437995,0.025065963060686,0.0531934933515523
2025-09-29,-0.0008030923109995,-0.0225157574591257,0.0036495320974332,0.0051362571456758,-0.0173240470377993,0.0003999991878189,-0.0310223571799429,0,0.3469656992084433,0.3218997361477572,0.3311345646437995,0.025065963060686,0.0531934933515523
2025-09-30,-0.0009661090566636,-0.0221855817556964,0.0037266031019438,0.0042108323615693,-0.0248820282815155,0.0012815505541179,-0.0319584952563759,0,0.3469656992084433,0.3218997361477572,0.3311345646437995,0.025065963060686,0.0531934933515523
2025-10-01,0.0091503427315318,-0.0088039621820736,0.0071410880764229,0.0053227697622241,-0.0195003997197027,0.0049059176493675,-0.023100583709624,0,0.3161764705882353,0.3067226890756303,0.3771008403361344,0.009453781512605,0.0313236165753388
2025-10-03,0.0023332783063501,0.0001365963797941,0.0067222049203283,0.0051788165995594,-0.0208212054941078,0.0064667283893218,-0.0208212054941078,0,0.3161764705882353,0.3067226890756303,0.3771008403361344,0.009453781512605,0.0313236165753388
2025-10-06,0.0073671630999125,0.0171549440877398,0.0046548437643725,0.0059201536918844,-0.0098471792016835,0.0136069681904531,-0.0136074356110069,0,0.3161764705882353,0.3067226890756303,0.3771008403361344,0.009453781512605,0.0313236165753388
2025-10-07,0.0012222038348888,0.0192166398077522,0.0042679221068684,0.0057818962669238,-0.0037317948524641,0.013528759967949,-0.012401862836105,0,0.3161764705882353,0.3067226890756303,0.3771008403361344,0.009453781512605,0.0313236165753388
2025-10-08,-0.0024752770996043,0.0176769831498797,0.0047205122931583,0.0058149499959081,-0.0049007727606824,0.0071395253452146,-0.0148464418886388,0,0.3161764705882353,0.3067226890756303,0.3771008403361344,0.009453781512605,0.0313236165753388
2025-10-09,0.0054160020601967,0.0139110898161158,0.0038155776225681,0.0058998641683246,0.0049846549253897,0.0083569921235249,-0.0095108481882975,0,0.3161764705882353,0.3067226890756303,0.3771008403361344,0.009453781512605,0.0313236165753388
2025-10-10,0.0041120968318388,0.0157104552256042,0.0038471637640394,0.0054131285251367,0.0158491975967072,0.0111915378616702,-0.0054378608851618,0,0.3161764705882353,0.3067226890756303,0.3771008403361344,0.009453781512605,0.0313236165753388
2025-10-13,-0.0022938183572701,0.0059694588607783,0.0036045052427137,0.0040955524343984,0.0232268086815088,0.0045134188102253,-0.0077192057773092,0,0.3161764705882353,0.3067226890756303,0.3771008403361344,0.009453781512605,0.0313236165753388
2025-10-14,-0.0032444945664129,0.0014815817876956,0.004113970576439,0.0043653789506426,0.0207266926190079,0.0030435753833388,-0.0109386554225207,0,0.3161764705882353,0.3067226890756303,0.3771008403361344,0.009453781512605,0.0313236165753388
2025-10-15,0.0070807898033444,0.0110755545263443,0.0046812610740556,0.004485162148394,0.0289483200669617,0.0033459988668376,-0.0039353199389543,0,0.3161764705882353,0.3067226890756303,0.3771008403361344,0.009453781512605,0.0313236165753388
2025-10-16,0.01033622853036,0.0160234772732688,0.0058849753866385,0.004681154514401,0.0301574711208996,0.0100689886598039,0.0,0,0.3161764705882353,0.3067226890756303,0.3771008403361344,0.009453781512605,0.0313236165753388
2025-10-17,0.0048680296889229,0.0167883774596753,0.0059239057613199,0.0047104531069394,0.0327625857376703,0.0112592237134001,0.0,0,0.3161764705882353,0.3067226890756303,0.3771008403361344,0.009453781512605,0.0313236165753388
2025-10-20,0.0051847832640019,0.0244100153206738,0.0050176750634081,0.0045456072847706,0.0305251887636999,0.020377422558095,0.0,0,0.3161764705882353,0.3067226890756303,0.3771008403361344,0.009453781512605,0.0313236165753388
2025-10-21,0.0009847870712353,0.0287566363762898,0.0034129034345849,0.0045566508773073,0.0302808234727161,0.0264360267990881,0.0,0,0.3161764705882353,0.3067226890756303,0.3771008403361344,0.009453781512605,0.0313236165753388
2025-10-23,0.0008813774228215,0.0224237912930849,0.003876374075637,0.004219946289214,0.0337477017425831,0.028681539164465,0.0,0,0.3161764705882353,0.3067226890756303,0.3771008403361344,0.009453781512605,0.0313236165753388
2025-10-24,-0.0037174505820465,0.0082019753530349,0.0036294886874993,0.0046820196832121,0.0243568767919688,0.0294629423432268,-0.0037174505820465,0,0.3161764705882353,0.3067226890756303,0.3771008403361344,0.009453781512605,0.0313236165753388
2025-10-27,0.0066252764570082,0.009965052304856,0.0040775881884638,0.0048475100332379,0.0269207268240305,0.0431965963396188,0.0,0,0.3161764705882353,0.3067226890756303,0.3771008403361344,0.009453781512605,0.0313236165753388
2025-10-28,-0.0011495780066663,0.003600567268309,0.0038129586706981,0.0047293724731188,0.0280984724911654,0.0519779190174691,-0.0011495780066663,0,0.3161764705882353,0.3067226890756303,0.3771008403361344,0.009453781512605,0.0313236165753388
2025-10-29,0.0045380587749941,0.0071631244056502,0.0041863537371838,0.0042421779410542,0.0361257481457915,0.057601208042249,0.0,0,0.3161764705882353,0.3067226890756303,0.3771008403361344,0.009453781512605,0.0313236165753388
2025-10-30,-0.0067571457632064,-0.0005233397962258,0.0055956630153803,0.0051310899070701,0.0218887162344931,0.0514706778648659,-0.0067571457632064,0,0.3161764705882353,0.3067226890756303,0.3771008403361344,0.009453781512605,0.0313236165753388
2025-10-31,-0.0060186607465457,-0.0028319277073404,0.006044983622141,0.0048405699928007,0.0053468202444371,0.035665537942447,-0.0127351375417884,0,0.3161764705882353,0.3067226890756303,0.3771008403361344,0.009453781512605,0.0313236165753388
2025-11-03,0.001603679326338,-0.0078063471340462,0.004854213637775,0.0046216857052113,0.0020809145133091,0.0349116763911343,-0.0111518812922443,0,0.3161764705882353,0.3067226890756303,0.3771008403361344,0.009453781512605,0.0313236165753388
2025-11-04,-0.0064316170063286,-0.0130531843523723,0.0052979319342294,0.0046937651647648,-0.0094996159523896,0.0207355952411809,-0.0175117736692012,0,0.3161764705882353,0.3067226890756303,0.3771008403361344,0.009453781512605,0.0313236165753388
2025-11-06,-0.0034358622764198,-0.0208874679030778,0.0035033170809024,0.0047000792100533,-0.0138739630285364,0.0159867454188455,-0.0208874679030778,0,0.3161764705882353,0.3067226890756303,0.3771008403361344,0.009453781512605,0.0313236165753388
2025-11-07,-0.0006820934781671,-0.0148988420599083,0.0034512529104426,0.0046419122016663,-0.0154143846991665,0.0178131169860435,-0.0215553141756129,0,0.3161764705882353,0.3067226890756303,0.3771008403361344,0.009453781512605,0.0313236165753388
2025-11-10,0.0032186189555276,-0.0057440877688835,0.0038732111736421,0.0047964526613809,-0.0085597486349179,0.0155886394141799,-0.0184060735628832,0,0.3161764705882353,0.3067226890756303,0.3771008403361344,0.009453781512605,0.0313236165753388
2025-11-11,0.0047156623726507,-0.0026549342379774,0.0046061135502085,0.0044943158870914,-0.010440556033744,0.0161991034334112,-0.0137772080187611,0,0.3161764705882353,0.3067226890756303,0.3771008403361344,0.009453781512605,0.0313236165753388
2025-11-12,0.0070383480022337,0.0108662318611278,0.0042083528726272,0.0051675442711096,-0.0023287914189434,0.0257042455905991,-0.0068358288010624,0,0.3161764705882353,0.3067226890756303,0.3771008403361344,0.009453781512605,0.0313236165753388
2025-11-13,0.0001294645962637,0.0144827261786693,0.0032027352451422,0.0048974068731839,-0.0067072492026145,0.0291761945477322,-0.0067072492026145,0,0.3161764705882353,0.3067226890756303,0.3771008403361344,0.009453781512605,0.0313236165753388
2025-11-14,0.0011940113952737,0.0163873012635187,0.00275976161811,0.0044200629284011,0.0012443073902972,0.0231602599161648,-0.0055212463393197,0,0.3161764705882353,0.3067226890756303,0.3771008403361344,0.009453781512605,0.0313236165753388
2025-11-17,0.0039907294659795,0.0171695468311023,0.0027784600877759,0.0039839937928598,0.0113268356782689,0.016734218477016,-0.0015525506737955,0,0.3161764705882353,0.3067226890756303,0.3771008403361344,0.009453781512605,0.0313236165753388
2025-11-18,-0.0039748668477268,0.008371294748579,0.0041433419008154,0.0042897657694037,0.0056941352735573,0.0077868987955977,-0.0055212463393197,0,0.3161764705882353,0.3067226890756303,0.3771008403361344,0.009453781512605,0.0313236165753388
2025-11-19,0.0055036559172985,0.0068345712982786,0.0036773912648092,0.0037497128562537,0.0177750691958051,0.008106596912528,-4.797746210738474e-05,0,0.3161764705882353,0.3067226890756303,0.3771008403361344,0.009453781512605,0.0313236165753388
2025-11-20,0.0053545416685059,0.0120946785346505,0.003968148997023,0.0034086171028303,0.0267525686307561,0.0125074414541181,0.0,0,0.3161764705882353,0.3067226890756303,0.3771008403361344,0.009453781512605,0.0313236165753388
2025-11-21,-0.0047342428933859,0.0061018793865701,0.0051371299748853,0.0040323769236221,0.0225891739858703,0.0068265910688491,-0.0047342428933859,0,0.3161764705882353,0.3067226890756303,0.3771008403361344,0.009453781512605,0.0313236165753388
2025-11-24,-0.0041679213906625,-0.0020739271415364,0.0053322227566931,0.0044850530201583,0.0150600113003849,0.0063713527542967,-0.0088824323318246,0,0.3161764705882353,0.3067226890756303,0.3771008403361344,0.009453781512605,0.0313236165753388
2025-11-25,-0.0028775592750245,-0.0009745253289746,0.0051685702758473,0.0045236801474064,0.0073886113808354,-0.0031290858640417,-0.011734431881308,0,0.3161764705882353,0.3067226890756303,0.3771008403361344,0.009453781512605,0.0313236165753388
2025-11-26,0.0123817839040671,0.0058592887863613,0.0074657290248663,0.0055489722243325,0.0127339058116078,0.0103754597820806,0.0,0,0.3161764705882353,0.3067226890756303,0.3771008403361344,0.009453781512605,0.0313236165753388
2025-11-27,0.0003911422498501,0.0008933974492355,0.0070945268781883,0.0055435582706246,0.0129988813388384,0.0062044453997289,0.0,0,0.3161764705882353,0.3067226890756303,0.3771008403361344,0.009453781512605,0.0313236165753388
2025-11-28,-0.0004806307706685,0.0051710612375637,0.0065923947471363,0.0055725401836632,0.0113044938161062,0.0125628674716022,-0.0004806307706685,0,0.3161764705882353,0.3067226890756303,0.3771008403361344,0.009453781512605,0.0313236165753388
2025-12-01,-0.0010380510591364,0.0083302837111653,0.0061036197814222,0.005513153730838,0.0062390801681437,0.0176365848822608,-0.0015181829105244,0,0.3161764705882353,0.3067226890756303,0.3771008403361344,0.009453781512605,0.0313236165753388
2025-12-02,-0.0054840835506145,0.0056944616145382,0.0066743228526464,0.0056717691155662,0.0047143868884853,0.0104353665187175,-0.0069939406192125,0,0.3161764705882353,0.3067226890756303,0.3771008403361344,0.009453781512605,0.0313236165753388
2025-12-03,-0.0017747251480858,-0.0083685361358197,0.0022704736537719,0.005417468291956,-0.0025582810193973,0.0151713145542655,-0.0087562534449973,0,0.3161764705882353,0.3067226890756303,0.3771008403361344,0.009453781512605,0.0313236165753388
2025-12-04,0.0018375278996383,-0.0069348154053605,0.0026588188263017,0.0051196791105216,-0.0060476135025189,0.0205431659329589,-0.0069348154053605,0,0.3161764705882353,0.3067226890756303,0.3771008403361344,0.009453781512605,0.0313236165753388
2025-12-05,0.0058654631007826,-0.0006297000910202,0.0042429942814928,0.0052626781758688,0.0045381049288115,0.0272297909564849,-0.0011100282084487,0,0.3161764705882353,0.3067226890756303,0.3771008403361344,0.009453781512605,0.0313236165753388
2025-12-08,-0.00862659887079,-0.008221349913565,0.0057452764904205,0.0058544369706539,4.044762033172944e-05,0.015101068062336,-0.0097270513111492,0,0.3161764705882353,0.3067226890756303,0.3771008403361344,0.009453781512605,0.0313236165753388
2025-12-09,-0.0046570662023723,-0.0073966088152365,0.0056172927124879,0.005978017920803,-0.0017442669056743,0.0056314567648507,-0.0143388179916117,0,0.3161764705882353,0.3067226890756303,0.3771008403361344,0.009453781512605,0.0313236165753388
2025-12-10,-0.0031598725214931,-0.0087739552066496,0.0056699207061975,0.0040719194402754,-0.0170690661812686,-0.0045525162507052,-0.0174533816761425,0,0.3161764705882353,0.3067226890756303,0.3771008403361344,0.009453781512605,0.0313236165753388
2025-12-11,0.0054565571861169,-0.0051932587506602,0.0064230630124605,0.004638377331102,-0.0120920598652326,0.0007496382222753,-0.0120920598652326,0,0.3161764705882353,0.3067226890756303,0.3771008403361344,0.009453781512605,0.0313236165753388
2025-12-12,0.005730050524064,-0.0053271825696113,0.0063869339478053,0.0051354770070895,-0.0059535281332826,0.0052836640608566,-0.0064312974551362,0,0.3161764705882353,0.3067226890756303,0.3771008403361344,0.009453781512605,0.0313236165753388
2025-12-15,-0.0007544069459188,0.0025712090075133,0.0048342984504247,0.0051334800863435,-0.0056712797150033,0.0005324168843423,-0.0071808525855837,0,0.3161764705882353,0.3067226890756303,0.3771008403361344,0.009453781512605,0.0313236165753388
2025-12-16,-0.0064240240055634,0.0007914193884204,0.005345221696387,0.0052411996574991,-0.006611043246441,-0.0019278233735559,-0.0135587466217569,0,0.3161764705882353,0.3067226890756303,0.3771008403361344,0.009453781512605,0.0313236165753388
2025-12-17,-0.0016067223251263,0.0023507259880424,0.00514472714409,0.0052374643090503,-0.0064438543831294,-0.0089856502121665,-0.0151436838059854,0,0.3161764705882353,0.3067226890756303,0.3771008403361344,0.009453781512605,0.0313236165753388
2025-12-18,-0.0001161955260848,-0.003204812624645,0.0043374625286093,0.0051710477556689,-0.008381427954098,-0.0143783538197513,-0.0152581197037635,0,0.3161764705882353,0.3067226890756303,0.3771008403361344,0.009453781512605,0.0313236165753388
2025-12-19,0.0058433773442752,-0.0030924925951022,0.0043791292854268,0.0051678744397414,-0.0084032008920643,-0.0039032305706389,-0.0095039013104816,0,0.3161764705882353,0.3067226890756303,0.3771008403361344,0.009453781512605,0.0313236165753388
2025-12-22,0.0079333292254606,0.0055749155694213,0.0058010142151365,0.0050442216926815,0.008160458850063,0.0082012365415358,-0.0016459696630434,0,0.3161764705882353,0.3067226890756303,0.3771008403361344,0.009453781512605,0.0313236165753388
2025-12-23,0.0001814888967004,0.0122602000765659,0.0041764328072163,0.0046788206037425,0.0130613224250328,0.0112942730869083,-0.0014647794915612,0,0.3161764705882353,0.3067226890756303,0.3771008403361344,0.009453781512605,0.0313236165753388
2025-12-24,-0.0013389540114184,0.0125316874882592,0.0041126869973148,0.0045182821461996,0.0149118720397545,-0.0024117258722472,-0.0028017722306036,0,0.3161764705882353,0.3067226890756303,0.3771008403361344,0.009453781512605,0.0313236165753388
2025-12-26,-0.0038175969030797,0.0087834657793461,0.0049494637134269,0.0045653066703963,0.0055505037926832,-0.0066086730966926,-0.0061309890680247,0,0.3161764705882353,0.3067226890756303,0.3771008403361344,0.009453781512605,0.0313236165753388
2025-12-29,-0.0038475864266981,-0.0009358247581491,0.0048472476302152,0.0043609458301558,-0.0040254233221165,-0.0099549859844025,-0.0093311617267709,0,0.3161764705882353,0.3067226890756303,0.3771008403361344,0.009453781512605,0.0313236165753388
2025-12-30,-0.0001252789866664,-0.00892352248934,0.0019497639120839,0.0043597182856644,-0.0033983548043785,-0.0090503614987155,-0.0094552717149518,0,0.3161764705882353,0.3067226890756303,0.3771008403361344,0.009453781512605,0.0313236165753388
2025-12-31,0.0073538341136942,-0.0018164697073593,0.0045998586344143,0.0043974181960056,0.0104214600871612,0.0037415201173929,-0.0021709701009492,0,0.3161764705882353,0.3067226890756303,0.3771008403361344,0.009453781512605,0.0313236165753388
2026-01-01,0.0006486896087196,0.0001702235092055,0.0045794197946362,0.0043030731915681,0.0127040441852854,0.0061783267913491,-0.0015236887779749,0,0.3161764705882353,0.3067226890756303,0.3771008403361344,0.009453781512605,0.0313236165753388
2026-01-02,0.0069607653782239,0.0109917326810611,0.0048377076854933,0.0046197823687747,0.0198717439682671,0.0113237624237767,0.0,0,0.3161764705882353,0.3067226890756303,0.3771008403361344,0.009453781512605,0.0313236165753388
2026-01-05,-0.0029720588486642,0.0118803026740317,0.004572761686584,0.004641521884475,0.010933360034506,0.0024382839216463,-0.0029720588486642,0,0.3161764705882353,0.3067226890756303,0.3771008403361344,0.009453781512605,0.0313236165753388
2026-01-06,-0.0027275878751861,0.0092467476391591,0.0050512816302066,0.0040883877448356,0.0002407115893077,0.0084031347563899,-0.0056915401721704,0,0.3161764705882353,0.3067226890756303,0.3771008403361344,0.009453781512605,0.0313236165753388
2026-01-07,-0.0014496518161711,0.0004267191231401,0.0040989347357857,0.0041141991854143,-0.00139052570658,0.0116526346138587,-0.0071329412367941,0,0.3161764705882353,0.3067226890756303,0.3771008403361344,0.009453781512605,0.0313236165753388
2026-01-08,-0.0100953492153056,-0.0103149363874009,0.0060743526997809,0.0051907168108836,-0.0101464687228646,0.0046141004736393,-0.0171562809193822,0,0.3161764705882353,0.3067226890756303,0.3771008403361344,0.009453781512605,0.0313236165753388
2026-01-09,-0.0074796584592019,-0.024507616256877,0.0036734677993767,0.0055291682968019,-0.0137852647423614,-0.0083112761139136,-0.024507616256877,0,0.3161764705882353,0.3067226890756303,0.3771008403361344,0.009453781512605,0.0313236165753388
2026-01-12,0.0041641845090001,-0.0175255139941257,0.0055424505875979,0.0057083713052161,-0.0058534197308621,-0.0098552805606798,-0.0204454859838464,0,0.3161764705882353,0.3067226890756303,0.3771008403361344,0.009453781512605,0.0313236165753388
2026-01-13,-0.0022469731778482,-0.0170520308495074,0.0055637042834381,0.0057293052463462,-0.0079629590363489,-0.0113342528806291,-0.0226465187030808,0,0.3161764705882353,0.3067226890756303,0.3771008403361344,0.009453781512605,0.0313236165753388
2026-01-14,-0.0025920729977498,-0.0181766016659813,0.0054853893153636,0.0049729217226475,-0.0177576388463658,-0.007521239283684,-0.0251798902712074,0,0.3161764705882353,0.3067226890756303,0.3771008403361344,0.009453781512605,0.0313236165753388
2026-01-16,0.0011201764229162,-0.0070526358501904,0.0043706936271985,0.005000653781437,-0.0172948247474332,-0.004810494779916,-0.0240879197677046,0,0.3161764705882353,0.3067226890756303,0.3771008403361344,0.009453781512605,0.0313236165753388
2026-01-19,-0.0042363398957357,-0.0038079218791977,0.00337028040828,0.0039893308889105,-0.0282222150479232,-0.0089112957113057,-0.0282222150479232,0,0.3161764705882353,0.3067226890756303,0.3771008403361344,0.009453781512605,0.0313236165753388
2026-01-20,-0.0137968771374411,-0.0216263898178574,0.0056278829202469,0.005284160905196,-0.0387728902145879,-0.0282634481483764,-0.0416297137518016,0,0.3161764705882353,0.3067226890756303,0.3771008403361344,0.009453781512605,0.0313236165753388
2026-01-21,-0.0029723570791637,-0.0223376845443274,0.0055691471746009,0.0052785155385708,-0.0390088125078785,-0.0387774907918265,-0.0444783324565917,0,0.3161764705882353,0.3067226890756303,0.3771008403361344,0.009453781512605,0.0313236165753388
2026-01-22,0.0052628440822817,-0.0146382706813789,0.0071295829001073,0.0060092293370357,-0.032548798332106,-0.0338940640978868,-0.039449570903069,0,0.3161764705882353,0.3067226890756303,0.3771008403361344,0.009453781512605,0.0313236165753388
2026-01-23,-0.0095393813340503,-0.0251300383158163,0.0072110261774814,0.0059414321853913,-0.0320054411568639,-0.041827167672069,-0.0486126277368103,0,0.3161764705882353,0.3067226890756303,0.3771008403361344,0.009453781512605,0.0313236165753388
2026-01-27,0.0050601529423741,-0.0160286099548572,0.0085496081385493,0.0062600068175251,-0.0197754961395146,-0.0332881504321813,-0.0437984621257151,0,0.3161764705882353,0.3067226890756303,0.3771008403361344,0.009453781512605,0.0313236165753388
2026-01-28,0.006647362107454,0.0043693649063707,0.0069524985027277,0.0065721747218248,-0.0173515185002084,-0.023103372510321,-0.0374422442557603,0,0.3161764705882353,0.3067226890756303,0.3771008403361344,0.009453781512605,0.0313236165753388
2026-01-29,0.003004804135305,0.0103905396005168,0.0066283035883637,0.0067340548677257,-0.0121792455396524,-0.0200452217426754,-0.0345499467308301,0,0.3161764705882353,0.3067226890756303,0.3771008403361344,0.009453781512605,0.0313236165753388
