Date,NIFTY_Close,IndiaVIX,VIX_Fwd_Avg_5D,Risk_Off
2014-01-08,6174.6,16.32,16.238,0
2014-01-09,6168.35,16.18,16.18,0
2014-01-10,6171.45,15.58,16.07,0
2014-01-13,6272.75,15.95,15.954000000000002,0
2014-01-14,6241.85,15.74,15.774000000000001,0
2014-01-15,6320.9,15.42,15.646,0
2014-01-16,6318.9,15.54,15.612,0
2014-01-17,6261.65,15.41,15.491999999999999,0
2014-01-20,6303.95,15.35,15.454000000000002,0
2014-01-21,6313.8,15.55,15.540000000000001,0
2014-01-22,6338.95,15.85,15.548000000000002,0
2014-01-23,6345.65,15.58,15.632,0
2014-01-24,6266.75,15.83,16.296,0
2014-01-27,6135.85,18.67,16.73,0
2014-01-28,6126.25,17.72,17.168,0
2014-01-29,6120.25,18.04,17.502,1
2014-01-30,6073.7,17.25,17.7,1
2014-01-31,6089.5,16.82,17.619999999999997,1
2014-02-03,6001.8,18.27,17.814,1
2014-02-04,6000.9,18.69,17.992,1
2014-02-05,6022.4,18.93,18.330000000000002,1
2014-02-06,6036.3,18.94,18.676,1
2014-02-07,6063.2,18.55,18.832,1
2014-02-10,6053.45,19.05,18.82,1
2014-02-11,6062.7,18.63,18.52,1
2014-02-12,6084.0,17.43,18.292,1
2014-02-13,6001.1,17.8,17.913999999999998,1
2014-02-14,6048.35,16.66,17.27,1
2014-02-17,6073.3,15.83,16.625999999999998,0
2014-02-18,6127.1,15.41,16.154,0
2014-02-19,6152.75,15.07,15.626,0
2014-02-20,6091.45,15.16,15.102,0
2014-02-21,6155.45,14.04,14.8075,0
2014-02-24,6186.1,14.3575,14.5155,0
2014-02-25,6200.05,13.95,14.292499999999999,0
2014-02-26,6238.8,13.955,14.096,0
2014-02-28,6276.95,14.1775,14.3445,0
2014-03-03,6221.45,15.2825,14.351499999999998,0
2014-03-04,6297.95,14.3925,14.329999999999998,0
2014-03-05,6328.65,13.8425,14.434000000000001,0
2014-03-06,6401.15,14.475,14.9425,0
2014-03-07,6526.65,16.72,15.4415,0
2014-03-10,6537.25,17.7775,16.028,0
2014-03-11,6511.9,17.325,16.667499999999997,0
2014-03-12,6516.9,17.04,17.1365,0
2014-03-13,6493.1,16.82,17.082,0
2014-03-14,6504.2,16.4475,16.952,0
2014-03-18,6516.65,17.1275,16.8635,0
2014-03-19,6524.05,16.8825,16.8375,0
2014-03-20,6483.1,16.91,16.7105,0
2014-03-21,6493.2,16.185,16.595999999999997,0
2014-03-22,6494.9,15.875,16.478,0
2014-03-24,6583.5,16.5375,16.485500000000002,0
2014-03-25,6589.75,16.92,16.6565,0
2014-03-26,6601.4,17.765,17.094,0
2014-03-27,6641.75,18.3725,17.645000000000003,1
2014-03-28,6695.9,18.63,18.662,1
2014-03-31,6704.2,21.6225,19.415,1
2014-04-01,6721.05,20.685,20.104499999999998,1
2014-04-02,6752.55,21.2125,20.8515,1
2014-04-03,6736.1,22.1075,21.663,1
2014-04-04,6694.35,22.6875,22.329,1
2014-04-07,6695.05,24.9525,23.5745,1
2014-04-09,6796.2,26.9125,25.075499999999998,1
2014-04-10,6796.4,28.7175,26.490999999999996,1
2014-04-11,6776.3,29.185,28.3285,1
2014-04-15,6733.1,31.875,29.57,1
2014-04-16,6675.3,31.16,30.357999999999997,1
2014-04-17,6779.4,30.8525,31.491499999999995,1
2014-04-21,6817.65,34.385,32.3255,1
2014-04-22,6815.35,33.355,32.177,1
2014-04-23,6840.8,31.1325,32.081,1
2014-04-25,6782.75,30.68,32.1875,1
2014-04-28,6761.25,31.385,31.5205,1
2014-04-29,6715.25,31.05,30.968,1
2014-04-30,6696.4,30.5925,31.3525,1
2014-05-02,6694.8,33.055,32.053999999999995,1
2014-05-05,6699.35,34.1875,32.4305,1
2014-05-06,6715.3,33.2675,32.943,1
2014-05-07,6652.55,33.6125,33.6845,1
2014-05-08,6659.85,34.3,34.6145,1
2014-05-09,6858.8,37.705,35.198,1
2014-05-12,7014.25,37.105,34.95399999999999,1
2014-05-13,7108.75,32.0475,34.7155,1
2014-05-14,7108.75,32.42,35.2085,1
2014-05-15,7123.15,36.765,32.525999999999996,1
2014-05-16,7203.0,24.2925,29.231,1
2014-05-19,7263.55,20.63,26.668,1
2014-05-20,7275.5,19.2325,23.766,1
2014-05-21,7252.9,17.91,19.979999999999997,1
2014-05-22,7276.4,17.835,18.6625,1
2014-05-23,7367.1,17.705,18.5045,1
2014-05-26,7359.05,19.84,18.477999999999998,1
2014-05-27,7318.0,19.1,18.4075,1
2014-05-28,7329.65,17.5575,18.178500000000003,1
2014-05-29,7235.65,16.69,17.904500000000002,1
2014-05-30,7229.95,16.335,17.236,0
2014-06-02,7362.5,16.4975,16.575000000000003,0
2014-06-03,7415.85,15.795,16.1765,0
2014-06-04,7402.25,15.565,15.927999999999997,0
2014-06-05,7474.1,15.4475,15.857499999999998,0
2014-06-06,7583.4,15.9825,15.976999999999999,0
2014-06-09,7654.6,17.095,16.1505,0
2014-06-10,7656.4,16.6625,16.4495,0
2014-06-11,7626.85,17.06,16.7405,0
2014-06-12,7649.9,16.9025,17.0965,0
2014-06-13,7542.1,17.7625,17.274,1
2014-06-16,7533.55,17.9825,17.4805,1
2014-06-17,7631.7,17.695,17.784499999999998,1
2014-06-18,7558.2,18.58,18.1525,1
2014-06-19,7540.7,18.7425,18.3695,1
2014-06-20,7511.45,18.8475,18.5655,1
2014-06-23,7493.35,18.9625,18.863999999999997,1
2014-06-24,7580.2,19.1875,18.8105,1
2014-06-25,7569.25,18.3125,18.6025,1
2014-06-26,7493.2,17.7025,18.3585,1
2014-06-27,7508.8,17.6275,18.1405,1
2014-06-30,7611.35,17.8725,17.8355,1
2014-07-01,7634.7,17.6625,17.687,1
2014-07-02,7725.15,17.57,17.7075,1
2014-07-03,7714.8,17.805,17.813,1
2014-07-04,7751.6,18.155,18.119999999999997,1
2014-07-07,7787.15,19.4075,18.4235,1
2014-07-08,7623.2,19.18,18.547,1
2014-07-09,7585.0,18.1875,18.179000000000002,1
2014-07-10,7567.75,15.965,17.692500000000003,1
2014-07-11,7459.6,15.7225,16.9235,0
2014-07-14,7454.15,15.5625,16.041,0
2014-07-15,7526.65,14.7675,15.3495,0
2014-07-16,7624.4,14.73,15.1495,0
2014-07-17,7640.45,14.965,15.024000000000001,0
2014-07-18,7663.9,15.095,14.891000000000002,0
2014-07-21,7684.2,14.8975,14.8655,0
2014-07-22,7767.85,14.64,14.857500000000002,0
2014-07-23,7795.75,14.69,14.8085,0
2014-07-24,7830.6,14.72,14.633500000000002,0
2014-07-25,7790.45,14.22,14.5185,0
2014-07-28,7748.7,14.3225,14.368,0
2014-07-30,7791.4,13.8875,14.1945,0
2014-07-31,7721.3,13.8225,14.2945,0
2014-08-01,7602.6,15.22,14.413499999999999,0
2014-08-04,7683.65,14.815,14.3385,0
2014-08-05,7746.55,13.9475,14.420499999999999,0
2014-08-06,7672.05,14.2975,14.483499999999998,0
2014-08-07,7649.25,14.1375,14.363,0
2014-08-08,7568.55,14.6175,14.1995,0
2014-08-11,7625.95,13.9975,14.1035,0
2014-08-12,7727.05,13.4675,13.996499999999997,0
2014-08-13,7739.55,13.7625,13.812999999999999,0
2014-08-14,7791.7,13.22,13.59,0
2014-08-18,7874.25,13.5025,13.5715,0
2014-08-19,7897.5,13.905,13.61,0
2014-08-20,7875.3,13.66,13.604,0
2014-08-21,7891.1,13.7325,13.684000000000001,0
2014-08-22,7913.2,13.62,13.741,0
2014-08-25,7906.3,13.7875,13.7405,0
2014-08-26,7904.75,13.9025,13.620999999999999,0
2014-08-27,7936.05,13.0625,13.488,0
2014-08-28,7954.35,13.0675,13.469999999999999,0
2014-09-01,8027.7,13.53,13.402000000000001,0
2014-09-02,8083.05,13.4475,13.3,0
2014-09-03,8114.6,13.3925,13.303,0
2014-09-04,8095.95,13.0775,13.276499999999999,0
2014-09-05,8086.85,12.935,13.129,0
2014-09-08,8173.9,12.7925,12.991,0
2014-09-09,8152.95,12.7575,12.898500000000002,0
2014-09-10,8094.1,12.93,12.7865,0
2014-09-11,8085.7,12.5175,12.6725,0
2014-09-12,8105.5,12.365,12.765,0
2014-09-15,8042.0,13.255,12.870000000000001,0
2014-09-16,7932.9,13.2825,12.873500000000002,0
2014-09-17,7975.5,12.9475,12.835000000000003,0
2014-09-18,8114.75,12.325,12.739500000000001,0
2014-09-19,8121.45,11.8875,12.4015,0
2014-09-22,8146.3,11.565,12.227,0
2014-09-23,8017.55,12.41,12.1445,0
2014-09-24,8002.4,12.535,12.339,0
2014-09-25,7911.85,13.2975,12.547,0
2014-09-26,7968.85,12.9275,12.910999999999998,0
2014-09-29,7958.9,13.385,13.058000000000002,0
2014-09-30,7964.8,13.145,13.151,0
2014-10-01,7945.55,13.0,13.384,0
2014-10-07,7852.4,14.4625,13.621,0
2014-10-08,7842.7,14.1125,13.575,0
2014-10-09,7960.55,13.155,13.812000000000001,0
2014-10-10,7859.95,14.33,14.112,0
2014-10-13,7884.25,14.5,14.138,0
2014-10-14,7864.0,14.5925,14.601999999999999,0
2014-10-16,7748.2,16.4325,15.251,0
2014-10-17,7779.7,16.4,15.222999999999999,0
2014-10-20,7879.4,14.19,14.988999999999999,0
2014-10-21,7927.75,13.33,14.676499999999999,0
2014-10-22,7995.9,13.03,13.9625,0
2014-10-23,8014.55,12.8625,13.385499999999999,0
2014-10-27,7991.7,13.515,13.212,0
2014-10-28,8027.6,13.3225,13.147,0
2014-10-29,8090.45,13.005,13.193999999999999,0
2014-10-30,8169.2,13.265,13.2805,0
2014-10-31,8322.2,13.295,13.325,0
2014-11-03,8324.15,13.7375,13.4115,0
2014-11-05,8338.3,13.755,13.632499999999999,0
2014-11-07,8337.0,14.11,13.7655,0
2014-11-10,8344.25,13.93,14.0665,0
2014-11-11,8362.65,14.8,14.206,0
2014-11-12,8383.3,14.435,14.215,0
2014-11-13,8357.85,13.8,14.1875,0
2014-11-14,8389.9,13.9725,14.2835,0
2014-11-17,8430.75,14.41,14.136500000000002,0
2014-11-18,8425.9,14.065,14.118500000000001,0
2014-11-19,8382.3,14.345,14.191500000000001,0
2014-11-20,8401.9,14.165,14.1675,0
2014-11-21,8477.35,13.8525,13.889000000000001,0
2014-11-24,8530.15,13.0175,13.781,0
2014-11-25,8463.1,13.525,13.509,0
2014-11-26,8475.75,12.985,13.2245,0
2014-11-27,8494.2,12.7425,13.0335,0
2014-11-28,8588.25,12.8975,13.070500000000001,0
2014-12-01,8555.9,13.2025,12.8445,0
2014-12-02,8524.7,12.395,12.721,0
2014-12-03,8537.65,12.3675,12.6615,0
2014-12-04,8564.4,12.445,12.472,0
2014-12-05,8538.3,11.95,12.273,0
2014-12-08,8438.25,12.2075,12.293,0
2014-12-09,8340.7,12.495,12.267999999999999,0
2014-12-10,8355.65,12.2425,12.333499999999999,0
2014-12-11,8292.9,12.7725,12.693999999999999,0
2014-12-12,8224.1,13.7525,13.0565,0
2014-12-15,8219.6,14.02,13.818999999999999,0
2014-12-16,8067.6,16.3075,14.755500000000001,0
2014-12-17,8029.8,16.925,15.120500000000002,0
2014-12-18,8159.3,14.5975,15.272,0
2014-12-19,8225.2,14.51,15.309999999999999,0
2014-12-22,8324.0,14.21,15.107999999999999,0
2014-12-23,8267.0,15.2975,14.737,0
2014-12-24,8174.1,15.07,14.746500000000001,0
2014-12-26,8200.7,14.645,14.761,0
2014-12-29,8246.3,14.5825,14.891499999999999,0
2014-12-30,8248.25,14.8625,14.856,0
2014-12-31,8282.7,15.12,14.847,0
2015-01-01,8284.0,15.025,14.677000000000001,0
2015-01-02,8395.45,13.795,14.591,0
2015-01-05,8378.4,14.1525,15.102500000000001,0
2015-01-06,8127.35,17.42,15.7065,0
2015-01-07,8102.1,18.14,15.996,0
2015-01-08,8234.6,16.4725,16.428,0
2015-01-09,8284.5,15.955,16.8195,0
2015-01-12,8323.0,16.11,16.632,0
2015-01-13,8299.4,16.4825,16.453500000000002,0
2015-01-14,8277.55,17.2475,16.391,0
2015-01-15,8494.15,16.16,16.655,0
2015-01-16,8513.8,17.275,16.963,0
2015-01-19,8550.7,17.65,17.121,0
2015-01-20,8695.6,17.2725,17.214,0
2015-01-21,8729.5,17.7125,17.695,1
2015-01-22,8761.4,18.565,17.817,1
2015-01-23,8835.6,17.885,17.904000000000003,1
2015-01-27,8910.5,18.085,18.4035,1
2015-01-28,8914.3,19.77,18.747500000000002,1
2015-01-29,8952.35,19.4325,19.069,1
2015-01-30,8808.9,20.1725,19.573,1
2015-02-02,8797.4,20.405,19.917499999999997,1
2015-02-03,8756.55,19.8075,19.9735,1
2015-02-04,8723.7,20.05,20.21,1
2015-02-05,8711.7,20.615,20.3125,1
2015-02-06,8661.05,20.685,20.634499999999996,1
2015-02-09,8526.35,22.015,20.9115,1
2015-02-10,8565.55,21.1925,21.002,1
2015-02-11,8627.4,20.5025,20.9105,1
2015-02-12,8711.55,20.1575,20.794,1
2015-02-13,8805.5,20.1025,20.555999999999997,1
2015-02-16,8809.35,20.825,20.5,1
2015-02-18,8869.1,20.9125,20.479,1
2015-02-19,8895.3,20.3975,20.701,1
2015-02-20,8833.6,21.2675,21.007,1
2015-02-23,8754.95,21.6325,21.152,1
2015-02-24,8762.1,21.55,21.1245,1
2015-02-25,8767.25,20.775,21.161,1
2015-02-26,8683.85,20.58,20.8215,1
2015-02-27,8844.6,19.57,19.889,1
2015-02-28,8901.85,16.97,18.7485,1
2015-03-02,8956.75,15.8475,17.692,1
2015-03-03,8996.25,15.4925,16.615499999999997,0
2015-03-04,8922.65,15.1975,15.588999999999999,0
2015-03-05,8937.75,14.4375,15.357499999999998,0
2015-03-09,8756.75,15.8125,15.2945,0
2015-03-10,8712.05,15.5325,15.222,0
2015-03-11,8699.95,15.13,15.132499999999999,0
2015-03-12,8776.0,14.75,15.238,0
2015-03-13,8647.75,14.965,15.111,0
2015-03-16,8633.15,15.1775,15.030000000000001,0
2015-03-17,8723.3,15.1275,15.1065,0
2015-03-18,8685.9,15.5125,15.195999999999998,0
2015-03-19,8634.65,15.1975,15.055000000000001,0
2015-03-20,8570.9,14.26,14.873499999999998,0
2015-03-23,8550.9,14.27,14.5825,0
2015-03-24,8542.95,13.6725,14.108499999999998,0
2015-03-25,8530.8,13.1425,14.101499999999998,0
2015-03-26,8342.15,15.1625,14.1495,0
2015-03-27,8341.4,14.5,14.148,0
2015-03-30,8492.3,14.2625,14.312000000000001,0
2015-03-31,8491.0,14.4925,14.4165,0
2015-04-01,8586.25,13.665,14.298499999999999,0
2015-04-06,8659.9,14.5725,14.248499999999998,0
2015-04-07,8660.3,14.25,14.2655,0
2015-04-08,8714.4,14.3475,14.250499999999999,0
2015-04-09,8778.3,14.4175,14.368500000000001,0
2015-04-10,8780.35,14.255,14.351499999999998,0
2015-04-13,8834.0,14.4875,14.4255,0
2015-04-15,8750.2,14.62,14.546000000000001,0
2015-04-16,8706.7,14.95,14.670499999999999,0
2015-04-17,8606.0,15.04,15.078999999999999,0
2015-04-20,8448.1,16.2975,15.5875,0
2015-04-21,8377.75,17.03,16.1055,0
2015-04-22,8429.7,17.21,16.8155,0
2015-04-23,8398.3,18.5,17.628500000000003,1
2015-04-24,8305.25,19.105,18.116000000000003,1
2015-04-27,8213.8,18.735,18.192,1
2015-04-28,8285.6,17.41,18.197,1
2015-04-29,8239.75,17.235,17.942,1
2015-04-30,8181.5,17.225,17.5825,1
2015-05-04,8331.95,17.3075,17.308500000000002,1
2015-05-05,8324.8,17.365,17.7605,1
2015-05-06,8097.0,19.67,18.2435,1
2015-05-07,8057.3,19.65,18.6205,1
2015-05-08,8191.5,19.11,18.884,1
2015-05-11,8325.25,18.625,19.520000000000003,1
2015-05-12,8126.95,20.545,19.723000000000003,1
2015-05-13,8235.45,20.685,19.933,1
2015-05-14,8224.2,20.7,20.074,1
2015-05-15,8262.35,19.815,19.929499999999997,1
2015-05-18,8373.65,17.9025,19.4745,1
2015-05-19,8365.65,18.27,18.881,1
2015-05-20,8423.25,17.7175,18.2235,1
2015-05-21,8421.0,17.4125,17.650000000000002,1
2015-05-22,8458.95,16.9475,17.456,1
2015-05-25,8370.25,16.9325,17.2155,0
2015-05-26,8339.35,17.0675,17.128500000000003,0
2015-05-27,8334.6,17.2825,17.072499999999998,0
2015-05-28,8319.0,17.1325,17.014499999999998,0
2015-05-29,8433.65,16.6575,17.0105,0
2015-06-01,8433.4,16.9125,16.961,0
2015-06-02,8236.45,16.82,17.0055,0
2015-06-03,8135.1,17.505,17.2035,0
2015-06-04,8130.65,18.1225,17.4895,1
2015-06-05,8114.7,18.0875,17.883999999999997,1
2015-06-08,8044.15,18.885,18.122,1
2015-06-09,8022.4,18.01,18.036499999999997,1
2015-06-10,8124.45,17.0775,17.973000000000003,1
2015-06-11,7965.35,17.805,17.851,1
2015-06-12,7982.9,17.4775,17.579,1
2015-06-15,8013.9,17.525,17.410500000000003,1
2015-06-16,8047.3,17.1675,17.3405,1
2015-06-17,8091.55,16.7275,16.982499999999998,0
2015-06-18,8174.6,16.015,16.504,0
2015-06-19,8224.95,15.085,16.0965,0
2015-06-22,8353.1,15.4875,15.6715,0
2015-06-23,8381.55,15.0425,15.509,0
2015-06-24,8360.85,15.915,15.492,0
2015-06-25,8398.0,15.93,15.627,0
2015-06-26,8381.1,15.76,15.988999999999999,0
2015-06-29,8318.4,17.2975,16.366,0
2015-06-30,8368.5,16.9275,16.351999999999997,0
2015-07-01,8453.05,15.845,16.277499999999996,0
2015-07-02,8444.9,15.5575,16.386499999999998,0
2015-07-03,8484.9,16.305,16.130499999999998,0
2015-07-06,8522.15,16.0175,16.0065,0
2015-07-07,8510.8,16.3075,16.3955,0
2015-07-08,8363.05,17.79,16.771499999999996,0
2015-07-09,8328.55,17.4375,16.924500000000002,0
2015-07-10,8360.55,17.07,16.9755,0
2015-07-13,8459.65,16.2725,16.916,0
2015-07-14,8454.1,16.01,16.4715,0
2015-07-15,8523.8,15.5675,15.940500000000004,0
2015-07-16,8608.05,14.7825,15.487,0
2015-07-17,8609.85,14.8025,15.2245,0
2015-07-20,8603.45,14.96,15.042000000000002,0
2015-07-21,8529.45,15.0975,14.954500000000001,0
2015-07-22,8633.5,15.13,15.102,0
2015-07-23,8589.8,15.52,15.232999999999999,0
2015-07-24,8521.55,15.4575,15.515,0
2015-07-27,8361.0,16.37,15.6785,0
2015-07-28,8337.0,15.915,15.828,0
2015-07-29,8375.05,15.8775,15.789000000000001,0
2015-07-30,8421.8,15.325,15.611500000000001,0
2015-07-31,8532.85,14.57,15.4155,0
2015-08-03,8543.05,15.39,15.198500000000001,0
2015-08-04,8516.9,14.83,14.956,0
2015-08-05,8567.95,14.665,14.837,0
2015-08-06,8588.65,14.73,14.905000000000001,0
2015-08-07,8564.6,14.91,14.919999999999998,0
2015-08-10,8525.6,15.465,15.132500000000002,0
2015-08-11,8462.35,15.8925,15.6885,0
2015-08-12,8349.45,17.445,16.145999999999997,0
2015-08-13,8355.85,17.0175,16.368000000000002,0
2015-08-14,8518.55,16.02,16.5675,0
2015-08-17,8477.3,16.4625,16.660999999999998,0
2015-08-18,8466.55,16.36,16.508,0
2015-08-19,8495.15,16.68,16.4995,0
2015-08-20,8372.75,16.975,16.7185,0
2015-08-21,8299.95,17.115,19.052,1
2015-08-24,7809.0,28.13,21.1495,1
2015-08-25,7880.7,26.8475,22.9165,1
2015-08-26,7791.85,25.515,23.93,1
2015-08-27,7948.95,22.0425,25.173,1
2015-08-28,8001.95,23.33,24.466,1
2015-08-31,7971.3,24.595,24.84,1
2015-09-01,7785.85,28.7175,25.067,1
2015-09-02,7717.0,26.65,25.4815,1
2015-09-03,7823.0,24.115,26.1,1
2015-09-04,7655.05,26.4225,26.451,1
2015-09-07,7558.8,26.35,25.621,1
2015-09-08,7688.25,24.5675,25.151,1
2015-09-09,7818.6,24.3,25.276999999999997,1
2015-09-10,7788.1,24.745,24.987500000000004,1
2015-09-11,7789.3,24.975,24.5815,1
2015-09-14,7872.25,24.32,24.416500000000003,1
2015-09-15,7829.1,23.7425,23.956,1
2015-09-16,7899.15,21.9975,22.6655,1
2015-09-18,7981.9,18.2925,21.306,1
2015-09-21,7977.1,18.1775,20.511000000000003,1
2015-09-22,7812.0,20.345,19.9,1
2015-09-23,7845.95,20.6875,19.677,1
2015-09-24,7868.5,20.8825,20.352,1
2015-09-28,7795.7,21.6675,21.0305,1
2015-09-29,7843.3,21.57,20.8865,1
2015-09-30,7948.9,19.625,20.596,1
2015-10-01,7950.9,19.235,20.244999999999997,1
2015-10-05,8119.3,19.1275,19.7725,1
2015-10-06,8152.9,19.305,19.326,1
2015-10-07,8177.4,19.3375,19.313499999999998,1
2015-10-08,8129.35,19.5625,19.2515,1
2015-10-09,8189.7,18.925,19.2505,1
2015-10-12,8143.6,19.1225,18.9925,1
2015-10-13,8131.7,18.015,18.669,1
2015-10-14,8107.9,17.72,18.190499999999997,1
2015-10-15,8179.5,17.17,17.6605,1
2015-10-16,8238.15,16.275,17.2115,0
2015-10-19,8275.05,16.8775,17.0075,0
2015-10-20,8261.65,16.995,16.788,0
2015-10-21,8251.7,16.6225,16.5925,0
2015-10-23,8295.45,16.1925,16.7835,0
2015-10-26,8260.55,17.23,16.715,0
2015-10-27,8232.9,16.535,16.724,0
2015-10-28,8171.2,17.04,16.916,0
2015-10-29,8111.75,17.5825,17.2535,0
2015-10-30,8065.8,17.88,17.702999999999996,1
2015-11-02,8050.8,19.4775,18.307,1
2015-11-03,8060.7,19.555,18.770000000000003,1
2015-11-04,8040.2,19.355,19.112000000000002,1
2015-11-05,7955.45,19.2925,19.430500000000002,1
2015-11-06,7954.3,19.4725,18.943,1
2015-11-09,7915.2,17.04,18.397,1
2015-11-10,7783.35,16.825,17.907,1
2015-11-11,7825.0,16.905,17.579,1
2015-11-13,7762.25,17.6525,17.259999999999998,1
2015-11-16,7806.6,17.8775,17.2465,0
2015-11-17,7837.55,16.9725,17.3645,1
2015-11-18,7731.8,17.415,17.1515,0
2015-11-19,7842.75,15.84,16.8005,0
2015-11-20,7856.55,15.8975,16.64,0
2015-11-23,7849.25,17.075,16.4945,0
2015-11-24,7831.6,16.245,16.349,0
2015-11-26,7883.8,16.6875,16.526999999999997,0
2015-11-27,7942.7,16.73,16.6335,0
2015-11-30,7935.25,16.43,16.345499999999998,0
2015-12-01,7954.9,15.635,16.194,0
2015-12-02,7931.35,15.4875,16.0675,0
2015-12-03,7864.15,16.055,15.9385,0
2015-12-04,7781.9,16.085,15.8255,0
2015-12-07,7765.4,15.865,15.893,0
2015-12-08,7701.7,15.9725,16.1405,0
2015-12-09,7612.5,16.725,16.188000000000002,0
2015-12-10,7683.3,16.2925,16.4075,0
2015-12-11,7610.45,17.1825,16.794,0
2015-12-14,7650.05,17.7975,17.068,0
2015-12-15,7700.9,17.3425,17.0685,0
2015-12-16,7750.9,16.7275,16.653,0
2015-12-17,7844.35,14.215,16.115000000000002,0
2015-12-18,7761.95,14.4925,15.4005,0
2015-12-21,7834.45,14.225,14.8285,0
2015-12-22,7786.1,14.4825,14.2135,0
2015-12-23,7865.95,13.6525,14.119499999999999,0
2015-12-24,7861.05,13.745,14.101500000000001,0
2015-12-28,7925.15,14.4025,14.1035,0
2015-12-29,7928.95,14.235,14.076999999999998,0
2015-12-30,7896.25,14.35,14.120499999999998,0
2015-12-31,7946.35,13.87,14.223499999999998,0
2016-01-01,7963.2,14.26,14.709999999999999,0
2016-01-04,7791.3,16.835,15.2035,0
2016-01-05,7784.65,16.7025,15.644,0
2016-01-06,7741.0,16.5525,16.662,0
2016-01-07,7568.3,18.96,17.3695,1
2016-01-08,7601.35,17.7975,17.7405,1
2016-01-11,7563.85,18.69,18.1425,1
2016-01-12,7510.3,18.7125,18.5025,1
2016-01-13,7562.4,18.3525,18.4315,1
2016-01-14,7536.8,18.605,18.755,1
2016-01-15,7437.8,19.415,19.062,1
2016-01-18,7351.0,20.225,19.0055,1
2016-01-19,7435.1,18.43,19.528,1
2016-01-20,7309.3,20.965,19.9695,1
2016-01-21,7276.8,20.8125,19.8505,1
2016-01-22,7422.45,18.82,19.4585,1
2016-01-25,7436.15,18.265,19.584,1
2016-01-27,7437.75,19.0575,18.970999999999997,1
2016-01-28,7424.65,17.9,18.2565,1
2016-01-29,7563.55,17.24,18.070500000000003,1
2016-02-01,7555.95,17.89,18.0245,1
2016-02-02,7455.55,18.035,17.930500000000002,1
2016-02-03,7361.8,18.5875,17.991999999999997,1
2016-02-04,7404.0,18.2075,18.166999999999998,1
2016-02-05,7489.1,18.115,18.640499999999996,1
2016-02-08,7387.25,20.2575,19.378999999999998,1
2016-02-09,7298.2,21.7275,20.154500000000002,1
2016-02-10,7215.7,22.465,21.706,1
2016-02-11,6976.35,25.965,23.017500000000002,1
2016-02-12,6980.95,24.6725,23.441000000000003,1
2016-02-15,7162.95,22.375,23.7035,1
2016-02-16,7048.25,23.04,23.576999999999998,1
2016-02-17,7108.45,21.8325,22.680999999999997,1
2016-02-18,7191.75,21.485,21.929499999999997,1
2016-02-19,7210.75,20.915,21.6585,1
2016-02-22,7234.55,21.02,21.818,1
2016-02-23,7109.55,23.8375,22.0425,1
2016-02-24,7018.7,22.955,22.2945,1
2016-02-25,6970.6,22.745,22.484499999999997,1
2016-02-26,7029.75,21.865,22.312,1
2016-02-29,6987.05,20.1575,21.278999999999996,1
2016-03-01,7222.3,18.6725,20.486,1
2016-03-02,7368.85,18.99,19.544999999999998,1
2016-03-03,7475.6,18.04,18.7485,1
2016-03-04,7485.35,17.8825,18.410000000000004,1
2016-03-08,7485.3,18.465,18.176499999999997,1
2016-03-09,7531.8,17.505,17.9575,1
2016-03-10,7486.15,17.895,17.769,1
2016-03-11,7510.2,17.0975,17.613,1
2016-03-14,7538.75,17.1025,17.4395,1
2016-03-15,7460.6,17.5975,17.3615,1
2016-03-16,7498.75,17.115,17.1505,0
2016-03-17,7512.55,16.84,17.0075,0
2016-03-18,7604.35,16.3825,16.8535,0
2016-03-21,7704.25,16.3325,16.619999999999997,0
2016-03-22,7714.9,16.43,16.466,0
2016-03-23,7716.5,16.345,16.595,0
2016-03-28,7615.1,17.485,16.846,0
2016-03-29,7597.0,17.6375,16.941,0
2016-03-30,7735.2,16.8075,16.9715,0
2016-03-31,7738.4,16.5825,17.158,0
2016-04-01,7713.05,17.2775,17.151,0
2016-04-04,7758.8,17.45,17.1895,0
2016-04-05,7603.2,17.83,17.296999999999997,1
2016-04-06,7614.35,17.345,17.3675,1
2016-04-07,7546.45,16.935,17.1985,0
2016-04-08,7555.2,16.4325,16.910999999999998,0
2016-04-11,7671.4,16.0125,16.549999999999997,0
2016-04-12,7708.95,16.025,16.288,0
2016-04-13,7850.45,16.035,16.2905,0
2016-04-18,7914.7,16.9475,16.419,0
2016-04-20,7914.75,17.075,16.519,0
2016-04-21,7912.05,16.5125,16.59,0
2016-04-22,7899.3,16.38,16.697499999999998,0
2016-04-25,7855.05,16.5725,16.624000000000002,0
2016-04-26,7962.65,16.58,16.479499999999998,0
2016-04-27,7979.9,16.3525,16.496499999999997,0
2016-04-28,7847.25,16.5975,16.528,0
2016-04-29,7849.8,16.5375,16.631999999999998,0
2016-05-02,7805.9,17.0925,16.8085,0
2016-05-03,7747.0,17.4625,17.027,0
2016-05-04,7706.55,17.445,17.1415,0
2016-05-05,7735.5,17.17,17.2235,0
2016-05-06,7733.45,16.9475,17.1275,0
2016-05-09,7866.05,16.6125,16.918,0
2016-05-10,7887.8,16.415,16.8215,0
2016-05-11,7848.85,16.9625,16.653,0
2016-05-12,7900.4,16.3275,16.663,0
2016-05-13,7814.9,16.9975,16.747,0
2016-05-16,7860.75,17.0325,16.7385,0
2016-05-17,7890.75,16.3725,16.637,0
2016-05-18,7870.15,16.455,16.784,0
2016-05-19,7783.4,17.0625,16.6695,0
2016-05-20,7749.7,16.425,16.494999999999997,0
2016-05-23,7731.05,16.16,16.464499999999997,0
2016-05-24,7748.85,16.22,16.2775,0
2016-05-25,7934.9,15.52,15.929999999999998,0
2016-05-26,8069.65,15.325,15.697,0
2016-05-27,8156.65,15.26,15.66,0
2016-05-30,8178.5,15.975,15.625,0
2016-05-31,8160.1,16.045,15.687999999999999,0
2016-06-01,8179.95,15.835,15.6405,0
2016-06-02,8218.95,15.0875,15.5875,0
2016-06-03,8220.8,14.995,15.4635,0
2016-06-06,8201.05,15.355,15.2285,0
2016-06-07,8266.45,14.87,15.09,0
2016-06-08,8273.05,15.1425,15.206999999999999,0
2016-06-09,8203.6,15.6725,15.401999999999997,0
2016-06-10,8170.05,15.97,15.647499999999999,0
2016-06-13,8110.6,16.5825,16.1115,0
2016-06-14,8108.85,17.19,16.494,0
2016-06-15,8206.6,17.055,16.899,0
2016-06-16,8140.75,17.6975,17.175,0
2016-06-17,8170.2,17.35,17.362000000000002,1
2016-06-20,8238.5,17.5175,17.375999999999998,1
2016-06-21,8219.9,17.26,17.602,1
2016-06-22,8203.7,18.185,17.6665,1
2016-06-23,8270.45,18.02,17.921999999999997,1
2016-06-24,8088.6,18.6275,18.1245,1
2016-06-27,8094.7,18.53,18.2175,1
2016-06-28,8127.85,17.725,17.811500000000002,1
2016-06-29,8204.0,16.155,17.465500000000002,1
2016-06-30,8287.75,16.29,16.887500000000003,0
2016-07-01,8328.35,15.7375,16.297,0
2016-07-04,8370.7,15.5775,15.8245,0
2016-07-05,8335.95,15.3625,15.655000000000001,0
2016-07-07,8337.9,15.3075,15.413499999999999,0
2016-07-08,8323.2,15.0825,15.235500000000002,0
2016-07-11,8467.9,14.8475,15.076500000000001,0
2016-07-12,8521.05,14.7825,15.068999999999999,0
2016-07-13,8519.5,15.325,15.129500000000002,0
2016-07-14,8565.0,15.61,15.2405,0
2016-07-15,8541.4,15.6375,15.4685,0
2016-07-18,8508.7,15.9875,15.671000000000001,0
2016-07-19,8528.55,15.795,15.803999999999998,0
2016-07-20,8565.85,15.99,15.8245,0
2016-07-21,8510.1,15.7125,15.7965,0
2016-07-22,8541.2,15.4975,15.742500000000001,0
2016-07-25,8635.65,15.7175,15.7075,0
2016-07-26,8590.65,15.62,15.595000000000002,0
2016-07-27,8615.8,15.4275,15.482,0
2016-07-28,8666.3,15.1475,15.366,0
2016-07-29,8638.5,14.9175,15.258500000000002,0
2016-08-01,8636.55,15.18,15.273,0
2016-08-02,8622.9,15.6925,15.435000000000002,0
2016-08-03,8544.85,16.2375,15.4335,0
2016-08-04,8551.1,15.14,15.3205,0
2016-08-05,8683.15,14.3525,15.202000000000002,0
2016-08-08,8711.35,14.5875,14.971,0
2016-08-09,8678.25,14.5375,14.707999999999998,0
2016-08-10,8575.3,14.9225,14.522499999999999,0
2016-08-11,8592.15,14.2125,14.406,0
2016-08-12,8672.15,13.77,14.325,0
2016-08-16,8642.55,14.1825,14.373499999999998,0
2016-08-17,8624.05,14.78,14.299000000000001,0
2016-08-18,8673.25,14.55,14.363999999999999,0
2016-08-19,8666.9,14.5375,14.456999999999999,0
2016-08-22,8629.15,14.235,14.4,0
2016-08-23,8632.6,13.8975,14.141499999999999,0
2016-08-24,8650.3,13.4875,13.888499999999999,0
2016-08-25,8592.2,13.285,13.694999999999999,0
2016-08-26,8572.55,13.57,13.481,0
2016-08-29,8607.45,13.165,13.3055,0
2016-08-30,8744.35,13.02,13.256499999999999,0
2016-08-31,8786.2,13.2425,13.267500000000002,0
2016-09-01,8774.65,13.34,13.141499999999999,0
2016-09-02,8809.65,12.94,13.0585,0
2016-09-06,8943.0,12.75,13.0835,0
2016-09-07,8917.95,13.145,13.057999999999998,0
2016-09-08,8952.5,13.115,13.036000000000001,0
2016-09-09,8866.7,13.23,13.496,0
2016-09-12,8715.6,15.24,13.898500000000002,0
2016-09-14,8726.6,14.7625,14.205000000000002,0
2016-09-15,8742.55,14.6775,14.498000000000001,0
2016-09-16,8779.85,14.58,14.84,0
2016-09-19,8808.4,14.94,14.748,0
2016-09-20,8775.9,14.78,14.756499999999999,0
2016-09-21,8777.15,14.805,14.488999999999999,0
2016-09-22,8867.45,13.34,14.2225,0
2016-09-23,8831.55,13.2475,14.147499999999999,0
2016-09-26,8723.05,14.565,14.0415,0
2016-09-27,8706.4,14.25,13.85,0
2016-09-28,8745.15,13.8475,14.872,0
2016-09-29,8591.25,18.45,15.658499999999998,0
2016-09-30,8611.15,17.18,15.869499999999999,0
2016-10-03,8738.1,15.62,16.018,0
2016-10-04,8769.15,14.9925,16.2335,0
2016-10-05,8743.95,14.925,15.510499999999999,0
2016-10-06,8709.55,14.835,14.9715,0
2016-10-07,8697.6,14.485,14.704500000000001,0
2016-10-10,8708.8,14.285,14.791,0
2016-10-13,8573.35,15.425,14.7835,0
2016-10-14,8583.4,14.8875,14.9475,0
2016-10-17,8520.4,15.655,14.957999999999998,0
2016-10-18,8677.9,14.5375,15.023500000000002,0
2016-10-19,8659.1,14.6125,14.7715,0
2016-10-20,8699.4,14.165,14.559999999999999,0
2016-10-21,8693.05,13.83,14.295499999999999,0
2016-10-24,8708.95,14.3325,14.2845,0
2016-10-25,8691.3,14.4825,14.252500000000001,0
2016-10-26,8615.25,14.4525,14.236500000000001,0
2016-10-27,8615.25,14.085,14.401000000000002,0
2016-10-28,8638.0,14.6525,14.632499999999999,0
2016-10-30,8625.7,15.49,14.883,0
2016-11-01,8626.25,15.735,15.351999999999999,0
2016-11-02,8514.0,16.7975,15.828,0
2016-11-03,8484.95,16.465,16.267,0
2016-11-04,8433.75,16.8475,16.470499999999998,0
2016-11-07,8497.05,16.5075,16.677500000000002,0
2016-11-08,8543.55,16.77,16.642000000000003,0
2016-11-09,8432.0,16.62,16.4405,0
2016-11-10,8525.75,15.4575,16.544,0
2016-11-11,8296.3,17.365,17.2715,1
2016-11-15,8108.45,20.145,17.818,1
2016-11-16,8111.6,19.5025,18.235999999999997,1
2016-11-17,8079.95,18.71,18.7055,1
2016-11-18,8074.1,17.805,19.052,1
2016-11-21,7929.1,19.0975,18.716,1
2016-11-22,8002.3,18.465,18.4235,1
2016-11-23,8033.3,18.04,18.1135,1
2016-11-24,7965.5,17.16,18.075,1
2016-11-25,8114.3,17.6125,17.8665,1
2016-11-28,8126.9,18.055,17.715,1
2016-11-29,8142.15,17.7075,17.477,1
2016-11-30,8224.5,16.85,17.3825,1
2016-12-01,8192.9,16.6875,17.446500000000004,1
2016-12-02,8086.8,17.9325,17.293,1
2016-12-05,8128.75,17.2875,17.172500000000003,0
2016-12-06,8143.15,17.105,17.1715,0
2016-12-07,8102.05,16.845,16.939,0
2016-12-08,8246.85,15.525,16.366,0
2016-12-09,8261.75,15.0675,16.147,0
2016-12-12,8170.8,16.1925,15.910499999999999,0
2016-12-13,8221.8,15.9225,15.86,0
2016-12-14,8182.45,16.5925,15.886,0
2016-12-15,8153.6,15.655,15.923000000000002,0
2016-12-16,8139.45,15.2525,15.652000000000001,0
2016-12-19,8104.35,14.8375,15.375,0
2016-12-20,8082.4,14.5375,14.997499999999999,0
2016-12-21,8061.3,14.705,14.976999999999999,0
2016-12-22,7979.1,15.5525,14.952000000000002,0
2016-12-23,7985.75,15.1275,15.305000000000001,0
2016-12-26,7908.25,16.6025,15.413999999999998,0
2016-12-27,8032.85,15.0825,15.5815,0
2016-12-28,8034.85,15.5425,15.5275,0
2016-12-29,8103.6,15.2825,15.594999999999999,0
2016-12-30,8185.8,15.465,15.4405,0
2017-01-02,8179.5,15.83,15.6155,0
2017-01-03,8192.25,15.9575,15.684999999999999,0
2017-01-04,8190.5,15.89,15.638499999999999,0
2017-01-05,8273.8,15.05,15.528,0
2017-01-06,8243.8,14.9125,15.458000000000002,0
2017-01-09,8236.05,15.48,15.3055,0
2017-01-10,8288.6,15.195,15.089000000000002,0
2017-01-11,8380.65,14.8075,15.001499999999998,0
2017-01-12,8407.2,14.6125,14.895499999999998,0
2017-01-13,8400.35,14.3825,14.8125,0
2017-01-16,8412.8,15.065,14.852,0
2017-01-17,8398.0,15.3925,14.926999999999998,0
2017-01-18,8417.0,15.1825,15.008500000000002,0
2017-01-19,8435.1,15.02,15.290000000000001,0
2017-01-20,8349.35,15.79,15.457999999999998,0
2017-01-23,8391.5,15.905,15.4365,0
2017-01-24,8475.8,15.285,15.434000000000001,0
2017-01-25,8602.75,15.17,15.631,0
2017-01-27,8641.25,16.005,15.806999999999999,0
2017-01-30,8632.75,16.67,15.991,0
2017-01-31,8561.3,16.825,15.728,0
2017-02-01,8716.4,13.97,15.398000000000001,0
2017-02-02,8734.25,13.52,14.8225,0
2017-02-03,8740.95,13.1275,14.168000000000001,0
2017-02-06,8801.05,13.3975,13.504499999999998,0
2017-02-07,8768.3,13.5075,13.380500000000001,0
2017-02-08,8769.05,13.35,13.323500000000001,0
2017-02-09,8778.4,13.235,13.3335,0
2017-02-10,8793.55,13.1775,13.392499999999998,0
2017-02-13,8805.05,13.6925,13.451500000000001,0
2017-02-14,8792.3,13.8025,13.624,0
2017-02-15,8724.7,14.2125,13.723000000000003,0
2017-02-16,8778.0,13.73,13.774000000000001,0
2017-02-17,8821.7,13.4325,13.757499999999999,0
2017-02-20,8879.2,13.61,13.702000000000002,0
2017-02-21,8907.85,13.525,13.5995,0
2017-02-22,8926.9,13.7,13.5335,0
2017-02-23,8939.5,13.4,13.581999999999999,0
2017-02-27,8896.7,13.675,13.618500000000001,0
2017-02-28,8879.6,13.7925,13.628499999999999,0
2017-03-01,8945.8,13.575,13.561000000000002,0
2017-03-02,8899.75,13.3625,13.551499999999999,0
2017-03-03,8897.55,13.3525,13.5445,0
2017-03-06,8963.45,13.64,13.560999999999998,0
2017-03-07,8946.9,13.875,13.661000000000001,0
2017-03-08,8924.3,14.075,13.866500000000002,0
2017-03-09,8927.0,14.39,13.9875,0
2017-03-10,8934.55,13.9575,13.739499999999998,0
2017-03-14,9087.0,12.4,13.448999999999998,0
2017-03-15,9084.8,12.4225,13.016,0
2017-03-16,9153.7,11.91,12.5085,0
2017-03-17,9160.05,11.8525,12.120499999999998,0
2017-03-20,9126.85,12.0175,12.029,0
2017-03-21,9121.5,11.9425,11.9985,0
2017-03-22,9030.45,12.27,11.983500000000001,0
2017-03-23,9086.3,11.835,12.008500000000002,0
2017-03-24,9108.0,11.9775,12.092000000000002,0
2017-03-27,9045.2,12.435,12.127,0
2017-03-28,9100.8,12.1175,12.0905,0
2017-03-29,9143.8,12.0875,12.1535,0
2017-03-30,9173.75,12.15,12.242,0
2017-03-31,9173.75,12.42,12.053500000000001,0
2017-04-03,9237.85,11.4925,11.940000000000001,0
2017-04-05,9265.15,11.55,11.7805,0
2017-04-06,9261.95,11.29,11.689,0
2017-04-07,9198.3,11.6925,11.529,0
2017-04-10,9181.45,11.62,11.5095,0
2017-04-11,9237.0,11.395,11.525,0
2017-04-12,9203.45,11.6275,11.5825,0
2017-04-13,9150.8,11.5775,11.622499999999999,0
2017-04-17,9139.3,11.8925,11.7735,0
2017-04-18,9105.15,12.375,11.9375,0
2017-04-19,9103.5,12.215,11.924000000000001,0
2017-04-20,9136.4,11.56,11.893,0
2017-04-21,9119.4,11.4225,11.839500000000001,0
2017-04-24,9217.95,11.625,11.5955,0
2017-04-25,9306.6,11.155,11.500499999999999,0
2017-04-26,9351.85,11.74,11.4025,0
2017-04-27,9342.15,11.07,11.290000000000001,0
2017-04-28,9304.05,10.86,11.2545,0
2017-05-02,9313.8,11.4475,11.329,0
2017-05-03,9311.95,11.5275,11.247499999999999,0
2017-05-04,9359.9,11.3325,11.431000000000001,0
2017-05-05,9285.3,11.9875,11.592,0
2017-05-08,9314.05,11.665,11.525,0
2017-05-09,9316.85,11.1125,11.409,0
2017-05-10,9407.3,10.9475,11.31,0
2017-05-11,9422.4,10.8375,11.038,0
2017-05-12,9400.9,10.6275,10.84,0
2017-05-15,9445.4,10.675,10.7295,0
2017-05-16,9512.25,10.56,10.667000000000002,0
2017-05-17,9525.75,10.635,10.8565,0
2017-05-18,9429.45,11.785,10.9915,0
2017-05-19,9427.9,11.3025,11.097,0
2017-05-22,9438.25,11.2025,11.425500000000001,0
2017-05-23,9386.15,12.2025,11.6645,0
2017-05-24,9360.55,11.83,11.397,0
2017-05-25,9509.75,10.4475,11.309000000000001,0
2017-05-26,9595.1,10.8625,11.425999999999998,0
2017-05-29,9604.9,11.7875,11.3385,0
2017-05-30,9624.55,11.765,11.325,0
2017-05-31,9621.25,11.7625,11.497,0
2017-06-01,9616.1,11.3075,11.4865,0
2017-06-02,9653.5,10.81,11.331999999999999,0
2017-06-05,9675.1,11.015,11.205499999999999,0
2017-06-06,9637.15,11.1325,11.031,0
2017-06-07,9663.9,10.89,10.983,0
2017-06-08,9647.25,11.0675,10.993500000000001,0
2017-06-09,9668.25,10.8625,11.075,0
2017-06-12,9616.4,11.4225,11.1165,0
2017-06-13,9606.9,11.34,11.1745,0
2017-06-14,9618.15,11.18,11.225999999999999,0
2017-06-15,9578.05,11.325,11.2365,0
2017-06-16,9588.05,10.915,11.0775,0
2017-06-19,9657.55,10.6275,10.940999999999999,0
2017-06-20,9653.5,10.6575,10.888,0
2017-06-21,9633.6,10.915,10.8645,0
2017-06-22,9630.0,11.2075,10.993,0
2017-06-23,9574.95,11.5575,11.369,0
2017-06-27,9511.4,12.5075,11.635499999999999,0
2017-06-28,9491.25,11.99,11.729,0
2017-06-29,9504.1,11.3825,11.834,0
2017-06-30,9520.9,11.7325,11.7625,0
2017-07-03,9615.0,11.2,11.516000000000002,0
2017-07-04,9613.3,11.275,11.3485,0
2017-07-05,9637.6,11.1525,11.2685,0
2017-07-06,9674.55,10.9825,11.0955,0
2017-07-07,9665.8,10.8675,11.038,0
2017-07-10,9771.05,10.9125,10.961,0
2017-07-11,9786.05,10.89,10.940999999999999,0
2017-07-12,9816.1,11.0525,10.994,0
2017-07-13,9891.7,11.2475,11.055,0
2017-07-14,9886.35,11.1725,11.164,0
2017-07-17,9915.95,11.4575,11.284,0
2017-07-18,9827.15,11.49,11.3245,0
2017-07-19,9899.6,11.255,11.338,0
2017-07-20,9873.3,11.315,11.320500000000001,0
2017-07-21,9915.25,11.085,11.2915,0
2017-07-24,9966.4,11.3125,11.176,0
2017-07-25,9964.55,10.9125,11.159,0
2017-07-26,10020.65,11.17,11.139500000000002,0
2017-07-27,10020.55,11.2175,11.149999999999999,0
2017-07-28,10014.5,11.1375,11.267500000000002,0
2017-07-31,10077.1,11.9,11.4665,0
2017-08-01,10114.65,11.9075,11.621,0
2017-08-02,10081.5,11.9425,11.706,0
2017-08-03,10013.65,11.6425,11.7565,0
2017-08-04,10066.4,11.39,11.755500000000001,0
2017-08-07,10057.4,11.895,11.928,0
2017-08-08,9978.55,12.77,12.23,0
2017-08-09,9908.05,13.4525,12.662,0
2017-08-10,9820.25,13.8025,13.422999999999998,0
2017-08-11,9710.8,15.195,13.9205,0
2017-08-14,9794.15,14.3825,14.213999999999999,0
2017-08-16,9897.3,14.2375,14.391499999999999,0
2017-08-17,9904.15,14.34,14.545000000000002,0
2017-08-18,9837.4,14.57,14.469,0
2017-08-21,9754.35,14.815,14.413500000000003,0
2017-08-22,9765.55,14.105,14.2025,0
2017-08-23,9852.5,13.1825,13.848999999999998,0
2017-08-24,9857.05,12.5725,13.463,0
2017-08-28,9912.8,12.64,13.2085,0
2017-08-29,9796.05,13.5425,12.965,0
2017-08-30,9884.4,12.8875,12.719,0
2017-08-31,9917.9,11.9525,12.5395,0
2017-09-01,9974.4,11.675,12.644499999999999,0
2017-09-04,9912.85,13.165,12.5135,0
2017-09-05,9952.2,12.8875,12.559999999999999,0
2017-09-06,9916.2,13.12,12.770999999999999,0
2017-09-07,9929.9,13.0075,13.0285,0
2017-09-08,9934.8,12.9625,12.867500000000001,0
2017-09-11,10006.05,12.36,12.641499999999999,0
2017-09-12,10093.05,11.7575,12.368500000000001,0
2017-09-13,10079.3,11.755,12.061,0
2017-09-14,10086.6,11.47,11.804,0
2017-09-15,10085.4,11.6775,11.620500000000002,0
2017-09-18,10153.1,11.4425,11.562000000000001,0
2017-09-19,10147.55,11.465,11.5375,0
2017-09-20,10141.15,11.6325,11.57,0
2017-09-21,10121.9,11.6325,11.7965,0
2017-09-22,9964.4,12.81,12.175999999999998,0
2017-09-25,9872.6,13.34,12.4685,0
2017-09-26,9871.5,12.9275,12.9145,0
2017-09-27,9735.75,13.8625,13.2225,0
2017-09-28,9768.95,13.1725,13.157499999999999,0
2017-09-29,9788.6,12.485,12.9815,0
2017-10-03,9859.5,12.46,12.756,0
2017-10-04,9914.9,11.8,12.3255,0
2017-10-05,9888.7,11.71,11.9145,0
2017-10-06,9979.7,11.1175,11.696000000000002,0
2017-10-09,9988.75,11.3925,11.4265,0
2017-10-10,10016.95,11.1125,11.4125,0
2017-10-11,9984.8,11.73,11.279,0
2017-10-12,10096.4,11.0425,11.308000000000002,0
2017-10-13,10167.45,11.2625,11.291500000000001,0
2017-10-16,10230.85,11.31,11.391,0
2017-10-17,10234.45,11.61,11.352999999999998,0
2017-10-18,10210.85,11.54,11.6235,0
2017-10-19,10146.55,12.395,11.836,0
2017-10-23,10184.85,12.325,11.892,0
2017-10-24,10207.7,11.59,11.922,0
2017-10-25,10295.35,11.76,11.9375,0
2017-10-26,10343.8,11.6175,11.753499999999999,0
2017-10-27,10323.05,11.475,11.711,0
2017-10-30,10363.65,12.1125,11.881,0
2017-10-31,10335.3,12.44,11.9565,0
2017-11-01,10440.5,12.1375,12.034,0
2017-11-02,10423.8,12.005,12.120999999999999,0
2017-11-03,10452.5,11.91,12.303,0
2017-11-06,10451.8,13.0225,12.462500000000002,0
2017-11-07,10350.15,13.2375,12.757000000000001,0
2017-11-08,10303.15,13.61,13.0095,0
2017-11-09,10308.95,13.2675,13.3225,0
2017-11-10,10321.75,13.475,13.527000000000001,0
2017-11-13,10224.95,14.045,13.7125,0
2017-11-14,10186.6,14.165,13.8435,0
2017-11-15,10118.05,14.265,13.882499999999999,0
2017-11-16,10214.75,13.4625,13.930000000000001,0
2017-11-17,10283.6,13.7125,13.8075,0
2017-11-20,10298.75,13.4325,13.717500000000001,0
2017-11-21,10326.9,13.715,13.672,0
2017-11-22,10342.3,14.0375,13.752500000000001,0
2017-11-23,10348.75,13.865,13.7125,0
2017-11-24,10389.7,13.5125,13.632,0
2017-11-27,10399.55,13.03,13.5185,0
2017-11-28,10370.25,13.1475,13.323000000000002,0
2017-11-29,10361.3,13.06,13.26,0
2017-11-30,10226.55,13.55,13.516499999999999,0
2017-12-01,10121.8,14.795,13.881499999999999,0
2017-12-04,10127.75,14.855,14.253500000000003,0
2017-12-05,10118.25,15.0075,14.659,0
2017-12-06,10044.1,15.0875,14.8035,0
2017-12-07,10166.7,14.2725,14.578999999999999,0
2017-12-08,10265.65,13.6725,14.4375,0
2017-12-11,10322.25,14.1475,14.488499999999998,0
2017-12-12,10240.15,15.2625,14.66,0
2017-12-13,10192.95,15.945,15.087,0
2017-12-14,10252.1,16.4075,15.3405,0
2017-12-15,10333.25,14.94,15.134,0
2017-12-18,10388.75,13.115,14.519,0
2017-12-19,10463.2,12.1875,13.767,0
2017-12-20,10444.2,12.185,12.9025,0
2017-12-21,10440.3,12.085,12.232000000000001,0
2017-12-22,10493.0,11.5875,12.0195,0
2017-12-26,10531.5,12.0525,12.0805,0
2017-12-27,10490.75,12.4925,12.103,0
2017-12-28,10477.9,12.2975,12.219999999999999,0
2017-12-29,10530.7,12.67,12.572999999999999,0
2018-01-01,10435.55,13.3525,12.8995,0
2018-01-02,10442.2,13.685,13.125499999999999,0
2018-01-03,10443.2,13.6225,13.349,0
2018-01-04,10504.8,13.415,13.4375,0
2018-01-05,10558.85,13.1125,13.514000000000001,0
2018-01-08,10623.6,13.735,13.5465,0
2018-01-09,10637.0,13.8475,13.629,0
2018-01-10,10632.2,14.035,13.748500000000002,0
2018-01-11,10651.2,14.0125,13.872499999999999,0
2018-01-12,10681.25,13.7325,13.986500000000001,0
2018-01-15,10741.55,14.305,14.034,0
2018-01-16,10700.45,14.085,13.999,0
2018-01-17,10788.55,13.86,13.988499999999998,0
2018-01-18,10817.0,13.96,14.038499999999999,0
2018-01-19,10894.7,13.9825,14.256,0
2018-01-22,10966.2,15.3925,14.684000000000001,0
2018-01-23,11083.7,16.225,15.52,0
2018-01-24,11086.0,18.04,16.2295,0
2018-01-25,11069.65,17.5075,17.0105,0
2018-01-29,11130.4,17.8875,17.215,0
2018-01-30,11049.65,16.415,17.156,0
2018-01-31,11027.7,15.93,16.3695,0
2018-02-01,11016.9,14.1075,15.918000000000001,0
2018-02-02,10760.6,15.25,15.550999999999998,0
2018-02-05,10666.55,16.0525,16.270999999999997,0
2018-02-06,10498.25,20.015,16.978,0
2018-02-07,10476.7,19.465,17.711000000000002,1
2018-02-08,10576.85,17.7725,18.506999999999998,1
2018-02-09,10454.95,19.23,18.872999999999998,1
2018-02-12,10539.75,17.8825,18.307,1
2018-02-14,10500.9,17.185,17.677,1
2018-02-15,10545.5,16.315,17.398,1
2018-02-16,10452.3,16.3775,16.8855,0
2018-02-19,10378.4,16.6675,16.682499999999997,0
2018-02-20,10360.4,16.8675,16.429499999999997,0
2018-02-21,10397.45,15.92,16.133000000000003,0
2018-02-22,10382.7,14.8325,15.698000000000002,0
2018-02-23,10491.05,14.2025,15.1035,0
2018-02-26,10582.6,13.695,14.514500000000002,0
2018-02-27,10554.3,13.9225,14.0915,0
2018-02-28,10492.85,13.805,13.9395,0
2018-03-01,10458.35,14.0725,14.178,0
2018-03-05,10358.85,15.395,14.687999999999999,0
2018-03-06,10249.25,16.245,15.0435,0
2018-03-07,10154.2,15.7,15.1995,0
2018-03-08,10242.65,14.585,15.290000000000001,0
2018-03-09,10226.85,14.525,15.1095,0
2018-03-12,10421.4,14.4925,14.753,0
2018-03-13,10426.85,14.4625,14.485500000000002,0
2018-03-14,10410.9,14.3625,14.4345,0
2018-03-15,10360.15,14.33,14.573500000000001,0
2018-03-16,10195.15,15.22,14.839000000000002,0
2018-03-19,10094.25,15.82,15.068000000000001,0
2018-03-20,10124.35,15.6075,15.217000000000002,0
2018-03-21,10155.25,15.1075,15.4005,0
2018-03-22,10114.75,15.2475,15.4655,0
2018-03-23,9998.05,15.545,15.3405,0
2018-03-26,10130.65,15.195,15.329000000000002,0
2018-03-27,10184.15,15.55,15.459,0
2018-03-28,10113.7,15.7575,15.479,0
2018-04-02,10211.8,15.3475,15.407,0
2018-04-03,10245.0,15.185,15.636000000000001,0
2018-04-04,10128.4,16.34,15.485500000000002,0
2018-04-05,10325.15,14.7975,15.2835,0
2018-04-06,10331.6,14.7475,15.1875,0
2018-04-09,10379.35,14.8675,15.05,0
2018-04-10,10402.25,14.4975,14.725999999999999,0
2018-04-11,10417.15,14.72,14.6785,0
2018-04-12,10458.65,14.56,14.556999999999999,0
2018-04-13,10480.6,14.14,14.4355,0
2018-04-16,10528.35,14.26,14.3445,0
2018-04-17,10548.7,14.0425,14.2225,0
2018-04-18,10526.2,14.11,14.059999999999999,0
2018-04-19,10565.3,13.7475,13.8195,0
2018-04-20,10564.05,12.9375,13.5965,0
2018-04-23,10584.7,13.145,13.167000000000002,0
2018-04-24,10614.35,11.895,12.824000000000002,0
2018-04-25,10570.55,12.395,12.482,0
2018-04-26,10617.8,12.0375,12.297999999999998,0
2018-04-27,10692.3,12.0175,12.1415,0
2018-04-30,10739.35,12.3625,12.3305,0
2018-05-02,10718.05,12.84,12.448500000000001,0
2018-05-03,10679.65,12.985,12.690999999999999,0
2018-05-04,10618.25,13.25,13.0395,0
2018-05-07,10715.5,13.76,13.378,0
2018-05-08,10717.8,14.055,13.664499999999999,0
2018-05-09,10741.7,14.2725,13.9525,0
2018-05-10,10716.55,14.425,14.097999999999999,0
2018-05-11,10806.5,13.9775,14.194999999999999,0
2018-05-14,10806.6,14.245,14.017,0
2018-05-15,10801.85,13.165,13.8495,0
2018-05-16,10741.1,13.435,13.646,0
2018-05-17,10682.7,13.4075,13.6805,0
2018-05-18,10596.4,14.15,13.7135,0
2018-05-21,10516.7,14.41,13.801000000000002,0
2018-05-22,10536.7,13.6025,13.945500000000001,0
2018-05-23,10430.35,14.1575,13.893,0
2018-05-24,10513.85,13.145,13.591999999999999,0
2018-05-25,10605.15,12.645,13.321000000000002,0
2018-05-28,10688.65,13.055,13.214500000000001,0
2018-05-29,10633.3,13.07,13.065000000000001,0
2018-05-30,10614.35,13.41,13.0805,0
2018-05-31,10736.15,13.2225,13.2655,0
2018-06-01,10696.2,13.57,13.431000000000001,0
2018-06-04,10628.5,13.8825,13.48,0
2018-06-05,10593.15,13.315,13.308000000000002,0
2018-06-06,10684.65,12.55,13.219,0
2018-06-07,10768.35,12.7775,13.0445,0
2018-06-08,10767.65,12.6975,12.904000000000002,0
2018-06-11,10786.95,13.18,12.787,0
2018-06-12,10842.85,12.73,12.803999999999998,0
2018-06-13,10856.7,12.635,12.6675,0
2018-06-14,10808.05,12.095,12.542,0
2018-06-15,10817.7,12.07,12.382000000000001,0
2018-06-18,10799.85,12.38,12.420000000000002,0
2018-06-19,10710.45,12.92,12.3275,0
2018-06-20,10772.05,12.1725,12.398,0
2018-06-21,10741.1,12.4475,12.3885,0
2018-06-22,10821.85,12.0225,12.428999999999998,0
2018-06-25,10762.45,12.5825,12.404499999999999,0
2018-06-26,10769.15,12.7975,12.672,0
2018-06-27,10671.4,13.51,12.972,0
2018-06-28,10589.1,13.9475,13.154999999999998,0
2018-06-29,10714.3,12.9375,13.3125,0
2018-07-02,10657.3,13.37,13.353,0
2018-07-03,10699.9,13.0,13.1825,0
2018-07-04,10769.9,12.6575,12.907999999999998,0
2018-07-05,10749.75,12.575,12.809000000000001,0
2018-07-06,10772.65,12.4425,12.613,0
2018-07-09,10852.9,12.39,12.492,0
2018-07-10,10947.25,12.395,12.5155,0
2018-07-11,10948.3,12.775,12.5015,0
2018-07-12,11023.2,12.505,12.4735,0
2018-07-13,11018.9,12.3025,12.585,0
2018-07-16,10936.85,12.9475,12.671000000000001,0
2018-07-17,11008.05,12.825,12.852500000000001,0
2018-07-18,10980.45,13.6825,13.069999999999999,0
2018-07-19,10957.1,13.5925,13.3165,0
2018-07-20,11010.2,13.535,13.328,0
2018-07-23,11084.75,13.005,13.256499999999999,0
2018-07-24,11134.3,12.4675,12.961500000000001,0
2018-07-25,11132.0,12.2075,12.648499999999999,0
2018-07-26,11167.3,12.0275,12.4035,0
2018-07-27,11278.35,12.31,12.3195,0
2018-07-30,11319.55,12.585,12.322,0
2018-07-31,11356.5,12.48,12.386500000000002,0
2018-08-01,11346.2,12.53,12.491999999999999,0
2018-08-02,11244.7,12.555,12.445500000000001,0
2018-08-03,11360.8,12.0775,12.440999999999999,0
2018-08-06,11387.1,12.5625,12.4605,0
2018-08-07,11389.45,12.5775,12.4625,0
2018-08-08,11450.0,12.54,12.487,0
2018-08-09,11470.7,12.6775,12.6415,0
2018-08-10,11429.5,12.85,12.809000000000001,0
2018-08-13,11355.75,13.4,12.95,0
2018-08-14,11435.1,13.2825,13.171000000000001,0
2018-08-16,11385.05,13.645,13.267500000000002,0
2018-08-17,11470.75,13.16,13.303999999999998,0
2018-08-20,11551.75,13.0325,13.204500000000001,0
2018-08-21,11570.9,12.9025,13.0995,0
2018-08-23,11582.75,12.7575,12.852,0
2018-08-24,11557.1,12.4075,12.6675,0
2018-08-27,11691.95,12.2375,12.546000000000001,0
2018-08-28,11738.5,12.425,12.4525,0
2018-08-29,11691.9,12.435,12.383500000000002,0
2018-08-30,11676.8,12.4125,12.4215,0
2018-08-31,11680.5,12.5975,12.6525,0
2018-09-03,11582.35,13.3925,12.924000000000001,0
2018-09-04,11520.3,13.7825,13.167000000000002,0
2018-09-05,11476.95,13.65,13.428999999999998,0
2018-09-06,11536.9,13.7225,13.6875,0
2018-09-07,11589.1,13.89,14.0495,0
2018-09-10,11438.1,15.2025,14.359,0
2018-09-11,11287.5,15.33,14.479000000000003,0
2018-09-12,11369.9,14.25,14.503,0
2018-09-14,11515.2,13.8425,14.624,0
2018-09-17,11377.75,14.495,14.4665,0
2018-09-18,11278.9,14.415,14.2015,0
2018-09-19,11234.35,14.005,14.4585,0
2018-09-21,11143.1,15.535,15.1755,0
2018-09-24,10967.4,17.4275,15.613,0
2018-09-25,11067.45,16.6825,16.1475,0
2018-09-26,11053.8,17.0875,16.731,0
2018-09-27,10977.55,16.9225,17.023,0
2018-09-28,10930.45,16.995,16.904500000000002,0
2018-10-01,11008.3,16.835,17.191499999999998,0
2018-10-03,10858.25,18.1175,17.557,1
2018-10-04,10599.25,18.915,18.119,1
2018-10-05,10316.45,19.7325,18.7495,1
2018-10-08,10348.05,20.1475,19.333499999999997,1
2018-10-09,10301.05,19.755,19.2915,1
2018-10-10,10460.1,17.9075,19.618,1
2018-10-11,10234.65,20.5475,19.397,1
2018-10-12,10472.5,18.6275,19.1445,1
2018-10-15,10512.5,18.885,18.668,1
2018-10-16,10584.75,17.3725,18.6825,1
2018-10-17,10453.05,17.98,18.5305,1
2018-10-19,10303.55,19.7875,19.076500000000003,1
2018-10-22,10245.25,21.3575,19.107000000000003,1
2018-10-23,10146.8,19.0375,19.4085,1
2018-10-24,10224.75,18.88,19.605,1
2018-10-25,10124.9,18.9625,19.494,1
2018-10-26,10030.0,19.2325,19.1875,1
2018-10-29,10250.85,19.825,19.4805,1
2018-10-30,10198.4,20.5025,19.663999999999998,1
2018-10-31,10386.6,19.7975,19.71,1
2018-11-01,10380.45,19.1925,19.509499999999996,1
2018-11-02,10553.0,18.23,19.441000000000003,1
2018-11-05,10524.0,19.4825,19.041500000000003,1
2018-11-06,10530.0,18.505,18.6575,1
2018-11-07,10598.4,17.8775,18.372,1
2018-11-09,10585.2,17.765,18.5995,1
2018-11-12,10482.2,19.3675,18.442,1
2018-11-13,10582.5,18.695,18.506,1
2018-11-14,10576.3,18.825,18.6215,1
2018-11-15,10616.7,18.455,18.7385,1
2018-11-16,10682.2,18.35,18.715999999999998,1
2018-11-19,10763.4,19.255,18.8425,1
2018-11-20,10656.2,19.3275,18.9885,1
2018-11-21,10600.05,19.555,19.1295,1
2018-11-22,10526.75,19.16,19.54,1
2018-11-26,10628.6,20.4025,19.351999999999997,1
2018-11-27,10685.6,18.315,19.078500000000002,1
2018-11-28,10728.85,17.96,18.907,1
2018-11-29,10858.7,18.6975,18.907500000000002,1
2018-11-30,10876.75,19.1625,18.4715,1
2018-12-03,10883.75,18.2225,18.43,1
2018-12-04,10869.5,18.1075,18.516,1
2018-12-05,10782.9,18.39,18.6375,1
2018-12-06,10601.15,19.305,18.523000000000003,1
2018-12-07,10693.7,18.59,18.966,1
2018-12-10,10488.45,20.4375,18.933500000000002,1
2018-12-11,10549.15,17.945,18.4175,1
2018-12-12,10737.6,15.81,17.6665,1
2018-12-13,10791.55,15.55,16.98,0
2018-12-14,10805.45,15.1575,15.800500000000003,0
2018-12-17,10888.35,14.54,15.127,0
2018-12-18,10908.7,14.5775,14.897,0
2018-12-19,10967.3,14.66,14.6535,0
2018-12-20,10951.7,14.3325,14.820500000000001,0
2018-12-21,10754.0,15.9925,15.0625,0
2018-12-24,10663.5,15.75,15.331,0
2018-12-26,10729.85,15.92,15.613499999999998,0
2018-12-27,10779.8,16.0725,15.801000000000002,0
2018-12-28,10859.9,15.27,15.8025,0
2018-12-31,10862.55,16.0,15.717500000000001,0
2019-01-01,10910.1,15.325,15.811000000000002,0
2019-01-02,10792.5,16.3875,15.9545,0
2019-01-03,10672.25,16.79,16.133000000000003,0
2019-01-04,10727.35,16.1625,16.1935,0
2019-01-07,10771.8,16.3025,16.2685,0
2019-01-08,10802.15,15.7,16.044999999999998,0
2019-01-09,10855.15,15.27,15.756,0
2019-01-10,10821.6,15.345,15.594,0
2019-01-11,10794.95,15.3525,15.564999999999998,0
2019-01-14,10737.6,16.1575,15.5415,0
2019-01-15,10886.8,15.5825,15.703,0
2019-01-16,10890.3,16.0775,15.882499999999999,0
2019-01-17,10905.2,16.2425,16.1355,0
2019-01-18,10906.95,16.6175,16.5335,0
2019-01-21,10961.85,18.1475,17.014,0
2019-01-22,10922.75,17.985,17.4155,1
2019-01-23,10831.5,18.085,17.654000000000003,1
2019-01-24,10849.8,17.435,17.8685,1
2019-01-25,10780.55,17.69,18.0185,1
2019-01-28,10661.55,18.8975,18.107,1
2019-01-29,10652.2,18.4275,18.06,1
2019-01-30,10651.8,17.85,17.997500000000002,1
2019-01-31,10830.95,17.1225,17.6035,1
2019-02-01,10893.65,15.72,16.9685,0
2019-02-04,10912.25,15.7225,16.439,0
2019-02-05,10934.35,15.78,15.995,0
2019-02-06,11062.45,15.63,15.657499999999999,0
2019-02-07,11069.4,15.435,15.627,0
2019-02-08,10943.6,15.5675,15.6505,0
2019-02-11,10888.8,15.84,15.644499999999999,0
2019-02-12,10831.4,15.75,15.6645,0
2019-02-13,10793.65,15.73,15.732,0
2019-02-14,10746.05,15.7725,15.910500000000003,0
2019-02-15,10724.4,16.46,16.3425,0
2019-02-18,10640.95,18.0,16.886000000000003,0
2019-02-19,10604.35,18.4675,17.151,0
2019-02-20,10735.45,17.055,17.207,0
2019-02-21,10789.85,16.0525,17.005,0
2019-02-22,10791.65,15.45,16.4765,0
2019-02-25,10880.1,15.3575,16.206,0
2019-02-26,10835.3,17.115,16.5745,0
2019-02-27,10806.65,18.8975,17.0195,0
2019-02-28,10792.5,18.2775,17.1845,0
2019-03-01,10863.5,16.275,17.2445,0
2019-03-05,10987.45,15.6575,16.9435,0
2019-03-06,11053.0,15.61,16.2225,0
2019-03-07,11058.2,15.2925,15.555000000000001,0
2019-03-08,11035.4,14.94,15.279,0
2019-03-11,11168.05,14.895,15.166999999999998,0
2019-03-12,11301.2,15.0975,15.1005,0
2019-03-13,11341.7,15.2775,15.072,0
2019-03-14,11343.25,15.15,15.257,0
2019-03-15,11426.85,15.865,15.657999999999998,0
2019-03-18,11462.2,16.9,15.937000000000001,0
2019-03-19,11532.4,16.4925,16.088,0
2019-03-20,11521.05,16.0325,16.313,0
2019-03-22,11456.9,16.275,16.4745,0
2019-03-25,11354.25,16.6725,16.391499999999997,0
2019-03-26,11483.25,16.485,16.502499999999998,0
2019-03-27,11445.05,17.0475,16.6265,0
2019-03-28,11570.0,16.6525,16.8085,0
2019-03-29,11623.9,17.185,17.075,0
2019-04-01,11669.15,18.005,17.3945,1
2019-04-02,11713.2,18.0825,17.741500000000002,1
2019-04-03,11643.95,18.7825,18.141,1
2019-04-04,11598.0,18.65,18.3825,1
2019-04-05,11665.95,18.3925,18.812,1
2019-04-08,11604.5,20.1525,19.2515,1
2019-04-09,11671.95,20.28,19.720999999999997,1
2019-04-10,11584.3,21.13,20.182499999999997,1
2019-04-11,11596.7,20.9575,20.7035,1
2019-04-12,11643.45,20.9975,20.950499999999998,1
2019-04-15,11690.35,21.3875,21.232999999999997,1
2019-04-16,11787.15,21.6925,21.554,1
2019-04-18,11752.8,22.735,22.1725,1
2019-04-22,11594.45,24.05,22.901999999999997,1
2019-04-23,11575.95,24.645,23.366999999999997,1
2019-04-24,11726.15,23.7125,23.675,1
2019-04-25,11641.8,23.2325,23.4715,1
2019-04-26,11754.65,21.7175,23.027,1
2019-04-30,11748.15,21.8275,22.6945,1
2019-05-02,11724.75,22.9825,22.7585,1
2019-05-03,11712.25,24.0325,23.398500000000002,1
2019-05-06,11598.25,26.4325,24.3505,1
2019-05-07,11497.9,26.4775,25.258,1
2019-05-08,11359.45,26.365,25.758499999999998,1
2019-05-09,11301.8,25.485,26.219,1
2019-05-10,11278.9,26.335,26.409,1
2019-05-13,11148.2,27.3825,26.54,1
2019-05-14,11222.05,27.1325,26.9985,1
2019-05-15,11157.0,28.6575,27.575499999999998,1
2019-05-16,11257.1,28.37,27.9235,1
2019-05-17,11407.15,28.075,27.182,1
2019-05-20,11828.25,23.675,26.886000000000003,1
2019-05-21,11709.1,25.6525,26.681,1
2019-05-22,11737.9,27.6325,24.887999999999998,1
2019-05-23,11657.05,19.405,22.5665,1
2019-05-24,11844.1,16.4675,21.069499999999998,1
2019-05-27,11924.75,16.19,19.1235,1
2019-05-28,11928.75,15.9225,16.8785,0
2019-05-29,11861.1,16.4075,16.1195,0
2019-05-30,11945.9,15.61,16.039499999999997,0
2019-05-31,11922.8,16.0675,15.995,0
2019-06-03,12088.55,15.9675,15.936000000000002,0
2019-06-04,12021.65,15.6275,15.7595,0
2019-06-06,11843.75,15.525,15.609,0
2019-06-07,11870.65,14.8575,15.3905,0
2019-06-10,11922.7,14.975,15.094999999999999,0
2019-06-11,11965.6,14.49,14.794,0
2019-06-12,11906.2,14.1225,14.421000000000001,0
2019-06-13,11914.05,13.66,14.2285,0
2019-06-14,11823.3,13.895,14.163499999999999,0
2019-06-17,11672.15,14.65,14.185500000000001,0
2019-06-18,11691.5,14.6,14.306999999999999,0
2019-06-19,11691.45,14.73,14.375,0
2019-06-20,11831.75,14.0,14.518,0
2019-06-21,11724.1,14.61,14.632499999999999,0
2019-06-24,11699.65,15.2225,14.714500000000001,0
2019-06-25,11796.45,15.01,14.7185,0
2019-06-26,11847.55,14.75,14.8475,0
2019-06-27,11841.55,14.645,14.916,0
2019-06-28,11788.85,14.9525,14.792000000000002,0
2019-07-01,11865.6,14.6025,14.639999999999997,0
2019-07-02,11910.3,14.25,14.428999999999998,0
2019-07-03,11916.75,13.695,14.206,0
2019-07-04,11946.75,13.53,13.8285,0
2019-07-05,11811.15,13.065,13.6785,0
2019-07-08,11558.6,13.8525,13.565999999999999,0
2019-07-09,11555.9,13.6875,13.553999999999998,0
2019-07-10,11498.9,13.635,13.341999999999999,0
2019-07-11,11582.9,12.47,13.128499999999999,0
2019-07-12,11552.5,11.9975,12.762,0
2019-07-15,11588.35,12.02,12.336500000000001,0
2019-07-16,11662.6,11.56,11.9695,0
2019-07-17,11687.5,11.8,11.8255,0
2019-07-18,11596.9,11.75,11.929,0
2019-07-19,11419.25,12.515,12.126999999999999,0
2019-07-22,11346.2,13.01,12.5005,0
2019-07-23,11331.05,13.4275,12.692499999999999,0
2019-07-24,11271.3,12.76,12.869499999999999,0
2019-07-25,11252.15,12.635,12.793000000000001,0
2019-07-26,11284.3,12.1325,12.8035,0
2019-07-29,11189.2,13.0625,12.8405,0
2019-07-30,11085.4,13.6125,13.006499999999999,0
2019-07-31,11118.0,13.59,13.391,0
2019-08-01,10980.0,14.5575,14.002,0
2019-08-02,10997.35,15.1875,14.7065,0
2019-08-05,10862.6,16.585,15.208000000000002,0
2019-08-06,10948.25,16.12,15.838,0
2019-08-07,10855.5,16.74,16.145000000000003,0
2019-08-08,11032.45,16.0925,16.276500000000002,0
2019-08-09,11109.65,15.845,16.515,0
2019-08-13,10925.85,17.7775,16.5625,0
2019-08-14,11029.4,16.3575,16.544,0
2019-08-16,11047.8,16.6475,16.675,0
2019-08-19,11053.9,16.7475,16.832500000000003,0
2019-08-20,11017.0,16.6325,16.6815,0
2019-08-21,10918.7,17.0225,16.9805,0
2019-08-22,10741.35,17.8525,17.1205,0
2019-08-23,10829.35,17.3475,17.102,0
2019-08-26,11057.85,16.655,16.9775,0
2019-08-27,11105.35,16.01,16.94,0
2019-08-28,11046.1,16.835,16.654500000000002,0
2019-08-29,10948.3,16.425,16.4415,0
2019-08-30,11023.25,16.2825,16.7215,0
2019-09-03,10797.9,18.055,16.9665,0
2019-09-04,10844.65,17.235,17.054000000000002,0
2019-09-05,10847.9,17.2725,17.023999999999997,0
2019-09-06,10946.2,16.275,16.938,0
2019-09-09,11003.05,15.8525,16.4015,0
2019-09-11,11035.7,15.3725,15.9345,0
2019-09-12,10982.8,14.9,15.303999999999998,0
2019-09-13,11075.9,14.12,15.0395,0
2019-09-16,11003.5,14.9525,15.0725,0
2019-09-17,10817.6,16.0175,15.0685,0
2019-09-18,10840.65,15.3525,15.1985,0
2019-09-19,10704.8,15.55,15.4545,0
2019-09-20,11274.2,15.4,15.8225,0
2019-09-23,11600.2,16.7925,15.9655,0
2019-09-24,11588.2,16.7325,16.128999999999998,0
2019-09-25,11440.2,16.17,16.2875,0
2019-09-26,11571.2,16.3425,16.430500000000002,0
2019-09-27,11512.4,16.115,16.2465,0
2019-09-30,11474.45,15.8725,16.2515,0
2019-10-01,11359.9,16.7575,16.558,0
2019-10-03,11314.0,17.7025,16.805500000000002,0
2019-10-04,11174.75,17.58,17.148500000000002,0
2019-10-07,11126.4,17.83,17.405,1
2019-10-09,11313.3,17.155,17.499000000000002,1
2019-10-10,11234.55,17.2275,17.386499999999998,1
2019-10-11,11305.05,17.14,17.3565,1
2019-10-14,11341.15,17.43,17.160500000000003,0
2019-10-15,11428.3,16.85,17.0015,0
2019-10-16,11464.0,16.36,16.7315,0
2019-10-17,11586.35,15.8775,16.488999999999997,0
2019-10-18,11661.85,15.9275,16.365,0
2019-10-22,11588.35,16.81,16.302,0
2019-10-23,11604.1,16.535,16.278,0
2019-10-24,11582.6,16.24,16.1655,0
2019-10-25,11583.9,15.315,16.097,0
2019-10-27,11627.15,15.585,16.019,0
2019-10-29,11786.85,16.42,16.0435,0
2019-10-30,11844.1,16.6575,16.0515,0
2019-10-31,11877.45,16.28,16.135,0
2019-11-01,11890.6,15.7325,16.203,0
2019-11-04,11941.3,15.925,16.1025,0
2019-11-05,11917.2,15.9175,15.925999999999998,0
2019-11-06,11966.05,15.775,15.711500000000001,0
2019-11-07,12012.05,15.2075,15.736,0
2019-11-08,11908.15,15.855,15.800999999999998,0
2019-11-11,11913.45,16.25,15.91,0
2019-11-13,11840.45,16.4625,15.885,0
2019-11-14,11872.1,15.65,15.8495,0
2019-11-15,11895.45,15.03,15.8295,0
2019-11-18,11884.5,15.755,15.662,0
2019-11-19,11940.1,15.4125,15.401499999999999,0
2019-11-20,11999.1,15.16,15.266499999999999,0
2019-11-21,11968.4,14.975,15.235,0
2019-11-22,11914.4,14.8725,15.0845,0
2019-11-25,12073.75,15.0025,14.9695,0
2019-11-26,12037.7,14.8375,14.861,0
2019-11-27,12100.7,14.6175,14.663499999999999,0
2019-11-28,12151.15,13.9875,14.4685,0
2019-11-29,12056.05,13.8975,14.3085,0
2019-12-02,12048.2,14.2025,14.253499999999999,0
2019-12-03,11994.2,14.5625,13.994499999999999,0
2019-12-04,12043.2,13.3225,14.058000000000002,0
2019-12-05,12018.4,14.305,14.006499999999999,0
2019-12-06,11921.5,13.64,14.0855,0
2019-12-09,11937.5,14.5975,14.031,0
2019-12-10,11856.8,14.29,14.041999999999998,0
2019-12-11,11910.15,13.3775,13.8505,0
2019-12-12,11971.8,13.3475,13.782499999999999,0
2019-12-13,12086.7,13.3,13.546000000000001,0
2019-12-16,12053.95,13.415,13.1915,0
2019-12-17,12165.0,12.5175,12.983500000000001,0
2019-12-18,12221.65,12.3375,12.7385,0
2019-12-19,12259.7,12.1225,12.543499999999998,0
2019-12-20,12271.8,12.325,12.251999999999999,0
2019-12-23,12262.75,11.9575,12.0735,0
2019-12-24,12214.55,11.625,11.8305,0
2019-12-26,12126.55,11.1225,11.511,0
2019-12-27,12245.8,10.525,11.2475,0
2019-12-30,12255.85,11.0075,11.189499999999999,0
2019-12-31,12168.45,11.6675,11.184000000000001,0
2020-01-01,12182.5,11.5975,11.257499999999999,0
2020-01-02,12282.2,11.49,11.6915,0
2020-01-03,12226.65,12.695,12.4455,0
2020-01-06,11993.05,14.7775,13.034,0
2020-01-07,12052.95,14.61,13.842500000000001,0
2020-01-08,12025.35,15.64,14.344,0
2020-01-09,12215.9,13.9975,14.620499999999998,0
2020-01-10,12256.8,14.0775,14.52,0
2020-01-13,12329.55,14.275,14.380500000000001,0
2020-01-14,12362.3,13.9125,14.0765,0
2020-01-15,12343.3,14.12,14.113499999999998,0
2020-01-16,12355.5,14.1825,14.123499999999998,0
2020-01-17,12352.35,14.1275,14.3505,0
2020-01-20,12224.55,15.41,14.7405,0
2020-01-21,12169.85,15.8625,15.1885,0
2020-01-22,12106.9,16.36,15.523000000000001,0
2020-01-23,12180.35,15.855,15.8095,0
2020-01-24,12248.25,15.56,16.1625,0
2020-01-27,12119.0,17.175,16.4495,0
2020-01-28,12055.8,17.2975,16.477,0
2020-01-29,12129.5,16.4975,16.6655,0
2020-01-30,12035.8,16.7975,17.026999999999997,0
2020-01-31,11962.1,17.3675,16.959,0
2020-02-01,11661.85,16.835,16.656,0
2020-02-03,11707.9,15.7825,16.232499999999998,0
2020-02-04,11979.65,14.38,15.7075,0
2020-02-05,12089.15,14.1725,14.99,0
2020-02-06,12137.95,13.78,14.372499999999999,0
2020-02-07,12098.35,13.7475,14.057999999999998,0
2020-02-10,12031.5,14.21,13.958000000000002,0
2020-02-11,12107.9,13.88,13.848000000000003,0
2020-02-12,12201.2,13.6225,13.766,0
2020-02-13,12174.65,13.37,13.739500000000001,0
2020-02-14,12113.45,13.615,13.7805,0
2020-02-17,12045.8,14.415,13.9065,0
2020-02-18,11992.5,14.51,13.986499999999998,0
2020-02-19,12125.9,14.0225,14.0525,0
2020-02-20,12080.85,13.7,14.729000000000003,0
2020-02-24,11829.4,16.9975,15.2255,0
2020-02-25,11797.9,16.8975,15.9755,0
2020-02-26,11678.5,18.26,16.724,0
2020-02-27,11633.3,17.765,18.631,1
2020-02-28,11201.75,23.235,20.272,1
2020-03-02,11132.75,25.2025,21.801000000000002,1
2020-03-03,11303.3,24.5425,22.994,1
2020-03-04,11251.0,24.225,24.0905,1
2020-03-05,11269.0,23.2475,24.572,1
2020-03-06,10989.45,25.6425,25.6915,1
2020-03-09,10451.45,30.8,27.094,1
2020-03-11,10458.4,31.555,30.4815,1
2020-03-12,9590.15,41.1625,36.1265,1
2020-03-13,9955.2,51.4725,42.772999999999996,1
2020-03-16,9197.4,58.875,49.198,1
2020-03-17,8967.05,62.925,55.678,1
2020-03-18,8468.8,63.955,61.885000000000005,1
2020-03-19,8263.45,72.1975,65.01050000000001,1
2020-03-20,8745.45,67.1,67.6325,1
2020-03-23,7610.25,71.985,71.769,1
2020-03-24,7801.05,83.6075,74.503,1
2020-03-25,8317.85,77.625,74.37,1
2020-03-26,8641.45,71.5325,75.027,1
2020-03-27,8660.25,70.385,75.00800000000001,1
2020-03-30,8281.1,71.89,71.168,1
2020-03-31,8597.75,64.4075,67.6535,1
2020-04-01,8253.8,60.0525,64.4075,1
2020-04-03,8083.8,55.3025,60.6905,1
2020-04-07,8792.2,51.8,56.761,1
2020-04-08,8748.75,52.2425,53.8285,1
2020-04-09,9111.9,49.745,52.109500000000004,1
2020-04-13,8993.85,51.4575,50.995999999999995,1
2020-04-15,8925.3,49.735,49.855000000000004,1
2020-04-16,8992.8,46.095,47.925,1
2020-04-17,9266.75,42.5925,46.666999999999994,1
2020-04-20,9261.85,43.455,45.415,1
2020-04-21,8981.45,45.1975,44.0325,1
2020-04-22,9187.3,42.8225,42.659499999999994,1
2020-04-23,9313.9,39.23,41.9645,1
2020-04-24,9154.4,39.1175,40.882,1
2020-04-27,9282.3,38.0425,38.91349999999999,1
2020-04-28,9380.9,35.355,37.116499999999995,1
2020-04-29,9553.35,33.8375,36.068,1
2020-04-30,9859.9,33.9875,36.9785,1
2020-05-04,9293.5,43.67,38.091499999999996,1
2020-05-05,9205.6,43.6075,39.27,1
2020-05-06,9270.9,41.2475,40.4885,1
2020-05-07,9199.05,39.93,41.372499999999995,1
2020-05-08,9251.5,38.4075,40.246,1
2020-05-11,9239.2,38.0375,39.165499999999994,1
2020-05-12,9196.55,38.205,38.683,1
2020-05-13,9383.55,38.835,38.3335,1
2020-05-14,9142.75,38.1825,38.2555,1
2020-05-15,9136.85,38.0175,38.831,1
2020-05-18,8823.25,40.915,39.0805,1
2020-05-19,8879.1,39.4525,38.4755,1
2020-05-20,9066.55,35.81,37.43599999999999,1
2020-05-21,9106.25,32.985,36.308,1
2020-05-22,9039.25,32.3775,34.419,1
2020-05-26,9029.05,31.47,32.783,1
2020-05-27,9314.95,31.2725,31.6245,1
2020-05-28,9490.1,30.0175,31.071500000000004,1
2020-05-29,9580.3,30.22,30.7445,1
2020-06-01,9826.15,30.7425,30.4735,1
2020-06-02,9979.1,30.115,30.2275,1
2020-06-03,10061.55,30.0425,30.162,1
2020-06-04,10029.1,29.69,29.854000000000003,1
2020-06-05,10142.15,28.68,29.634999999999998,1
2020-06-08,10167.45,29.6475,29.653,1
2020-06-09,10046.65,30.205,29.532,1
2020-06-10,10116.15,29.4375,29.526,1
2020-06-11,9902.0,29.66,29.954500000000003,1
2020-06-12,9972.9,30.8225,30.540499999999998,1
2020-06-15,9813.7,32.5775,31.0925,1
2020-06-16,9914.0,32.965,31.875999999999998,1
2020-06-17,9881.15,33.355,32.235,1
2020-06-18,10091.65,31.455,32.063500000000005,1
2020-06-19,10244.4,29.965,31.639999999999997,1
2020-06-22,10311.2,30.46,30.915,1
2020-06-23,10471.0,29.34,30.1595,1
2020-06-24,10305.3,29.5775,29.814,1
2020-06-25,10288.9,29.7275,29.568,1
2020-06-26,10383.0,28.735,29.258,1
2020-06-29,10312.4,28.91,29.2135,1
2020-06-30,10302.1,29.1175,28.9215,1
2020-07-01,10430.05,28.1175,28.277499999999996,1
2020-07-02,10551.7,26.5075,27.683999999999997,1
2020-07-03,10607.35,25.7675,26.9415,1
2020-07-06,10763.65,25.1975,26.1385,1
2020-07-07,10799.65,25.1025,25.735000000000003,1
2020-07-08,10705.75,26.1,25.416,1
2020-07-09,10813.45,24.9125,25.250999999999998,1
2020-07-10,10768.05,24.9425,25.262,1
2020-07-13,10802.7,25.2525,25.569,1
2020-07-14,10607.35,26.6375,25.607,1
2020-07-15,10618.2,26.29,25.697000000000003,1
2020-07-16,10739.95,25.3625,25.54,1
2020-07-17,10901.7,24.1575,25.432,1
2020-07-20,11022.2,24.7125,24.990000000000002,1
2020-07-21,11162.25,24.4275,24.708999999999996,1
2020-07-22,11132.6,24.885,24.5645,1
2020-07-23,11215.45,24.64,24.64,1
2020-07-24,11194.15,24.535,24.701,1
2020-07-27,11131.8,25.0175,24.544,1
2020-07-28,11300.55,23.6425,24.3895,1
2020-07-29,11202.85,24.1125,24.407,1
2020-07-30,11102.15,24.7275,24.3385,1
2020-07-31,11073.45,24.1925,24.371999999999996,1
2020-08-03,10891.6,25.185,24.4065,1
2020-08-04,11095.25,23.815,24.2975,1
2020-08-05,11101.65,23.5675,23.982,1
2020-08-06,11200.15,23.15,23.659,1
2020-08-07,11214.05,22.5775,23.124,1
2020-08-10,11270.15,22.51,22.633,1
2020-08-11,11322.5,21.36,22.0885,1
2020-08-12,11308.4,20.845,21.571999999999996,1
2020-08-13,11300.45,20.5675,21.391000000000002,1
2020-08-14,11178.4,21.6725,21.1505,1
2020-08-17,11247.1,21.3075,20.9645,1
2020-08-18,11385.35,20.43,20.787,1
2020-08-19,11408.4,19.9575,20.797000000000004,1
2020-08-20,11312.2,20.6175,20.45,1
2020-08-21,11371.6,19.9375,20.0345,1
2020-08-24,11466.45,19.23,19.811500000000002,1
2020-08-25,11472.25,19.315,19.680500000000002,1
2020-08-26,11549.6,19.3025,19.336,1
2020-08-27,11559.25,18.895,19.018,1
2020-08-28,11647.6,18.3475,19.739,1
2020-08-31,11387.5,22.835,20.235999999999997,1
2020-09-01,11470.25,21.8,20.5965,1
2020-09-02,11535.0,21.105,20.918,1
2020-09-03,11527.45,20.5025,21.679000000000002,1
2020-09-04,11333.85,22.1525,21.5135,1
2020-09-07,11355.05,22.0075,21.698,1
2020-09-08,11317.35,22.7225,21.923,1
2020-09-09,11278.0,22.23,22.075,1
2020-09-10,11449.25,21.2625,21.787,1
2020-09-11,11464.45,20.7125,21.6235,1
2020-09-14,11440.05,21.19,21.198500000000003,1
2020-09-15,11521.8,20.5975,20.6845,1
2020-09-16,11604.55,19.66,20.452,1
2020-09-17,11516.1,20.1,20.318500000000004,1
2020-09-18,11504.95,20.045,20.518,1
2020-09-21,11250.55,22.1875,20.680500000000002,1
2020-09-22,11153.65,21.41,20.9465,1
2020-09-23,11131.85,20.99,21.6285,1
2020-09-24,10805.55,23.51,21.7545,1
2020-09-25,11050.25,20.675,21.2315,1
2020-09-28,11227.55,19.5725,20.904500000000002,1
2020-09-29,11222.4,19.775,20.6125,1
2020-09-30,11247.55,19.53,19.5805,1
2020-10-01,11416.95,18.35,19.3865,1
2020-10-05,11503.35,19.705,19.399,1
2020-10-06,11662.4,19.635,19.456,1
2020-10-07,11738.85,20.06,19.625999999999998,1
2020-10-08,11834.6,20.38,20.032,1
2020-10-09,11914.2,20.38,20.316499999999998,1
2020-10-12,11930.95,21.1275,20.5325,1
2020-10-13,11934.5,20.715,20.5625,1
2020-10-14,11971.05,20.21,20.898,1
2020-10-15,11680.35,22.0575,21.151,1
2020-10-16,11762.45,21.645,21.289,1
2020-10-19,11873.05,21.8175,21.684,1
2020-10-20,11896.8,22.69,22.225,1
2020-10-21,11937.65,22.915,22.3405,1
2020-10-22,11896.45,22.635,22.377000000000002,1
2020-10-23,11930.35,21.8275,22.580000000000002,1
2020-10-26,11767.75,22.8325,22.481,1
2020-10-27,11889.4,22.195,22.554000000000002,1
2020-10-28,11729.6,23.28,22.8315,1
2020-10-29,11670.8,24.0225,23.416500000000003,1
2020-10-30,11642.4,24.7525,23.892,1
2020-11-02,11669.15,25.21,24.301,1
2020-11-03,11813.5,24.24,24.285,1
2020-11-04,11908.5,23.2,23.6735,1
2020-11-05,12120.3,20.965,22.822499999999998,1
2020-11-06,12263.55,20.4975,21.803,1
2020-11-09,12461.05,20.1125,21.270500000000002,1
2020-11-10,12631.1,21.5775,21.037,1
2020-11-11,12749.15,22.0325,20.968,1
2020-11-12,12690.8,20.62,20.809,1
2020-11-13,12719.95,19.7025,20.6125,1
2020-11-14,12780.25,19.13,20.2575,1
2020-11-17,12874.2,19.8025,19.675,1
2020-11-18,12938.25,19.12,19.464999999999996,1
2020-11-19,12771.7,19.57,19.448,1
2020-11-20,12859.05,19.6175,19.7815,1
2020-11-23,12926.45,20.7975,20.032500000000002,1
2020-11-24,13055.15,21.0575,20.834,1
2020-11-25,12858.4,23.1275,20.924500000000002,1
2020-11-26,12987.0,20.0225,20.9645,1
2020-11-27,12968.95,19.8175,20.841500000000003,1
2020-12-01,13109.05,20.1825,20.6115,1
2020-12-02,13113.75,19.9075,19.786,1
2020-12-03,13133.9,19.0,19.386999999999997,1
2020-12-04,13258.55,18.0275,19.0285,1
2020-12-07,13355.75,18.025,18.7155,1
2020-12-08,13392.95,18.6175,18.517999999999997,1
2020-12-09,13529.1,18.92,18.460500000000003,1
2020-12-10,13478.3,18.7125,18.613,1
2020-12-11,13513.85,18.79,18.8885,1
2020-12-14,13558.15,19.4025,19.034,1
2020-12-15,13567.85,19.345,19.09,1
2020-12-16,13682.7,19.2,19.179,1
2020-12-17,13740.7,19.1575,19.1455,1
2020-12-18,13760.55,18.6225,19.903,1
2020-12-21,13328.4,23.19,20.431,1
2020-12-22,13466.3,21.985,20.689999999999998,1
2020-12-23,13601.1,20.495,20.851999999999997,1
2020-12-24,13749.25,19.9675,21.213,1
2020-12-28,13873.2,20.4275,20.732999999999997,1
2020-12-29,13932.6,20.79,20.558,1
2020-12-30,13981.95,21.11,20.677999999999997,1
2020-12-31,13981.75,21.095,20.5965,1
2021-01-01,14018.5,19.56,20.517,1
2021-01-04,14132.9,20.03,20.451,1
2021-01-05,14199.5,20.46,20.428,1
2021-01-06,14146.25,20.995,20.332,1
2021-01-07,14137.35,20.615,20.548000000000002,1
2021-01-08,14347.25,20.64,21.0185,1
2021-01-11,14484.75,22.3825,21.496,1
2021-01-12,14563.45,22.8475,21.9555,1
2021-01-13,14564.85,23.2925,22.438,1
2021-01-14,14595.6,23.0275,23.112000000000002,1
2021-01-15,14433.7,24.01,23.5145,1
2021-01-18,14281.3,24.395,23.5245,1
2021-01-19,14521.15,22.8975,23.176,1
2021-01-20,14644.7,21.55,23.0065,1
2021-01-21,14590.35,22.18,22.689,1
2021-01-22,14371.9,22.4225,22.459,1
2021-01-25,14238.9,23.245,22.758000000000003,1
2021-01-27,13967.5,24.3925,23.306,1
2021-01-28,13817.55,24.29,23.938499999999998,1
2021-01-29,13634.6,25.3425,24.1185,1
2021-02-01,14281.2,23.3225,24.1385,1
2021-02-02,14647.85,23.345,24.009,1
2021-02-03,14789.95,23.745,23.7755,1
2021-02-04,14895.65,23.1225,23.39,1
2021-02-05,14924.25,23.415,23.517,1
2021-02-08,15115.8,23.9575,23.701999999999998,1
2021-02-09,15109.3,24.27,23.7435,1
2021-02-10,15106.5,23.9525,23.727999999999998,1
2021-02-11,15173.3,23.045,23.4535,1
2021-02-12,15163.3,22.0425,22.957,1
2021-02-15,15314.7,21.475,22.459000000000003,1
2021-02-16,15313.45,21.78,21.9695,1
2021-02-17,15208.9,21.505,21.669000000000004,1
2021-02-18,15118.95,21.5425,21.710500000000003,1
2021-02-19,14981.75,22.25,22.5095,1
2021-02-22,14675.7,25.47,23.198999999999998,1
2021-02-23,14707.8,25.2275,23.7315,1
2021-02-24,14982.0,24.1675,24.0015,1
2021-02-25,15097.35,22.8925,25.18,1
2021-02-26,14529.15,28.1425,25.211,1
2021-03-01,14761.55,25.625,24.8865,1
2021-03-02,14919.1,23.605,24.470999999999997,1
2021-03-03,15245.6,22.09,24.7225,1
2021-03-04,15080.75,24.15,24.206,1
2021-03-05,14938.1,25.56,24.016,1
2021-03-08,14956.2,24.675,23.794,1
2021-03-09,15098.4,22.495,23.5255,1
2021-03-10,15174.8,20.7475,23.037,1
2021-03-12,15030.95,21.7075,22.170499999999997,1
2021-03-15,14929.5,21.2275,21.273500000000002,1
2021-03-16,14910.45,20.19,20.806,1
2021-03-17,14721.3,20.1575,20.672499999999996,1
2021-03-18,14557.85,20.08,20.3285,1
2021-03-19,14744.0,19.9875,20.1815,1
2021-03-22,14736.4,20.4925,20.276500000000002,1
2021-03-23,14814.75,20.665,20.735999999999997,1
2021-03-24,14549.4,22.455,21.259499999999996,1
2021-03-25,14324.9,22.6975,21.392,1
2021-03-26,14507.3,20.65,21.3905,1
2021-03-30,14845.1,20.485,21.386499999999998,1
2021-03-31,14690.7,20.645,20.893,1
2021-04-01,14867.35,19.9875,20.5965,1
2021-04-05,14637.8,21.215,20.6345,1
2021-04-06,14683.5,20.84,20.587,1
2021-04-07,14819.05,20.2475,20.520500000000002,1
2021-04-08,14873.8,20.3125,20.48,1
2021-04-09,14834.85,19.785,20.836000000000002,1
2021-04-12,14310.8,22.995,20.759999999999998,1
2021-04-13,14504.8,20.46,20.8885,1
2021-04-15,14581.45,20.89,20.9065,1
2021-04-16,14617.85,20.4025,21.4465,1
2021-04-19,14359.45,22.485,21.3325,1
2021-04-20,14296.4,22.425,21.8455,1
2021-04-22,14406.15,23.025,22.2055,1
2021-04-23,14341.35,22.69,22.824,1
2021-04-26,14485.0,23.495,22.9435,1
2021-04-27,14653.05,23.0825,22.9745,1
2021-04-28,14864.55,22.58,23.0305,1
2021-04-29,14894.9,23.305,23.098,1
2021-04-30,14631.1,23.0275,23.1375,1
2021-05-03,14634.15,23.6925,23.122999999999998,1
2021-05-04,14496.5,23.01,22.9995,1
2021-05-05,14617.85,21.9625,22.7455,1
2021-05-06,14724.8,22.035,22.3045,1
2021-05-07,14823.15,20.8225,21.611,1
2021-05-10,14942.35,20.225,20.975,1
2021-05-11,14850.75,19.83,20.598499999999998,1
2021-05-12,14696.5,20.08,20.244999999999997,1
2021-05-14,14677.8,20.2675,20.002,1
2021-05-17,14923.15,19.6075,19.805,1
2021-05-18,15108.1,19.24,19.7025,1
2021-05-19,15030.15,19.3175,19.617,1
2021-05-20,14906.05,19.6525,19.3795,1
2021-05-21,15175.3,19.08,19.284,1
2021-05-24,15197.7,19.13,19.204500000000003,1
2021-05-25,15208.45,18.8425,19.515499999999996,1
2021-05-26,15301.45,20.8725,19.567,1
2021-05-27,15337.85,19.91,19.2315,1
2021-05-28,15435.65,17.4025,18.7825,1
2021-05-31,15582.8,16.885,18.4915,1
2021-06-01,15574.85,17.3875,17.759000000000004,1
2021-06-02,15576.2,17.21,16.926,0
2021-06-03,15690.35,15.745,16.633499999999998,0
2021-06-04,15670.25,15.94,16.37,0
2021-06-07,15751.65,15.5675,15.9375,0
2021-06-08,15740.1,15.225,15.446000000000002,0
2021-06-09,15635.35,14.7525,15.2975,0
2021-06-10,15737.75,15.0025,14.930000000000001,0
2021-06-11,15799.35,14.1025,14.7595,0
2021-06-14,15811.85,14.715,14.635499999999999,0
2021-06-15,15869.25,14.605,14.658000000000001,0
2021-06-16,15767.55,14.865,14.715,0
2021-06-17,15691.4,15.2875,14.854,0
2021-06-18,15683.35,14.7975,14.922999999999998,0
2021-06-21,15746.5,15.06,14.9495,0
2021-06-22,15772.75,14.7375,15.0495,0
2021-06-23,15686.95,15.365,15.011500000000002,0
2021-06-24,15790.45,15.0975,14.7255,0
2021-06-25,15860.35,13.3675,14.394,0
2021-06-28,15814.7,13.4025,14.047,0
2021-06-29,15748.45,13.0025,13.582999999999998,0
2021-06-30,15721.5,13.045,13.131499999999999,0
2021-07-01,15680.0,12.84,12.876,0
2021-07-02,15722.2,12.09,12.609,0
2021-07-05,15834.35,12.0675,12.4635,0
2021-07-06,15818.25,12.275,12.297,0
2021-07-07,15879.65,12.2125,12.440999999999999,0
2021-07-08,15727.9,13.56,12.611500000000001,0
2021-07-09,15689.8,12.9425,12.7965,0
2021-07-12,15692.6,12.9925,12.866,0
2021-07-13,15812.35,12.6225,12.941500000000001,0
2021-07-14,15853.95,12.59,12.6835,0
2021-07-15,15924.2,12.27,12.436,0
2021-07-16,15923.4,11.705,12.3735,0
2021-07-19,15752.4,12.68,12.49,0
2021-07-20,15632.1,13.205,12.349,0
2021-07-22,15824.05,11.885,12.247499999999999,0
2021-07-23,15856.05,11.7625,12.3965,0
2021-07-26,15824.45,12.45,12.507,0
2021-07-27,15746.45,13.2325,12.6045,0
2021-07-28,15709.4,13.6925,12.8165,0
2021-07-29,15778.45,12.945,13.0245,0
2021-07-30,15763.05,12.8025,13.095500000000001,0
2021-08-02,15885.15,12.805,13.198500000000001,0
2021-08-03,16130.75,13.7475,13.102500000000001,0
2021-08-04,16258.8,13.2125,13.088,0
2021-08-05,16294.6,12.8725,13.049000000000001,0
2021-08-06,16238.2,12.6075,13.009,0
2021-08-09,16258.25,12.605,12.8005,0
2021-08-10,16280.1,12.705,12.7005,0
2021-08-11,16282.25,12.7125,12.6005,0
2021-08-12,16364.4,12.3725,12.677000000000001,0
2021-08-13,16529.1,12.99,12.8475,0
2021-08-16,16563.05,13.4575,12.988999999999999,0
2021-08-17,16614.6,13.4125,13.0275,0
2021-08-18,16568.85,12.905,13.356,0
2021-08-20,16450.5,14.015,13.495000000000001,0
2021-08-23,16496.45,13.685,13.440999999999999,0
2021-08-24,16624.6,13.1875,13.457999999999998,0
2021-08-25,16634.65,13.4975,13.5845,0
2021-08-26,16636.9,13.5375,13.4625,0
2021-08-27,16705.2,13.405,13.389000000000001,0
2021-08-30,16931.05,13.3175,13.6555,0
2021-08-31,17132.2,14.52,13.793000000000001,0
2021-09-01,17076.25,14.185,13.9335,0
2021-09-02,17234.15,14.24,14.160999999999998,0
2021-09-03,17323.6,14.5425,14.5185,0
2021-09-06,17377.8,15.105,14.5935,0
2021-09-07,17362.1,14.895,14.638499999999999,0
2021-09-08,17353.5,14.41,14.579000000000002,0
2021-09-09,17369.25,13.9425,14.4755,0
2021-09-13,17355.3,14.025,14.1695,0
2021-09-14,17380.0,13.575,13.9365,0
2021-09-15,17519.45,13.73,13.937000000000001,0
2021-09-16,17629.5,14.4125,14.194999999999999,0
2021-09-17,17585.15,15.2325,14.888499999999999,0
2021-09-20,17396.9,17.4925,15.477500000000001,0
2021-09-21,17562.0,16.52,16.03,0
2021-09-22,17546.65,16.4925,16.468,0
2021-09-23,17822.95,16.6025,16.806,0
2021-09-24,17853.2,16.9225,16.918,0
2021-09-27,17855.1,18.0525,17.321,1
2021-09-28,17748.6,18.535,17.79,1
2021-09-29,17711.3,18.8375,18.15,1
2021-09-30,17618.15,18.4025,18.2075,1
2021-10-01,17532.05,17.21,17.944,1
2021-10-04,17691.25,16.735,17.5165,1
2021-10-05,17822.3,16.3975,17.2155,0
2021-10-06,17646.0,17.3325,16.766,0
2021-10-07,17790.35,16.155,16.454500000000003,0
2021-10-08,17895.2,15.6525,16.3245,0
2021-10-11,17945.95,16.085,16.2145,0
2021-10-12,17991.95,15.8475,15.968,0
2021-10-13,18161.75,16.1,15.8905,0
2021-10-14,18338.55,15.7675,16.197,0
2021-10-18,18477.05,17.185,16.4565,0
2021-10-19,18418.75,17.3825,16.9495,0
2021-10-20,18266.6,18.3125,17.3365,1
2021-10-21,18178.1,18.035,17.692,1
2021-10-22,18114.9,17.545,17.777,1
2021-10-25,18125.4,17.61,17.651,1
2021-10-26,18268.4,16.7525,17.354,1
2021-10-27,18210.95,16.8275,17.329500000000003,1
2021-10-28,17857.25,17.9125,17.305500000000002,1
2021-10-29,17671.65,17.425,17.2305,0
2021-11-01,17929.65,17.235,17.2925,1
2021-11-02,17888.95,17.0625,17.152,0
2021-11-03,17829.2,16.125,16.719,0
2021-11-04,17916.8,15.7475,16.502,0
2021-11-08,18068.55,16.34,16.2555,0
2021-11-09,18044.25,16.0025,16.104,0
2021-11-10,18017.2,16.305,16.1495,0
2021-11-11,17873.6,16.3525,16.0435,0
2021-11-12,18102.75,15.2175,15.868500000000001,0
2021-11-15,18109.45,15.465,15.706999999999999,0
2021-11-16,17999.2,15.195,15.441999999999998,0
2021-11-17,17898.65,14.98,15.143,0
2021-11-18,17764.8,14.8575,15.6035,0
2021-11-22,17416.55,17.52,16.1135,0
2021-11-23,17503.35,18.015,16.4935,0
2021-11-24,17415.05,17.095,16.830000000000002,0
2021-11-25,17536.25,16.6625,18.019,1
2021-11-26,17026.45,20.8025,18.681,1
2021-11-29,17053.95,20.83,19.311500000000002,1
2021-11-30,16983.2,21.1675,19.782,1
2021-12-01,17166.9,19.4475,20.067,1
2021-12-02,17401.65,18.0875,19.5975,1
2021-12-03,17196.7,18.455,19.447,1
2021-12-06,16912.25,20.0775,18.9055,1
2021-12-07,17176.7,18.46,18.469,1
2021-12-08,17469.75,17.265,18.172,1
2021-12-09,17516.85,16.6025,17.693,1
2021-12-10,17511.3,16.06,16.9915,0
2021-12-13,17368.25,16.57,16.69,0
2021-12-14,17324.9,16.9525,16.680500000000002,0
2021-12-15,17221.4,17.2175,16.538999999999998,0
2021-12-16,17248.4,15.895,16.5945,0
2021-12-17,16985.2,16.3375,17.073500000000003,0
2021-12-20,16614.2,18.965,17.1905,0
2021-12-21,16770.85,17.5375,17.063,0
2021-12-22,16955.45,16.58,17.049,0
2021-12-23,17072.6,15.825,17.011000000000003,0
2021-12-24,17003.75,16.1475,16.6415,0
2021-12-27,17086.25,17.1175,16.429000000000002,0
2021-12-28,17233.25,16.475,16.3615,0
2021-12-29,17213.6,16.2425,16.5095,0
2021-12-30,17203.95,16.565,16.5245,0
2021-12-31,17354.05,16.2225,16.3915,0
2022-01-03,17625.7,16.4525,16.320500000000003,0
2022-01-04,17805.25,16.12,16.517500000000002,0
2022-01-05,17925.25,17.2275,16.8,0
2022-01-06,17745.9,17.9775,17.076,0
2022-01-07,17812.7,17.6025,17.321,1
2022-01-10,18003.3,17.6775,17.648500000000002,1
2022-01-11,18055.75,17.7575,17.639499999999998,1
2022-01-12,18212.35,17.1825,17.384999999999998,1
2022-01-13,18257.8,16.705,17.1755,0
2022-01-14,18255.75,16.555,16.993000000000002,0
2022-01-17,18308.1,16.765,16.997500000000002,0
2022-01-18,18113.05,17.78,17.1245,0
2022-01-19,17938.4,17.8175,17.341500000000003,1
2022-01-20,17757.0,17.79,17.808,1
2022-01-21,17617.15,18.8875,19.02,1
2022-01-24,17149.1,22.825,19.7355,1
2022-01-25,17277.95,21.3575,20.384999999999998,1
2022-01-27,17110.15,21.065,20.966,1
2022-01-28,17101.95,20.695,21.579,1
2022-01-31,17339.85,21.9525,21.0095,1
2022-02-01,17576.85,19.9775,20.468,1
2022-02-02,17780.0,18.65,20.087,1
2022-02-03,17560.2,19.16,19.7275,1
2022-02-04,17516.3,18.8975,19.424500000000002,1
2022-02-07,17213.6,20.4375,19.366,1
2022-02-08,17266.75,19.685,19.347,1
2022-02-09,17463.8,18.555,19.057,1
2022-02-10,17605.85,17.71,19.0135,1
2022-02-11,17374.75,18.68,19.521499999999996,1
2022-02-14,16842.8,22.9775,19.707,1
2022-02-15,17352.45,20.6125,20.1145,1
2022-02-16,17322.2,20.5925,20.9735,1
2022-02-17,17304.6,22.005,21.670499999999997,1
2022-02-18,17276.3,22.165,21.6555,1
2022-02-21,17206.65,22.9025,22.865499999999997,1
2022-02-22,17092.2,26.6625,23.655499999999996,1
2022-02-23,17063.25,24.5425,25.651,1
2022-02-24,16247.95,31.9825,26.566000000000003,1
2022-02-25,16658.4,26.74,27.6995,1
2022-02-28,16793.9,28.57,28.2135,1
2022-03-02,16605.95,29.2325,28.936,1
2022-03-03,16498.05,28.155,28.131,1
2022-03-04,16245.35,27.9575,28.649,1
2022-03-07,15863.15,29.33,28.652499999999996,1
2022-03-08,16013.45,28.5875,28.299500000000002,1
2022-03-09,16345.35,27.4675,27.785000000000004,1
2022-03-10,16594.9,25.5825,27.2625,1
2022-03-11,16630.45,25.345,26.532,1
2022-03-14,16871.3,25.6775,26.160500000000003,1
2022-03-15,16663.0,26.73,25.490499999999997,1
2022-03-16,16975.35,24.1175,24.895999999999997,1
2022-03-17,17287.05,22.61,24.7515,1
2022-03-21,17117.6,24.6225,24.43,1
2022-03-22,17315.5,24.07,24.033499999999997,1
2022-03-23,17245.65,24.7475,23.996,1
2022-03-24,17222.75,23.93,24.160000000000004,1
2022-03-25,17153.0,23.43,23.7575,1
2022-03-28,17222.0,22.61,23.204,1
2022-03-29,17325.3,21.3025,22.3765,1
2022-03-30,17498.25,20.61,21.702499999999997,1
2022-03-31,17464.75,20.56,20.7035,1
2022-04-01,17670.45,18.435,19.762999999999998,1
2022-04-04,18053.4,17.9075,19.2,1
2022-04-05,17957.4,18.4875,18.8825,1
2022-04-06,17807.65,19.0225,18.57,1
2022-04-07,17639.55,18.9975,18.4205,1
2022-04-08,17784.35,17.6875,18.493000000000002,1
2022-04-11,17674.95,18.27,18.427,1
2022-04-12,17530.3,18.1575,18.179499999999997,1
2022-04-13,17475.65,17.785,18.247,1
2022-04-18,17173.65,19.335,18.664499999999997,1
2022-04-19,16958.65,19.775,18.744999999999997,1
2022-04-20,17136.55,18.6725,18.684,1
2022-04-21,17392.6,17.8525,18.7975,1
2022-04-22,17171.95,18.3525,19.182,1
2022-04-25,16953.95,21.2575,19.064500000000002,1
2022-04-26,17200.8,19.1875,19.451,1
2022-04-27,17038.4,20.605,19.756,1
2022-04-28,17245.05,19.3775,19.9685,1
2022-04-29,17102.55,19.415,19.7735,1
2022-05-02,17069.1,20.2825,20.311500000000002,1
2022-05-04,16677.6,21.8775,20.249000000000002,1
2022-05-05,16682.65,20.2925,20.6235,1
2022-05-06,16411.25,21.25,21.147,1
2022-05-09,16301.85,22.0325,21.551,1
2022-05-10,16240.05,22.3025,21.736,1
2022-05-11,16167.1,22.8025,22.5305,1
2022-05-12,15808.0,24.265,22.9775,1
2022-05-13,15782.15,23.485,23.476499999999998,1
2022-05-16,15842.3,24.5275,23.5645,1
2022-05-17,16259.3,22.7425,23.463,1
2022-05-18,16240.3,22.295,23.5215,1
2022-05-19,15809.4,24.5575,23.444499999999998,1
2022-05-20,16266.15,23.1,23.2185,1
2022-05-23,16214.7,23.3975,23.797000000000004,1
2022-05-24,16125.15,25.635,24.3945,1
2022-05-25,16025.8,25.2825,24.0265,1
2022-05-26,16170.15,22.7175,23.7025,1
2022-05-27,16352.45,21.48,23.019,1
2022-05-30,16661.4,19.98,21.9875,1
2022-05-31,16584.55,20.4775,21.1,1
2022-06-01,16522.75,20.845,20.6205,1
2022-06-02,16628.0,20.32,20.319499999999998,1
2022-06-03,16584.3,19.975,20.363999999999997,1
2022-06-06,16569.55,20.2025,20.353500000000004,1
2022-06-07,16416.35,20.425,20.152,1
2022-06-08,16356.25,19.8375,19.916,1
2022-06-09,16478.1,19.14,19.836,1
2022-06-10,16201.8,19.575,20.268499999999996,1
2022-06-13,15774.4,22.365,20.561,1
2022-06-14,15732.1,21.8875,21.023000000000003,1
2022-06-15,15692.15,22.1475,21.7685,1
2022-06-16,15360.6,22.8675,22.405,1
2022-06-17,15293.5,22.7575,22.4145,1
2022-06-20,15350.15,22.4125,22.2655,1
2022-06-21,15638.8,21.1425,22.096,1
2022-06-22,15413.3,21.3,21.698500000000003,1
2022-06-23,15556.65,20.88,21.257,1
2022-06-24,15699.25,20.55,20.9755,1
2022-06-27,15832.05,21.005,21.037,1
2022-06-28,15850.2,21.45,21.157,1
2022-06-29,15799.1,21.9,21.349,1
2022-06-30,15780.25,21.84,21.488999999999997,1
2022-07-01,15752.05,21.25,21.482499999999998,1
2022-07-04,15835.35,20.9725,21.35,1
2022-07-05,15810.85,20.7875,21.023500000000002,1
2022-07-06,15989.8,20.2675,20.496000000000002,1
2022-07-07,16132.9,19.2025,19.925,1
2022-07-08,16220.6,18.395,19.404000000000003,1
2022-07-11,16216.0,18.3675,18.956,1
2022-07-12,16058.3,18.5475,18.6065,1
2022-07-13,15966.65,18.52,18.433999999999997,1
2022-07-14,15938.65,18.34,18.2745,1
2022-07-15,16049.2,17.5975,18.032999999999998,1
2022-07-18,16278.5,17.16,17.764000000000003,1
2022-07-19,16340.55,17.2025,17.424500000000002,1
2022-07-20,16520.85,16.8225,17.128,0
2022-07-21,16605.25,16.8575,16.938499999999998,0
2022-07-22,16719.45,16.65,17.0425,0
2022-07-25,16631.0,17.68,17.236,0
2022-07-26,16483.85,18.17,17.4975,1
2022-07-27,16641.8,18.13,17.5285,1
2022-07-28,16929.6,17.0125,17.5085,1
2022-07-29,17158.25,16.55,17.4695,1
2022-08-01,17340.05,17.485,17.5415,1
2022-08-02,17345.45,18.53,17.6055,1
2022-08-03,17388.15,18.45,18.054499999999997,1
2022-08-04,17382.0,19.2575,18.5275,1
2022-08-05,17397.5,18.915,18.891,1
2022-08-08,17525.1,19.3025,19.1025,1
2022-08-10,17534.75,19.5875,19.083499999999997,1
2022-08-11,17659.0,18.355,18.7535,1
2022-08-12,17698.15,17.6075,18.5075,1
2022-08-16,17825.25,17.685,18.182499999999997,1
2022-08-17,17944.25,17.6775,17.735,1
2022-08-18,17956.5,17.35,17.721,1
2022-08-19,17758.45,18.285,18.006999999999998,1
2022-08-22,17490.7,19.0375,18.28,1
2022-08-23,17577.5,19.05,18.430500000000002,1
2022-08-24,17604.95,18.43,18.8745,1
2022-08-25,17522.45,19.57,18.860500000000002,1
2022-08-26,17558.9,18.215,19.017500000000002,1
2022-08-29,17312.9,19.8225,18.947499999999998,1
2022-08-30,17759.3,18.7,19.236,1
2022-09-01,17542.8,19.8725,19.232,1
2022-09-02,17539.45,19.55,19.521499999999996,1
2022-09-05,17665.8,19.6625,19.462,1
2022-09-06,17655.6,19.525,19.595499999999998,1
2022-09-07,17624.4,19.3675,19.282,1
2022-09-08,17798.75,18.305,18.9155,1
2022-09-09,17833.35,17.7175,18.5705,1
2022-09-12,17936.35,17.9375,18.1595,1
2022-09-13,18070.05,17.47,17.9415,1
2022-09-14,18003.75,18.2775,17.959,1
2022-09-15,17877.4,18.3925,18.380000000000003,1
2022-09-16,17530.85,19.8225,18.7805,1
2022-09-19,17622.25,19.94,19.046,1
2022-09-20,17816.25,18.7975,19.2555,1
2022-09-21,17718.35,19.325,19.34,1
2022-09-22,17629.8,18.815,19.494,1
2022-09-23,17327.35,20.5925,19.8845,1
2022-09-26,17016.3,21.8925,20.438499999999998,1
2022-09-27,17007.4,21.5675,20.9925,1
2022-09-28,16858.6,22.095,21.49,1
2022-09-29,16818.1,21.3025,21.365,1
2022-09-30,17094.35,19.9675,21.259499999999996,1
2022-10-03,16887.35,21.365,20.86,1
2022-10-04,17274.3,19.57,20.304,1
2022-10-06,17331.8,19.315,19.806,1
2022-10-07,17314.65,18.8125,19.737000000000002,1
2022-10-10,17241.0,19.6225,19.561999999999998,1
2022-10-11,16983.55,20.49,19.683,1
2022-10-12,17123.6,20.175,19.878,1
2022-10-13,17014.35,20.29,19.767000000000003,1
2022-10-14,17185.7,18.2575,19.526,1
2022-10-17,17311.8,18.4175,18.9185,1
2022-10-18,17486.95,17.4525,18.381,1
2022-10-19,17512.25,17.4875,17.7695,1
2022-10-20,17563.95,17.2325,17.574,1
2022-10-21,17576.3,17.28,17.375,1
2022-10-24,17730.75,17.4225,17.2605,1
2022-10-25,17656.35,16.88,17.0825,0
2022-10-27,17736.95,16.5975,16.820500000000003,0
2022-10-28,17786.8,15.9225,16.525,0
2022-10-31,18012.2,15.8025,16.266499999999997,0
2022-11-01,18145.4,16.13,16.223,0
2022-11-02,18082.85,16.6625,16.092,0
2022-11-03,18052.7,15.9425,16.0385,0
2022-11-04,18117.15,15.655,15.995000000000001,0
2022-11-07,18202.8,15.585,15.952000000000002,0
2022-11-09,18157.0,15.915,15.733,0
2022-11-10,18028.2,15.5675,15.4255,0
2022-11-11,18349.7,14.405,15.276499999999999,0
2022-11-14,18329.15,14.91,15.086500000000001,0
2022-11-15,18403.4,14.635,14.923499999999999,0
2022-11-16,18409.65,15.1,14.785499999999999,0
2022-11-17,18343.9,14.8775,14.782499999999999,0
2022-11-18,18307.65,14.39,14.76,0
2022-11-21,18159.95,14.7975,14.601499999999998,0
2022-11-22,18244.2,13.8425,14.39,0
2022-11-23,18267.25,14.0425,14.11,0
2022-11-24,18484.1,13.4775,13.898499999999999,0
2022-11-25,18512.75,13.3325,13.651999999999997,0
2022-11-28,18562.75,13.565,13.6065,0
2022-11-29,18618.05,13.615,13.5595,0
2022-11-30,18758.35,13.8075,13.535999999999998,0
2022-12-01,18812.5,13.36,13.5595,0
2022-12-02,18696.1,13.45,13.593,0
2022-12-05,18701.05,13.7325,13.6785,0
2022-12-06,18642.75,14.0425,13.732499999999998,0
2022-12-07,18560.5,14.0775,13.74,0
2022-12-08,18609.35,13.3975,13.745500000000002,0
2022-12-09,18496.6,13.4775,13.6625,0
2022-12-12,18497.15,13.3175,13.4305,0
2022-12-13,18608.0,12.8825,13.191999999999998,0
2022-12-14,18660.3,12.885,13.259,0
2022-12-15,18414.9,13.7325,13.377500000000001,0
2022-12-16,18269.0,14.07,13.4245,0
2022-12-19,18420.45,13.5525,13.604,0
2022-12-20,18385.3,13.78,14.139499999999998,0
2022-12-21,18199.1,15.5625,14.4305,0
2022-12-22,18127.35,15.1875,14.848500000000001,0
2022-12-23,17806.8,16.16,15.3245,0
2022-12-26,18014.6,15.9325,15.626499999999998,0
2022-12-27,18132.3,15.29,15.592999999999998,0
2022-12-28,18122.5,15.395,15.517999999999997,0
2022-12-29,18191.0,14.8125,15.2595,0
2022-12-30,18105.3,14.8675,15.01,0
2023-01-02,18197.45,14.685,14.828999999999999,0
2023-01-03,18232.55,14.385,14.789499999999999,0
2023-01-04,18042.95,15.1975,14.8235,0
2023-01-05,17992.15,14.9825,14.855,0
2023-01-06,17859.45,15.025,14.848499999999998,0
2023-01-09,18101.2,14.6525,15.0735,0
2023-01-10,17914.15,15.51,15.121,0
2023-01-11,17895.7,15.435,15.179499999999999,0
2023-01-12,17858.2,15.275,15.0665,0
2023-01-13,17956.6,14.46,15.1405,0
2023-01-16,17894.85,15.0225,14.9565,0
2023-01-17,18053.3,14.59,14.744,0
2023-01-18,18165.35,14.3725,14.481,0
2023-01-19,18107.85,13.96,14.3465,0
2023-01-20,18027.65,13.7875,14.0655,0
2023-01-23,18118.55,13.6175,13.879000000000001,0
2023-01-24,18118.3,13.6575,13.9355,0
2023-01-25,17891.95,14.655,14.607499999999998,0
2023-01-27,17604.35,17.32,15.392000000000001,0
2023-01-30,17648.95,17.71,16.0435,0
2023-01-31,17662.15,16.875,16.668,0
2023-02-01,17616.3,16.78,16.8835,0
2023-02-02,17610.4,15.7325,16.299,0
2023-02-03,17854.05,14.3975,15.6945,0
2023-02-06,17764.6,14.6875,15.144499999999999,0
2023-02-07,17721.5,14.125,14.507499999999999,0
2023-02-08,17871.7,13.595,13.969,0
2023-02-09,17893.45,13.04,13.638499999999999,0
2023-02-10,17856.5,12.745,13.437000000000001,0
2023-02-13,17770.9,13.68,13.3025,0
2023-02-14,17929.85,13.4525,13.1555,0
2023-02-15,18015.85,12.86,13.125499999999999,0
2023-02-16,18035.85,12.89,13.1935,0
2023-02-17,17944.2,13.085,13.134,0
2023-02-20,17844.6,13.3825,13.245000000000001,0
2023-02-21,17826.7,14.0075,13.7905,0
2023-02-22,17554.3,15.5875,14.227500000000001,0
2023-02-23,17511.25,15.075,14.4475,0
2023-02-24,17465.8,14.185,14.546000000000001,0
2023-02-27,17392.7,13.875,14.5485,0
2023-02-28,17303.95,14.02,14.029999999999998,0
2023-03-01,17450.9,12.995,13.609,0
2023-03-02,17321.9,12.97,13.207999999999998,0
2023-03-03,17594.35,12.18,12.886500000000002,0
2023-03-06,17711.45,12.2675,12.5725,0
2023-03-08,17754.4,12.45,12.5185,0
2023-03-09,17589.6,12.725,12.607,0
2023-03-10,17412.9,13.4125,13.413999999999998,0
2023-03-13,17154.3,16.215,14.203999999999999,0
2023-03-14,17043.3,16.2175,14.972999999999999,0
2023-03-15,16972.15,16.295,15.6715,0
2023-03-16,16985.6,16.2175,15.942499999999999,0
2023-03-17,17100.05,14.7675,15.901000000000002,0
2023-03-20,16988.4,16.0075,15.674000000000001,0
2023-03-21,17107.5,15.0825,15.376500000000002,0
2023-03-22,17151.9,14.8075,15.031,0
2023-03-23,17076.9,14.49,15.125499999999999,0
2023-03-24,16945.05,15.24,15.013,0
2023-03-27,16985.7,15.445,15.016500000000002,0
2023-03-28,16951.7,15.1,14.7805,0
2023-03-29,17080.7,13.6275,14.4695,0
2023-03-31,17359.75,12.935,13.9385,0
2023-04-03,17398.05,12.585,13.331999999999999,0
2023-04-05,17557.05,12.4125,12.6715,0
2023-04-06,17599.15,11.7975,12.400500000000001,0
2023-04-10,17624.05,12.2725,12.2085,0
2023-04-11,17722.3,11.975,12.146,0
2023-04-12,17812.4,12.2725,12.045,0
2023-04-13,17828.0,11.9075,12.1385,0
2023-04-17,17706.85,12.265,12.099,0
2023-04-18,17660.15,12.075,12.1345,0
2023-04-19,17618.75,12.1525,12.068000000000001,0
2023-04-20,17624.45,11.94,12.0125,0
2023-04-21,17624.05,11.63,11.892999999999999,0
2023-04-24,17743.4,11.6675,11.782,0
2023-04-25,17769.25,11.52,11.681999999999999,0
2023-04-26,17813.6,11.6525,11.579,0
2023-04-27,17915.05,11.425,11.442499999999999,0
2023-04-28,18065.0,10.9475,11.4885,0
2023-05-02,18147.65,11.8975,11.5525,0
2023-05-03,18089.85,11.84,11.5685,0
2023-05-04,18255.8,11.7325,11.7425,0
2023-05-05,18069.0,12.295,12.08,0
2023-05-08,18264.4,12.635,12.236,0
2023-05-09,18265.95,12.6775,12.4845,0
2023-05-10,18315.1,13.0825,12.781,0
2023-05-11,18297.0,13.215,12.892500000000002,0
2023-05-12,18314.8,12.8525,13.0,0
2023-05-15,18398.85,13.1725,13.123,0
2023-05-16,18286.5,13.2925,13.127500000000001,0
2023-05-17,18181.75,13.105,13.0435,0
2023-05-18,18129.95,12.795,12.9335,0
2023-05-19,18203.4,12.3025,12.812999999999999,0
2023-05-22,18314.4,12.57,12.6755,0
2023-05-23,18348.0,12.605,12.677000000000001,0
2023-05-24,18285.4,13.1125,12.622,0
2023-05-25,18321.15,12.52,12.541500000000001,0
2023-05-26,18499.35,11.9,12.487,0
2023-05-29,18598.65,12.2975,12.368,0
2023-05-30,18633.85,12.01,12.14,0
2023-05-31,18534.4,11.9725,11.9555,0
2023-06-01,18487.75,11.5975,11.8005,0
2023-06-02,18534.1,11.125,11.5685,0
2023-06-05,18593.85,11.1375,11.442499999999999,0
2023-06-06,18599.0,11.38,11.336500000000001,0
2023-06-07,18726.4,11.4425,11.2685,0
2023-06-08,18634.55,11.2575,11.267500000000002,0
2023-06-09,18563.4,11.12,11.289,0
2023-06-12,18601.5,11.245,11.235,0
2023-06-13,18716.15,11.11,11.179,0
2023-06-14,18755.9,11.1625,11.1435,0
2023-06-15,18688.1,11.08,11.0875,0
2023-06-16,18826.0,10.84,11.083499999999999,0
2023-06-19,18755.45,11.225,11.088,0
2023-06-20,18816.7,11.1325,11.114,0
2023-06-21,18856.85,11.2925,11.2075,0
2023-06-22,18771.25,11.5475,11.2865,0
2023-06-23,18665.5,11.235,11.3205,0
2023-06-26,18691.2,11.395,11.249500000000001,0
2023-06-27,18817.4,10.7775,11.168499999999998,0
2023-06-28,18972.1,10.8875,11.019,0
2023-06-30,19189.05,10.8,11.08,0
2023-07-03,19322.55,11.54,11.141,0
2023-07-04,19389.0,11.7,11.361999999999998,0
2023-07-05,19398.5,11.8825,11.5525,0
2023-07-06,19497.3,11.84,11.699,0
2023-07-07,19331.8,11.5325,11.683499999999999,0
2023-07-10,19355.9,11.4625,11.546000000000001,0
2023-07-11,19439.4,11.0125,11.3565,0
2023-07-12,19384.3,10.935,11.175999999999998,0
2023-07-13,19413.75,10.9375,11.006,0
2023-07-14,19564.5,10.6825,10.9765,0
2023-07-17,19711.45,11.315,11.116,0
2023-07-18,19749.25,11.71,11.248999999999999,0
2023-07-19,19833.15,11.6,11.4185,0
2023-07-20,19979.15,11.785,11.578999999999999,0
2023-07-21,19745.0,11.485,11.6465,0
2023-07-24,19672.35,11.6525,11.353,0
2023-07-25,19680.6,10.2425,11.1245,0
2023-07-26,19778.3,10.4575,10.870000000000001,0
2023-07-27,19659.9,10.5125,10.6,0
2023-07-28,19646.05,10.135,10.352,0
2023-07-31,19753.8,10.4125,10.36,0
2023-08-01,19733.55,10.2825,10.524000000000001,0
2023-08-02,19526.55,11.2775,10.6585,0
2023-08-03,19381.65,11.185,10.746,0
2023-08-04,19517.0,10.5725,10.884,0
2023-08-07,19597.3,11.1025,11.0925,0
2023-08-08,19570.85,11.325,11.065000000000001,0
2023-08-09,19632.55,11.14,11.108,0
2023-08-10,19543.1,11.4,11.298,0
2023-08-11,19428.3,11.5225,11.476500000000001,0
2023-08-14,19434.55,11.995,11.636500000000002,0
2023-08-16,19465.0,12.125,11.8565,0
2023-08-17,19365.25,12.24,12.005,0
2023-08-18,19310.15,12.1425,12.092500000000001,0
2023-08-21,19393.6,11.96,12.043,0
2023-08-22,19396.45,11.7475,11.9635,0
2023-08-23,19444.0,11.7275,11.855500000000001,0
2023-08-24,19386.7,11.7,11.8435,0
2023-08-25,19265.8,12.0825,11.931,0
2023-08-28,19306.05,12.3975,12.0265,0
2023-08-29,19342.65,12.225,12.041,0
2023-08-30,19347.45,11.8,12.113499999999998,0
2023-08-31,19253.8,12.0625,11.97,0
2023-09-01,19435.3,11.365,11.683000000000002,0
2023-09-04,19528.8,10.9625,11.401,0
2023-09-05,19574.9,10.815,11.176499999999999,0
2023-09-06,19611.05,10.6775,10.9385,0
2023-09-07,19727.05,10.8725,10.8215,0
2023-09-08,19819.95,10.78,10.898499999999999,0
2023-09-11,19996.35,11.3475,11.0735,0
2023-09-12,19993.2,11.69,11.3035,0
2023-09-13,20070.0,11.8275,11.392500000000002,0
2023-09-14,20103.1,11.3175,11.417,0
2023-09-15,20192.35,10.9025,11.314499999999999,0
2023-09-18,20133.3,10.835,11.202,0
2023-09-20,19901.4,11.1275,11.0,0
2023-09-21,19742.35,10.8175,10.868500000000001,0
2023-09-22,19674.25,10.66,10.868,0
2023-09-25,19674.55,10.9,10.937999999999999,0
2023-09-26,19664.7,11.185,11.029500000000002,0
2023-09-27,19716.45,11.585,11.4305,0
2023-09-28,19523.55,12.8225,11.589000000000002,0
2023-09-29,19638.3,11.4525,11.766499999999999,0
2023-10-03,19528.75,11.7875,11.860499999999998,0
2023-10-04,19436.1,11.655,11.7315,0
2023-10-05,19545.75,10.94,11.227,0
2023-10-06,19653.5,10.3,11.2165,0
2023-10-09,19512.35,11.4,11.113000000000001,0
2023-10-10,19689.85,11.27,10.979000000000001,0
2023-10-11,19811.35,10.985,10.9145,0
2023-10-12,19794.0,10.6175,10.978,0
2023-10-13,19751.05,10.6175,10.912,0
2023-10-16,19731.75,11.07,10.797,0
2023-10-17,19811.5,10.695,10.793,0
2023-10-18,19671.1,10.965,10.849,0
2023-10-19,19624.7,10.8975,10.889,0
2023-10-20,19542.65,10.8175,10.856,0
2023-10-23,19281.75,10.905,10.9795,0
2023-10-25,19122.15,11.3125,11.1325,0
2023-10-26,18857.25,11.73,11.134,0
2023-10-27,19047.25,10.905,11.2685,0
2023-10-30,19140.9,11.49,11.452499999999999,0
2023-10-31,19079.6,11.825,11.599499999999999,0
2023-11-01,18989.15,12.0475,11.4685,0
2023-11-02,19133.25,11.075,11.464,0
2023-11-03,19230.6,10.8825,11.386999999999999,0
2023-11-06,19411.75,11.105,11.2605,0
2023-11-07,19406.7,11.1925,11.0585,0
2023-11-08,19443.5,11.0375,11.040000000000001,0
2023-11-09,19395.3,10.9825,11.084999999999999,0
2023-11-10,19425.35,11.1075,11.133500000000002,0
2023-11-12,19525.55,11.3475,11.1325,0
2023-11-13,19443.55,11.1875,11.152,0
2023-11-15,19675.45,11.135,11.285,0
2023-11-16,19765.2,11.6475,11.429,0
2023-11-17,19731.8,11.8275,11.589,0
2023-11-20,19694.0,12.1475,11.798,0
2023-11-21,19783.4,12.2325,11.943999999999999,0
2023-11-22,19811.85,11.865,11.877500000000001,0
2023-11-23,19802.0,11.315,11.778,0
2023-11-24,19794.7,11.33,11.7835,0
2023-11-28,19889.7,12.175,11.878499999999999,0
2023-11-29,20096.6,12.7075,12.0435,0
2023-11-30,20133.15,12.69,12.257,0
2023-12-01,20267.9,12.3825,12.5895,0
2023-12-04,20686.8,12.9925,12.845999999999998,0
2023-12-05,20855.1,13.4575,13.0525,0
2023-12-06,20937.7,13.74,13.049000000000001,0
2023-12-07,20901.15,12.6725,13.0665,0
2023-12-08,20969.4,12.47,13.019499999999999,0
2023-12-11,20997.1,12.7575,12.870499999999998,0
2023-12-12,20906.4,12.7125,12.5355,0
2023-12-13,20926.35,12.065,12.465,0
2023-12-14,21182.7,12.32,12.5965,0
2023-12-15,21456.65,13.1275,12.825,0
2023-12-18,21418.65,13.9,13.056000000000001,0
2023-12-19,21453.1,13.8675,13.533000000000001,0
2023-12-20,21150.15,14.45,13.820500000000001,0
2023-12-21,21255.05,13.7575,13.9365,0
2023-12-22,21349.4,13.7075,14.091999999999999,0
2023-12-26,21441.35,14.6775,14.429999999999998,0
2023-12-27,21654.75,15.5575,14.568000000000001,0
2023-12-28,21778.7,15.14,14.717000000000002,0
2023-12-29,21731.4,14.5025,14.9115,0
2024-01-01,21741.9,14.68,14.892000000000001,0
2024-01-02,21665.8,14.58,14.6,0
2024-01-03,21517.35,14.0975,14.238,0
2024-01-04,21658.6,13.33,13.863499999999998,0
2024-01-05,21710.8,12.63,13.62,0
2024-01-08,21513.0,13.4625,13.3565,0
2024-01-09,21544.85,13.2625,13.131,0
2024-01-10,21618.7,12.97,13.0185,0
2024-01-11,21647.2,12.7675,13.1125,0
2024-01-12,21894.55,13.1,13.177000000000001,0
2024-01-15,22097.45,13.785,13.238999999999999,0
2024-01-16,22032.3,13.5725,13.660999999999998,0
2024-01-17,21571.95,15.08,13.9215,0
2024-01-18,21462.25,14.07,14.076999999999998,0
2024-01-19,21622.4,13.8775,14.0805,0
2024-01-20,21571.8,13.8025,14.336499999999997,0
2024-01-23,21238.8,14.8525,14.1955,0
2024-01-24,21453.95,14.375,14.154499999999999,0
2024-01-25,21352.6,13.865,14.515,0
2024-01-29,21737.6,15.68,14.975,0
2024-01-30,21522.1,16.1025,15.213999999999999,0
2024-01-31,21725.7,16.0475,15.229999999999999,0
2024-02-01,21697.45,14.455,15.3965,0
2024-02-02,21853.8,14.6975,15.383999999999997,0
2024-02-05,21771.7,15.6175,15.320500000000001,0
2024-02-06,21929.4,15.785,15.212,0
2024-02-07,21930.5,15.505,15.486500000000001,0
2024-02-08,21717.95,15.8275,15.636500000000002,0
2024-02-09,21782.5,15.4475,15.7255,0
2024-02-12,21616.05,16.0625,15.73,0
2024-02-13,21743.25,15.8075,15.716,0
2024-02-14,21840.05,15.435,15.595500000000001,0
2024-02-15,21910.75,15.225,15.5505,0
2024-02-16,22040.7,15.2225,15.5415,0
2024-02-19,22122.25,16.0175,15.5945,0
2024-02-20,22196.95,16.0725,15.693000000000001,0
2024-02-21,22055.05,15.9275,15.6875,0
2024-02-22,22217.45,15.1975,15.6375,0
2024-02-23,22212.7,14.9725,15.553999999999998,0
2024-02-26,22122.05,15.6,15.485,0
2024-02-27,22198.35,15.7275,15.5655,0
2024-02-28,21951.15,16.33,15.6405,0
2024-02-29,21982.8,15.5725,15.693000000000001,0
2024-03-01,22338.75,15.235,15.5575,0
2024-03-04,22405.6,14.9225,15.288,0
2024-03-05,22356.3,14.38,14.881,0
2024-03-06,22474.05,14.295,14.489,0
2024-03-07,22493.55,13.6125,14.241,0
2024-03-11,22332.65,13.995,13.984,0
2024-03-12,22335.7,13.6375,13.994499999999999,0
2024-03-13,21997.7,14.4325,13.86,0
2024-03-14,22146.65,13.6225,13.875499999999999,0
2024-03-15,22023.35,13.69,13.855499999999997,0
2024-03-18,22055.7,13.895,13.9505,0
2024-03-19,21817.45,14.1125,13.758500000000002,0
2024-03-20,21839.1,13.4725,13.5365,0
2024-03-21,22011.95,12.5125,13.242500000000001,0
2024-03-22,22096.75,12.22,13.0275,0
2024-03-26,22004.7,12.82,12.745500000000002,0
2024-03-27,22123.65,12.7025,12.6175,0
2024-03-28,22326.9,12.8325,12.5315,0
2024-04-01,22462.0,12.0825,12.418000000000001,0
2024-04-02,22453.3,11.6525,12.128499999999999,0
2024-04-03,22434.65,11.3725,11.831999999999999,0
2024-04-04,22514.65,11.22,11.533,0
2024-04-05,22513.7,11.3375,11.4385,0
2024-04-08,22666.3,11.61,11.379000000000001,0
2024-04-09,22642.75,11.355,11.325999999999999,0
2024-04-10,22753.8,11.1075,11.3885,0
2024-04-12,22519.4,11.5325,11.614500000000001,0
2024-04-15,22272.5,12.4675,11.8155,0
2024-04-16,22147.9,12.615,12.1525,0
2024-04-18,21995.85,13.04,12.6225,0
2024-04-19,22147.0,13.4575,12.856,0
2024-04-22,22336.4,12.7,12.401499999999999,0
2024-04-23,22368.0,10.195,11.9335,0
2024-04-24,22402.4,10.275,11.4715,0
2024-04-25,22570.35,10.73,10.965,0
2024-04-26,22419.95,10.925,10.872,0
2024-04-29,22643.4,12.235,11.407,0
2024-04-30,22604.85,12.87,12.041,0
2024-05-02,22648.2,13.445,12.8185,0
2024-05-03,22475.85,14.6175,13.953500000000002,0
2024-05-06,22442.7,16.6,14.908000000000001,0
2024-05-07,22302.5,17.0075,15.75,0
2024-05-08,22302.5,17.08,16.701,0
2024-05-09,21957.5,18.2,17.472,1
2024-05-10,22055.2,18.4725,18.272,1
2024-05-13,22104.05,20.6,18.9095,1
2024-05-14,22217.85,20.195,19.548000000000002,1
2024-05-15,22200.55,20.2725,19.907,1
2024-05-16,22403.85,19.995,20.172,1
2024-05-17,22466.1,19.7975,20.157,1
2024-05-18,22502.0,20.525,20.48,1
2024-05-21,22529.05,21.81,20.719,1
2024-05-22,22597.8,21.4675,20.996000000000002,1
2024-05-23,22967.65,21.38,21.3785,1
2024-05-24,22957.1,21.71,21.912,1
2024-05-27,22932.45,23.1925,22.389,1
2024-05-28,22888.15,24.195,22.9305,1
2024-05-29,22704.7,24.175,23.4895,1
2024-05-30,22488.65,24.175,24.068,1
2024-05-31,22530.7,24.6025,23.617,1
2024-06-03,23263.9,20.9375,24.1275,1
2024-06-04,21884.5,26.7475,23.069499999999998,1
2024-06-05,22620.35,18.885,21.5945,1
2024-06-06,22821.4,16.8,20.0505,1
2024-06-07,23290.15,16.8825,19.142500000000002,1
2024-06-10,23259.2,16.3975,16.746000000000002,0
2024-06-11,23264.85,14.765,15.846499999999997,0
2024-06-12,23322.95,14.3875,15.184000000000001,0
2024-06-13,23398.9,13.4875,14.372,0
2024-06-14,23465.6,12.8225,13.6855,0
2024-06-18,23557.9,12.965,13.475,0
2024-06-19,23516.0,13.7125,13.266499999999999,0
2024-06-20,23567.0,13.345,13.205000000000002,0
2024-06-21,23501.1,13.18,13.451999999999998,0
2024-06-24,23537.85,14.0575,13.7215,0
2024-06-25,23721.3,14.3125,13.788,0
2024-06-26,23868.8,14.045,13.9495,0
2024-06-27,24044.5,14.1525,14.074000000000002,0
2024-06-28,24010.6,13.8025,14.0285,0
2024-07-01,24141.95,13.83,13.894,0
2024-07-02,24123.85,13.64,13.725999999999999,0
2024-07-03,24286.5,13.205,13.466500000000002,0
2024-07-04,24302.15,12.855,13.245,0
2024-07-05,24323.85,12.695,13.199000000000002,0
2024-07-08,24320.55,13.6,13.327000000000002,0
2024-07-09,24433.2,14.28,13.5725,0
2024-07-10,24324.45,14.4325,13.8005,0
2024-07-11,24315.95,13.995,14.006499999999999,0
2024-07-12,24502.15,13.725,14.123999999999999,0
2024-07-15,24586.7,14.1875,14.1125,0
2024-07-16,24613.0,14.2225,14.128,0
2024-07-18,24800.85,14.51,14.294,0
2024-07-19,24530.9,14.825,14.636500000000002,0
2024-07-22,24509.25,15.4375,14.348499999999998,0
2024-07-23,24479.05,12.7475,13.8565,0
2024-07-24,24413.5,11.7625,13.478,0
2024-07-25,24406.1,12.6175,12.9625,0
2024-07-26,24834.85,12.2475,12.464,0
2024-07-29,24836.1,12.945,12.4905,0
2024-07-30,24857.3,12.88,12.788,0
2024-07-31,24951.15,13.25,12.8505,0
2024-08-01,25010.9,12.93,13.265,0
2024-08-02,24717.7,14.32,14.749500000000001,0
2024-08-05,24055.6,20.3675,15.922,0
2024-08-06,23992.55,18.7425,16.506,0
2024-08-07,24297.5,16.17,17.240500000000004,0
2024-08-08,24117.0,16.6025,17.4435,1
2024-08-09,24367.5,15.335,16.5435,0
2024-08-12,24347.0,15.8675,16.0285,0
2024-08-13,24139.0,16.1675,15.881499999999999,0
2024-08-14,24143.75,15.435,15.4415,0
2024-08-16,24541.15,14.4025,15.2375,0
2024-08-19,24572.65,14.315,14.828,0
2024-08-20,24698.85,13.82,14.261,0
2024-08-21,24770.2,13.3325,13.774000000000001,0
2024-08-22,24811.5,13.0,13.604,0
2024-08-23,24823.15,13.5525,13.5,0
2024-08-26,25010.6,13.795,13.4625,0
2024-08-27,25017.75,13.6325,13.586000000000002,0
2024-08-28,25052.35,13.95,13.743500000000001,0
2024-08-29,25151.95,13.7875,13.711500000000001,0
2024-08-30,25235.9,13.3925,13.764500000000002,0
2024-09-02,25278.7,14.06,13.8065,0
2024-09-03,25279.85,13.8425,13.892,0
2024-09-04,25198.7,14.3775,13.975999999999999,0
2024-09-05,25145.1,14.2075,14.341,0
2024-09-06,24852.15,15.2175,14.376499999999998,0
2024-09-09,24936.4,14.2375,14.280000000000001,0
2024-09-10,25041.1,13.36,14.13,0
2024-09-11,24918.45,13.6275,13.925,0
2024-09-12,25388.9,13.1825,13.391499999999999,0
2024-09-13,25356.5,12.55,13.036000000000001,0
2024-09-16,25383.75,12.46,12.882,0
2024-09-17,25418.55,12.59,12.831,0
2024-09-18,25377.55,13.3725,12.6885,0
2024-09-19,25415.8,12.47,12.736500000000001,0
2024-09-20,25790.95,12.79,13.001499999999998,0
2024-09-23,25939.05,13.785,13.162,0
2024-09-24,25940.4,13.3925,13.036000000000001,0
2024-09-25,26004.15,12.7425,12.9425,0
2024-09-26,26216.05,12.0025,12.777,0
2024-09-27,26178.95,11.9625,12.5775,0
2024-09-30,25810.85,12.7875,12.2965,0
2024-10-01,25796.9,11.9875,12.382000000000001,0
2024-10-03,25250.1,13.17,12.806999999999999,0
2024-10-04,25014.6,14.1275,13.4305,0
2024-10-07,24795.75,15.08,13.7905,0
2024-10-08,25013.15,14.5875,14.217500000000001,0
2024-10-09,24981.95,14.1225,14.282499999999999,0
2024-10-10,24998.45,13.495,14.100999999999999,0
2024-10-11,24964.25,13.22,13.684000000000001,0
2024-10-14,25127.95,12.995,13.366999999999999,0
2024-10-15,25057.35,13.0025,13.153,0
2024-10-16,24971.3,13.0525,13.131499999999999,0
2024-10-17,24749.85,13.3875,13.094999999999999,0
2024-10-18,24854.05,13.0375,13.248499999999998,0
2024-10-21,24781.1,13.7625,13.527000000000001,0
2024-10-22,24472.1,14.395,13.841,0
2024-10-23,24435.5,14.6225,13.9575,0
2024-10-24,24399.4,13.97,14.276500000000002,0
2024-10-25,24180.8,14.6325,14.382,0
2024-10-28,24339.15,14.29,14.406,0
2024-10-29,24466.85,14.515,14.5835,0
2024-10-30,24340.85,15.51,14.8995,0
2024-10-31,24205.35,15.55,15.1535,0
2024-11-01,24304.35,15.9025,15.633000000000001,0
2024-11-04,23995.35,16.6875,15.954500000000001,0
2024-11-05,24213.3,16.1225,15.825999999999999,0
2024-11-06,24484.05,14.8675,15.703999999999999,0
2024-11-07,24199.35,14.94,15.417499999999999,0
2024-11-08,24148.2,14.47,14.933999999999997,0
2024-11-11,24141.3,14.27,14.627500000000001,0
2024-11-12,23883.45,14.59,14.741,0
2024-11-13,23559.05,15.435,14.708000000000002,0
2024-11-14,23532.7,14.775,14.847500000000002,0
2024-11-18,23453.8,15.1675,15.126,0
2024-11-19,23518.5,15.6625,15.406,0
2024-11-21,23349.9,15.99,15.538499999999999,0
2024-11-22,23907.25,16.0975,15.644,0
2024-11-25,24221.9,15.3025,15.6715,0
2024-11-26,24194.5,15.305,15.463999999999999,0
2024-11-27,24274.9,14.625,15.306999999999999,0
2024-11-28,23914.15,15.205,14.9725,0
2024-11-29,24131.1,14.425,14.851999999999999,0
2024-12-02,24276.05,14.7,14.6655,0
2024-12-03,24457.15,14.3725,14.630500000000001,0
2024-12-04,24467.45,14.45,14.495,0
2024-12-05,24708.4,14.5275,14.437999999999999,0
2024-12-06,24677.8,14.14,14.3195,0
2024-12-09,24619.0,14.1075,14.2005,0
2024-12-10,24610.05,13.7775,13.964000000000002,0
2024-12-11,24641.8,13.2675,13.6965,0
2024-12-12,24548.7,13.19,13.479,0
2024-12-13,24768.3,13.0525,13.461499999999997,0
2024-12-16,24668.25,14.02,13.603,0
2024-12-17,24336.0,14.485,13.824000000000002,0
2024-12-18,24198.85,14.3725,14.088,0
2024-12-19,23951.7,14.51,14.492,0
2024-12-20,23587.5,15.0725,14.392,0
2024-12-23,23753.45,13.52,14.130500000000001,0
2024-12-24,23727.65,13.1775,14.062999999999999,0
2024-12-26,23750.2,14.035,13.8085,0
2024-12-27,23813.4,13.2375,13.5885,0
2024-12-30,23644.9,13.9725,13.774000000000001,0
2024-12-31,23644.8,14.4475,14.040000000000001,0
2025-01-01,23742.9,14.5075,13.980500000000001,0
2025-01-02,24188.65,13.7375,14.041,0
2025-01-03,24004.75,13.54,14.376499999999998,0
2025-01-06,23616.05,15.65,14.419,0
2025-01-07,23707.9,14.66,14.410499999999999,0
2025-01-08,23688.95,14.465,14.5945,0
2025-01-09,23526.5,14.6575,14.869499999999999,0
2025-01-10,23431.5,14.915,14.938999999999998,0
2025-01-13,23085.95,15.9975,15.100999999999999,0
2025-01-14,23176.05,15.47,15.2595,0
2025-01-15,23213.2,15.2575,15.421000000000001,0
2025-01-16,23311.8,15.465,15.5875,0
2025-01-17,23203.2,15.7475,15.670999999999998,0
2025-01-20,23344.75,16.415,15.988,0
2025-01-21,23024.65,17.055,16.291000000000004,0
2025-01-22,23155.35,16.7725,16.537,0
2025-01-23,23205.35,16.695,16.7365,0
2025-01-24,23092.2,16.745,17.080000000000002,0
2025-01-27,22829.15,18.1325,17.308,1
2025-01-28,22957.25,18.195,17.681500000000003,1
2025-01-29,23163.1,18.64,17.820500000000003,1
2025-01-30,23249.5,17.39,17.720999999999997,1
2025-01-31,23508.4,16.2475,16.913500000000003,0
2025-02-01,23482.15,14.095,16.145,0
2025-02-03,23361.05,14.3525,15.220499999999998,0
2025-02-04,23739.25,14.0175,14.558999999999997,0
2025-02-05,23696.3,14.0825,14.144499999999999,0
2025-02-06,23603.35,14.175,14.0625,0
2025-02-07,23559.95,13.685,14.081,0
2025-02-10,23381.6,14.445,14.251500000000002,0
2025-02-11,23071.8,14.87,14.413999999999998,0
2025-02-12,23045.25,14.895,14.570000000000002,0
2025-02-13,23031.4,14.955,14.836000000000002,0
2025-02-14,22929.25,15.015,15.0915,0
2025-02-17,22959.5,15.7225,15.250499999999999,0
2025-02-18,22945.3,15.665,15.355500000000001,0
2025-02-19,22932.9,15.42,15.300999999999998,0
2025-02-20,22913.15,14.6825,15.203999999999999,0
2025-02-21,22795.9,14.53,14.9475,0
2025-02-24,22553.35,14.44,14.558499999999999,0
2025-02-25,22547.55,13.72,14.136499999999998,0
2025-02-27,22545.05,13.31,13.982,0
2025-02-28,22124.7,13.91,13.828,0
2025-03-03,22119.3,13.76,13.706,0
2025-03-04,22082.65,13.83,13.696000000000002,0
2025-03-05,22337.3,13.67,13.780000000000001,0
2025-03-06,22544.7,13.73,13.692000000000002,0
2025-03-07,22552.5,13.47,13.738,0
2025-03-10,22460.3,13.99,13.786000000000001,0
2025-03-11,22497.9,14.07,13.790000000000001,0
2025-03-12,22470.5,13.69,13.7,0
2025-03-13,22397.2,13.28,13.690000000000001,0
2025-03-17,22508.75,13.42,13.534,0
2025-03-18,22834.3,13.21,13.38,0
2025-03-19,22907.6,13.3,13.162,0
2025-03-20,23190.65,12.6,13.022,0
2025-03-21,23350.4,12.58,13.078,0
2025-03-24,23658.35,13.7,13.163999999999998,0
2025-03-25,23668.65,13.64,13.198000000000002,0
2025-03-26,23486.85,13.47,13.338,0
2025-03-27,23591.95,13.3,13.366,0
2025-03-28,23519.35,12.72,13.382,0
2025-04-01,23165.7,13.78,13.398,0
2025-04-02,23332.35,13.72,13.424000000000001,0
2025-04-03,23250.1,13.6,13.516,0
2025-04-04,22904.45,13.76,15.530000000000001,0
2025-04-07,22161.6,22.79,16.862000000000002,0
2025-04-08,22535.85,20.44,18.404,1
2025-04-09,22399.15,21.43,19.706,1
2025-04-11,22828.55,20.11,20.18,1
2025-04-15,23328.55,16.13,18.796,1
2025-04-16,23437.2,15.87,17.802,1
2025-04-17,23851.65,15.47,16.619999999999997,0
2025-04-21,24125.55,15.52,15.644,0
2025-04-22,24167.25,15.23,15.61,0
2025-04-23,24328.95,15.96,15.686000000000002,0
2025-04-24,24246.7,16.25,16.024,0
2025-04-25,24039.35,17.16,16.308,0
2025-04-28,24328.5,16.94,16.736,0
2025-04-29,24335.95,17.37,17.188,0
2025-04-30,24334.2,18.22,17.59,1
2025-05-02,24346.7,18.26,17.826,1
2025-05-05,24461.15,18.34,18.238,1
2025-05-06,24379.6,19.0,18.576,1
2025-05-07,24414.4,19.06,19.134,1
2025-05-08,24273.8,21.01,19.808,1
2025-05-09,24008.0,21.63,19.817999999999998,1
2025-05-12,24924.7,18.39,19.658,1
2025-05-13,24578.35,18.2,19.292,1
2025-05-14,24666.9,17.23,18.468,1
2025-05-15,25062.1,16.89,17.452,1
2025-05-16,25019.8,16.55,17.246000000000002,0
2025-05-19,24945.45,17.36,17.084,0
2025-05-20,24683.9,17.39,17.148,0
2025-05-21,24813.45,17.55,17.222,0
2025-05-22,24609.7,17.26,17.368000000000002,1
2025-05-23,24853.15,17.28,17.5,1
2025-05-26,25001.15,18.02,17.73,1
2025-05-27,24826.2,18.54,17.824,1
2025-05-28,24752.45,18.02,17.656,1
2025-05-29,24833.6,16.42,17.416,1
2025-05-30,24750.7,16.08,17.244,0
2025-06-02,24716.6,17.16,16.848,0
2025-06-03,24542.5,16.56,16.394,0
2025-06-04,24620.2,15.75,16.125999999999998,0
2025-06-05,24750.9,15.08,15.836000000000002,0
2025-06-06,25003.05,14.63,15.342000000000002,0
2025-06-09,25103.2,14.69,14.834,0
2025-06-10,25104.25,14.02,14.418000000000001,0
2025-06-11,25141.4,13.67,14.206,0
2025-06-12,24888.2,14.02,14.296000000000001,0
2025-06-13,24718.6,15.08,14.325999999999999,0
2025-06-16,24946.5,14.84,14.401999999999997,0
2025-06-17,24853.4,14.4,14.523999999999997,0
2025-06-18,24812.05,14.28,14.572,0
2025-06-19,24793.25,14.26,14.290000000000001,0
2025-06-20,25112.4,13.67,14.132,0
2025-06-23,24971.9,14.05,13.98,0
2025-06-24,25044.35,13.64,13.716,0
2025-06-25,25244.75,12.96,13.382,0
2025-06-26,25549.0,12.59,13.126,0
2025-06-27,25637.8,12.39,12.874,0
2025-06-30,25517.05,12.79,12.652000000000001,0
2025-07-01,25541.8,12.53,12.55,0
2025-07-02,25453.4,12.45,12.51,0
2025-07-03,25405.3,12.39,12.495999999999999,0
2025-07-04,25461.0,12.32,12.45,0
2025-07-07,25461.3,12.56,12.383999999999999,0
2025-07-08,25522.5,12.2,12.282,0
2025-07-09,25476.1,11.94,12.138,0
2025-07-10,25355.25,11.67,12.038,0
2025-07-11,25149.85,11.82,11.922,0
2025-07-14,25082.3,11.98,11.778,0
2025-07-15,25195.8,11.48,11.638000000000002,0
2025-07-16,25212.05,11.24,11.552000000000001,0
2025-07-17,25111.45,11.24,11.466000000000001,0
2025-07-18,24968.4,11.39,11.309999999999999,0
2025-07-21,25090.7,11.2,11.164,0
2025-07-22,25060.9,10.75,11.02,0
2025-07-23,25219.9,10.52,10.916,0
2025-07-24,25062.1,10.72,10.894,0
2025-07-25,24837.0,11.28,11.065999999999999,0
2025-07-28,24680.9,12.06,11.222,0
2025-07-29,24821.1,11.53,11.36,0
2025-07-30,24855.05,11.21,11.524,0
2025-07-31,24768.35,11.54,11.664,0
2025-08-01,24565.35,11.98,11.646,0
2025-08-04,24722.75,11.97,11.682,0
2025-08-05,24649.55,11.71,11.832,0
2025-08-06,24574.2,11.96,11.862,0
2025-08-07,24596.15,11.69,11.872,0
2025-08-08,24363.3,12.03,11.922,0
2025-08-11,24585.05,12.22,12.026,0
2025-08-12,24487.4,12.23,12.062000000000001,0
2025-08-13,24619.35,12.14,12.196000000000002,0
2025-08-14,24631.3,12.36,12.258,0
2025-08-18,24876.95,12.34,12.172,0
2025-08-19,24980.65,11.79,12.084,0
2025-08-20,25050.55,11.79,11.929999999999998,0
2025-08-21,25083.75,11.37,11.803999999999998,0
2025-08-22,24870.1,11.73,11.687999999999999,0
2025-08-25,24967.75,11.76,11.768,0
2025-08-26,24712.05,12.19,11.846,0
2025-08-28,24500.9,12.18,11.922,0
2025-08-29,24426.85,11.75,11.834,0
2025-09-01,24625.05,11.29,11.762,0
2025-09-02,24579.6,11.4,11.510000000000002,0
2025-09-03,24715.05,10.93,11.244,0
2025-09-04,24734.3,10.85,11.05,0
2025-09-05,24741.0,10.78,10.959999999999999,0
2025-09-08,24773.15,10.84,10.818,0
2025-09-09,24868.6,10.69,10.739999999999998,0
2025-09-10,24973.1,10.54,10.642,0
2025-09-11,25005.5,10.36,10.51,0
2025-09-12,25114.0,10.12,10.422,0
2025-09-15,25069.2,10.4,10.338,0
2025-09-16,25239.1,10.27,10.28,0
2025-09-17,25330.25,10.25,10.186,0
2025-09-18,25423.6,9.89,10.156,0
2025-09-19,25327.05,9.97,10.187999999999999,0
2025-09-22,25202.35,10.56,10.260000000000002,0
2025-09-23,25169.5,10.63,10.314,0
2025-09-24,25056.9,10.52,10.492,0
2025-09-25,24890.85,10.78,10.784,0
2025-09-26,24654.7,11.43,10.946,0
2025-09-29,24634.9,11.37,11.033999999999999,0
2025-09-30,24611.1,11.07,10.988,0
2025-10-01,24836.3,10.29,10.844,0
2025-10-03,24894.25,10.06,10.596,0
2025-10-06,25077.65,10.19,10.332,0
2025-10-07,25108.3,10.05,10.180000000000001,0
2025-10-08,25046.15,10.31,10.146,0
2025-10-09,25181.8,10.12,10.154,0
2025-10-10,25285.35,10.1,10.318000000000001,0
2025-10-13,25227.35,11.01,10.54,0
2025-10-14,25145.5,11.16,10.584,0
2025-10-15,25323.55,10.53,10.733999999999998,0
2025-10-16,25585.3,10.87,11.04,0
2025-10-17,25709.85,11.63,11.11,0
2025-10-20,25843.15,11.36,11.138,0
2025-10-21,25868.6,11.3,11.378,0
2025-10-23,25891.4,11.73,11.522,0
2025-10-24,25795.15,11.59,11.568000000000001,0
2025-10-27,25966.05,11.86,11.686,0
2025-10-28,25936.2,11.95,11.819999999999999,0
2025-10-29,26053.9,11.97,11.888,0
2025-10-30,25877.85,12.07,12.0,0
2025-10-31,25722.1,12.15,12.161999999999999,0
2025-11-03,25763.35,12.67,12.302000000000001,0
2025-11-04,25597.65,12.65,12.39,0
2025-11-06,25509.7,12.41,12.488000000000001,0
2025-11-07,25492.3,12.56,12.518,0
2025-11-10,25574.35,12.3,12.482000000000001,0
2025-11-11,25694.95,12.49,12.374,0
2025-11-12,25875.8,12.11,12.324000000000002,0
2025-11-13,25879.15,12.16,12.2,0
2025-11-14,25910.05,11.94,12.098,0
2025-11-17,26013.45,11.79,12.02,0
2025-11-18,25910.05,12.1,11.992,0
2025-11-19,26052.65,11.97,11.988,0
2025-11-20,26192.15,12.14,12.325999999999999,0
2025-11-21,26068.15,13.63,12.616,0
2025-11-24,25959.5,13.24,12.644000000000002,0
2025-11-25,25884.8,12.24,12.644,0
2025-11-26,26205.3,11.97,12.574,0
2025-11-27,26215.55,11.79,12.172,0
2025-11-28,26202.95,11.62,11.85,0
2025-12-01,26175.75,11.63,11.648,0
2025-12-02,26032.2,11.23,11.496,0
2025-12-03,25986.0,11.21,11.302000000000001,0
2025-12-04,26033.75,10.82,11.042,0
2025-12-05,26186.45,10.32,10.942000000000002,0
2025-12-08,25960.55,11.13,10.886,0
2025-12-09,25839.65,10.95,10.825999999999999,0
2025-12-10,25758.0,10.91,10.742,0
2025-12-11,25898.55,10.4,10.7,0
2025-12-12,26046.95,10.11,10.524000000000001,0
2025-12-15,26027.3,10.25,10.346,0
2025-12-16,25860.1,10.06,10.132000000000001,0
2025-12-17,25818.55,9.84,9.994,0
2025-12-18,25815.55,9.71,9.876,0
2025-12-19,25966.4,9.52,9.762,0
2025-12-22,26172.4,9.68,9.626,0
2025-12-23,26177.15,9.38,9.496,0
2025-12-24,26142.1,9.19,9.384,0
2025-12-26,26042.3,9.15,9.424000000000001,0
2025-12-29,25942.1,9.72,9.424,0
2025-12-30,25938.85,9.68,9.443999999999999,0
2025-12-31,26129.6,9.48,9.444,0
2026-01-01,26146.55,9.19,9.504,0
2026-01-02,26328.55,9.45,9.564,0
2026-01-05,26250.3,10.02,9.632,0
2026-01-06,26178.7,10.02,9.725999999999999,0
2026-01-07,26140.75,9.95,10.008,0
2026-01-08,25876.85,10.6,10.303999999999998,0
2026-01-09,25683.3,10.93,10.574,0
2026-01-12,25790.25,11.37,10.809999999999999,0
2026-01-13,25732.3,11.2,11.084,0
2026-01-14,25665.6,11.32,11.238,0
2026-01-16,25694.35,11.37,11.418000000000001,0
2026-01-19,25585.5,11.83,11.69,0
2026-01-20,25232.5,12.73,12.206,0
2026-01-21,25157.5,13.78,12.612,0
2026-01-22,25289.9,13.35,13.175999999999998,0
2026-01-23,25048.65,14.19,13.7,0
2026-01-27,25175.4,14.45,13.86,0
2026-01-28,25342.75,13.53,13.778,0
2026-01-29,25418.9,13.37,13.834,0
