Date,ret_1d,ret_5d,vol_5d,vol_10d,mom_10d,mom_20d,drawdown_20d,Risk_Off
2014-02-04,-0.00014995501349601703,-0.020461130381554837,0.006867832638586336,0.008363402065109627,-0.04955811080490358,-0.026183617996673347,-0.05432855578230755,1
2014-02-05,0.0035827959139462795,-0.015987908990645838,0.007646209919656548,0.008316221411797664,-0.04993729245379763,-0.024649369999676263,-0.050940407996028725,1
2014-02-06,0.002308049946865065,-0.006157696297149906,0.0075003747045565596,0.008427441429923566,-0.048749931055132145,-0.021407669798244267,-0.048749931055132145,1
2014-02-07,0.0044563722810331274,-0.00431890959848924,0.00777692970810146,0.008454108572658254,-0.03248095105118287,-0.017540448354924743,-0.04451080661555551,1
2014-02-10,-0.0016080617495711769,0.00860575160785082,0.002543435081579787,0.005756311575235732,-0.013429272227971745,-0.034960742895859154,-0.04604729223956561,1
2014-02-11,0.0015280542500557548,0.010298455231715353,0.0023377587841846995,0.0058253366709267815,-0.01037339318506425,-0.028701426660365237,-0.044589600750120084,1
2014-02-12,0.0035132861596318676,0.01022848034006385,0.002326570426889634,0.006000028604143321,-0.0059229606633716125,-0.037478840038602024,-0.041232970617667175,1
2014-02-13,-0.01362590401051933,-0.005831386776667835,0.007351999492942119,0.007001908647007393,-0.011953175165055785,-0.05029356375318472,-0.054297038128481634,1
2014-02-14,0.007873556514639057,-0.0024492017416545275,0.008121676678203646,0.00749907094072056,-0.006757533459233023,-0.034064503764981935,-0.04685099241212476,1
2014-02-17,0.004125091967230654,0.0032791218230927566,0.008321980989325808,0.005826909810717865,0.01191309273884511,-0.03658817090871591,-0.042919165097350054,0
2014-02-18,0.008858445984884611,0.010622329984990353,0.009115934200453759,0.006274146849493567,0.02103017880651259,-0.02957014792993118,-0.03444091621819656,0
2014-02-19,0.004186319792397697,0.011300131492439247,0.009146036937480426,0.00629285732609917,0.02164419500531345,-0.029373949944391353,-0.030398777115031472,0
2014-02-20,-0.009963024663768305,0.01505557314492334,0.007562817678944289,0.0073660308348518725,0.00913639149810308,-0.040058938012654366,-0.027973032273507004,0
2014-02-21,0.010506529644009222,0.017707308604826055,0.008060863852854264,0.0079154312292214,0.015214738092096614,-0.017760402122312224,0.0,0
2014-02-24,0.004979327262832234,0.01857309864488821,0.008085309595555415,0.007898475882634778,0.02191312392106992,0.008189574386596732,0.0,0
2014-02-25,0.002255055689368124,0.01190612198266705,0.0075568647908943925,0.00789496760712,0.02265492272419878,0.012046521118139086,0.0,0
2014-02-26,0.006249949597180615,0.01398561618788352,0.007733592738495486,0.00798968205512622,0.025443786982248584,0.019370123769453906,0.0,0
2014-02-28,0.006114958004744375,0.030452519515058007,0.0029769380544270832,0.0056451536951737215,0.04596657279498739,0.03346395113357592,0.0,0
2014-03-03,-0.008841873840001901,0.010722205525184991,0.006351533036398985,0.006880863240071952,0.028619375532169755,0.02166844568519588,-0.008841873840001901,0
2014-03-04,0.012296168899533111,0.01808085869934195,0.007835473775578661,0.007506233413918202,0.0369897749164374,0.04934353027425109,0.0,0
2014-03-05,0.004874602053049015,0.020741768211546496,0.007809355262097742,0.007302887759648775,0.032894844216676544,0.054616807478878204,0.0,0
2014-03-06,0.011455839713050864,0.026022632557543002,0.008479480884074362,0.0077526648494431055,0.040372191296574655,0.06289020988310301,0.0,0
2014-03-07,0.019605852073455443,0.03978046662790047,0.010705585552386982,0.007472226960778826,0.0714444015792628,0.08123353710054171,0.0,0
2014-03-10,0.001624110378218635,0.050759871091144326,0.007001524329728594,0.007530144329095323,0.062026334386600546,0.07818478691120201,0.0,0
2014-03-11,-0.0038777773528625437,0.03397137163680242,0.009085131609500226,0.008165640611502968,0.052666461906532236,0.07573367253384422,-0.0038777773528625437,0
2014-03-12,0.0007678250587386248,0.02974568035837022,0.009472908304521669,0.008237968722376017,0.05110442657720493,0.07491711613637486,-0.0031129297487476615,0
2014-03-13,-0.0036520431493500816,0.014364606359794863,0.009671179967572427,0.008658981927675235,0.04076104379047263,0.06724194608809997,-0.006753604344334363,0
2014-03-14,0.0017095070151391667,-0.003439743206698709,0.0028360855606125155,0.008653568091102065,0.036203888831359166,0.08383463031777505,-0.005055642663199356,0
2014-03-18,0.0019141477814335062,-0.003151172128953328,0.0028974415975431527,0.00753150517265387,0.04744874587113923,0.07742607487992581,-0.003151172128953328,0
2014-03-19,0.001135552776349913,0.0018658148927348517,0.002296721219784802,0.007090139933423186,0.03590057082066389,0.07421829977112937,-0.002019197674863249,0
2014-03-20,-0.006276775929062395,-0.005186515060841668,0.003717062505416275,0.007709553166789104,0.02440488887835479,0.05810252811281025,-0.008283299552564127,0
2014-03-21,0.0015578966852276555,1.540096410024283e-05,0.0035249286851838507,0.007028853649135795,0.01438022855268195,0.05533298118727403,-0.006738307392252119,0
2014-03-22,0.0002618123575433007,-0.001429845330709445,0.0034077415430377764,0.0029633461522581605,-0.004864670236645163,0.06623217788868008,-0.0064782592068530764,0
2014-03-24,0.013641472539992927,0.010258338256619703,0.007210624949054729,0.0053713819996232155,0.007074840338062716,0.0695400011372036,0.0,0
2014-03-25,0.0009493430546061443,0.010070431710363925,0.007217097002502936,0.005123652998215294,0.011955036164560395,0.06525112752784468,0.0,0
2014-03-26,0.001767897112940453,0.018247443352716886,0.005624079254034091,0.005124021317835663,0.012966287652104613,0.06473334892460536,0.0,0
2014-03-27,0.006112339806707778,0.02287777983120809,0.005572008167260296,0.005004272735270884,0.022893533135174282,0.06458774123228816,0.0,1
2014-03-28,0.008152971731847813,0.030947358696823635,0.005157081521183829,0.00532743180962045,0.029473263429783847,0.0667441990138522,0.0,1
2014-03-31,0.0012395645096252572,0.018333713070555202,0.0032781768831117537,0.005345846083108386,0.028780124757352255,0.07759445145424304,0.0,1
2014-04-01,0.0025133498403986376,0.01992488334155329,0.003021275437725608,0.005314291116165401,0.03019596722894513,0.06718059050961034,0.0,1
2014-04-02,0.004686767692547944,0.022896658284606408,0.002763491372649459,0.004204727410155455,0.04156190711233809,0.06698110971534232,0.0,1
2014-04-03,-0.0024361167262737515,0.014205593405352657,0.003941552470883151,0.004639058614762561,0.037408365674859834,0.05232653507572871,-0.0024361167262737515,1
2014-04-04,-0.006197948367749895,-0.00023148493854441288,0.004305836466845075,0.005532934652476166,0.03070870991085317,0.025694651927099077,-0.00861896616833635,1
2014-04-07,0.0001045657905547337,-0.0013648160854389246,0.00425115955721678,0.004129854885561539,0.016943874838611706,0.024138590385865744,-0.008515301626792815,1
2014-04-09,0.015108176936692086,0.011181288637935882,0.008203671628523975,0.005897019290779347,0.03132895785120837,0.04365853283987775,0.0,1
2014-04-10,2.942820988205419e-05,0.006493843066693206,0.008122263023337059,0.005966044141015934,0.029539188656951598,0.042888489926191875,0.0,1
2014-04-11,-0.002957448060737944,0.005967844895414132,0.008185659848050333,0.006116240301754318,0.020258215078857278,0.04361553033219878,-0.002957448060737944,1
2014-04-15,-0.006375160485810771,0.005788463405707711,0.008226077362520054,0.0062232549612048025,0.005555638525067685,0.035192644752621405,-0.009313754340533165,1
2014-04-16,-0.008584455896986531,-0.0029499406277772033,0.00935140164457114,0.006849935552651266,-0.004310730586796319,0.02434533080647272,-0.01781825672414805,1
2014-04-17,0.015594804727877332,-0.002471969630087445,0.0095554884563336,0.008516735409867264,0.00868167920191043,0.03913979813152868,-0.0025013242304749994,1
2014-04-21,0.005642092220550454,0.0031266552880937493,0.009948730256329514,0.008569161993830484,0.00964080236355147,0.05160339960821192,0.0,1
2014-04-22,-0.00033735964738568214,0.005762731874326743,0.009777831723107823,0.008501282504626973,0.011764967859740905,0.049613441754450927,-0.00033735964738568214,1
2014-04-23,0.003734217611714774,0.01599560380805265,0.008821369155308765,0.008111863986891283,0.02187665718105558,0.05325717101110117,0.0,1
2014-04-25,-0.008485849608232954,0.01609665483199252,0.008788458429353795,0.008784882027956548,0.013099230028155162,0.030265056580845995,-0.008485849608232954,1
2014-04-28,-0.003169805757251898,-0.0026772280732807463,0.0056253728818704595,0.007392332425580185,-0.005142579676878256,0.02602526651238657,-0.011628756870541435,1
2014-04-29,-0.006803475688667016,-0.015019838214047287,0.0049251490367140886,0.0076501814618836535,-0.011940144782531914,0.0172463416850972,-0.01835311659455041,1
2014-04-30,-0.002807043669260323,-0.017453248916049935,0.0047088895946399475,0.007646433035554238,-0.011791095435562227,0.008228253095946103,-0.021108642264062727,1
2014-05-02,-0.00023893435278643516,-0.021342533037071676,0.0033085961550472424,0.007424335405195237,-0.00568831593174024,-0.00016427963380571953,-0.021342533037071676,1
2014-05-05,0.0006796319531576778,-0.012295897681618762,0.002927462720598587,0.006866845554248718,0.0036028343295433363,-0.0007234271053965236,-0.020677406151327293,1
2014-05-06,0.002380827990775103,-0.006796080606396693,0.003575472677587256,0.004465374177648119,-0.00945511402188981,-0.0008555210867349228,-0.01834580750789383,1
2014-05-07,-0.009344333090107626,-0.009336956926398798,0.004581870841537716,0.004525097910275811,-0.024216555558000064,-0.014809220220509234,-0.02751871126184069,1
2014-05-08,0.001097323582686327,-0.005458156621468091,0.004712240336007938,0.004620871371870879,-0.022816142971380793,-0.011319606300381535,-0.02645158460998709,1
2014-05-09,0.029873045188705483,0.02449662424568322,0.014706844809926768,0.011167008977892759,0.0026312711963512037,0.02456549179531997,0.0,1
2014-05-12,0.02266431445733952,0.047004560143894425,0.0163142516449273,0.012680373711351754,0.03413069920017686,0.0476770151081769,0.0,1
2014-05-13,0.013472573689275347,0.058590085327535624,0.01588072594841802,0.012808941549570225,0.051395821778517314,0.04598893499308443,0.0,1
2014-05-14,0.0,0.06857520800294625,0.013115902116455923,0.012276195864836779,0.0585979673132051,0.04595815431699135,0.0,1
2014-05-15,0.002025672586601024,0.06956613136932499,0.012902662857682457,0.011992538621228108,0.06372827190729358,0.05118575033572892,0.0,1
2014-05-16,0.01120992819188138,0.050183705604478934,0.009184480096848118,0.011848692671302744,0.07590966122961107,0.06978954716252539,0.0,1
2014-05-19,0.008406219630709533,0.03554193249456472,0.005816710307541321,0.011610874346716921,0.08421712554203009,0.08812338022261179,0.0,1
2014-05-20,0.0016452010380598736,0.023457007209424896,0.004865181930145326,0.011653938733057267,0.08342144059088952,0.0731775673363424,0.0,1
2014-05-21,-0.0031063157171329348,0.02027782662212063,0.005730053992153566,0.010747877046006897,0.0902435908035264,0.06384164631507927,-0.0031063157171329348,1
2014-05-22,0.003240083277034067,0.02151435811403668,0.005648691013175652,0.010599157209777131,0.0925771601462495,0.06764876345308735,0.0,1
2014-05-23,0.01246495519762525,0.022782174094127416,0.006047475931006945,0.007853625730534074,0.07410917361637614,0.0769354461466496,0.0,1
2014-05-26,-0.0010926959047657947,0.01314784093177579,0.0060173116265508095,0.006040664965584833,0.049157073101187,0.08496553757694159,-0.0010926959047657947,1
2014-05-27,-0.005578165659969714,0.005841522919386888,0.007085274410027917,0.006014967250204019,0.029435554774046135,0.08234424107968197,-0.006664766325962801,1
2014-05-28,0.001591965017764263,0.010581974106908865,0.006673352574897961,0.005949767337309562,0.031074380165289295,0.09149324299169792,-0.0050834113830409144,1
2014-05-29,-0.012824623276691205,-0.005600296850090669,0.009337755917747053,0.007806053397616877,0.015793574471968164,0.08052834358759942,-0.01784284182378426,1
2014-05-30,-0.000787766130202483,-0.018616551967531425,0.005702257724604723,0.007049524897270834,0.0037414965986395377,0.07993517356754487,-0.018616551967531425,0
2014-06-02,0.018333460120747658,0.0004688105122263586,0.011562326491751113,0.008787606971695134,0.013622815290044166,0.0989872151775919,-0.000624397659866216,0
2014-06-03,0.007246179966044153,0.013371139655643738,0.011396033392313825,0.00898212124992022,0.01929077039378746,0.1043214748410346,0.0,0
2014-06-04,-0.0018339098013040456,0.00990497499880627,0.011581674398065792,0.008911288415975166,0.020591763294682153,0.11269362875889688,-0.0018339098013040456,0
2014-06-05,0.009706508156303917,0.032954883113472944,0.008267850915504535,0.009233924889285702,0.027170029135286766,0.12226251341997196,0.0,0
2014-06-06,0.014623834307809558,0.0488869217629444,0.007710336982005646,0.009508172957802173,0.029360263875880532,0.10564530238525682,0.0,0
2014-06-09,0.00938892844898076,0.03967402376910023,0.006038204528357626,0.009591776951281642,0.0401614338807319,0.09129272552304246,0.0,0
2014-06-10,0.0002351527186266189,0.03243727961056386,0.006951579821974639,0.009111825864333095,0.0462421426619295,0.07703886055917009,0.0,0
2014-06-11,-0.0038595162217228696,0.03034212570502226,0.007583456990948981,0.009465859243878667,0.04054763870034739,0.07288201160541585,-0.0038595162217228696,0
2014-06-12,0.0030222175603296098,0.023521226635982773,0.007356664879694514,0.007442183758141766,0.057251249023930084,0.07394902536097092,-0.0008489629590930914,0
2014-06-13,-0.014091687473038794,-0.0054461059682990864,0.008734760889189452,0.009591282238839755,0.043174572438260395,0.047077606552825335,-0.014928687111436134,1
2014-06-16,-0.0011336365203326038,-0.015814020327646117,0.00659249550494621,0.008311524347417679,0.023232597623090046,0.03717190629926148,-0.016045399926858495,1
2014-06-17,0.01302838635171999,-0.0032260592445535474,0.009896817480721744,0.008873628086555934,0.02910657578025444,0.048958834444368104,-0.0032260592445535474,1
2014-06-18,-0.009630881717048623,-0.009001094816339705,0.010676839367893097,0.009645608309556651,0.02106791853828227,0.04209350742461648,-0.012825871166605718,1
2014-06-19,-0.0023153660924558617,-0.014274696401260112,0.010340557315450076,0.009340588736156813,0.008910771865508815,0.036322906931999466,-0.01511154067185616,1
2014-06-20,-0.0038789502300847767,-0.004063854894525432,0.008382949298185496,0.008072370297964824,-0.009487828678429122,0.01959387004384361,-0.01893187398777496,1
2014-06-23,-0.0024096545939864544,-0.005336129713083504,0.008415534529079753,0.007214256298268083,-0.021065764376975937,0.018249638200583007,-0.021295909304633986,1
2014-06-24,0.011590276712017955,-0.0067481688221496805,0.007817799072714574,0.008416672406389634,-0.009952458074290793,0.03582946160153044,-0.009952458074290793,1
2014-06-25,-0.0014445529141711155,0.0014619883040936088,0.006367092297223745,0.008358932864662157,-0.007552266007591624,0.03268914613931084,-0.011382634136147485,1
2014-06-26,-0.010047230571060606,-0.006299149946291438,0.007914500669079942,0.008721562832125473,-0.02048392789448228,0.035594590672572535,-0.021315500757536188,1
2014-06-27,0.002081887578070818,-0.0003527947333736847,0.007866038828200162,0.007673645319018456,-0.004415215921295124,0.03856873145734063,-0.019277989655712813,1
2014-06-30,0.013657308757724307,0.015747295935729655,0.00972185612147238,0.008854556146398242,0.010327136608902832,0.03379966044142613,-0.005883966354944814,1
2014-07-01,0.00306778692347609,0.0071897839107146755,0.008552759799071634,0.007863829035067597,0.000393097212940674,0.02951111470701262,-0.0028342301865106334,1
2014-07-02,0.011847223859483558,0.020596492386960374,0.009442479995169669,0.007853869863301428,0.022088592522029105,0.04362187172819065,0.0,1
2014-07-03,-0.0013397798101006941,0.029573479955159465,0.006529782699845128,0.0077971986428502236,0.023088042224196803,0.0322045463667866,-0.0013397798101006941,1
2014-07-04,0.004770052366879218,0.03233539313871736,0.006245104915439583,0.007508461351920285,0.031971190648942605,0.022180024790990904,0.0,1
2014-07-07,0.00458614995613793,0.02309708527396581,0.004748133426053653,0.007251583351457633,0.03920809784675727,0.01731638491887222,0.0,1
2014-07-08,-0.021053915745811946,-0.0015062805349260744,0.01253915780779072,0.010158494066975589,0.00567267354423362,-0.004336241575675248,-0.021053915745811946,1
2014-07-09,-0.005011018994647842,-0.018142042549335602,0.010592557550155451,0.010300353267379771,0.002080787396373518,-0.005487193271140778,-0.025959433168745938,1
2014-07-10,-0.0022742254449571453,-0.01906076631928244,0.010550656545125346,0.009713000474722785,0.009949020445203738,-0.010738702466698835,-0.02817462101025403,1
2014-07-11,-0.01429090548709977,-0.037669642396408465,0.010116133493402707,0.010832057846638064,-0.006552311953973988,-0.010938598003208622,-0.042062885651361404,0
2014-07-14,-0.0007306021770605575,-0.042762756592591655,0.008693158759637254,0.00961438383323749,-0.02065336635419479,-0.010539519881065385,-0.042762756592591655,0
2014-07-15,0.009726125715205702,-0.012665284919718744,0.008631182730133762,0.010219182391147247,-0.014152487982501016,-0.013764954073142266,-0.03345254682393428,0
2014-07-16,0.012987185534068857,0.005194462755438334,0.010808912289173758,0.010388055004711131,-0.013041817958227342,0.008758699161175887,-0.020899815722054904,0
2014-07-17,0.002105083678715758,0.009606554127713052,0.010644997017249625,0.010442207135098809,-0.009637320474931377,0.013228214887212042,-0.018838727904303854,0
2014-07-18,0.00306919095079472,0.027387527481366192,0.005704148637113355,0.010352721610043027,-0.011313793281387152,0.0202956819255935,-0.015827356606717524,0
2014-07-21,0.0026487819517477806,0.030862003045283526,0.0049405949460245594,0.010252366332784467,-0.013220497871493375,0.025469249401135707,-0.013220497871493375,0
2014-07-22,0.010885973816402661,0.0320461294201273,0.005174667848381772,0.008172731674658647,0.018974971140728325,0.0247552835017546,-0.002478442048759688,0
2014-07-23,0.003591727440668935,0.022473899585541135,0.0036334394215891716,0.007807703057406539,0.027785102175346132,0.029923704462132994,0.0,0
2014-07-24,0.004470384504377423,0.024887277581817857,0.0033964083409422073,0.007612237445028449,0.034732912688711925,0.04502749159237718,0.0,0
2014-07-25,-0.005127321022654785,0.016512480590821887,0.005710637937553699,0.005497645155470743,0.044352244088154746,0.037509322395056444,-0.005127321022654785,0
2014-07-28,-0.005359125596082426,0.008393847114859021,0.006929629322411218,0.006132303614021861,0.03951490109536304,0.01804541901239598,-0.010458968661405277,0
2014-07-30,0.0055106017783628225,0.0030317269257258417,0.005393426894850692,0.005824449246575319,0.03517501145928126,0.020524709549818665,-0.005006002094347872,0
2014-07-31,-0.008997099365967487,-0.00955007536157515,0.006485537495532458,0.005983323260921348,0.012709196789255639,-0.0004983721998924606,-0.013958061962046409,0
2014-08-01,-0.015373058940851947,-0.02911654279365561,0.007589755233876415,0.007946279203528292,-0.004953896694566362,-0.014543474879452511,-0.02911654279365561,0
2014-08-04,0.010660826559334868,-0.013709092542792845,0.010644902896892886,0.008652975480371953,0.002577016923498432,-0.008765932194643833,-0.018766122647051353,0
2014-08-05,0.008186213583388113,-0.0002774658975053246,0.01149252751344087,0.008991186647458325,0.008114052211030565,-0.005213717470448076,-0.010733532551783997,0
2014-08-06,-0.00961718442403392,-0.015318171317093121,0.011668231846716535,0.008782353118435055,-0.012332884903802244,0.006408070101794561,-0.02024749061374609,0
2014-08-07,-0.0029718263045731552,-0.009331330216414413,0.01119936931411492,0.008627908826871453,-0.01879229067119903,0.008470665787738918,-0.02315914489311166,0
2014-08-08,-0.010550053926855596,-0.004478730960460919,0.009869253347739523,0.008710124180449488,-0.03346486859244502,0.00010571173730644645,-0.03346486859244502,0
2014-08-11,0.007584015432282154,-0.007509451888100038,0.009031847275927029,0.00932966170854794,-0.02111559666001317,0.022300123331009614,-0.026134651240007245,0
2014-08-12,0.01325736465620686,-0.002517249614344408,0.01054567165382165,0.010401280457880106,-0.0027940170609263015,0.03661047872661549,-0.013223763185451931,0
2014-08-13,0.0016176936864651381,0.008798169980644088,0.009220258189513917,0.010234016068631686,-0.006654773211489551,0.02828615652381883,-0.011627461497203284,0
2014-08-14,0.006738117849228953,0.018622740791580883,0.008986860710462338,0.010010172308154281,0.009117635631305632,0.0219427102460521,-0.004967690853829865,0
2014-08-18,0.010594607081894969,0.04039082783360093,0.00438356085519511,0.00856873785993833,0.03573119722200291,0.030600291867625584,0.0,0
2014-08-19,0.0029526621583007007,0.03560867826303604,0.004936836311978582,0.00819661479444707,0.027831824718721032,0.03048056472553151,0.0,0
2014-08-20,-0.002811016144349421,0.019185847121475863,0.0050986150923299145,0.008128006473076361,0.016620301940863946,0.02486921214960569,-0.002811016144349421,0
2014-08-21,0.002006272776910123,0.01958124180346399,0.005059495810984443,0.007099006737543855,0.028551690877927083,0.015866681256718307,-0.0008103830326051664,0
2014-08-22,0.0028006234872197666,0.015593516177470956,0.004806673714010178,0.006802242970346652,0.03450665097885408,0.015065901292370842,0.0,0
2014-08-25,-0.000871960774402214,0.004070228910689977,0.002545842699297257,0.00505904423631042,0.04462545665946571,0.009667203024033899,-0.000871960774402214,0
2014-08-26,-0.00019604619101221132,0.0009180120291232274,0.0022581515737057412,0.005110700165985145,0.03655937948714594,0.014671809715741668,-0.0010678360208259408,0
2014-08-27,0.003959644517536942,0.0077139918479296465,0.0020305585558478977,0.0038507925602362545,0.027047838437696203,0.02417824925471379,0.0,0
2014-08-28,0.0023059330523371724,0.008015359075414175,0.0020520801531470393,0.0038358366929739512,0.02775355156307535,0.020914084760120133,0.0,0
2014-09-01,0.009221369439363247,0.014469494010008521,0.004038791576325103,0.004187152081977241,0.03028864047640445,0.039682436895341455,0.0,0
2014-09-02,0.006894876490152857,0.02235558984607211,0.003713683456234151,0.0035572357670275853,0.026516811124869033,0.06319548575487333,0.0,0
2014-09-03,0.003903229597738589,0.026547329137543985,0.0027669245620224724,0.0035795582860952335,0.02748971193415639,0.056086625496996945,0.0,0
2014-09-04,-0.00229832647327044,0.020148562572060325,0.004421283912091503,0.0034941695598086735,0.028017980267418308,0.045103949500099993,-0.00229832647327044,0
2014-09-05,-0.0011240187995231743,0.016657552156995825,0.004981489580111947,0.003704340635284434,0.024806427494265648,0.05406638382179474,-0.0034197619106302035,0
2014-09-08,0.010764389100824001,0.01821194115375513,0.005463041983777384,0.0045461998873938285,0.03294495273719855,0.06858842370167006,0.0,0
2014-09-09,-0.0025630360048446432,0.008647725796574246,0.005682118906743523,0.004743958020274297,0.031196640653655905,0.07721426164853229,-0.0025630360048446432,0
2014-09-10,-0.0072182461562991795,-0.002526310600645787,0.00670634121483667,0.005706059429373794,0.023953951737879065,0.06138907283682693,-0.00976278153635346,0
2014-09-11,-0.0010377929603044844,-0.0012660651313310956,0.006644675825962618,0.005771254561963735,0.018856988048210344,0.046414867252056125,-0.010790442750706508,0
2014-09-12,0.002448767577327926,0.002306213173238092,0.006716983240733839,0.005772589139904978,0.01900218119645225,0.04728311077517433,-0.008368098459731521,0
2014-09-15,-0.007834186663376763,-0.016136727877757218,0.004318653209733241,0.005887253944339268,0.001781332137474001,0.03212392674255948,-0.016136727877757218,0
2014-09-16,-0.013566277045511166,-0.02699023053005356,0.006255851991026448,0.006786405131132846,-0.01857590884628957,0.007448328412229754,-0.02948408960227067,0
2014-09-17,0.005370041220738919,-0.014652648225250586,0.007723074548545214,0.006938774486157912,-0.01714194168535732,0.009876543209876631,-0.024272379158051804,0
2014-09-18,0.01745972039370569,0.0035927625313825207,0.012063230462451545,0.009196920237407778,0.0023221487286853026,0.030405190913362024,-0.007236447717735683,0
2014-09-19,0.0008256569826550209,0.001967799642218271,0.012028739310859269,0.009184743803858357,0.004278550980913343,0.029191114039867738,-0.006416765558668436,0
2014-09-22,0.003059798435008476,0.012969410594379616,0.011103920514575502,0.008524172656226925,-0.0033766011328740797,0.029457109639589696,-0.0033766011328740797,0
2014-09-23,-0.015804721161754465,0.010670750923369887,0.011934243606405413,0.009840660392942823,-0.016607485634034247,0.014071057258135955,-0.019127956055248974,0
2014-09-24,-0.0018896046797338695,0.0033728292896997303,0.011890962827797375,0.009646783506189981,-0.011329239816656678,0.012353331857427374,-0.02098141645970708,0
2014-09-25,-0.01131535539338191,-0.02500385101204594,0.008142416960861602,0.010172922789250765,-0.021500921379719706,-0.003049375948992239,-0.03205935966919082,0
2014-09-26,0.007204383298470063,-0.018789748136108675,0.00964862476454337,0.010515850604784212,-0.01685892295354996,0.0018229019341617914,-0.02508594428608124,0
2014-09-29,-0.0012486117821267628,-0.02300430870456538,0.00906314934165769,0.010289236770150657,-0.010333250435215158,-0.00857032524882595,-0.026303233462606546,0
2014-09-30,0.0007413084722764918,-0.006579316624155784,0.006654868166053004,0.009292731599055404,0.00402122805027183,-0.014629378761729761,-0.025581423800144276,0
2014-10-01,-0.0024168842908798283,-0.0071041187643706705,0.006670674840490487,0.009159031240958062,-0.0037552504545169674,-0.02083281985556895,-0.02793648074970323,0
2014-10-07,-0.011723543367041955,-0.007514045387614909,0.006823009273663707,0.007323258103544839,-0.032330016328291133,-0.030082942705920934,-0.039332509573153596,0
2014-10-08,-0.0012352911211858109,-0.015830389579424953,0.004910784927238361,0.007223929766853388,-0.034322688682439706,-0.030190989074856178,-0.040519213594489734,0
2014-10-09,0.01502671273923517,0.00020731508122984188,0.00963236207619091,0.009157054275540623,-0.02280176276346313,-0.026101371438358667,-0.02359882005899705,0
2014-10-10,-0.012637317773269485,-0.013164172358376858,0.011142079226098533,0.008679028507252617,-0.019656877724491983,-0.03593791204410679,-0.03515092741490011,0
2014-10-13,0.003091622720246434,-0.007715010288777968,0.011432911830571883,0.008824568592188237,-0.014764320703788858,-0.025926291990462258,-0.03216797810048733,0
2014-10-14,-0.002568411706883933,0.0014772553614181838,0.010032721877909049,0.008145581650371748,-0.006047890190031491,-0.027418776358262065,-0.0346537691958313,0
2014-10-16,-0.01472533062054937,-0.012049421755262801,0.012150987976139165,0.008747736226036399,-0.027689064294095234,-0.04408117944605516,-0.04886881160772383,0
2014-10-17,0.004065460364987894,-0.022718279515862694,0.008739124588403504,0.009007937495463596,-0.022515674276595954,-0.032616264610793366,-0.04500202545941101,0
2014-10-20,0.012815404192963786,0.0024745704489212983,0.010152803176105642,0.01018408783452228,-0.010722177581358072,-0.006744065852336445,-0.03276334041221174,0
2014-10-21,0.006136254029494692,0.005517328851824876,0.010431884531816657,0.01041137145982027,-0.002240247685811547,-0.005987085449188134,-0.026828130562341235,0
2014-10-22,0.008596386112074583,0.016772634791454744,0.010631407449755177,0.009876269844611983,0.018274667617543594,-0.014646169013216692,-0.018462369419245617,0
2014-10-23,0.002332445378256498,0.03437572597506522,0.004101488035354923,0.009816428875476874,0.021912096599385533,-0.01316267415301453,-0.016172986509212728,0
2014-10-27,-0.0028510646262110972,0.027250408113423497,0.005984082201444585,0.008798762789007175,0.003913046209118587,-0.018977940905687274,-0.003224176961790115,0
2014-10-28,0.004492160616639929,0.018808538721222456,0.004339228051004974,0.007552197045395498,0.02132965222425076,0.001253500134080987,0.0,0
2014-10-29,0.007829239125018539,0.0205228469616221,0.004629201274885383,0.007764253985352152,0.02615340710910985,0.011002949115265448,0.0,0
2014-10-30,0.009733698372772936,0.021673607723958543,0.004925095502796786,0.007826551915948051,0.03880976602238051,0.0325271586291449,0.0,0
2014-10-31,0.018728884101258503,0.03838643467194047,0.007863520173969515,0.005927508428376569,0.07408172220644804,0.04434140434316114,0.0,0
2014-11-03,0.00023431304222421012,0.04159940938723916,0.006901943012688175,0.006265896029240024,0.06998341838374222,0.045892020254055144,0.0,0
2014-11-05,0.0016998732603328293,0.03870397129901826,0.0073741424018563635,0.006063825957638663,0.058240475163083394,0.046893832864604246,0.0,0
2014-11-07,-0.00015590707938062387,0.03047420106421761,0.008148355956463205,0.0063332169565955675,0.05162246539055859,0.04926657059611972,-0.00015590707938062387,0
2014-11-10,0.000869617368358,0.021428046809969237,0.008110221362708338,0.006325710986880515,0.04356607761477771,0.06263690082013151,0.0,0
2014-11-11,0.0022051113041914316,0.004860493619475381,0.0009845293068745362,0.006330218817218173,0.04343350531221324,0.0662973210756499,0.0,0
2014-11-12,0.0024693129570172445,0.0071058306253490855,0.0010702992438001212,0.005871360545648534,0.04900083836980862,0.053105627123753996,0.0,0
2014-11-13,-0.0030357973590351417,0.002344602616840552,0.0022276630850101425,0.006377511365527707,0.04113931934824855,0.06334645894693991,-0.0030357973590351417,0
2014-11-14,0.0038347182588822637,0.00634520810843231,0.0026263449750145392,0.006238629918566165,0.03701277432034056,0.06413419158448797,0.0,0
2014-11-17,0.004868949570316694,0.010366419989813247,0.0030493937893402746,0.005892310999011715,0.032016598932576024,0.0720689216683621,0.0,0
2014-11-18,-0.0005752750348427815,0.007563391986989743,0.003264190396828918,0.0022908213423097146,0.012460647424959559,0.08746547585245601,-0.0005752750348427815,0
2014-11-19,-0.005174521416109856,-0.00011928476852796077,0.0043224145603656654,0.0030633320179347,0.0069856982394598255,0.07745799966579692,-0.005746819677964643,0
2014-11-20,0.0023382603819954717,0.0052704942060457505,0.004043033427862146,0.003092978565995292,0.007627454037393733,0.06631215574789961,-0.0034219968567447134,0
2014-11-21,0.008980111641414545,0.010423246999368363,0.0053650434214191295,0.0040055802695941915,0.016834592779177315,0.069326101352843,0.0,0
2014-11-24,0.006228361457294884,0.011790172879043936,0.005571701305339784,0.004237166638413936,0.022278814752674014,0.0668154929401319,0.0,0
2014-11-25,-0.007860354155554083,0.0044149586394333085,0.007235188665944312,0.0053013819656272795,0.012011742689219451,0.05596696009133395,-0.007860354155554083,0
2014-11-26,0.0014947241554512658,0.01114849146415664,0.0064015292292512955,0.005284536768128264,0.011027876850405072,0.060569090431322525,-0.006377379061329513,0
2014-11-27,0.0021767985134060197,0.010985610397648227,0.006401293049125663,0.005083427593755515,0.016314004199644794,0.058124470576511156,-0.0042144628171836285,0
2014-11-28,0.011072261072260892,0.013081918288144312,0.006995739030729592,0.005884172667320556,0.023641521353055417,0.06152933396782623,0.0,0
2014-12-01,-0.003766774371961712,0.0030187042431844002,0.007134400220009198,0.006103813170483843,0.014844468167126257,0.04733633648337654,-0.003766774371961712,0
2014-12-02,-0.003646606435325217,0.007278656756980251,0.0060478711864200355,0.0062936760436615394,0.011725750364946386,0.02433250823099664,-0.007399644863621768,0
2014-12-03,0.0015191150421713928,0.007303188508391623,0.006047909902736665,0.005884926386963146,0.018533099507295203,0.02564826438735479,-0.005891770733269297,0
2014-12-04,0.003133180676181402,0.008264462809917328,0.006090785978252507,0.005897555847230514,0.01934086337614116,0.027115838959979932,-0.002777050039297957,0
2014-12-05,-0.003047498949138361,-0.005816085931359738,0.0032461584782593525,0.0055147247048093154,0.007189746795873475,0.024145376034544697,-0.005816085931359738,0
2014-12-08,-0.011717789255472288,-0.013750745099872508,0.005791174158562292,0.006379047768539725,-0.010773550289268075,0.011265242532282782,-0.017465723517596676,0
2014-12-09,-0.011560453885580468,-0.021584337278731214,0.007042989511841752,0.006902850587179906,-0.014462785504129605,-0.0026247660729552535,-0.028824265711873687,0
2014-12-10,0.0017924155046937784,-0.021317341422991132,0.007100603045241209,0.006917512133689446,-0.01416983747750944,-0.003298223849796611,-0.027083515267953384,0
2014-12-11,-0.007509888518547281,-0.03170099481574895,0.0057986114929126425,0.007037470855023257,-0.023698523698523877,-0.007771137314022236,-0.03439000960614802,0
2014-12-12,-0.008296253421601563,-0.03679889439349737,0.005505712484210563,0.005400843717988727,-0.04240095479288564,-0.019761856517956033,-0.04240095479288564,0
2014-12-15,-0.0005471723349667057,-0.025911770805557954,0.005610647877626282,0.0055312201437244775,-0.03930620974999699,-0.02504522136227494,-0.04292492649841351,0
2014-12-16,-0.018492384057618327,-0.032743055139256905,0.007940446528603385,0.0071768736394297915,-0.05362065527232629,-0.042523647325508174,-0.060623526329578126,0
2014-12-17,-0.0046854082998661895,-0.03899756452220948,0.006650287300408705,0.0067614323992873275,-0.05948358154761546,-0.04205289717619254,-0.06502488865601252,0
2014-12-18,0.016127425340606294,-0.016110166527993797,0.012674973923467045,0.009446903202087121,-0.047300453038157886,-0.028874421261857353,-0.04994614735248737,0
2014-12-19,0.008076673244028276,0.00013375323743636258,0.013129178397612788,0.010292491368548429,-0.03667006312732024,-0.02974396480032082,-0.042272872820423135,0
2014-12-22,0.012011865972863855,0.012701347997469359,0.014138015730338056,0.010948354885485916,-0.01353953722632062,-0.02416721863038751,-0.03076878293016616,0
2014-12-23,-0.006847669389716482,0.024716148544796424,0.010205465069487604,0.010552279177444644,-0.00883618880909287,-0.02317117840980265,-0.03740575786685296,0
2014-12-24,-0.011237450102818403,0.017970559665247077,0.012010794887183027,0.01098702329193173,-0.021727812917008205,-0.03558977081674186,-0.04822286263208453,0
2014-12-26,0.003254180888415892,0.005073964678342646,0.009845679968124155,0.010929611440684255,-0.01111794426557644,-0.03455298909844362,-0.04512560766163065,0
2014-12-29,0.00556050093284699,0.002565287166269359,0.009453326968406518,0.010788237742360693,0.0026993835191690962,-0.03981602771228143,-0.03714212320769705,0
2014-12-30,0.0002364696894365803,-0.009100192215281133,0.00704295973255516,0.010784067566777703,0.0034855710740182566,-0.03595764326371276,-0.036914436504600356,0
2014-12-31,0.004176643530446,0.0018991169710900202,0.006791485905009868,0.008515334783348425,0.026662204373047782,-0.02838809576876611,-0.032891971416561416,0
2015-01-01,0.00015695365037959874,0.013444905249507588,0.0024084989056709894,0.008181909491073032,0.0316570773867344,-0.029709580505174138,-0.03274018028116388,0
2015-01-02,0.013453645581844587,0.02374797273403484,0.005436028637973647,0.00774265070258751,0.028942433787212174,-0.019727009481107727,-0.01673049670309057,0
2015-01-05,-0.002030861954987695,0.01601930562797871,0.006154178049509714,0.007648654289532742,0.018625686913388062,-0.01872738132883589,-0.007092702870855949,0
2015-01-06,-0.029963954931729098,-0.014657654654017471,0.016279293043645383,0.011837563916206984,-0.023624459394521846,-0.03684413237341866,-0.031933964230625,0
2015-01-07,-0.0031067937273526747,-0.02180448404505786,0.01581350421746047,0.01173741498702069,-0.019946776339663685,-0.028606711666886553,-0.034941545718216505,0
2015-01-08,0.016353784821219186,-0.005963302752293509,0.018401469719118442,0.012527968965938155,0.0074014264567352495,-0.014487203269643811,-0.01915918741699374,0
2015-01-09,0.006059796468559364,-0.01321549172468428,0.01720163768575188,0.012619889701995691,0.010218639872205948,-0.0010129146619396456,-0.01321549172468428,0
2015-01-12,0.004647232784114941,-0.006612241000668373,0.017507363332611072,0.012587202356354334,0.009301141117834755,0.012025631984046825,-0.008629674406970489,0
2015-01-13,-0.0028355160398895185,0.0211692618135062,0.007972738823886615,0.012645214145844276,0.006201315430545806,0.00970850163024961,-0.011440720866660037,0
2015-01-14,-0.0026327204376220825,0.02165487959911605,0.007865870429152232,0.012619979296073388,-0.0006217779226582731,0.026023848480341005,-0.014043321084635352,0
2015-01-15,0.026167162989048753,0.031519442352998306,0.011840005081375421,0.015091900810487937,0.025368179623370235,0.05782833943560228,0.0,0
2015-01-16,0.002313356839707348,0.027678194218118124,0.011975291362423283,0.014605966100684457,0.014096921546790098,0.04344735455247384,0.0,0
2015-01-19,0.004334139867039566,0.027357923825543695,0.011981890530074632,0.01457379134203403,0.020564785639263006,0.03957350581140884,0.0,0
2015-01-20,0.01694598103079281,0.04773839072704056,0.011818905649386015,0.009891934719120653,0.0699182390324029,0.04464199903892374,0.0,0
2015-01-21,0.003898523391140385,0.05459948897922695,0.01043264571087929,0.009343296192463116,0.0774367139383616,0.05594532478529102,0.0,1
2015-01-22,0.003654275731714174,0.03146283030085417,0.006038144678886684,0.008860564248862373,0.06397396351978224,0.07184888856265514,0.0,1
2015-01-23,0.008468966146962797,0.037797458244262394,0.005655539375321734,0.008887372098451064,0.06652181785261635,0.07742022022510264,0.0,1
2015-01-27,0.008477070034858869,0.042078426327669005,0.005379777704719918,0.008881361908552862,0.07058752853538386,0.08054521421728533,0.0,1
2015-01-28,0.00042646316143857277,0.025150650903905225,0.003466413486301505,0.008538187775512913,0.07408969323083592,0.08075046221925852,0.0,1
2015-01-29,0.004268422646758641,0.02552838077782238,0.0034412836362617744,0.007910482337780552,0.08152170630198552,0.08084923998213145,0.0,1
2015-01-30,-0.01602372561394505,0.005421507978176976,0.010154243081333713,0.008322958674716954,0.03705491426452334,0.06336310960888447,-0.01602372561394505,1
2015-02-02,-0.0013054978487665458,-0.004323418896283293,0.009290715142915193,0.008466248003076526,0.03331062510277438,0.04787712391831267,-0.01730830452339338,1
2015-02-03,-0.004643417373314862,-0.01727736939565694,0.007725324767380761,0.008814915657292335,0.024074052416761083,0.04513391578344317,-0.02187135221478176,1
2015-02-04,-0.003751477465440023,-0.021381375991384455,0.007420395406353231,0.007329035280930699,0.0032315193891163663,0.07337570056660536,-0.02554077979524927,1
2015-02-05,-0.001375563121152723,-0.026881209961630126,0.0061055843807006965,0.007234214315285732,-0.0020390629474769106,0.07523975265671856,-0.026881209961630126,1
2015-02-06,-0.005814020225673677,-0.016784161473055725,0.0019987483399799715,0.00729590349988562,-0.011453648960211837,0.05178757923882138,-0.03253894228889631,1
2015-02-09,-0.015552386835314347,-0.030810239388910254,0.005461359189127964,0.007727046264986412,-0.035000452714020525,0.029193071398394554,-0.04758527090652176,1
2015-02-10,0.004597512417388261,-0.02181224340636434,0.007363695557273949,0.00713170837352485,-0.038712754615341516,0.02914213624894857,-0.043206532363010974,1
2015-02-11,0.007220785588782919,-0.01103889404725067,0.009041339551549895,0.007876298533842342,-0.032184243294481885,0.03952092922379924,-0.03629773188045604,1
2015-02-12,0.009753807636136091,-1.7218223768211693e-05,0.010536659022532856,0.008613656815802999,-0.026897965338710028,0.05243097293281229,-0.026897965338710028,1
2015-02-13,0.010784533177218725,0.016678116394663656,0.010841124751680241,0.008162448049240389,-0.0003859732770266078,0.03665463878080799,-0.016403514161086208,1
2015-02-16,0.0004372267332917179,0.03319122485002368,0.004178020698774158,0.008150276312815025,0.0013583558778731408,0.03471422866405138,-0.015973459482705676,1
2015-02-18,0.006782566250631339,0.03543847155173929,0.004033363225946001,0.00820191734665684,0.012853235577938937,0.0372367174617283,-0.009299234279267488,1
2015-02-19,0.002954076512836634,0.03105222894498927,0.004407830731520304,0.00801425009742106,0.01967055263248385,0.022965637793826543,-0.0063726284160026125,1
2015-02-20,-0.006936247231684067,0.014010135968914872,0.006708473244043783,0.00845372130098019,0.01399267651549052,0.011925081619794886,-0.013264673521477643,1
2015-02-23,-0.008903504799855022,-0.005740730225427204,0.006631071154133108,0.008797064261955903,0.010841641602346241,-0.0007361837149312267,-0.022050076236965643,1
2015-02-24,0.0008166808491196775,-0.005363619336273384,0.006655662981468541,0.006599879675895949,0.027649580418350084,-0.008318620127665377,-0.02125140326283048,1
2015-02-25,0.0005877586423346237,-0.011483690566122862,0.0052621089667561505,0.006597018205763689,0.023547816544180034,-0.01607653891476346,-0.020676135316425315,1
2015-02-26,-0.009512675012118943,-0.023770980180544687,0.005103580006650633,0.007308106044377886,0.006543106845631419,-0.02585172139147196,-0.029992124972772483,1
2015-02-27,0.018511374563125793,0.001245245426553243,0.011324718750174477,0.008873761734374753,0.015272827453208793,-0.012035945868961728,-0.005699639135273604,1
2015-02-28,0.006472876105194203,0.01677907926373079,0.010236119254311017,0.008470935165947324,0.010942024870819411,0.01055182826459622,0.0,1
2015-03-02,0.006167257367850398,0.022214994122413456,0.010181310664863084,0.008612164353924048,0.016732222014109954,0.018113306204105895,0.0,1
2015-03-03,0.004410081781896391,0.02611993498531473,0.009960356311730787,0.008488195572511584,0.014336291168213222,0.02737379447385102,0.0,0
2015-03-04,-0.008181186605530133,0.027499323456761537,0.00947427459376367,0.008985754167935104,0.0030746574033477803,0.02280569024611112,-0.008181186605530133,0
2015-03-05,0.0016923223481812855,0.01053184994233769,0.006059483312612257,0.0086157339417827,0.011790210106864762,0.025947863218430234,-0.006502709462275935,0
2015-03-09,-0.02025118178512486,-0.016299982587889117,0.011012985503975663,0.010611375781590786,0.00020559797600205876,0.011049468597918333,-0.026622203695984448,0
2015-03-10,-0.005104633568390193,-0.0273201775197478,0.009680919461522573,0.01072971226759862,-0.005712100980358681,0.021779542242577277,-0.031590940669723566,0
2015-03-11,-0.0013888809178090877,-0.03293594553286083,0.008470515006297277,0.010725227153741381,-0.0076762953035444115,0.015690761247088902,-0.03293594553286083,0
2015-03-12,0.00874142954844559,-0.016435700156343658,0.010772230525374744,0.010615003551986918,0.010611652665580396,0.017224192688411355,-0.024482423231902195,0
2015-03-13,-0.014613719234275346,-0.032446644849095096,0.011350071184671002,0.0097102620051015,-0.02225651810144047,-0.007323610608904185,-0.038738363206891724,0
2015-03-16,-0.0016883004249660383,-0.014114825705884071,0.0083860962551169,0.009230953127672687,-0.030184736880536134,-0.019572994151382694,-0.0403612616367931,0
2015-03-17,0.010442306689910419,0.0012913149029218918,0.010041772581089419,0.00978609690437658,-0.026064141569207666,-0.009768030558440888,-0.030340419619285908,0
2015-03-18,-0.004287368312450468,-0.0016149518100679883,0.010245143525437726,0.009476004427226426,-0.03449770737807423,-0.020655985387468934,-0.03449770737807423,0
2015-03-19,-0.005900367261884254,-0.016106426618049285,0.009043570327983282,0.009376776288500562,-0.03227740637590848,-0.029301990939035183,-0.040194525496734745,0
2015-03-20,-0.007383043898710473,-0.00888670463415342,0.007142307530701791,0.009285542548205981,-0.04104500573410541,-0.02973872486868334,-0.04728081144921503,0
2015-03-23,-0.002333477231095893,-0.009527229342707999,0.007146439383739245,0.007361322446358705,-0.023507579866959838,-0.023306815001799097,-0.04950395998332646,0
2015-03-24,-0.0009297266954354511,-0.020674515378354408,0.002607859895560379,0.0073060188593492515,-0.019409897785251262,-0.02501112746944223,-0.05038766152563556,0
2015-03-25,-0.0014222253437046195,-0.017856526094014447,0.0028757633071149614,0.007305749971421685,-0.019442640474945372,-0.026969688328723485,-0.051738224260108434,0
2015-03-26,-0.022113986964880206,-0.033875142594083196,0.008918826620940293,0.00868084989965984,-0.04943596171376485,-0.03934890630307997,-0.07270807280811453,0
2015-03-27,-8.990488063631563e-05,-0.02677665122682571,0.009390974616643476,0.008093025414527435,-0.035425399670434565,-0.05689347172285919,-0.07279144087814371,0
2015-03-30,0.018090488407221716,-0.006853079792770389,0.014237531611456036,0.010624989238648,-0.016315018272588855,-0.046007290619365704,-0.05601778518827294,0
2015-03-31,-0.00015307984880408299,-0.0060810375806952255,0.014246720239878264,0.009786713317867238,-0.02662983045407119,-0.05199988835235991,-0.0561622898429901,0
2015-04-01,0.011217759981156483,0.006499976555540021,0.015268429815159072,0.010685821749858621,-0.011472616539448977,-0.04557454494928448,-0.03932757125674802,0
2015-04-06,0.008577667782792231,0.038089701096240214,0.007799258830506368,0.010941177642774332,0.0029242644461557887,-0.029447529601631772,-0.031087242314900343,0
2015-04-07,4.6189909814087216e-05,0.038230992399357344,0.007766191098861376,0.010605114220188469,0.010430643222998803,-0.03104248832200507,-0.013183682771194194,0
2015-04-08,0.006246896758772769,0.026153103399550126,0.005097412486743386,0.010644481102366024,0.019120794302354138,-0.004836269163787987,-0.0070191431175934405,0
2015-04-09,0.007332690718810264,0.0338358261688847,0.004147690279944364,0.010716798986282772,0.02754903165768252,0.007604409983873017,0.0,0
2015-04-10,0.00023353041021612064,0.022605910612898628,0.004054058220029852,0.010657402410673082,0.02925282505743909,0.009241432422025353,0.0,0
2015-04-13,0.0061102347856292205,0.020104158246631032,0.0035506050608129997,0.006009028446029644,0.05895962072127703,0.006608933454876897,0.0,0
2015-04-15,-0.009486076522526532,0.010380702747018189,0.007042369611531582,0.007560069851738866,0.04900855971419671,0.011847012228614506,-0.009486076522526532,0
2015-04-16,-0.0049713149413728175,-0.0008835949692461709,0.007171741537744986,0.00650680333091714,0.025246399679710096,0.008519485935029714,-0.01441023318994783,0
2015-04-17,-0.011565805643929505,-0.019627946185480027,0.0072180499053246415,0.007882343715401391,0.013543752208220461,-0.013446746070867599,-0.02580937287751872,0
2015-04-20,-0.018347664420171883,-0.037840177213892434,0.009078327589617458,0.009212464818425824,-0.01608967826466734,-0.02737770409514262,-0.04368349558523876,0
2015-04-21,-0.008327316201276025,-0.05164704550599952,0.004975662715274358,0.008676378024127223,-0.03258120763519201,-0.02975221925613658,-0.05164704550599952,0
2015-04-22,0.006200948942138407,-0.036627734223217745,0.009068482599405701,0.00914369680596543,-0.026627253097467607,-0.016474349251537013,-0.045766357256056045,0
2015-04-23,-0.0037249249676739593,-0.03542099762252071,0.00916858814699862,0.008591820105471857,-0.03627329477646202,-0.017846074682197233,-0.04932080597690747,1
2015-04-24,-0.011079623257087667,-0.034946548919358555,0.009112494582968162,0.007922433335853804,-0.05388856612328119,-0.02782411227971615,-0.059853973285035056,1
2015-04-27,-0.01101110743204603,-0.02773404670872759,0.007237441509018545,0.007816177839556515,-0.06452476268030327,-0.03715946921742397,-0.07020602218700489,1
2015-04-28,0.008741386447198796,-0.010999373340097263,0.009342047292862797,0.008320364164593506,-0.06207833371066329,-0.006778827999975978,-0.06207833371066329,1
2015-04-29,-0.00553369701651063,-0.022533423490753046,0.008103814174933254,0.008248783749783514,-0.058335809467212285,-0.012186203754765312,-0.06726850803712925,1
2015-04-30,-0.007069389241178392,-0.025814748222854567,0.008159453299158504,0.008247470538292072,-0.06032136170994762,-0.03659785923719128,-0.07386235001131991,1
2015-05-04,0.018389048462995827,0.003214833990548227,0.012388893248828522,0.011038280604989592,-0.03184406228212866,-0.018731598162760488,-0.05683155988227295,1
2015-05-05,-0.0008581424516471703,0.013513842557646871,0.010706703229081651,0.00966784851045223,-0.014594997691788847,-0.03044984713932164,-0.05764093275979176,1
2015-05-06,-0.027364020757255303,-0.02276238292941979,0.016337109503093764,0.012605422110453682,-0.033511384321566084,-0.0650007505860345,-0.0834276658365406,1
2015-05-07,-0.004903050512535478,-0.022142662095330556,0.016329443277480458,0.012153437895852465,-0.044177135603876816,-0.06962807293049889,-0.08792166628933662,1
2015-05-08,0.016655703523512866,0.0012222697549348904,0.018630610447638633,0.013873996297843803,-0.02462403105390365,-0.06000413109336267,-0.07273035997283228,1
2015-05-11,0.01632790087285607,-0.0008041334861588201,0.018149206187434732,0.014654735418669641,0.002408115348725204,-0.05161022065775822,-0.0575899932080598,1
2015-05-12,-0.023819104531395463,-0.023766336728810233,0.02107988568922727,0.016231644887051793,-0.010573668703888539,-0.07441616792041328,-0.08003735567127013,1
2015-05-13,0.013350641999766433,0.01709892552797343,0.01768901453748371,0.0165985143276108,-0.0060526696919956935,-0.06775526375367891,-0.058827226806244415,1
2015-05-14,-0.0013660455712802833,0.02071413500800534,0.01733501813495773,0.016509675575393176,-0.001887193179404667,-0.060112911704875316,-0.055417092583872174,1
2015-05-15,0.004638749057659153,0.008649209546481185,0.015960064221738988,0.016372386466479358,0.009882050968648803,-0.05103540951221475,-0.039931443179177295,1
2015-05-18,0.013470743795651163,0.00581363923005318,0.01535056438287157,0.01586138328134562,0.005004830801913052,-0.026998605623983263,-0.008812632426226097,1
2015-05-19,-0.0009553778818077729,0.029371412399485708,0.00731752178034735,0.015862415346472855,0.004907024793388448,-0.009759590913933414,-0.0075981351649526685,1
2015-05-20,0.00688529881121025,0.022803854069904927,0.006130839525246191,0.012492288139804492,0.04029270100037041,0.005431052490227017,-0.0007651517847611089,1
2015-05-21,-0.00026711779894939003,0.02392937914933957,0.0058810279393847,0.012206762657159751,0.0451391905477021,-0.0010320651980498807,-0.00026711779894939003,1
2015-05-22,0.0045065906661918564,0.023794683110737402,0.005881974908552401,0.011442286626847114,0.03264969785753524,0.007221699629687217,0.0,1
2015-05-25,-0.010485935015575265,-0.00040603559976826187,0.006682731317545904,0.011183021458151107,0.005405243085793154,0.007826374883356912,-0.010485935015575265,0
2015-05-26,-0.0036916460081837243,-0.0031438083113684012,0.006883080805344819,0.007507929928523219,0.026135265997698998,0.015285251649662879,-0.014138870663616632,0
2015-05-27,-0.0005695887569174829,-0.010524441278603858,0.005527338582419628,0.006520505848118818,0.012039414968216589,0.005913874674133401,-0.014700406078768657,0
2015-05-28,-0.001871715499244142,-0.012112575703598139,0.005440097814685395,0.0065446755259832325,0.011526957029255103,0.00961801025516551,-0.016544606600110034,0
2015-05-29,0.013781704531794725,-0.002990914948072909,0.008884484995554163,0.007632035177055206,0.020732600289263825,0.03081953187068387,-0.002990914948072909,0
2015-06-01,-2.9643155691760903e-05,0.007544577521579443,0.006996107635742279,0.0065039743187014845,0.0071354785547521615,0.012176021219522326,-0.003020469443607232,0
2015-06-02,-0.023353570327507178,-0.012339091176170713,0.013324295345644435,0.01004288918294275,-0.01544410775014482,-0.01061286757639801,-0.02630350102554102,0
2015-06-03,-0.012305058611416397,-0.023936361673025708,0.013938812205715048,0.010093885254154859,-0.03420888611877837,0.004705446461652496,-0.03828489351515263,0
2015-06-04,-0.0005470123292892204,-0.02264094242096415,0.0140196874562587,0.01008452841699697,-0.034479277995487556,0.00910354585282902,-0.03881096353566349,1
2015-06-05,-0.001961712778191127,-0.03781873803157587,0.010113728462466599,0.009717784213382406,-0.040696540350752874,-0.009375572239516572,-0.040696540350752874,1
2015-06-08,-0.008694098364696146,-0.04615576161453272,0.00918340154768622,0.009602862561205155,-0.03895940981452173,-0.03376475180925498,-0.0490368189905368,1
2015-06-09,-0.0027038282478570874,-0.02598813809347489,0.0050261637660312,0.009610598543127203,-0.03800655926421137,-0.012864604802539703,-0.051608060102022235,1
2015-06-10,0.012720632229756612,-0.0013091418667257049,0.007883189851828612,0.010938117393949422,-0.02521416744654814,-0.013478316303298654,-0.0395439150249145,1
2015-06-11,-0.019582864070798567,-0.020330477883071962,0.011728859545051123,0.012188196397194722,-0.0425111191248948,-0.03147418593905793,-0.058352395982953054,1
2015-06-12,0.002203293012861929,-0.01624212848287676,0.01205706222150717,0.010747917393845079,-0.053446609712283544,-0.03382209661900071,-0.05627767039644416,1
2015-06-15,0.003883300554936131,-0.003760496758513976,0.0119386653628055,0.011033615547752229,-0.04974268978110841,-0.042962149122545146,-0.052612912950188995,1
2015-06-16,0.0041677585195722955,0.003103809333865337,0.0120447757136128,0.009243583091135814,-0.02296499098519389,-0.038054424940082265,-0.04866443234680429,1
2015-06-17,0.005498738707392592,-0.004049504889561684,0.010584139009578728,0.008802611144580343,-0.005353345379896957,-0.039379099516219984,-0.04343328663723045,0
2015-06-18,0.010263793710722835,0.026270032076431082,0.0030622976346223623,0.009437381377240157,0.0054054718872416085,-0.02926018287614296,-0.03361528322073071,0
2015-06-19,0.006159322780319609,0.030321061268461458,0.0025638819247094033,0.009543229256607647,0.013586454212725085,-0.027663007820119545,-0.024746106371499765,0
2015-06-22,0.015580641827609876,0.042326457779608084,0.004646595990909386,0.009777184780346417,0.038406792513814514,-0.002048923269914238,-0.009551024763892135,0
2015-06-23,0.003405921155020142,0.04153567034906103,0.004826380861466399,0.009511569317400647,0.044768398484243965,0.005060346429877516,-0.006177633646167524,0
2015-06-24,-0.002469710256456037,0.03328163330882217,0.006832469748698651,0.009249792562634284,0.029097354282443755,0.0031495212727665756,-0.008632086937446881,0
2015-06-25,0.004443328130512958,0.02732855430235115,0.0065391722318152365,0.004815199753746799,0.05431650837690749,0.00949633369395353,-0.004227114001648102,0
2015-06-26,-0.002012383900928727,0.018984917841445847,0.007287750327949654,0.005279883233676229,0.04988162196695445,-0.006230991326412583,-0.006201532003699439,0
2015-06-29,-0.007481118230303951,-0.004154146364822697,0.00484960856667292,0.006583292809406397,0.037996481114064284,-0.013636255839874822,-0.009478447249345101,0
2015-06-30,0.006022792844777802,-0.0015569912486352866,0.005515551415734579,0.006622216504953379,0.03991400842518611,0.01603239259632483,-0.0035127411288401467,0
2015-07-01,0.010103363804743859,0.01102758690802963,0.006956588591233381,0.0068969434586362175,0.04467623632060591,0.03908372361741086,0.0,0
2015-07-02,-0.0009641490349636683,0.005584663015003599,0.006943918296634507,0.006748906342097543,0.033065838083820465,0.038650046429252294,-0.0009641490349636683,0
2015-07-03,0.004736586578881985,0.012385009127680036,0.006834566879469308,0.006696225689118919,0.03160505534988034,0.04562091020000736,0.0,0
2015-07-06,0.004390151916934704,0.024493893056356963,0.003968678178370557,0.0051396911709518526,0.020237995474733816,0.05942206448164189,0.0,0
2015-07-07,-0.0013318235421813096,0.017004242098344946,0.004720620559186451,0.0052152900717178435,0.015420775393572894,0.060879537295572383,-0.0013318235421813096,0
2015-07-08,-0.01736029515439208,-0.010647044557881458,0.008994688352641401,0.007915343664431541,0.00026313114097242796,0.029368141843447715,-0.01866899784678755,0
2015-07-09,-0.0041252892186463,-0.013777546211322877,0.00900546241699076,0.00785099557669894,-0.008269826149083226,0.04559749414652203,-0.0227172720498936,0
2015-07-10,0.0038422054259144023,-0.014655446734787692,0.008826987726307984,0.007968142896221152,-0.0024519454486882086,0.04730736950231118,-0.018962351049911175,0
2015-07-13,0.011853287164121928,-0.007333830078090631,0.010785293650184548,0.008346355342960375,0.016980428928640157,0.05562210658980016,-0.007333830078090631,0
2015-07-14,-0.0006560555105706856,-0.006662123419654886,0.010790976137055623,0.008229900992764685,0.010228834319173208,0.050551116523554596,-0.007985074189024943,0
2015-07-15,0.008244520410215062,0.019221456286880878,0.006466695097015128,0.008021008271862763,0.008369760027445716,0.05341992572498455,0.0,0
2015-07-16,0.009884089255965733,0.03355926301697165,0.005033310048891446,0.008467612687516316,0.019319352508614607,0.05302400117436923,0.0,0
2015-07-17,0.0002091065920855062,0.0298186124118629,0.0057484619373041074,0.008422849441875886,0.014726160591167936,0.046796637061623514,0.0,0
2015-07-20,-0.000743334669012774,0.016998339174788768,0.005227634263573551,0.008383133848513464,0.009539846165580457,0.029970909003842916,-0.000743334669012774,0
2015-07-21,-0.008601200681122134,0.008912835192391944,0.007484463938703629,0.00890497208987472,0.002191333364666148,0.017645900817867988,-0.009338141779473452,0
2015-07-22,0.01219891083246849,0.012869846781951688,0.00847876244509303,0.007139000901409515,0.03233868026617093,0.03261032072097936,0.0,0
2015-07-23,-0.005061678345977927,-0.0021201085030871925,0.007877378698886302,0.007251173741388903,0.03136800523500494,0.02283877113598476,-0.005061678345977927,0
2015-07-24,-0.00794547020885239,-0.010255695511536378,0.008536421226005505,0.008035841431864314,0.019257106290853976,0.01675794346804116,-0.012966931140325544,0
2015-07-27,-0.018840469163473705,-0.028180555474838664,0.011257186437614298,0.009547584173443398,-0.011661238940145258,0.005121177149451928,-0.031563097237505056,0
2015-07-28,-0.002870470039468942,-0.02256300230378283,0.011173011240094132,0.009561011058264767,-0.013851267432370085,-0.0037641154328732496,-0.03434296635200096,0
2015-07-29,0.004563991843588688,-0.029935715526727358,0.008528336334437897,0.009215102970791485,-0.017451136816912682,-0.009227438616830619,-0.029935715526727358,0
2015-07-30,0.005582056226530074,-0.01955808051409813,0.010027361401622381,0.008699117962452416,-0.021636723764383303,-0.002735378749304407,-0.024520762147449027,0
2015-07-31,0.013186017240969905,0.001326049838351162,0.01212989788208492,0.009965953765484746,-0.008943245236560426,0.005651215689047584,-0.011658076098917003,0
2015-08-03,0.0011953802070818753,0.021773711278555208,0.005952395287898778,0.009987162438471472,-0.0070204394748619725,0.002452432778113467,-0.010476631725256369,0
2015-08-04,-0.003060967687184224,0.02157850545759854,0.006010344143047603,0.009645467847592735,-0.0014713727145362343,0.0007167363820088646,-0.013505530781259045,0
2015-08-05,0.00599396494029536,0.023032698312249078,0.0060602595263199565,0.008939755879470854,-0.007592517518966724,0.024500630750742936,-0.007592517518966724,0
2015-08-06,0.0024159804854135825,0.019811679213469935,0.006094598922640422,0.008849055135715277,-0.0001338797178047635,0.031229925977511064,-0.0051948804077142086,0
2015-08-07,-0.0028002072502663067,0.0037209138798877106,0.0037947484169381686,0.008476037308202955,0.005051897835487873,0.024406289059930364,-0.007980540916198486,0
2015-08-10,-0.0045536277234196065,-0.0020425960283504407,0.004441477686948323,0.005543957346778774,0.019686640354024787,0.007795830796782477,-0.012497828227254204,0
2015-08-11,-0.007418832692127286,-0.006404912585565081,0.005414875232915393,0.006139370938489347,0.015035384430850396,0.0009758578677800944,-0.019823941622748587,0
2015-08-12,-0.01334144770660628,-0.025502016234921987,0.005817390434756288,0.007589601695281635,-0.003056698168966032,-0.02045449212792405,-0.032900909248856136,0
2015-08-13,0.0007665175550484182,-0.027105540451642485,0.005306112498710524,0.007324459917316083,-0.007830867510508321,-0.029298156957731303,-0.03215961081832397,0
2015-08-14,0.019471388308789583,-0.0053767835041917955,0.012533337373919639,0.008779509951636573,-0.0016758761726739513,-0.010604133637636126,-0.013314414779637573,0
2015-08-17,-0.004842373408620038,-0.005665290419442748,0.012554364712967073,0.008884969055886961,-0.00769631454808295,-0.014662722512480575,-0.018092314820177258,0
2015-08-18,-0.0012680924350914058,0.0004963160351436624,0.012069070185924008,0.008850886507640049,-0.005911775411241216,-0.007374449700742858,-0.0193374645277119,0
2015-08-19,0.003377999303139978,0.01745025121415167,0.009419420743843708,0.008672593850964213,-0.008496781610537019,-0.016024787166270982,-0.01101888286106778,0
2015-08-20,-0.014408221161486212,0.002022535110132395,0.012471095426934071,0.009561568581924917,-0.025137827248752687,-0.025268341521339166,-0.025137827248752687,0
2015-08-21,-0.008694873249529667,-0.025661644293923147,0.0068222051763251355,0.009761625800946925,-0.030900450692384895,-0.02600465877686553,-0.033614130276585885,1
2015-08-24,-0.05915095874071541,-0.07883406273223781,0.025052124055743186,0.020276093788317687,-0.08405273529135782,-0.06602081090778611,-0.09077678098420583,1
2015-08-25,0.009181713407606651,-0.0691958353756843,0.02695500000139198,0.021044095639156733,-0.06873386234320256,-0.05473191795609933,-0.08242855396366133,1
2015-08-26,-0.01127437917951446,-0.08278841456595809,0.02535042044106823,0.020983759404488676,-0.06678284198360374,-0.06963540516176014,-0.09277360237057042,1
2015-08-27,0.020162092442744584,-0.050616583559762396,0.030400756956527705,0.02258429156026141,-0.04869642226703452,-0.05614595454653393,-0.07448201987506764,1
2015-08-28,0.006667547286119513,-0.03590383074596848,0.03132232867968059,0.021390241713578215,-0.0606441237064993,-0.062218367837240884,-0.06831108497843086,1
2015-08-31,-0.0038303163603871093,0.020783711102573932,0.012141203631785466,0.021398851157677243,-0.0596888160145328,-0.0669257466595653,-0.07187974827242927,1
2015-09-01,-0.023264712154855482,-0.01203573286636972,0.016638529761471458,0.021989508156719052,-0.08039874565200689,-0.08583522173560798,-0.09347219877396318,1
2015-09-02,-0.00884296512262639,-0.009606191084273963,0.01634388206275514,0.0216156999184704,-0.09159932432034745,-0.09931780647646182,-0.10148859250289621,1
2015-09-03,0.013735907736166952,-0.015844860012957707,0.014308940888289405,0.022688856283387644,-0.06565943089188142,-0.08914672270962254,-0.08658898255610303,1
2015-09-04,-0.021468746005368744,-0.043351932966339435,0.015018905517025175,0.02317851521765486,-0.07769926324857379,-0.10619877168811154,-0.1021101154170968,1
2015-09-07,-0.012573399259312446,-0.05174814647548076,0.01481277958439797,0.014925368755249998,-0.032039953899346885,-0.1133996434268556,-0.11266588797389221,1
2015-09-08,0.0171257342435307,-0.012535561306729615,0.016957657800709635,0.01583819125282336,-0.024420419505881474,-0.09147577209640356,-0.09746963978611378,1
2015-09-09,0.016954443468929936,0.013165737981080783,0.018374385883592137,0.016570797902794174,0.0034330743019950205,-0.0635790381402368,-0.08216773981487446,1
2015-09-10,-0.0039009541350113475,-0.004461204141633646,0.017406711069795897,0.015072344736193281,-0.02023537699947786,-0.06794640880341318,-0.08574816136549046,1
2015-09-11,0.00015408122648663536,0.017537442603248854,0.013143369344010376,0.014797283057505694,-0.026574772399227675,-0.08560729232087616,-0.08308858584015577,1
2015-09-14,0.010649223935398577,0.04146822246917492,0.009662783617586447,0.015360269354252267,-0.012425827656718513,-0.07137296073042121,-0.07332419086184461,1
2015-09-15,-0.005481279176855369,0.01832016388645008,0.009728987829194648,0.013421670993116162,0.0055549490421726855,-0.07529040754498573,-0.07840355967816925,1
2015-09-16,0.008947388588726568,0.010302355920497108,0.007369639479181143,0.013203022801357612,0.02360373202021515,-0.0701576782046226,-0.056564450150786816,1
2015-09-18,0.010475810688491904,0.024884118077579842,0.007259601751269868,0.012929828728804185,0.02031190080531764,-0.046681197933773344,-0.0383195079488432,1
2015-09-21,-0.0006013605783082854,0.02410999704723138,0.007391015770138285,0.010074071367133536,0.042070267339860745,-0.03889782468569092,-0.0031054930360724375,1
2015-09-22,-0.02069674443093361,-0.007653466289815447,0.012626727276448407,0.011760941192177944,0.03349738053659301,0.00038417210910490773,-0.023737963871306333,1
2015-09-23,0.004345878136200687,0.0021522269481804024,0.012611311912065154,0.010750137042169578,0.020511819985042035,-0.0044095067697031975,-0.019495248033291834,1
2015-09-24,0.0028740942779394985,-0.0038801643214775305,0.011863928567669617,0.009426769355768003,0.0063822167651497175,0.009837201691510922,-0.016677184936171763,1
2015-09-28,-0.009252081082798513,-0.02332777910021422,0.010399581356827513,0.009857525173220355,0.0009758477677481725,-0.019279275879204194,-0.025774967351708034,1
2015-09-29,0.006105930192285447,-0.01677301274899401,0.011435923436826853,0.010036428247453912,0.0069325870103860154,-0.019826417310780498,-0.01736428669865564,1
2015-09-30,0.013463720627796993,0.01752432155657968,0.008212629888922653,0.010378909653288975,0.009736733462478941,-0.0028100811661837533,-0.004134353975870364,1
2015-10-01,0.0002516071406106768,0.013376327914401687,0.008311657133462335,0.01013549573298432,0.015557343755987274,0.02119871304995602,-0.003883787068241884,1
2015-10-05,0.02117999220214073,0.03187392768634423,0.011738915935900136,0.011734055778580174,0.02787008728787277,0.052131657379810736,0.0,1
2015-10-06,0.004138287783429506,0.04582013161101628,0.008318944961207955,0.01144181045992185,0.021423470602237593,0.04217052281733347,0.0,1
2015-10-07,0.0030050656821498656,0.042596866115028,0.00869817483237075,0.011401133713733221,0.025109375587619498,0.06823600107118821,0.0,1
2015-10-08,-0.0058759507912049536,0.022701254261596082,0.010078306908335721,0.008684227760196197,0.04062339989759356,0.07548155791924649,-0.0058759507912049536,1
2015-10-09,0.007423717763412663,0.030034335735577233,0.009822545803879944,0.008751200546698801,0.043812412773469145,0.0652229050824309,0.0,1
2015-10-12,-0.0056290218200910624,0.002992868843373131,0.006033341232810993,0.0093041700107341,0.03496219101480591,0.041567544061596795,-0.0056290218200910624,1
2015-10-13,-0.0014612701999116018,-0.002600301733125643,0.005727177754515223,0.008401926025657978,0.043100683710250554,0.044118591183985645,-0.007082066498162343,1
2015-10-14,-0.0029268172706814477,-0.008499033922762744,0.005424018064454927,0.008662940449336931,0.03373579998215037,0.04090226336127767,-0.009988155854304792,1
2015-10-15,0.00883089332626219,0.006169004901990904,0.006474998710739599,0.008172376321853435,0.02901030331240806,0.03902950236590552,-0.0012454668669181768,1
2015-10-16,0.007170364936732065,0.005915967617861506,0.0064152992733259966,0.00821659963913457,0.03612798551107432,0.05224738475686852,0.0,0
2015-10-19,0.004479160976675445,0.016141509897342532,0.00520506087621971,0.0054868950765001815,0.019182688162772576,0.04758739864415795,0.0,0
2015-10-20,-0.0016193255629874947,0.015980668248951613,0.005240943021514537,0.005529644326396649,0.013338811956481678,0.03504804620453772,-0.0016193255629874947,0
2015-10-21,-0.0012043599038931152,0.017735788551906273,0.00477447227118166,0.005548968021372433,0.009086017560594017,0.034423537375738,-0.0028217352161011844,0
2015-10-23,0.005301937782517641,0.014175683110214665,0.00399191167079801,0.005138844601879553,0.020432137870801448,0.061885560675883244,0.0,0
2015-10-26,-0.004207125592945671,0.0027190570698518712,0.004136218521508222,0.005100144437707242,0.008651110541289642,0.052842549340742506,-0.004207125592945671,0
2015-10-27,-0.003347234748291572,-0.0050936248119346494,0.003739443607818355,0.004820265935712519,0.010965666290092768,0.04631124102433759,-0.007540278104262055,0
2015-10-28,-0.007494321563483064,-0.010948176211773686,0.0047603685010090095,0.00550551981780811,0.004857532865206515,0.04816757956309248,-0.014978090398953703,0
2015-10-29,-0.007275553162326198,-0.016960141546590535,0.0052000297838287165,0.005959186189698103,0.00047484552103504996,0.03422666479670555,-0.02214466966831219,0
2015-10-30,-0.005664622307147038,-0.027683850785671704,0.0018313338164947447,0.005318078901186009,-0.013900605171465186,0.014706437368692482,-0.027683850785671704,1
2015-11-02,-0.001859703935133572,-0.025391771734327495,0.002467402959814575,0.004389311765169694,-0.02274175634092601,0.01256461532656683,-0.029492070954559524,1
2015-11-03,0.0012296914592337949,-0.02091608060343253,0.0037886146227505,0.003928684473375411,-0.025903166748237116,-0.007217370955624247,-0.02829864564309359,1
2015-11-04,-0.0025432034438696016,-0.0160319169766987,0.0033366100632248223,0.0039135266987948315,-0.02680457293639893,-0.013823302137889515,-0.03076987987390689,1
2015-11-05,-0.010540782567597828,-0.019268345301568734,0.00445893422828426,0.004573411598794044,-0.035901692984475986,-0.027141878836794087,-0.04098632382812273,1
2015-11-06,-0.00014455499060384014,-0.013823799251159175,0.004586818503889698,0.0036138206768554205,-0.04112495404107075,-0.02153308690116673,-0.04112495404107075,1
2015-11-09,-0.004915580252190632,-0.016843046653748694,0.004638220571567417,0.003621244920705011,-0.041807143592133666,-0.03351771127147518,-0.04583838128130491,1
2015-11-10,-0.016657822922983567,-0.034407681714987426,0.00665221405032892,0.005305070124693898,-0.0546040884742921,-0.04423719239648316,-0.06173263656582828,1
2015-11-11,0.0053511662715926,-0.026765503345687947,0.008611133125420164,0.006260899478254259,-0.04236831799490892,-0.03771659062680621,-0.056711811896883346,1
2015-11-13,-0.008019169329073428,-0.024285238421459465,0.00830171557770797,0.006304404542841737,-0.0430856473633926,-0.04263126086902891,-0.06427619960339714,1
2015-11-16,0.005713549550710129,-0.018568572973108877,0.00946805688574571,0.007030981122925656,-0.03213568399910727,-0.04558958371538602,-0.05892989530405224,0
2015-11-17,0.003964594061435234,-0.009810238528401016,0.010002152533985512,0.007389971758710552,-0.026488050876931513,-0.048627422418868305,-0.05519893435558054,1
2015-11-18,-0.013492736888440882,-0.006623112156076805,0.008873469578331865,0.00797329015278051,-0.04080290793603525,-0.06564915015619233,-0.06794688654623926,0
2015-11-19,0.014349827983134666,0.00226837060702878,0.011173351401414313,0.009902618279545698,-0.024557846819730833,-0.050704157159889296,-0.054572084697032786,0
2015-11-20,0.001759586879602093,0.012148539405455905,0.010114318870356749,0.00954183591541828,-0.01243172919193758,-0.04788710205169855,-0.05290852214165598,0
2015-11-23,-0.0009291610185132582,0.005463325903722449,0.010015734276043074,0.009535333245434176,-0.013206693235105593,-0.053788522623848145,-0.04979087348905331,0
2015-11-24,-0.0022486224798546894,-0.0007591658107444221,0.009961479975968919,0.009459581517485693,-0.010561956741459433,-0.05192753509148895,-0.04874345613331865,0
2015-11-26,0.00666530466315951,0.019659070332910922,0.0067555839552732744,0.007926886095615373,0.012905753949135068,-0.042403041455623125,-0.03517231251223807,0
2015-11-27,0.007471016514878581,0.012744254247553544,0.004384861024006103,0.008073904136934266,0.01504153354632587,-0.027964068925004915,-0.020840139304095895,0
2015-11-30,-0.0009379681972124798,0.01001711947356032,0.004662602252551304,0.007428731356999837,0.022287352249669823,-0.021758560113415704,-0.016185623248778813,0
2015-12-01,0.0024762924923600327,0.013459884702360148,0.004366316160061078,0.007330014175618367,0.01899674634283799,-0.013749411093753938,-0.01312541094445896,0
2015-12-02,-0.002960439477554644,0.01273686092241677,0.004574062142817387,0.007440399487381617,0.011968025722324027,-0.014837034828836915,-0.016046993437294432,0
2015-12-03,-0.008472706411897235,-0.0024924528780537747,0.005962463547941976,0.0064398658408997035,0.01711761814842583,-0.02438373838500385,-0.021896221487027745,0
2015-12-04,-0.010458854421647623,-0.02024500484721825,0.0053407858745207005,0.00577714269204319,-0.007758758088680651,-0.032126066515758334,-0.021815233582009874,0
2015-12-07,-0.0021203048098793476,-0.021404492612079107,0.005191491612778464,0.005718853490162511,-0.011601784498284973,-0.023889283447196652,-0.023821795371406274,0
2015-12-08,-0.008203054575424251,-0.03182943845931441,0.0036796232292228594,0.006134881661972563,-0.018797974328757516,-0.03175640848346184,-0.03182943845931441,0
2015-12-09,-0.01158185855070959,-0.04020122677728255,0.0036596152134988186,0.006863997126076363,-0.02797640328923856,-0.038242874469375354,-0.043042652956039595,0
2015-12-10,0.00930049261083754,-0.022996763795197106,0.00859398482679422,0.007304718542656903,-0.02543189832314363,-0.012854362196226599,-0.03414247822097061,0
2015-12-11,-0.009481602957062796,-0.022031894524473405,0.00843747625751171,0.006659664704621252,-0.04183086356025034,-0.02741853035143771,-0.043300355755572006,0
2015-12-14,0.005203371679729951,-0.014854353928966835,0.00950417551057154,0.007254972171679847,-0.03594089663211619,-0.014454571805855188,-0.03832229192070291,0
2015-12-15,0.006647015378984378,-0.00010387317085835956,0.00976979742404031,0.007748126805871605,-0.031930005405473305,-0.013539825276048578,-0.031930005405473305,0
2015-12-16,0.006492747600929771,0.01818062397372744,0.007480671656051872,0.00833665803190616,-0.022751486190875525,-0.01105575084050503,-0.025644571270537653,0
2015-12-17,0.012056664387361637,0.020961045384144894,0.008080275783484199,0.009128888141723374,-0.0025177546206518464,0.014556765565586272,-0.013897094872342697,0
2015-12-18,-0.010504375760898021,0.019906838623208856,0.008514005438455305,0.009134573658378714,-0.0025636412701267597,-0.010302508686366396,-0.02425549032671681,0
2015-12-21,0.009340436359420057,0.024104417618185492,0.008856851965464119,0.009577746211245013,0.008892008138666307,-0.002812939521800284,-0.015141610831060026,0
2015-12-22,-0.006171460664118,0.0110636419119845,0.009975478724322657,0.009382114064163921,0.010958619525559321,-0.008045354651718295,-0.021219625639542827,0
2015-12-23,0.010255455234327693,0.01484343753628603,0.01050416204082545,0.008603656141832382,0.033293924466338165,0.004386076919147941,-0.011181787326050574,0
2015-12-24,-0.0006229381066494843,0.0021289208156187733,0.009221979896257459,0.008406462713576297,0.02313459060559908,-0.002885664273573618,-0.011797759871274294,0
2015-12-28,0.008154126993213273,0.02102564432906684,0.007238012135704585,0.007450733258462674,0.04135103706088339,-0.002209576088735621,-0.003739833310286711,0
2015-12-29,0.0004794861926904481,0.01206211029491544,0.006728908305239193,0.00752137166486445,0.03645727805700605,-0.0007939258372452462,-0.0032621403160315587,0
2015-12-30,-0.004124127406529232,0.014147005561192305,0.006109240656561031,0.007804480919725389,0.02536716487683255,-0.007372814240279579,-0.004425476116928451,0
2015-12-31,0.00634478391641613,0.010221270158086604,0.005085185014064202,0.0077962810074520454,0.025216426479505616,0.0018912291097985534,0.0,0
2016-01-01,0.0021204704046511313,0.012994447306657442,0.004868573262361548,0.007042670253113174,0.015151032271634834,0.01259513106947363,0.0,0
2016-01-04,-0.02158679927667262,-0.016889270234632714,0.010860017435931464,0.009566194286962235,0.003781266305503239,0.001207931225022163,-0.02158679927667262,0
2016-01-05,-0.000853516101292584,-0.018199131032482274,0.010758291833370756,0.009038455542743138,-0.006356540663352228,0.002478945064001925,-0.022421890697207125,0
2016-01-06,-0.005607188505584615,-0.019661231597277173,0.010796049436961,0.00900149703501981,-0.005792373588831445,0.005102769518418038,-0.027903355435000998,0
2016-01-07,-0.02230977909830767,-0.047575301868153286,0.011565288326650788,0.010436646923482833,-0.0378403117233137,-0.0058062397372742325,-0.04959061683745225,1
2016-01-08,0.004366898775154393,-0.04544027526622452,0.012164825482876616,0.010720865051203295,-0.03303629922211404,-0.010665989874142578,-0.04544027526622452,1
2016-01-11,-0.004933334210370566,-0.029192817629920542,0.0100146383172482,0.009937214957918074,-0.04558904247869111,-0.006123159602914319,-0.05014943741209554,1
2016-01-12,-0.007079727916338929,-0.03524243222238632,0.009614438210247028,0.009793489843422515,-0.05280018161294997,-0.01826785445846757,-0.05687412095639943,1
2016-01-13,0.006937139661531422,-0.023071954527838834,0.011547805337490604,0.01054517770799599,-0.042279563083742366,-0.01798491085457543,-0.05033152501506932,1
2016-01-14,-0.0033851687295037847,-0.0041620971684526165,0.0061188424234128085,0.009886250823818108,-0.05153938600741226,-0.027622598665961284,-0.05354631303998392,1
2016-01-15,-0.013135548243286221,-0.021515914936162672,0.007302452814985932,0.009802157715750255,-0.0659785011050833,-0.051827111232925605,-0.0659785011050833,1
2016-01-18,-0.011670117507865285,-0.02814043112964959,0.008029376110539143,0.008558012138748131,-0.05651175028557498,-0.052944169957291676,-0.0768786417520595,1
2016-01-19,0.011440620323765582,-0.010012915595914884,0.010953835532499036,0.010088509859442213,-0.04490246831906375,-0.050973584616660905,-0.06631756077958606,1
2016-01-20,-0.016919745531331132,-0.033468211149899396,0.011298517411397042,0.010828860253782132,-0.05576798863195964,-0.06123733319633706,-0.08211523005826804,1
2016-01-21,-0.00444639021520532,-0.0344973994268124,0.011229639902233631,0.009116789686795029,-0.03851591506679175,-0.07489877255766941,-0.08619650391802292,1
2016-01-22,0.020015666226912865,-0.0020637823012181755,0.015598519532162503,0.011674403308931857,-0.02353529307294111,-0.055794073310817316,-0.06790611814345993,1
2016-01-25,0.001845751739654622,0.011583458032920602,0.014251986776130963,0.011702430360165533,-0.0168829365997476,-0.0617023021646278,-0.06618570423950176,1
2016-01-27,0.00021516510559904667,0.0003564175330525998,0.013323167957778097,0.011552045130954553,-0.00966006684153764,-0.0619501951708612,-0.0659847799879445,1
2016-01-28,-0.0017612853349467938,0.015781264963813157,0.009702938431253808,0.01121815976210354,-0.018215116894107708,-0.05972455279404787,-0.06762984729756882,1
2016-01-29,0.018707952563420616,0.03940605760773974,0.01063727869752521,0.012914237009785596,0.0035492516717969824,-0.04817306058756543,-0.05018711070926252,1
2016-02-01,-0.0010048191656034655,0.017985974981306718,0.008554713077326548,0.01203853095255542,0.015885073543252082,-0.05114150090415914,-0.030206769088598873,1
2016-02-02,-0.01328754160628376,0.0026088769053880245,0.011500625648785475,0.01224633317726163,0.014222554754455219,-0.043092936993826436,-0.04227550371564548,1
2016-02-03,-0.01257452501827494,-0.010211421464824677,0.012933431203797677,0.012429458262347341,-0.009858643461419514,-0.05431843435478789,-0.048985919131895095,1
2016-02-04,0.005732293732511051,-0.0027812758850584984,0.013391751823729951,0.011192342761899869,0.012956097027075009,-0.04353442707660504,-0.02596249350444335,1
2016-02-05,0.011493787142085488,-0.009843261431470629,0.01097798266245744,0.011409013165586603,0.029174912049252377,-0.010464701452109426,-0.014767113736375737,1
2016-02-08,-0.013599764991788166,-0.022326775587450887,0.01210074028003366,0.010751526707151687,-0.00474236943327333,-0.02816604945174217,-0.02334789822643235,1
2016-02-09,-0.012054553453585637,-0.021105082790672802,0.011886207061773109,0.011309649718775279,-0.01855126644836369,-0.03512100319281852,-0.03508273231485215,1
2016-02-10,-0.011304157189443997,-0.01984568991279312,0.011674145474825901,0.011661261325232024,-0.029854458673658102,-0.03922612944889026,-0.04599030878357391,1
2016-02-11,-0.03317072494699047,-0.057759319286871946,0.015833758485336795,0.015041166937467704,-0.0603799505700604,-0.07749523960647409,-0.07763550184767731,1
2016-02-12,0.0006593705877715461,-0.06785194482648127,0.012181647505178849,0.012620907615252372,-0.07702732182639105,-0.07375145950536044,-0.07702732182639105,1
2016-02-15,0.026070950228836987,-0.030363125655690548,0.02165597486485329,0.01655749946981223,-0.052011990550493326,-0.03695313130226685,-0.0529645470711505,1
2016-02-16,-0.01601295555602089,-0.03424817078183662,0.02200403903374078,0.016726914386854974,-0.054630443092729575,-0.041184872806420914,-0.06812938368887633,1
2016-02-17,0.008541127230163426,-0.014863422814141436,0.022754569686840163,0.01706071473599549,-0.034414137846722315,-0.043933504593078876,-0.06017015819291216,1
2016-02-18,0.011718447762873785,0.030875744479563094,0.015450749721965966,0.017514348696671508,-0.028666936790923803,-0.01608225137838104,-0.049156811285705815,1
2016-02-19,0.0026419160844022294,0.03291815583838886,0.0152978449807432,0.01692743617906055,-0.03716734988182835,-0.009076791996482036,-0.04664476337169721,1
2016-02-22,0.0033006275352771564,0.009995881585101118,0.010767981147093071,0.016665429613114367,-0.020670750279197292,-0.025315091378183663,-0.043498092826781076,1
2016-02-23,-0.017278199749811707,0.008697194339020387,0.011299951947649434,0.01709332906572495,-0.025848839439861826,-0.04392057718039566,-0.0600247238399958,1
2016-02-24,-0.012778586549078375,-0.012625818568042235,0.012106746003364796,0.017183987766310117,-0.0273015785024322,-0.05634096332896377,-0.07203627926040024,1
2016-02-25,-0.006853120948323688,-0.030750512740292613,0.009149755027249339,0.013636081281537045,-0.0008242132347143771,-0.06115439785040366,-0.0783957268742852,1
2016-02-26,0.008485639686683921,-0.025101411087612213,0.010787197190584219,0.013900102665963556,0.006990452588831131,-0.07057532507883202,-0.06964048200424833,1
2016-02-29,-0.00607418471496135,-0.03421083550462711,0.009742521317424197,0.010766010582828714,-0.024556921380157526,-0.07529165756787692,-0.06703742772829846,1
2016-03-01,0.033669431305057174,0.015858950285179807,0.018699430804646925,0.014587260269110421,0.02469407299684323,-0.031285418245468155,-0.035625108491006974,1
2016-03-02,0.020291319939631514,0.04988815592631113,0.017398328768281696,0.015565081324347627,0.036632458552849245,0.0009576462278246822,-0.016056669025650616,1
2016-03-03,0.01448665666962956,0.07244713511032042,0.014662346347918895,0.01574684345984375,0.039468835818820214,0.009670448406266852,-0.0018026198074535538,1
2016-03-04,0.0013042431376746322,0.06481027063551337,0.01567533346579155,0.01576523058676848,0.03808203030197976,-0.00050072772429266,0.0,1
2016-03-08,-6.679714375401602e-06,0.07131049584588633,0.014000539098244684,0.015812781058744067,0.034660068698122215,0.013272868794206305,-6.679714375401602e-06,1
2016-03-09,0.006212175864694691,0.04285338465585764,0.00872128039552493,0.0140225246445368,0.05939194463784636,0.03200789235701951,0.0,1
2016-03-10,-0.006060968161661351,0.015918359038384455,0.007682825139019195,0.01316433223653285,0.06660065254249359,0.03748077109635939,-0.006060968161661351,1
2016-03-11,0.0032125992666458547,0.004628391032157841,0.004555290278107135,0.012387947014082766,0.07741083981292851,0.07652282353952988,-0.0028678403568868083,1
2016-03-14,0.003801496631248291,0.007133934952941345,0.004739448811432997,0.012437183373497602,0.07240655784345096,0.07990316504200723,0.0,1
2016-03-15,-0.010366440059691562,-0.003299800943181941,0.007167849386351278,0.013002931736649547,0.06777538446125342,0.041554108293370806,-0.010366440059691562,1
2016-03-16,0.005113529742916123,-0.004388061286810574,0.006917751542896657,0.008898836216222308,0.03827728009082976,0.06391657503635662,-0.005305919416348837,0
2016-03-17,0.0018403067177863441,0.003526512292700623,0.006308248887132354,0.006753532582118007,0.01950100761991358,0.056847836026137966,-0.0034753772177085196,0
2016-03-18,0.012219552615290397,0.012536283987111041,0.008200186845191323,0.006309521339175932,0.01722269784365138,0.05737129349601977,0.0,0
2016-03-21,0.013137217513659927,0.021953241585143335,0.009520932936673334,0.0072595024562393615,0.029243789535559506,0.06843948271677713,0.0,0
2016-03-22,0.0013823538955770598,0.03408573037021134,0.0056193115772095615,0.007210612153393505,0.03067345330180471,0.06639666599857619,0.0,0
2016-03-23,0.0002073908929474122,0.029038173028838044,0.006354297212076635,0.007167843746188343,0.024522690459120033,0.0853710853710854,0.0,0
2016-03-28,-0.013140672584720958,0.013650491510871943,0.010705312733283685,0.008353334496667798,0.01722514242968698,0.08497300069813507,-0.013140672584720958,0
2016-03-29,-0.002376856508778613,-0.0009665520392933002,0.009390715107862683,0.008430551132412822,0.011557614976964725,0.0898631394714946,-0.015486295600336986,0
2016-03-30,0.01819139133868619,0.004017263198883736,0.01126467582719205,0.010007911094703862,0.02605869673354344,0.10035207510935673,0.0,0
2016-03-31,0.0004136932464577914,0.003046053740165089,0.011261619115701818,0.008981504680681101,0.03723561107685702,0.10753465339449408,0.0,0
2016-04-01,-0.003275870981081286,-0.00044709388971686526,0.011403385702517586,0.009223237870236344,0.02857809634939157,0.06794926823864977,-0.003275870981081286,0
2016-04-04,0.005931505694893646,0.01887040222715397,0.008822433671050029,0.009263637727795562,0.032778484003434194,0.052918705089668006,0.0,0
2016-04-05,-0.020054647625921573,0.000816111623008986,0.013954478860355377,0.011215320367546428,-0.00015122923063781712,0.01706886403766905,-0.020054647625921573,1
2016-04-06,0.0014664877946128918,-0.015623384010755914,0.010028183807633479,0.010268420070983792,-0.011668884057500661,0.01723366308856633,-0.01861756972727735,1
2016-04-07,-0.008917373117863003,-0.024804869223612136,0.010078065578355297,0.010502799158653967,-0.02183437244811981,0.00816934525002333,-0.02736892302933447,0
2016-04-08,0.001159485585937814,-0.020465315277354623,0.010452696847006632,0.010530876981351533,-0.020903259249659856,0.0031068270532939035,-0.026241171315151912,0
2016-04-11,0.015380135535789874,-0.011264628550806899,0.013207022304976859,0.011046085282675271,0.00739320560465373,0.024745697053892846,-0.011264628550806899,0
2016-04-12,0.004894804077482551,0.013908617424242431,0.008723736802004986,0.011053660155937908,0.014736080031591436,0.026464008947830964,-0.006424962623086117,0
2016-04-13,0.018355288333690156,0.031007242903202448,0.011041602640422053,0.011081214955461384,0.014899420829455057,0.041346377051898475,0.0,0
2016-04-18,0.00818424421529973,0.048797779088180615,0.00716677091973007,0.011264750551568158,0.022782487335883506,0.06086641825054273,0.0,0
2016-04-20,6.317358838714426e-06,0.04758973951715384,0.007516131200257699,0.01113085488578196,0.02615048521661345,0.055475912652108716,0.0,0
2016-04-21,-0.0003411352222116859,0.03136976301587713,0.0076573162699977585,0.01110150023679732,0.019751765736969684,0.05317768267765266,-0.0003411352222116859,0
2016-04-22,-0.0016114660549415571,0.024692078687759134,0.00845053435502174,0.008173922291791574,0.038944128787878896,0.038787010066606564,-0.001952051549322431,0
2016-04-25,-0.005601762181459136,0.0005859536714456492,0.005024785550148834,0.008692808425432743,0.03161136538246856,0.01957361196742058,-0.0075428788022362525,0
2016-04-26,0.013698194155352228,0.006058347126233432,0.007317250754711931,0.008127745087137213,0.055151760099119373,0.032113183579826066,0.0,0
2016-04-27,0.0021663642129190475,0.008231466565589596,0.00729065711642521,0.008075272457514018,0.056212939432443765,0.03413464653664211,0.0,0
2016-04-28,-0.01662301532600652,-0.008190039243938019,0.011067128184022756,0.009872065936369499,0.022922804181766177,0.030485482790771012,-0.01662301532600652,0
2016-04-29,0.0003249546019306049,-0.006266378033496611,0.011100211112557509,0.009844995640216037,0.01827097075477213,0.03327629327366077,-0.01630346244940406,0
2016-05-02,-0.00559249917195348,-0.006257121215014649,0.01109929501306837,0.00815277572948239,-0.005674833926717637,0.00914003516392592,-0.021804784521109233,0
2016-05-03,-0.007545574501338637,-0.027082692319767898,0.007426423033432709,0.007792195270713311,-0.02118842154472056,0.0011113408456528973,-0.029185829396358276,0
2016-05-04,-0.005221376016522505,-0.03425481522324836,0.006157843320791096,0.007809632458899789,-0.02630531602387942,-0.0008427275850668714,-0.03425481522324836,0
2016-05-05,0.003756544757381741,-0.014240657555194547,0.004714863728914621,0.008047235293995335,-0.022314065254895987,-0.003003041707480558,-0.030626950212408688,0
2016-05-06,-0.00026501195785666454,-0.014822033682386881,0.004621833466552437,0.008069873330291147,-0.020995531249604404,0.017130944865319853,-0.03088384566222635,0
2016-05-09,0.017146293051613526,0.007705709783625281,0.009746609046517135,0.009955876374283659,0.0014003730084468646,0.03305600609375725,-0.0142670960788982,0
2016-05-10,0.00276504726006066,0.018174777333161307,0.008321239568107732,0.008845343519572694,-0.009400136889100907,0.045233189115411854,-0.011541498013759477,0
2016-05-11,-0.004938005527523548,0.018464812399841657,0.00824645898594536,0.008856204260245994,-0.016422511560295172,0.03886727022448122,-0.016422511560295172,0
2016-05-12,0.006567841148703124,0.021317303341736205,0.008347102616271175,0.0074088966990896645,0.0067730733696518275,0.029851135385979166,-0.009962530858782737,0
2016-05-13,-0.010822236848767153,0.010532168695730926,0.010762236838824121,0.008261134340561875,-0.004445973145812743,0.01374376536363564,-0.02067695083898291,0
2016-05-16,0.005866997658319439,-0.0006737816311872535,0.00752737660791769,0.008257923553326284,0.007026736186730664,0.001312026699106461,-0.014931264802817035,0
2016-05-17,0.003816429729987636,0.0003739952838559546,0.0076416592181250435,0.007759203928308541,0.018555569898025093,-0.003026014883697359,-0.011171819195729182,0
2016-05-18,-0.00261065171244812,0.002713773355332183,0.007322414123739977,0.007534871488044108,0.02122869507107583,-0.005635048485422844,-0.013753305179262876,0
2016-05-19,-0.011022661575700643,-0.014809376740418156,0.007918002530525223,0.00855974715495337,0.006192230625040374,-0.016260008468096165,-0.02462436872642515,0
2016-05-20,-0.004329727368502123,-0.008343037019027721,0.006751620322072406,0.008703351679683594,0.0021012614033839583,-0.01893838694567873,-0.02884747929172038,0
2016-05-23,-0.002406544769474883,-0.016499697865979712,0.005306041617180233,0.006366918565573159,-0.01716236230382462,-0.015786023004309313,-0.03118460131079326,0
2016-05-24,0.0023024039425434406,-0.017983081456135253,0.004818428736416016,0.006332364412483636,-0.017615811759932987,-0.02685035760707799,-0.028953996917254532,0
2016-05-25,0.024010014389231893,0.008227289187626718,0.013352775929454013,0.010170472713873616,0.010963389541142954,-0.005639168410631723,0.0,0
2016-05-26,0.01698194054115354,0.03677698692088294,0.012524051012931345,0.0112628470446186,0.02142296592577586,0.02834113861543841,0.0,0
2016-05-27,0.010781136728358787,0.05251171013071465,0.010703462410594439,0.010540804164772547,0.04373056597013392,0.03909016790236697,0.0,0
2016-05-30,0.0026787958291700775,0.05787700247702454,0.009345682111599935,0.010537665709882899,0.0404223515567852,0.047733124943952765,0.0,0
2016-05-31,-0.002249801308308319,0.05307239138710895,0.01058685502628857,0.010723660326246227,0.034134904793587495,0.05332386730347238,-0.002249801308308319,0
2016-06-01,0.0024325682283303784,0.03088255680600893,0.007668122971929326,0.01052563289103279,0.039363925719331894,0.061428265566303875,0.0,0
2016-06-02,0.004767755304127874,0.01850142199475835,0.004725737295615505,0.009126709529956926,0.05595883547036018,0.06249757611014162,0.0,0
2016-06-03,0.00022508957956901554,0.007864748395481014,0.002673890111470554,0.008684767016551001,0.06078944991419011,0.0630184458424119,0.0,0
2016-06-06,-0.002402442584663267,0.0027572293207800413,0.0030819955767456128,0.008684328407378867,0.06079381196603295,0.04258808423541671,-0.002402442584663267,0
2016-06-07,0.007974588619749978,0.013032928518032838,0.004008679003570141,0.008604285242375219,0.06679700858837112,0.04800451329901878,0.0,0
2016-06-08,0.000798408022790742,0.011381487661904943,0.004091455677857861,0.006139670808123873,0.042615533907169656,0.0540461341470404,0.0,0
2016-06-09,-0.00839472745843417,-0.0018676351602090469,0.005913501993297566,0.0054777422386812135,0.016599232928317997,0.038377803655511133,-0.00839472745843417,0
2016-06-10,-0.004089667950655795,-0.006173365122615682,0.006118093478203739,0.004688451799821236,0.0016428313094223324,0.04544523922251087,-0.012450063761248797,0
2016-06-13,-0.0072765772547291885,-0.011029075545204492,0.006712484733843282,0.00513334961016026,-0.008302255914898748,0.03178449893458013,-0.01963604716519285,0
2016-06-14,-0.00021576702093561995,-0.019065015816946862,0.0041008456232517945,0.005110713840696729,-0.0062805602872514354,0.02763995817888043,-0.019847577374728642,0
2016-06-15,0.012054730325508523,-0.008032104242087112,0.00826070278127886,0.006473103131428211,0.003257966124487366,0.04275013818033968,-0.008032104242087112,0
2016-06-16,-0.008024029439719249,-0.0076612706616607795,0.008185621952177417,0.0067593923331290395,-0.009514597363410204,0.04591181231852404,-0.01599168384090499,0
2016-06-17,0.003617602800724651,1.8359740760365284e-05,0.008303295866368755,0.006907598074017867,-0.006155118723238595,0.0542601649096095,-0.012431932600431406,1
2016-06-20,0.008359648478617476,0.015769486844376512,0.007791666661595739,0.007414608597408562,0.004566488437456329,0.06563791464290092,-0.004176210708263461,1
2016-06-21,-0.0022576925411179616,0.013694913582073864,0.008061569202778436,0.006957430430487111,-0.005631195978927028,0.06078966556327714,-0.006424474649615264,1
2016-06-22,-0.0019708268957041586,-0.00035337411351832326,0.006251439787540731,0.00695322514703857,-0.008382640017889242,0.03387566320936641,-0.008382640017889242,1
2016-06-23,0.008136572522154717,0.01593219297976245,0.005188625550893152,0.006917228595460858,0.008148861475449909,0.024883359253499382,-0.0003142734541672354,1
2016-06-24,-0.02198792085073975,-0.009987515605493047,0.012345454630137415,0.00997315162291975,-0.009969339232929975,-0.008342885866133631,-0.02229528408507131,1
2016-06-27,0.0007541478129713397,-0.01745463373186873,0.011171240246269575,0.009728002397547066,-0.0019603975045003885,-0.010246377697621822,-0.021557950211832377,1
2016-06-28,0.004095272215153267,-0.0111984330709618,0.011692052391694692,0.009820017508160181,0.0023431189379505835,-0.003952157449050864,-0.01755096367119735,1
2016-06-29,0.009369021327903404,3.6568865267927464e-05,0.012794179129307632,0.009493432481994517,-0.00031681817074069585,0.002940115770878826,-0.00834637769625457,1
2016-06-30,0.010208434909800168,0.0020917846066417223,0.013149236289851486,0.009529937801256275,0.018057304302429245,0.008370898959112694,0.0,0
2016-07-01,0.004898796416397788,0.029640481665553997,0.003915670059729627,0.009565151193155885,0.01935693128687177,0.01308266835344507,0.0,0
2016-07-04,0.0050850408544309555,0.034096384053763584,0.0028312948462025263,0.009375918928950028,0.01604661042665545,0.020686375525085454,0.0,0
2016-07-05,-0.004151385188813306,0.025603326833049334,0.0056997338006584235,0.009481760493852328,0.014118176620153688,0.008407478421813552,-0.004151385188813306,0
2016-07-07,0.00023392654706411165,0.016321306679668357,0.005440193002054926,0.00941896688812687,0.016358472396601487,0.007838705193368822,-0.003918429760952025,0
2016-07-08,-0.001763033857446028,0.004277397363578794,0.004078881604485941,0.009180331362733685,0.006378129364182028,0.014578965332293192,-0.005674555294061467,0
2016-07-11,0.01738514033064198,0.016756020100019642,0.008545744914450535,0.006404547014198865,0.046893158272135915,0.036456325236687626,0.0,0
2016-07-12,0.006276644740726756,0.017961460809728935,0.008622224278021411,0.006271694320640532,0.05267026572942779,0.050606613567430125,0.0,0
2016-07-13,-0.00018190246507165941,0.02201908600699376,0.007881436493713829,0.006494549736671406,0.04818617469564512,0.0506421995720725,-0.00018190246507165941,0
2016-07-14,0.005340689007570898,0.027237074083402257,0.007531295366573002,0.006297187673414609,0.04400292540224271,0.0436721663051689,0.0,0
2016-07-15,-0.0027553998832458015,0.02621587850826601,0.007776712257551719,0.006287693676981461,0.03060541160146002,0.04921536713447772,-0.0027553998832458015,0
2016-07-18,-0.0038284122040882496,0.004818195774631384,0.004623138640044603,0.006598521875107896,0.02165494965989656,0.0414310543193559,-0.006573263280793884,0
2016-07-19,0.0023329063194141852,0.0008801732180894195,0.0037444164598233105,0.006520086600834329,0.018857443224580717,0.03520665169630388,-0.004255691768826675,0
2016-07-20,0.004373545327166051,0.005440460120899049,0.0041645133693725255,0.0061916111814202335,0.027579340087212634,0.04208688670178473,0.0,0
2016-07-21,-0.006508402551994252,-0.00640980735551655,0.004500639652422656,0.006829267938789772,0.020652682330083216,0.0373490010604971,-0.006508402551994252,0
2016-07-22,0.0036544811459324755,-2.3415365162482438e-05,0.004871896717839864,0.006705422121227269,0.02619184928873519,0.03273703365596803,-0.0028777062404781173,0
2016-07-25,0.01105816512902158,0.0149200230352462,0.006286933584601956,0.005309470369860136,0.019810106401823457,0.06763222312884798,0.0,0
2016-07-26,-0.005210956905386421,0.007281425330214475,0.007304544470299074,0.0055144245539705565,0.008168007463869031,0.061268484316898686,-0.005210956905386421,0
2016-07-27,0.0029276015202575056,0.0058312952012933295,0.007188725391800797,0.0055387996447688334,0.011303480251188436,0.06003432642088602,-0.0022986109904871155,0
2016-07-28,0.005861324543281032,0.018354660932303757,0.005890861011244565,0.0055849437295547805,0.011827203736135328,0.05635056070209643,0.0,0
2016-07-29,-0.0032078280234931755,0.011391841895752375,0.006643267038336597,0.005622168909277805,0.011368159786451892,0.04232149859732748,-0.0032078280234931755,0
2016-08-01,-0.00022573363431155347,0.00010421913810776395,0.004483776129826658,0.005378180762860088,0.01502579712529517,0.037006129665539955,-0.003432837543126843,0
2016-08-02,-0.001580492210431217,0.0037540814722982763,0.003637138847160986,0.005453141941183533,0.011062841866436912,0.030128902003416558,-0.005007904180561407,0
2016-08-03,-0.009051479200732793,-0.008234870818728202,0.0053773056809515414,0.006167338636549085,-0.0024515955801234224,0.025060131118828544,-0.014014054440764645,0
2016-08-04,0.0007314347238394081,-0.01329287008296487,0.003864702726931967,0.005759677215502037,0.0048178047261489,0.025569987646769654,-0.01329287008296487,0
2016-08-05,0.01544245769550101,0.00516872142154301,0.00891389805045974,0.007439370502930735,0.016619444574532682,0.04324658785082658,0.0,0
2016-08-08,0.003247669336588821,0.008660865739213097,0.008923672229177424,0.00671994226484892,0.008765987505283457,0.02874974905230343,0.0,0
2016-08-09,-0.0037996406986288145,0.006418954180148262,0.009182650168582367,0.00659107893225948,0.010197132929405939,0.018448430651152314,-0.0037996406986288145,0
2016-08-10,-0.011862990810359353,0.0035635499745458876,0.010023644068369905,0.0076874146507447255,-0.004700666217878791,0.006549680145548464,-0.015617556406297695,0
2016-08-11,0.0019649458327988256,0.004800551975769007,0.01003818701496835,0.007426609130548233,-0.008556131220936236,0.0031698774080559655,-0.013683298225877771,0
2016-08-12,0.009310824415309282,-0.001266821372428173,0.00800012637862123,0.00801391563538707,0.003895352202349933,0.015307794975062627,-0.004499876597771957,0
2016-08-16,-0.003413225094123229,-0.007897742600171176,0.00782946549800736,0.008105221646523138,0.000694721850738933,0.01573095772562194,-0.007897742600171176,0
2016-08-17,-0.002140571937680469,-0.006245498804482552,0.00774552691446267,0.008120037803287815,0.00013336580500755701,0.011197683076255682,-0.010021408851670688,0
2016-08-18,0.005704976200277212,0.011422340909356121,0.005320158269121248,0.00760840141970312,0.01502659496655867,0.012538160252631103,-0.00437360455038549,0
2016-08-19,-0.0007321361657971481,0.00869980156305461,0.005494639770725034,0.007639240031915669,0.01354211738840605,0.018425165391710907,-0.005102538642116405,0
2016-08-22,-0.0043556519632164115,-0.004958401319165362,0.003981601844526559,0.005970880624643741,-0.006218941282829404,0.01029714794174108,-0.009435965722878858,0
2016-08-23,0.00039980762879321396,-0.0011512805826983108,0.0037597835869815793,0.005832891308552094,-0.009039930665166729,-0.00035318707914278047,-0.009039930665166729,0
2016-08-24,0.0020503672126588324,0.0030438135214894135,0.0036924446385421692,0.0058021908268554145,-0.003220695416702779,0.006943595653413848,-0.007008098629948445,0
2016-08-25,-0.006716530062541026,-0.009344824604387014,0.0035875951469922875,0.004806073396658782,0.001970776532599583,-0.0027391536479489664,-0.013677558587360084,0
2016-08-26,-0.0022869579385956795,-0.010886245370317016,0.0035311614433089582,0.004821353472393876,-0.0022811519817508286,-0.010817765366996301,-0.01593323652476375,0
2016-08-29,0.004071134026631729,-0.002514732041973833,0.00418472502542869,0.0038595153657328624,-0.007460664310464993,-0.003594374023267899,-0.011926968839502394,0
2016-08-30,0.01590482663274262,0.012945115029075804,0.008517111147866758,0.006383317916219413,0.011778930986803715,0.012481835918277673,0.0,0
2016-08-31,0.004785947497526921,0.01571043778828507,0.008560364003100035,0.006357517077284829,0.018802070952742778,0.01893794431107887,0.0,0
2016-09-01,-0.0013145614713984122,0.021234375363701874,0.007243079007239003,0.006275576969360051,0.011691119245957449,0.02689339192613094,-0.0013145614713984122,0
2016-09-02,0.003988763084567415,0.02765804807204386,0.006315322930644667,0.006293242374721493,0.01647071040395076,0.03023587608611744,0.0,0
2016-09-06,0.015136810202448503,0.03898367112210921,0.007519185883025233,0.007181526136839028,0.036370905593250846,0.02992577578413358,0.0,0
2016-09-07,-0.002801073465280024,0.01985281924900084,0.007055799256967389,0.0074078738666635,0.0330549313069064,0.02371618635458339,-0.002801073465280024,0
2016-09-08,0.0038742087587393392,0.01892740889121569,0.00704085629679692,0.007396628165210974,0.034935204559379596,0.0316019934894709,0.0,0
2016-09-09,-0.009583915107511776,0.010490446912412521,0.00918157694526387,0.007875243578566761,0.03194758036358558,0.033981318437839025,-0.009583915107511776,0
2016-09-12,-0.017041289318461272,-0.010675793022424163,0.01237477248151023,0.010084894105086289,0.01668698345299835,0.014367765925874298,-0.026461882155822347,0
2016-09-14,0.0012621047317453726,-0.024197696522419765,0.008495659343503869,0.010050638051924162,0.013842659556546844,0.0062787198099665265,-0.025233175090756732,0
2016-09-15,0.0018277450553478847,-0.01966819728749336,0.00901232340752091,0.008690421551621344,-0.00020584720419480895,0.011570659122597027,-0.023451549846411734,0
2016-09-16,0.004266489754133573,-0.019285115889416282,0.009098566299114699,0.008660225149666233,-0.0007227242721541405,0.018065757967544283,-0.019285115889416282,0
2016-09-19,0.0032517639823002042,-0.0065751632512660585,0.008885927496623914,0.008705729980370527,0.0038463072601186976,0.015582394142910738,-0.016096062552359736,0
2016-09-20,-0.003689659870123929,0.006918628665840476,0.003072095441229582,0.00869442210718957,-0.0038310262042192678,0.012576584476571728,-0.019726333426417275,0
2016-09-21,0.0001424355336774319,0.005792634015538534,0.0031235507282477205,0.006817171195072095,-0.01854523090685456,0.017151167843878046,-0.019586707623568844,0
2016-09-22,0.010288077565041132,0.014286449605664497,0.005186301556828493,0.0077998372024924234,-0.005662736391210954,0.02720501355327487,-0.009500139625802762,0
2016-09-23,-0.004048514510936241,0.005888483288438717,0.005902888809368565,0.007703400356144003,-0.01351019268360798,0.020953030530733052,-0.01351019268360798,0
2016-09-26,-0.012285499147941192,-0.009689614458925577,0.00819140756332292,0.008063870075455837,-0.01620106691328249,0.015228928563115307,-0.025629712370846214,0
2016-09-27,-0.0019087360498907247,-0.007919415672466679,0.008133662337206318,0.006000705771131862,-0.0010555785029143783,0.015613790529072524,-0.02748952806478644,0
2016-09-28,0.0044507488743912305,-0.0036458303663490232,0.008575625957316415,0.006163023584632291,0.00212568468819474,0.01599776937420483,-0.023161128176487078,0
2016-09-29,-0.017598325929229275,-0.031147624176059763,0.008709290306284454,0.008295815048595348,-0.017306163533522767,-0.017508448312338887,-0.040351857023177895,0
2016-09-30,0.002316310199330651,-0.024955981679320116,0.009541974979160232,0.008161462103843787,-0.019214451271946653,-0.01992328879379035,-0.038129014241831904,0
2016-10-03,0.014742514066065526,0.0017253139670185824,0.011779839961777644,0.009643081051768258,-0.00798101811906804,-0.004165408306883944,-0.02394861770455181,0
2016-10-04,0.003553404058090459,0.007207341725627092,0.011765412568940023,0.009670481511957891,-0.000769151881858221,-0.004597231445063077,-0.020480312761798403,0
2016-10-05,-0.0028737106789140654,-0.00013721891562734623,0.011761048551912737,0.00971129040403287,-0.0037825490050868993,-0.02225763166722572,-0.02329516894722139,0
2016-10-06,-0.003934148754281663,0.01376982394878512,0.007432316491558858,0.00899765596514628,-0.017806697528601978,-0.023368599285710445,-0.02713767104160858,0
2016-10-07,-0.0013720571097242118,0.010039309499892735,0.007666811331791479,0.008961706544891205,-0.015167213003379754,-0.028472493716838798,-0.019154322832381387,0
2016-10-10,0.001287711552611981,-0.0033531316876668216,0.0030689429494963824,0.008134870912701068,-0.0016336029255822337,-0.017808203728557626,-0.01789127652256306,0
2016-10-13,-0.015553233510931297,-0.02232827583061059,0.006488836798397873,0.009496087443777,-0.015281861619038772,-0.016321308917343624,-0.03316624283193026,0
2016-10-14,0.0011722372234890255,-0.018361266933136777,0.006974726339976512,0.009322900503974751,-0.018495966335626002,-0.01640959823986443,-0.03203288431285223,0
2016-10-17,-0.007339748817484892,-0.021717539941788044,0.007169335245623964,0.007841188587199724,-0.008246762694602117,-0.02541020640430991,-0.03913751980558122,0
2016-10-18,0.018485047650345088,-0.0022649926416483668,0.0126465942383796,0.009941044807092047,0.007751577896099926,-0.01161181569161207,-0.02137593107375868,0
2016-10-19,-0.002166422752048258,-0.005706871210729214,0.012626390211459929,0.00866539920885918,-0.009040867007701903,-0.016949729803369395,-0.02349604452238241,0
2016-10-20,0.004654063355314042,0.014702537514507119,0.009739841907326064,0.008734598677354563,-0.007954020629137415,-0.00871705466106043,-0.018951333246874924,0
2016-10-21,-0.0007299353978436063,0.012774658060908273,0.009863542665262409,0.008703318286459228,-0.005821167778864433,-0.00958169793156094,-0.019667435395745225,0
2016-10-24,0.0018290473424174003,0.02212924275855599,0.008283960812309381,0.00864491921157609,-6.888989672237944e-05,-0.017874360723770688,-0.013882047885138915,0
2016-10-25,-0.0020266507443493786,0.0015441523870982632,0.002909142607101787,0.008659153757021172,-0.0007243377483444613,-0.015880564566808753,-0.008877713347359872,0
2016-10-26,-0.008750129439784482,-0.0050640366781767865,0.005028997982378232,0.009060785649650367,-0.010742008083777232,-0.01235806283352714,-0.017550161646225693,0
2016-10-27,0.0,-0.009673080902131148,0.004056440736883337,0.007492350890236978,0.004887237777531528,-0.010469309932922832,-0.017550161646225693,0
2016-10-28,0.0026406662604103737,-0.006332645044029306,0.004556171450901058,0.00752104728315286,0.006361115641820403,-0.01225250567457381,-0.014955839505539248,0
2016-10-30,-0.0014239407270200122,-0.009559131697851053,0.004224744813608589,0.007039154984310794,0.012358574714802284,0.004009893787283669,-0.016358484003580642,0
2016-11-01,6.376294097854007e-05,-0.007484495990243034,0.0043130745758715614,0.0035965495419483435,-0.005951900805494348,0.0017535404678818978,-0.01629576412765199,0
2016-11-02,-0.013012606868569754,-0.011752415774353597,0.00614011824638618,0.005338205134237539,-0.01675693778799181,-0.025646307549696212,-0.02909632062400569,0
2016-11-03,-0.0034120272492365045,-0.015124343460723666,0.006002200205281624,0.004863842931323016,-0.024651125364967608,-0.03240907043442054,-0.029620480446480135,0
2016-11-04,-0.0060342135192311686,-0.02364551979624918,0.005146457003288923,0.004940150044442244,-0.029828426156527255,-0.035475957662155055,-0.03166638919347142,0
2016-11-07,0.007505558025789227,-0.014914731558018701,0.007572639341064492,0.005808171145707788,-0.02433129137266854,-0.02439850508924113,-0.02433129137266854,0
2016-11-08,0.005472487510371327,-0.009587016374438595,0.008451124176634944,0.006328953972682587,-0.016999758379068752,-0.01771178256070649,-0.018991956550445388,0
2016-11-09,-0.013056633366691717,-0.009631195677707316,0.008465612595657363,0.006975813832421504,-0.021270421636052306,-0.031783942678669796,-0.0318006189035418,0
2016-11-10,0.011118358633776193,0.004808513898137301,0.010146128651634768,0.008140996311438387,-0.010388555178317493,-0.005552088740107486,-0.021035830955511314,0
2016-11-11,-0.026912588335337162,-0.016297613754261198,0.016234787017674734,0.011384841475344527,-0.0395577680018524,-0.033448283896824194,-0.04738229063205113,1
2016-11-15,-0.02264262382025717,-0.045733519280220736,0.01686291078634648,0.012752896692335999,-0.05996614767497144,-0.048348669076569206,-0.06895205506978463,1
2016-11-16,0.000388483618940727,-0.05055860854094596,0.015881404579256585,0.012770710662070622,-0.05966091870743362,-0.06525772364281668,-0.0685903581947307,1
2016-11-17,-0.0039018196163519425,-0.041751660341555974,0.016000040302942612,0.01254242555109516,-0.05098073760864463,-0.0668833943481425,-0.07222455060598587,1
2016-11-18,-0.000724014381277005,-0.05297481160015238,0.012982172201110012,0.01261236067477661,-0.04842102781984581,-0.0718785203577258,-0.07289627337394289,1
2016-11-21,-0.01795865793091489,-0.04426069452647552,0.010594816357008421,0.013279790887423225,-0.05983696457684895,-0.08788054825406488,-0.08954581206689671,1
2016-11-22,0.009231816977967267,-0.013091281317637704,0.009874526579571741,0.013485512379579505,-0.05822609023131542,-0.08114066563707456,-0.07927467697582635,1
2016-11-23,0.0038738862577010202,-0.00965284284234924,0.010253362134659905,0.013344478508175961,-0.0597234170807216,-0.07570789179984572,-0.07000463070155127,1
2016-11-24,-0.008439869045099746,-0.014164691613190672,0.010667802846287896,0.013153961976371467,-0.055324952561669805,-0.07541858912974087,-0.07785366983097941,1
2016-11-25,0.0186805599146318,0.004978883095329456,0.014466651324146708,0.014381755254868232,-0.04825968389877722,-0.058146890688024144,-0.060627460060199145,1
2016-11-28,0.001552814167580685,0.02494608467543591,0.009985555380043278,0.012175487386772037,-0.020418740884490583,-0.059168789071544436,-0.05788726271554856,1
2016-11-29,0.0018764842682941207,0.017476225585144167,0.009741363021333545,0.009790448459264942,0.0041561580820008714,-0.05605921838227634,-0.05611940298507467,1
2016-11-30,0.010114036218934919,0.023800928634558627,0.010189269942937467,0.010254820595987568,0.01391833916859797,-0.04657296044051584,-0.03734396123391326,1
2016-12-01,-0.003842178855857581,0.02854811374050592,0.00881543324802205,0.010251391560835372,0.013979046900042702,-0.03771435283063196,-0.04104265791152384,1
2016-12-02,-0.012950237400676134,-0.0033890785403546397,0.008493907147618527,0.011220919445377224,0.0015729307291214578,-0.04692426001331773,-0.05346138314869098,1
2016-12-05,0.005187465993965468,0.00022763907517009407,0.008876457338097677,0.00927423605435655,0.025179402454250654,-0.03616422113531936,-0.04855124626179974,0
2016-12-06,0.0017714900815009038,0.00012281768329014398,0.008871259094640923,0.008970171042593409,0.017601189657973304,-0.04164974903054586,-0.04686576423149624,0
2016-12-07,-0.00504718689941841,-0.014888443066447765,0.006958921104103386,0.009180213688971319,0.008558126797206578,-0.05167641085965424,-0.0496965076386241,0
2016-12-08,0.017872020044309878,0.006584969912973415,0.011546648206824954,0.00994752972892083,0.03532107212353286,-0.021958017077798764,-0.03271266457496402,0
2016-12-09,0.0018067504562346848,0.021634020873522175,0.008440456787329118,0.008401400387035752,0.01817162293728347,-0.030965017740374745,-0.004164507069416401,0
2016-12-12,-0.011008563560988893,0.005172997078271679,0.010801088419317715,0.009335291291992162,0.00540181372971249,-0.015127225389631405,-0.011008563560988893,0
2016-12-13,0.006241738875018221,0.009658424565432311,0.011054779797019907,0.009503304882933706,0.009782428474051752,0.01397924387521643,-0.004835537265107326,0
2016-12-14,-0.004786056581283837,0.009923414444492407,0.011013864382924864,0.009076586804371416,-0.005112772812936983,0.00873440504955858,-0.009598450691439497,0
2016-12-15,-0.0035258388380007277,-0.011307347653952693,0.006582904758320368,0.009064091976600895,-0.004796836285075989,0.009115155415565734,-0.0130904469392078,0
2016-12-16,-0.001735429748822681,-0.01480315913698671,0.006217024252090687,0.007972877267488163,0.006510609882771856,0.008093781350243301,-0.01480315913698671,0
2016-12-19,-0.0043123306857342225,-0.008132618593038599,0.004547663642903066,0.00794171539836839,-0.003001691526987482,0.022102130128261788,-0.019051653705328686,0
2016-12-20,-0.0027084220202731046,-0.01695492471235005,0.001226527908728699,0.007939968360122411,-0.007460258008264664,0.010009622233607685,-0.021708475807183714,0
2016-12-21,-0.002610610709690153,-0.014806078863909944,0.000978799314559193,0.007829046113723216,-0.005029591276281886,0.0034854916410440584,-0.02426241413744057,0
2016-12-22,-0.010196866510364333,-0.021401589481946592,0.0034182068906451354,0.005062574904535887,-0.03246694192327981,0.0017073630029502684,-0.034211880049626275,0
2016-12-23,0.0008334273288967964,-0.01888333978340062,0.004039096949265497,0.004962196697727345,-0.033406965836535796,-0.015842401685912555,-0.033406965836535796,0
2016-12-26,-0.009704786651222541,-0.02419688192143732,0.0048491425470282195,0.00475220252746801,-0.032132716502668024,-0.02690447772213267,-0.04278754501165005,0
2016-12-27,0.01575569816331046,-0.006130604770860026,0.010569935796019073,0.007190523249436974,-0.022981585540879035,-0.013423972783601301,-0.027705994492692176,0
2016-12-28,0.0002489776355838469,-0.0032811085060722167,0.010550835493018327,0.007173294832749439,-0.01803860701868021,-0.023059152532068805,-0.027463915030108588,0
2016-12-29,0.008556475852069312,0.01560326352596153,0.009580721030780432,0.007836378017408037,-0.006132260596546257,-0.010899681431483232,-0.01914243350379763,0
2016-12-30,0.010143639863764209,0.02505087186551047,0.009919596242789413,0.008514073861634141,0.0056944879568030515,0.012242172429143716,-0.009192967591611922,0
2017-01-02,-0.000769625448948208,0.034299623810577495,0.0069764594766689916,0.008359234431572861,0.0092727979418461,0.006243272335844985,-0.009955517898750266,0
2017-01-03,0.0015587749862460143,0.019843517556035417,0.005031678519103867,0.008259781909034808,0.013591260021775797,0.006029607707091378,-0.008412261324779902,0
2017-01-04,-0.00021361652781592966,0.019371861329085194,0.005120163980450548,0.008165297948361582,0.01602719164402755,0.010916990144469674,-0.008624080854540472,0
2017-01-05,0.0101703192723277,0.021003011007453276,0.0055254498047036995,0.007393592810853783,0.036933990049002885,0.003267914415807205,0.0,0
2017-01-06,-0.0036259034542773794,0.007085440641110052,0.00523238880698523,0.007710561078983798,0.032313808972231683,-0.00217266317668785,-0.0036259034542773794,0
2017-01-09,-0.0009401004391178525,0.006913625527232625,0.0052507792981593745,0.006478935430171803,0.04145038409256152,0.007985754148920332,-0.004562595179965712,0
2017-01-10,0.006380485791125823,0.01176111568860816,0.005712058126713463,0.005143809534668586,0.031838015150289056,0.00812474154078191,0.0,0
2017-01-11,0.01110561494100315,0.023215920883950858,0.006612075651953946,0.005589650550359383,0.04303751781302689,0.024222573923458057,0.0,0
2017-01-12,0.00316801202770689,0.016123184026686888,0.005838387998239928,0.005382841133210876,0.037464830445727904,0.031102825745682905,0.0,0
2017-01-13,-0.0008147778094966807,0.01899002887018142,0.0051037491378578,0.005028582180124491,0.02621002223362412,0.03205376284638395,-0.0008147778094966807,0
2017-01-16,0.0014820811037634662,0.021460530229903796,0.004637387549117464,0.0049098479087429335,0.028522525826761846,0.038059807387390565,0.0,0
2017-01-17,-0.0017592240395586378,0.01319885143450028,0.005113091142639893,0.005112992094401165,0.025115200341786492,0.03904780758190651,-0.0017592240395586378,0
2017-01-18,0.002262443438914019,0.004337372399515704,0.002082406679462952,0.0050264539476298714,0.02765398937793795,0.044124396809447575,0.0,0
2017-01-19,0.0021504098847571207,0.0033185840707963266,0.0018366063028763585,0.004296505913156151,0.01949527423916475,0.0571493025529195,0.0,0
2017-01-20,-0.010165854583822354,-0.006071175605778301,0.005270351464107528,0.005552245106883007,0.012803561464373336,0.04553110227592905,-0.010165854583822354,0
2017-01-23,0.005048297172833838,-0.002531856219094575,0.0059256539219289936,0.005608022136125769,0.018874339033881693,0.06110707172889063,-0.005168877665943539,0
2017-01-24,0.010045879759280174,0.009264110502500422,0.007450520188255851,0.006037758744636108,0.022585237555196258,0.05514232184094059,0.0,0
2017-01-25,0.014977937185870482,0.022068432933349147,0.0095054344423049,0.006750736879767747,0.026501524344770377,0.07067960198385781,0.0,0
2017-01-27,0.00447531312661642,0.02443954428518924,0.0094236990712931,0.00677472396863074,0.0278392330383479,0.06634705562959664,0.0,0
2017-01-30,-0.0009836539852451365,0.03394276201141411,0.006050500691882947,0.006784856361834326,0.027665513936919295,0.054600649905934606,-0.0009836539852451365,0
2017-01-31,-0.008276621007211049,0.020234761365667486,0.009121876308338226,0.007636386897822313,0.017651673640167287,0.04667766978421661,-0.009252133661218132,0
2017-02-01,0.018116407554927383,0.028386700960381317,0.010974482349168901,0.009066282737464907,0.03791378899738018,0.06398120174555211,0.0,0
2017-02-02,0.0020478637969805202,0.015285809770131609,0.009677187024318095,0.009070487210543089,0.037691576571224905,0.06638788840730103,0.0,0
2017-02-03,0.0007670950568166024,0.011537682626934886,0.009685215009793587,0.009107955065250441,0.0362592026176336,0.05646135995552237,0.0,0
2017-02-06,0.006875682849118103,0.01949552575946245,0.009649823159797502,0.007735948263103669,0.05410001976201717,0.06759625415463733,0.0,0
2017-02-07,-0.0037211469086074755,0.024178571011411742,0.00833789862937785,0.008248883433015622,0.04490257999165803,0.06462442554379821,-0.0037211469086074755,0
2017-02-08,8.55353945463655e-05,0.006040337754118719,0.0038268383850250842,0.008095687746346029,0.03459850397602593,0.05796515696257498,-0.003635929803830207,0
2017-02-09,0.0010662500498914707,0.005054812949022436,0.0037982455942707355,0.007015218507218365,0.020417889628316477,0.04746051917214067,-0.0025735565642734937,0
2017-02-10,0.001725827029982696,0.006017652543487628,0.0038068120017666273,0.006963081991858797,0.01762476493562848,0.045954657912265606,-0.0008521710477726874,0
2017-02-13,0.001307776722711429,0.0004544912254786926,0.0022156711455813562,0.006899799411553522,0.019958877530334984,0.04817656407173487,0.0,0
2017-02-14,-0.0014480326630740281,0.002737132625480365,0.0012679845031504167,0.006056120814315918,0.026981883592445133,0.04510983263598334,-0.0014480326630740281,0
2017-02-15,-0.0076885456592699075,-0.005057560397078165,0.0039358119312665136,0.0038419314093190043,0.0009522279840301628,0.03890211955227452,-0.00912544505709778,0
2017-02-16,0.006109092576249031,-4.5566390230566967e-05,0.005079869497858012,0.004262168542756455,0.005009016229212682,0.04288939051918739,-0.0030721006695020314,0
2017-02-17,0.004978354978355082,0.0032012099777680714,0.00554306072058112,0.004492445395264696,0.009238126290620485,0.04583229600123295,0.0,0
2017-02-20,0.00651801806907959,0.008421303683681769,0.00615336721779204,0.004440970128593737,0.008879622317791824,0.06346002982268084,0.0,0
2017-02-21,0.0032266420398232576,0.013142181226755367,0.005906858274931999,0.004174312301980709,0.015915285745241592,0.061532503128165494,0.0,0
2017-02-22,0.0021385631774220037,0.023175581968434278,0.0018737607561440186,0.004142567631141688,0.0180008096658133,0.05322211472663363,0.0,0
2017-02-23,0.0014114642261031651,0.018398268398268414,0.002089537271976594,0.004137269812543827,0.018351863665360568,0.039144459620470196,0.0,0
2017-02-27,-0.004787739806476843,0.008501762698799542,0.004120384773524282,0.00463760999824854,0.011730188604147429,0.029561695356574713,-0.004787739806476843,0
2017-02-28,-0.0019220609889060158,4.5049103522876166e-05,0.0033012414026745624,0.004738821740663746,0.00846673215938587,0.028594596159972285,-0.006700598467475727,0
2017-03-01,0.007455290778863866,0.004260287274707064,0.004611765423836903,0.005082280867805666,0.01745845796890455,0.044911403641970216,0.0,0
2017-03-02,-0.005147667061637828,-0.0030413693443411827,0.0052177573310609885,0.004598831108418877,0.02006372711955695,0.021035060346014545,-0.005147667061637828,0
2017-03-03,-0.00024719795499883457,-0.004692656188824973,0.005109656956774371,0.004402559399835835,0.013619275461380642,0.01869651086240931,-0.005393592523865953,0
2017-03-06,0.007406533259155745,0.007502781930378788,0.00568565958583082,0.004682232805318249,0.01606833150073106,0.02545489906703513,0.0,0
2017-03-07,-0.0018463872727577657,0.00757917023289334,0.0056743325979500235,0.004448355800828175,0.007624560771240629,0.016571886309020067,-0.0018463872727577657,0
2017-03-08,-0.0025260145972347825,-0.0024033624717744173,0.004745829774124746,0.004467110550514254,0.0018466857883774335,0.017791362065622707,-0.004367737868789523,0
2017-03-09,0.0003025447374025436,0.003061883760779871,0.003965170100323371,0.004415718568046651,1.1202097032647629e-05,0.018012213409662525,-0.004066514567493629,0
2017-03-10,0.0008457488517978895,0.004158448112120849,0.003935572363835574,0.00439936062692881,-0.0005537222439734313,0.01778797958625722,-0.003224204965722066,0
2017-03-14,0.017062974632186423,0.013783755138925269,0.008115401700858369,0.006639170651761765,0.021389953578293097,0.033371050372147826,0.0,0
2017-03-15,-0.00024210410476510624,0.015413159865428128,0.007916645730112663,0.006545605756629904,0.02310914906076844,0.03177154019568307,-0.00024210410476510624,0
2017-03-16,0.007584096512856853,0.0257050973185573,0.007398230131108126,0.0065569805450115155,0.023239956180554078,0.04110414794763617,0.0,0
2017-03-17,0.0006937085550102751,0.026106194690265427,0.007336486357821554,0.006059164600812822,0.029248012584623062,0.04989856384746738,0.0,0
2017-03-20,-0.0036244343644411536,0.021523188073266253,0.008217532877114358,0.006341810086864726,0.025771139246197006,0.0397413989519253,-0.0036244343644411536,0
2017-03-21,-0.0005861825273780763,0.0037966325519973587,0.004141625485852013,0.006165124215030174,0.017632719544371733,0.033984379428001255,-0.004208492311723155,0
2017-03-22,-0.009981910869922617,-0.005982520253610235,0.006405498450533726,0.007152549122992643,0.009338430070750858,0.01703419226957381,-0.014148394386493401,0
2017-03-23,0.006184630887718701,-0.007363142772867981,0.005940330370780043,0.007211967338201453,0.018152684244142403,0.02003289233653449,-0.008051266095709053,0
2017-03-24,0.0023882108228872045,-0.005682283393649512,0.006139130942605774,0.007193215556575548,0.020275568500055963,0.02028699772597431,-0.005682283393649512,0
2017-03-27,-0.006895037329819886,-0.008946131469236285,0.006627017744478669,0.0077314747249485035,0.012384507333889294,0.011823927512724541,-0.012538141167351524,0
2017-03-28,0.006146906646619099,-0.0022693635915146393,0.007549620083764282,0.0057752159399692546,0.001518653020798899,0.02294109051670823,-0.0064683053040103244,0
2017-03-29,0.0047248593530238026,0.012551976922523078,0.005479625074148067,0.005947173159348398,0.006494364212751069,0.02975359250416676,-0.0017740077838003243,0
2017-03-30,0.0032754434698922807,0.009624379560437157,0.0051355374872939326,0.005531634573814601,0.002190371106765454,0.025481231415860117,0.0,0
2017-03-31,0.0,0.007218928414580494,0.00519278409871247,0.005529559104724163,0.0014956250238808977,0.030787381668024416,0.0,0
2017-04-03,0.0069873279738383864,0.021298589307035654,0.002753466214495814,0.005736285886206825,0.012161917857749449,0.03824648358255933,0.0,0
2017-04-05,0.002955233089950493,0.018058851969057654,0.002560259155284655,0.005721383065089768,0.015748506276380025,0.03365891481516581,0.0,0
2017-04-06,-0.0003453802690727148,0.012921323738489532,0.0029691362882617416,0.004155032843662518,0.02563548881838673,0.03521331410879758,-0.0003453802690727148,0
2017-04-07,-0.0068722029378264216,0.002676113911977085,0.005084720118028877,0.004872767621359972,0.012326249408450174,0.03070268816601862,-0.007215209683599344,0
2017-04-10,-0.0018318602350432256,0.0008393514102740252,0.005198528534169557,0.004944161314135955,0.008064339042600066,0.02850341660132183,-0.00903385266293577,0
2017-04-11,0.006050242608738099,-9.201275188497338e-05,0.004900015925425831,0.004361699939360885,0.021204616813337296,0.03385173287966392,-0.0030382670544999435,0
2017-04-12,-0.00363213164447318,-0.006659363313060163,0.004788138325360433,0.004451140864436887,0.011279228199718938,0.012815010454495512,-0.006659363313060163,0
2017-04-13,-0.005720680831644787,-0.012000712592920681,0.005105757603717657,0.0047309368161884535,0.0007655460530633373,0.007264882000704409,-0.012341948052648988,0
2017-04-17,-0.0012567207238711742,-0.006414228716175807,0.004452238263126023,0.004606970529512386,-0.0037552800109007523,-0.001573134360968953,-0.013583158394629424,0
2017-04-18,-0.0037366100248377165,-0.008310234222263513,0.004590784604347138,0.004723979189365835,-0.00747785801880374,-0.005993417066500695,-0.017269013453640847,0
2017-04-19,-0.0001812161249402644,-0.014452744397531636,0.0021956876066703095,0.0038916101178591163,-0.014543427312632362,-0.0025583854232292813,-0.01744710015488138,0
2017-04-20,0.0036139946174547077,-0.007285311486453616,0.003562243533088198,0.003979190698392558,-0.013896159263476537,0.0016335032615248934,-0.013896159263476537,0
2017-04-21,-0.001860689111685132,-0.003431393976482844,0.0027274797572732373,0.0039637597353161655,-0.015390927396498721,0.009850007474710543,-0.01573099194292593,0
2017-04-24,0.010806632015264217,0.008605691902005885,0.005752484084065066,0.005101785003378608,0.00213626430970959,0.014488845844843556,-0.005094358968823931,0
2017-04-25,0.009617105755618027,0.022124841435890774,0.005680332220912672,0.005822607155730249,0.01363074459916458,0.021805006587615416,0.0,0
2017-04-26,0.0048621408462812266,0.027280716208051947,0.005079666763078854,0.005727846091069695,0.012433690592183577,0.03390195905010396,0.0,0
2017-04-27,-0.001037227928164075,0.022519810866424406,0.0058567540768116365,0.00553765594642706,0.015070435543192984,0.026519646624472593,-0.001037227928164075,0
2017-04-28,-0.004078290329313949,0.020248042634383845,0.006504845090668511,0.005319408792618915,0.016747169646369686,0.017525536429055855,-0.005111288140849268,0
2017-05-02,0.001047930739838998,0.010398190487038717,0.005321068040513231,0.005227411541603791,0.019093366012714386,0.015266385066085242,-0.004068713676973146,0
2017-05-03,-0.00019862998990727299,0.0005748608514388742,0.003256351300822609,0.004913423563822053,0.02271242099251536,0.015064722714266399,-0.004266535498323787,0
2017-05-04,0.005149297408169051,0.0008607922496617348,0.0033617407793109805,0.004908399159419127,0.028164991486790747,0.013211948667709361,0.0,0
2017-05-05,-0.007970170621481087,-0.006085322971692841,0.005012204611989065,0.005949472796855587,0.016297447572347856,0.0021748163818178234,-0.007970170621481087,0
2017-05-08,0.003096291988411881,0.00107480075880928,0.005012746789864652,0.0058312968217659016,0.021344606004781053,0.005625165326955894,-0.004898556608510796,0
2017-05-09,0.00030062110467521386,0.0003274710644420864,0.0049931765161887074,0.004978296484004624,0.010729066657988007,0.012888251089875347,-0.00459940811333448,0
2017-05-10,0.009708216832942318,0.010239530925316265,0.006572909696401341,0.004995711972862388,0.01082027808222108,0.024598511128416378,0.0,0
2017-05-11,0.0016051364365972098,0.006677421767326663,0.006343129665180183,0.004825589699391938,0.007543961889893369,0.020071451770055093,0.0,0
2017-05-12,-0.002281796569876038,0.012449786221231385,0.004494901486407464,0.004892740828043577,0.006288702279453773,0.02145391130499963,-0.002281796569876038,0
2017-05-15,0.004733589337191146,0.01410235074967403,0.004608704065342361,0.004740114924838073,0.015192308725769932,0.032193906543690254,0.0,0
2017-05-16,0.0070775192157028766,0.02097275366674345,0.004681007902620828,0.005047081164515654,0.021307092701153163,0.040807282833477565,0.0,0
2017-05-17,0.0014192225814082526,0.012591285491054816,0.003562880381215296,0.004990035159893713,0.022959745273546384,0.04619363766659523,0.0,0
2017-05-18,-0.010109440201558906,0.0007482170147734557,0.006741270279083667,0.0062021703855848044,0.007430634942681147,0.03580491019937404,-0.010109440201558906,0
2017-05-19,-0.0001643786222951249,0.00287206544054297,0.006614226098142349,0.005424023750911574,0.015357608262522415,0.03190534565036551,-0.010272157048001551,0
2017-05-22,0.0010978054497821077,-0.0007569822347385236,0.006233902616642004,0.005396999131860177,0.013334693285949717,0.03496392306511398,-0.009185628428207804,0
2017-05-23,-0.005520091118586645,-0.013256590186338735,0.005016559038872066,0.00581879281262093,0.007438136279965812,0.018247007197912612,-0.014655014040889203,0
2017-05-24,-0.0027274228517549792,-0.017342466472456297,0.004489636919379009,0.00495834949217497,-0.004969544927875158,0.005796961296284264,-0.017342466472456297,0
2017-05-25,0.01593923433986255,0.008515873142123764,0.008341507612743887,0.007196945021559004,0.009270461878077896,0.016884359779081093,-0.001679657769729448,0
2017-05-26,0.008974999342779899,0.017734596251551382,0.008812059235395037,0.007509469753756483,0.020657596613090412,0.027076208367452947,0.0,0
2017-05-29,0.0010213546497690462,0.017656874950334966,0.008817448841738611,0.007454839765222,0.01688652677493807,0.03233538082877896,0.0,0
2017-05-30,0.0020458307738757675,0.025399125306968307,0.007411551178184374,0.007217653350962785,0.011805829325343575,0.033364469926345786,0.0,0
2017-05-31,-0.0003428731732911805,0.027850927563017214,0.006840652585367705,0.00723313759068527,0.010025457313072472,0.033215384532777614,-0.0003428731732911805,0
2017-06-01,-0.0005352734831752803,0.011183259286521752,0.003913314848356681,0.006148384847801885,0.01979436764604503,0.02737208730862517,-0.0008779631255486642,0
2017-06-02,0.003889310635288634,0.006086439953726375,0.0018282600688066155,0.006124961331194747,0.023928976760466236,0.039654076874199085,0.0,0
2017-06-05,0.0022375304293780207,0.007308769482243571,0.0018762171638608959,0.006108945773265358,0.02509469446136725,0.0387640178010642,0.0,0
2017-06-06,-0.0039224400781388,0.0013091521162029718,0.002982075846281584,0.005893019903427151,0.026741528741816456,0.034378572156898546,-0.0039224400781388,0
2017-06-07,0.002775716887253976,0.004432895933480507,0.0031447817656948883,0.005583024864254183,0.03240728376003554,0.027276689379524433,-0.0011576107740489672,0
2017-06-08,-0.0017229069009405684,0.0032393589916910326,0.00331925984106126,0.0035210141770838335,0.014458844869738918,0.023863346917982753,-0.002878523219398299,0
2017-06-09,0.0021767861307626646,0.0015279432330241871,0.002971795653240636,0.002374677220061248,0.007623682921491071,0.028438766501079682,-0.0007080030180567354,0
2017-06-12,-0.005362914695006937,-0.00606712075327398,0.003613286519879628,0.0030573614103003685,0.0011973055419629564,0.01810405064899312,-0.00606712075327398,0
2017-06-13,-0.0009878956782163328,-0.0031388947977358805,0.0032863279848860767,0.002995346568548103,-0.0018338519723000157,0.009950327209650611,-0.007049022749118894,0
2017-06-14,0.0011710333198013956,-0.004734113556638664,0.002930362389433003,0.003024289735255463,-0.0003222034558919562,0.009700023620187403,-0.00588624406982885,0
2017-06-15,-0.004169200937810369,-0.007173028583275065,0.0032764568528857534,0.00329794323027689,-0.003956905606222971,0.01575913759551173,-0.010030904073343061,0
2017-06-16,0.0010440538522977771,-0.008295193028728165,0.0029910718333354663,0.0029965499305889664,-0.006779924379758717,0.016986815727786597,-0.008997323025085158,0
2017-06-19,0.007248606338097874,0.004279148121958176,0.0041729030750904715,0.003838600431441004,-0.001813934739692713,0.02323523958360907,-0.001813934739692713,0
2017-06-20,-0.0004193610180635021,0.004850680240243932,0.004117292190147999,0.0036117453620907796,0.001696559667536679,0.028483457008464663,-0.002232535064237151,0
2017-06-21,-0.0020614284974361796,0.0016063380171862374,0.004327246731223443,0.0035481484577272516,-0.0031353801260359804,0.02917029448055941,-0.004289361350270249,0
2017-06-22,-0.00037369207772797175,0.005423859762686556,0.0036153347660604607,0.003513867831352336,-0.001788074321697919,0.012644917058808103,-0.004661450527643107,0
2017-06-23,-0.00571651090342673,-0.001366284072360724,0.004728531659133509,0.003802012232126325,-0.009650143510976594,-0.002100030223760041,-0.010351314198302819,0
2017-06-27,-0.006637110376555566,-0.015133237725924231,0.002959621991978945,0.0039829118373805915,-0.010918846969759977,-0.009734614623785776,-0.01691972175998191,0
2017-06-28,-0.0021185104190760695,-0.01680737556326717,0.0026662668087361003,0.003995713247734569,-0.012038222527558262,-0.013849998181733048,-0.019002387572221502,0
2017-06-29,0.0013538785723692381,-0.013442534462713818,0.0034199390832729566,0.004008183952413722,-0.01185778969968232,-0.012176172534753782,-0.017674235925210113,0
2017-06-30,0.001767658168579711,-0.011329179646936693,0.0038861362194462607,0.003956388539735413,-0.005966767765881342,-0.009900063435280493,-0.015937819764136885,0
2017-07-03,0.009883519415181397,0.004182789466263381,0.006073906053554819,0.005165160050218634,0.002810790515276995,-0.003988190811622716,-0.006211822100030018,0
2017-07-04,-0.00017680707228295844,0.010713459637908151,0.004588605597099704,0.00455133808948717,-0.004581907419583642,-0.00638753087823396,-0.005683551832027622,0
2017-07-05,0.0025277480157699372,0.015419465296984125,0.003933859428324882,0.00464792236505983,-0.0016470710105143116,4.669430277637332e-05,-0.0031701704031236178,0
2017-07-06,0.003833942060263773,0.017934365168716493,0.0038178345455386633,0.004751979359424145,0.004250747384155318,0.0011020395492502555,0.0,0
2017-07-07,-0.0009044348315941919,0.01521914945015701,0.004290473700257334,0.004764954002954059,0.0037175493250258818,0.001922827748840339,-0.0009044348315941919,0
2017-07-10,0.010888907281342508,0.016229849193967638,0.004696183969018167,0.005270403357697308,0.02048052470247863,0.010632741188943085,0.0,0
2017-07-11,0.0015351471950302287,0.017969895873425346,0.004440815109387292,0.004323677752757009,0.028875875265470974,0.017641737032569216,0.0,0
2017-07-12,0.0030706975746088716,0.01852120859965134,0.004415331538290476,0.003955629373436112,0.03422626102989601,0.021776015155773543,0.0,0
2017-07-13,0.0077016330314483294,0.022445488420650195,0.0047723449897650394,0.004101355393077695,0.040782399175092854,0.028441020362543812,0.0,0
2017-07-14,-0.0005408574865797267,0.022817562953920012,0.004671917548753709,0.004301837588699419,0.03838397630476109,0.032188180266338184,-0.0005408574865797267,0
2017-07-17,0.0029940271181982947,0.014829521903992005,0.003032424547081945,0.003729721703160203,0.03130005200208008,0.03419882040665212,0.0,0
2017-07-18,-0.008955269036249769,0.004199855917351725,0.006215925690514427,0.005291087159335115,0.022245222764295303,0.017561389793477655,-0.008955269036249769,0
2017-07-19,0.007372432495688086,0.008506433308544059,0.0068634131510934265,0.00553888415104155,0.027185191333942038,0.025493344382866434,-0.0016488586570122532,0
2017-07-20,-0.002656672996888876,-0.0018601453744049312,0.006128336621403751,0.005766797218880234,0.020543591174783327,0.024881664175385954,-0.004301151175631346,0
2017-07-21,0.004248832710441297,0.002923222422835492,0.006457946094134659,0.005703296635667946,0.025807486188416995,0.02962097611630332,-7.059333699754866e-05,0
2017-07-24,0.005158720153299212,0.005087762645031413,0.006725525155784864,0.005021232190227629,0.019992733636610138,0.04088272001420368,0.0,0
2017-07-25,-0.00018562369561736514,0.013981673221636015,0.004100556926150752,0.005067929344450896,0.018240250152002035,0.04764282860567315,-0.00018562369561736514,0
2017-07-26,0.005629958201825547,0.012227766778455607,0.0036643252865797456,0.005200936585979215,0.020838214769613117,0.05577768997761101,0.0,0
2017-07-27,-9.979392554426703e-06,0.014913959871572846,0.0028433919725583553,0.004832935769695176,0.013026072363698793,0.054339706021611534,-9.979392554426703e-06,0
2017-07-28,-0.0006037592746904741,0.010009833337535579,0.003112499686029291,0.0048356461119342465,0.012962316729632217,0.05184383829259853,-0.0006137326420940781,0
2017-07-31,0.006250936142593311,0.01110732059720676,0.0034135627578768617,0.0050666374132909,0.01625159465305903,0.048060322412896594,0.0,0
2017-08-01,0.0037262704547935677,0.015063399752121232,0.0031646399056783413,0.003454940255286122,0.029255684506698243,0.05215170648996703,0.0,0
2017-08-02,-0.0032774243300558448,0.006072460369337396,0.003763556958181652,0.00356056736875079,0.018374479776960717,0.04605918485930105,-0.0032774243300558448,0
2017-08-03,-0.006730149283340814,-0.0006885849579114645,0.005226849333193127,0.004289134736786354,0.014215105385230853,0.035050725873554844,-0.009985516058390598,0
2017-08-04,0.0052678094401141795,0.005182485396175496,0.0057284240730880055,0.004375030372814469,0.015244194548801104,0.041445095077489835,-0.004770308414033142,0
2017-08-07,-0.0008940634188985275,-0.0019549275089063567,0.004943251004284836,0.00423246983827665,0.009130679081714499,0.029305959953126903,-0.0056601068746817695,0
2017-08-08,-0.007839998409131632,-0.0134557300549204,0.005237899458325856,0.005064479684523291,0.001404980656427135,0.01967085800706103,-0.0134557300549204,0
2017-08-09,-0.007065154756953684,-0.01720478103456835,0.005604324129644344,0.00512946046998768,-0.011236796016226513,0.00936726398467802,-0.020425817996668205,0
2017-08-10,-0.008861481320744158,-0.01931363688565102,0.0059841494608509635,0.0056539967252310685,-0.01998892276372044,-0.007223227554414402,-0.02910629631277406,0
2017-08-11,-0.011145337440492953,-0.03532543908447905,0.003824633989328008,0.006308965197788397,-0.0303260272604724,-0.017756806101341893,-0.03992723425921807,0
2017-08-14,0.008583226922601606,-0.02617475689542026,0.00789236349827153,0.006720945452720548,-0.028078514652032927,-0.012283240637558812,-0.031686711848655125,0
2017-08-16,0.010531797042111934,-0.008142465588687697,0.010302775520482966,0.007727114519793561,-0.021488632824665288,0.007138387019634429,-0.021488632824665288,0
2017-08-17,0.0006921079486323922,-0.00039361932973691616,0.00984639489415516,0.0077642378520196755,-0.017591628229926104,0.0004596145298798593,-0.0208113973296159,0
2017-08-18,-0.0067395990569609765,0.0017463913851480939,0.009407062796395851,0.0077649123983619265,-0.017600974669575997,-0.0036360689941559166,-0.02741073591276022,0
2017-08-21,-0.008442271331855933,0.004484697450261699,0.008623877877858658,0.007597260879811605,-0.03099916554080895,-0.016227528302362515,-0.035621598374634744,0
2017-08-22,0.001148205672340863,-0.0029201104741095607,0.007547041297104307,0.007690565667473621,-0.029018434187762288,-0.02015271311607003,-0.03451429362360536,0
2017-08-23,0.008903748380787668,-0.004526487021712877,0.006961132036891642,0.008297634241804694,-0.012632095845588664,-0.011244863039474917,-0.025917851828782923,0
2017-08-24,0.0004618117229129304,-0.0047555822559230965,0.006948817923141643,0.008048097963664251,-0.005147329696559844,-0.01632628621895793,-0.025468009273677317,0
2017-08-28,0.005655850381199201,0.0076646268322930755,0.00655985134600821,0.0076700564717238455,0.0094244036557114,-0.010752902784777252,-0.019956202142436985,0
2017-08-29,-0.011777701557582065,0.004275015762198242,0.007868505199617628,0.00778277314181957,0.008778885364748579,-0.021813370612611793,-0.03149886550696268,0
2017-08-30,0.009018941307976203,0.012170333468161099,0.008681297238429725,0.007831622299171934,0.00921468427581762,-0.019122565023667604,-0.02276401061826161,0
2017-08-31,0.0033891789081785806,0.0066379091601116436,0.007978669763403879,0.007156803548768638,0.002081375728734125,-0.019451983014736052,-0.016227743887318402,0
2017-09-01,0.005696770485687397,0.011905184614058095,0.008174125032919423,0.0073645971636254835,0.007092986273430801,-0.01062341913405751,-0.009139314948740318,0
2017-09-04,-0.006170797240936721,5.0439835366233865e-06,0.008690068049758012,0.0073024171217436215,0.0076697094760811435,-0.010066259555706392,-0.015253715330207362,0
2017-09-05,0.003969595020604677,0.01594009830492915,0.005668597527341744,0.00657805764817368,0.020283258238632085,-0.01134467138202322,-0.010459959830572352,0
2017-09-06,-0.003617290649303717,0.0032171907247784404,0.005213580537130822,0.00681727157891731,0.015426678476890832,-0.01403941376498885,-0.006248402824057475,0
2017-09-07,0.0013815776204593178,0.0012099335544824008,0.005024084954060362,0.00631237290493747,0.007855874143618324,-0.004875457857103416,-0.004461421238370233,0
2017-09-08,0.0004934591486318585,-0.003970163618864375,0.0040608898134288475,0.006312192001858629,0.007887755464363044,0.0026998248898622013,-0.003970163618864375,0
2017-09-11,0.007171759874381012,0.009401937888699807,0.0040236878184220625,0.006458174429443491,0.009407029295456448,0.018920088592449202,0.0,0
2017-09-12,0.008694739682492125,0.01415264966540053,0.005058923426713804,0.0050686340295205985,0.030318342597271286,0.03936338921613047,0.0,0
2017-09-13,-0.0013623235790964916,0.016447832839192378,0.0043984400640323254,0.004752807394703372,0.019717939379223726,0.029114318240990755,-0.0013623235790964916,0
2017-09-14,0.0007242566448066867,0.015780622161351232,0.00447830986037149,0.004738750484598899,0.017009649220097067,0.01912642841987222,-0.0006390536061942065,0
2017-09-15,-0.00011896972220581947,0.015158835608165333,0.004576245487051017,0.0045464609873300775,0.01112848893166496,0.018300409424332198,-0.0007579473003700432,0
2017-09-18,0.006712673766038124,0.014696108854143297,0.00447566772175822,0.004050298351036917,0.02423621864549541,0.03209181287738638,0.0,0
2017-09-19,-0.0005466310781929717,0.00539975527714609,0.0032365858706351032,0.00410782880673415,0.019628825787262993,0.04031022056825928,-0.0005466310781929717,0
2017-09-20,-0.0006306941084300854,0.006136338833053978,0.0031126271175622978,0.003750877477772594,0.022685101147617015,0.03846173538612785,-0.001176980429622554,0
2017-09-21,-0.001898206810864611,0.003499692661550924,0.0034241205318077824,0.003972300201250766,0.019335542150474838,0.027343313879725883,-0.003072953088219421,0
2017-09-22,-0.015560319702822567,-0.011997540999861167,0.00810942158269797,0.006830449242621405,0.0029794258565849496,0.010890682303529076,-0.018585456658557598,0
2017-09-25,-0.009212797559311037,-0.027627030168125954,0.00663681973343942,0.006967644528285876,-0.013336931156650134,-0.004055362763295878,-0.027627030168125954,0
2017-09-26,-0.00011141948422910275,-0.027203610723770644,0.006721481489407806,0.00605847878840614,-0.021950748287187682,0.0077020840032462345,-0.027735371462902947,0
2017-09-27,-0.013751709466646389,-0.03997574239607926,0.0069122342333594045,0.007053179799598677,-0.03408470826347065,-0.015038849095544427,-0.04110567215924199,0
2017-09-28,0.003410112215289196,-0.03486993548642048,0.00836023142196458,0.007276937759984685,-0.03149227688220013,-0.015018300245011384,-0.037835734898700846,0
2017-09-29,0.0020114751329467495,-0.017642808397896448,0.007538854782187703,0.007406249764993012,-0.029428679080651166,-0.018627686878408656,-0.03590036540563968,0
2017-10-03,0.007243119547228449,-0.001326904766728143,0.008015178768728589,0.007484690511518939,-0.02891727649683351,-0.005381903287147494,-0.02891727649683351,0
2017-10-04,0.00561894619402592,0.0043964949602390835,0.008436706189222406,0.007940585183512986,-0.022926716300978978,-0.0037479150338619593,-0.023460814923520923,0
2017-10-05,-0.002642487569213925,0.015710140461700606,0.003800123794859951,0.007919383419420497,-0.024893626462481944,-0.002773239749097489,-0.026041307580935813,0
2017-10-06,0.009202422967629742,0.021573454670153813,0.004686947762673164,0.008746268656048377,-0.014048745788833972,0.005015156245279595,-0.017078527740296057,0
2017-10-09,0.0009068408870005484,0.020447254970067164,0.004844395289937653,0.0071916787866186105,0.0024436995704708586,0.005430406248741804,-0.01618717436054018,0
2017-10-10,0.0028231760730823563,0.01596936964349105,0.004511484186579432,0.006391421011185447,0.0146212750440613,0.0010893409487262584,-0.013409697530803344,0
2017-10-11,-0.003209559796145678,0.007049995461376302,0.005018338741062643,0.006549778616894735,0.01147748569113105,-0.010725201995432476,-0.016576218100875728,0
2017-10-12,0.011176989023315542,0.021003771982161412,0.005944382297245644,0.004736054187470773,0.037043884651927206,0.0016965463871498887,-0.005584501285321841,0
2017-10-13,0.0070371617606277415,0.018813190777277944,0.005553007741292009,0.004852741335723216,0.040792510965866446,0.008015585033608996,0.0,0
2017-10-16,0.006235585127047472,0.024237266925291046,0.0053803314179943105,0.004842625369052991,0.04518010747195711,0.014421837507684554,0.0,0
2017-10-17,0.00035187692127247594,0.0217131961325554,0.005712070372007639,0.004889385038479147,0.03802931183122893,0.008012331209187318,0.0,0
2017-10-18,-0.0023059373000015038,0.022639411906097306,0.005421239060812489,0.005186063821031996,0.029849015118659894,0.0062379589161916105,-0.0023059373000015038,0
2017-10-19,-0.006297223051949796,0.0049671169921952085,0.005666950918200591,0.005725308639628803,0.026075217167069287,0.0005324839885023636,-0.008588639350429306,0
2017-10-23,0.0037746820347803745,0.0017113435522180254,0.004939841190573112,0.0052680260440436015,0.020556730162229364,0.00621918809709654,-0.00484637669830823,0
2017-10-24,0.0022435283779338455,-0.0022627640909601565,0.003980593655186595,0.00525275129941529,0.02191965961706921,0.024416924250331373,-0.002613721304027039,0
2017-10-25,0.008586655172075908,0.005950490744495163,0.005717966486164379,0.005633209556326422,0.027792891049670754,0.042820533598038946,0.0,0
2017-10-26,0.004706008052178801,0.013020463526542736,0.0054986998630088164,0.0052439702120281005,0.03595465106962581,0.04784480575393801,0.0,0
2017-10-27,-0.00200603259923815,0.017395075173334718,0.003850047564595094,0.004747361048400648,0.022448595539003913,0.060324063374675774,-0.00200603259923815,0
2017-10-30,0.0039329461738537574,0.01755548682602104,0.003853920157654964,0.004492968201245594,0.019296873847424845,0.06087655275131909,0.0,0
2017-10-31,-0.0027355227164175266,0.012500367369730592,0.004787539934357273,0.004431228082749037,0.010209317896362258,0.05585068344809252,-0.0027355227164175266,0
2017-11-01,0.010178707923330865,0.014098597910707333,0.00531743751689979,0.0052746850991140385,0.020132982231580554,0.058927937522186724,0.0,0
2017-11-02,-0.001599540251903675,0.00773410158742438,0.005501445831805182,0.005214887099290224,0.020855266701596653,0.05132679099133619,-0.001599540251903675,0
2017-11-03,0.0027533145302098827,0.01253989857648663,0.005130711643661532,0.004305916777686129,0.030153106228225424,0.0570145721884574,0.0,0
2017-11-06,-6.696962449181942e-05,0.008505690562687906,0.005164319630067973,0.004397873807210967,0.026210498927328185,0.04730603124342392,-6.696962449181942e-05,0
2017-11-07,-0.009725597504736005,0.0014368233142725284,0.007208724383982397,0.005883332401664399,0.013955151503276753,0.03618070329120249,-0.009791915809614915,0
2017-11-08,-0.004540996990381796,-0.013155500215506932,0.004759471695706609,0.00555776974283501,0.0007576235873476556,0.028571571186838174,-0.014288447739775223,0
2017-11-09,0.0005629346364948162,-0.011018054836048119,0.004970758895136619,0.0053249498686740015,-0.003369168004021539,0.03246434580562463,-0.013733556565414862,0
2017-11-10,0.0012416395462195862,-0.012508969146137305,0.004628062008587584,0.005310026831402264,-0.00012593177403963374,0.022319836773503354,-0.012508969146137305,0
2017-11-13,-0.009378254656429275,-0.021704395415143685,0.005234945150535972,0.0058550518591902485,-0.013383315723707323,0.005655301968536808,-0.021769911504424755,0
2017-11-14,-0.003750629587430776,-0.015801703356956076,0.004305708622557348,0.0058907980186116,-0.01438758429847209,-0.004325153823973582,-0.025438890217651222,0
2017-11-15,-0.0067294288575188155,-0.017965379519855662,0.00458189812824332,0.004434222756397712,-0.030884536181217448,-0.011373351767803963,-0.03199712987323611,0
2017-11-16,0.009557177519383675,-0.009137691035459583,0.007479480474382207,0.005990618537274245,-0.020055066290604162,0.00038194665478386014,-0.022745754604161728,0
2017-11-17,0.006740253065420143,-0.0036960786688303715,0.008389558571744176,0.006457186341214219,-0.016158813680937523,0.013507054121844497,-0.016158813680937523,0
2017-11-20,0.0014732194951183608,0.007217639206059667,0.006849505802914682,0.006516153098279836,-0.014643410704376247,0.011183277122392532,-0.014709399665151834,0
2017-11-21,0.0027333414249302024,0.013772995896569995,0.006199791973774178,0.005923197115469007,-0.002246344255880328,0.011677459172977134,-0.01201626405166234,0
2017-11-22,0.0014912510046576344,0.022163361517288482,0.0036013148813112805,0.00573725765570239,0.0037998087963388993,0.004560311208458012,-0.010542932312843867,0
2017-11-23,0.0006236523790645876,0.013118284833206983,0.0024271187720331672,0.005737488252727639,0.0038607229640263974,0.0004785475357218516,-0.009925855058598443,0
2017-11-24,0.003956999637637404,0.010317398576374037,0.0013021890039601805,0.005844981778903765,0.0065831859907476975,0.006456425184417469,-0.006008132025831059,0
2017-11-27,0.0009480543230313554,0.00978759558198794,0.0013797837646709473,0.004665292947436455,0.017075878121653343,0.00346403052978439,-0.005065773738340162,0
2017-11-28,-0.0028174296003191657,0.004197774743630811,0.002427709138534881,0.004552009982616082,0.018028586574519334,0.0033816144669240877,-0.0078689308777804,0
2017-11-29,-0.0008630457317808649,0.001837115535229028,0.0024972565616081135,0.0036119130677534127,0.024041193708273845,-0.00758584358986647,-0.00872518536235356,0
2017-11-30,-0.013005124839547189,-0.011808189394854507,0.006453999320304994,0.005290388108204385,0.001155192246506287,-0.01892304150117996,-0.021616838077015088,0
2017-12-01,-0.010242946057076874,-0.025785152603058914,0.006095809802137864,0.0056459381790579756,-0.015733789723443303,-0.03163836402774467,-0.03157350886928567,0
2017-12-04,0.0005878401074908002,-0.026135746258251435,0.00600651666332564,0.005599661711609303,-0.016603956790872676,-0.031004228936642453,-0.026135746258251435,0
2017-12-05,-0.0009380168349337747,-0.024300282056845313,0.006252010096800159,0.00539636782837501,-0.020204514423495912,-0.022405472384458114,-0.027049247323201464,0
2017-12-06,-0.007328342351691219,-0.03061391910281519,0.0058670788241007585,0.005477778403089269,-0.028833044873964098,-0.02514279613516246,-0.03417936353015261,0
2017-12-07,0.012206170786830173,-0.005852413570558879,0.008693469740322705,0.007246461369554999,-0.01759149655755521,-0.01379868948826024,-0.022390391891956685,0
2017-12-08,0.00973275497457382,0.01421189906933562,0.00803080503626191,0.00794805286157718,-0.011939709520005448,-0.005435124857703477,-0.012875557115452074,0
2017-12-11,0.005513532995962356,0.019204660462590395,0.007985602116128346,0.008210165365685865,-0.007433013928487275,0.00951593895324665,-0.007433013928487275,0
2017-12-12,-0.007953692266705503,0.012047537864749325,0.00950602635598181,0.00851141026300355,-0.012545502760299976,0.005256906131584582,-0.015327586289791362,0
2017-12-13,-0.004609307480847313,0.014819645363945089,0.008864027145933536,0.008575711173314909,-0.016247961163174396,0.007402612163410982,-0.019866244212489836,0
2017-12-14,0.005803030526000841,0.00839997245910662,0.007564789219187294,0.00782714925887325,0.002498398775735877,0.0036564771531364393,-0.014178498108091131,0
2017-12-15,0.007915451468479606,0.0065850676771563865,0.007112319674297306,0.00719628457467983,0.02089055306368448,0.004828075771130758,-0.006375275853282014,0
2017-12-18,0.005371011056540809,0.00644239385792833,0.007091636062352612,0.007243933368889001,0.025770778307126374,0.008738924626775058,-0.0010385064738377414,0
2017-12-19,0.007166405967994338,0.02178190749158948,0.005100622508872763,0.0072610323959270955,0.034091863711610326,0.013198539736029247,0.0,0
2017-12-20,-0.0018158880648367903,0.024649390019572337,0.0038848839068588432,0.0065300544926999065,0.039834330602045,0.009852740686307815,-0.0018158880648367903,0
2017-12-21,-0.00037341299477233747,0.01835721461944373,0.004460516053866854,0.005944637329128826,0.026911387175779566,0.008846479043362665,-0.0021886229834086057,0
2017-12-22,0.005047747670086089,0.015459802095178166,0.003927952842243419,0.005494152517874973,0.022146673615406787,0.009942539245598958,0.0,0
2017-12-26,0.003669112741827796,0.01374082541210453,0.0037493822438229374,0.005400966400313355,0.020271743079270488,0.012688049002120394,0.0,0
2017-12-27,-0.003869344347908643,0.0026330376940131295,0.0037395733667946094,0.004667367567763168,0.024472297769075668,0.011619777729563019,-0.003869344347908643,0
2017-12-28,-0.0012248885923313857,0.0032266712625188543,0.0036552113796846,0.004199425335473167,0.027955596760505852,0.01125341414687342,-0.0050894934244885,0
2017-12-29,0.00503917769782114,0.008658755016618391,0.004055929631748419,0.0041446948478380975,0.027174920260239377,0.029741212823484187,-7.596258842512693e-05,0
2018-01-01,-0.009035486719781383,-0.005475078623844554,0.005724716570141753,0.005122290519983973,0.00990007983935337,0.030997451046256508,-0.00911076294924762,0
2018-01-02,0.0006372448026219502,-0.008479323932962912,0.005234977178668561,0.004886506780253374,0.00514498856936596,0.03104835723630628,-0.008479323932962912,0
2018-01-03,9.576526019428044e-05,-0.004532564401973138,0.0051215273752385935,0.004294245677297414,-0.0019114611208808086,0.03211523731870636,-0.008384370697431476,0
2018-01-04,0.005898575149379415,0.0025673083346853254,0.005934071888893103,0.004646776776228774,0.005802263457229673,0.045867723340070166,-0.002535251388691151,0
2018-01-05,0.005145266925596026,0.0026731366385899236,0.005954393668636035,0.004843399142019612,0.011355037690487846,0.038572004681951766,0.0,0
2018-01-08,0.006132296604270282,0.018020133102711444,0.002963939623276899,0.004951552600522479,0.012446392833317388,0.03486871264849278,0.0,0
2018-01-09,0.0012613426710341713,0.01865507268583233,0.0028185072514167625,0.0048787889118233445,0.010017566348573315,0.030492382959141695,0.0,0
2018-01-10,-0.0004512550531163839,0.018097901026505214,0.0029985734668936223,0.004611529870886378,0.013483306722589017,0.03828557198869165,-0.0004512550531163839,0
2018-01-11,0.0017870243223414572,0.013936486177747565,0.002764307412512755,0.004522177796777132,0.016539573769553062,0.04495754418495146,0.0,0
2018-01-12,0.0028212783536125663,0.011592171495948822,0.0024427992146767194,0.0043899974987502794,0.014296295592885588,0.04185971654587828,0.0,0
2018-01-15,0.005645406670567565,0.011102639406604053,0.0022548159434840473,0.0025854811762271155,0.029322843549213884,0.039513221880821625,0.0,0
2018-01-16,-0.003826263434978938,0.005965027733383588,0.0035610614820178526,0.003304349539891057,0.024731378445155272,0.030003609673926235,-0.003826263434978938,0
2018-01-17,0.008233298599591432,0.014705329094636843,0.004540476179131262,0.0036444074352871892,0.03306936571165919,0.031094693783928262,0.0,0
2018-01-18,0.002637055025930257,0.015566321165690233,0.004502636877042026,0.003526537797061244,0.029719747163201582,0.03569445242335445,0.0,0
2018-01-19,0.007183137653693272,0.01998361614979527,0.004844205802551075,0.00372170618961287,0.03180744115126166,0.04352365353486021,0.0,0
2018-01-22,0.00656282412549225,0.020914113884867858,0.0049397477614480595,0.0037624048926432787,0.032248955156444215,0.04509673115410284,0.0,0
2018-01-23,0.01071474166073938,0.035816250718427645,0.0029393180449673755,0.004364679125229594,0.04199492338065247,0.05243317666049485,0.0,0
2018-01-24,0.0002075119319360219,0.027570896923126975,0.004103516114956033,0.004292208409117407,0.042681665130452684,0.05674046183542636,0.0,0
2018-01-25,-0.0014748331228576772,0.0233567532587593,0.00510160302804256,0.00460799563914296,0.03928665314706303,0.05647601141450109,-0.0014748331228576772,0
2018-01-29,0.005487978391367498,0.021634372676622382,0.00494413116249551,0.004617687071656643,0.042050321825628956,0.05694778124910971,0.0,0
2018-01-30,-0.007254905484079588,0.007609746311393106,0.006855243385585423,0.005800075975926867,0.02868301129725226,0.05884692229925603,-0.007254905484079588,0
2018-01-31,-0.0019864882598090716,-0.00505246442974816,0.004579146505295676,0.0055902635387208984,0.03058282595591777,0.05607055984371101,-0.009226981959318481,0
2018-02-01,-0.0009793519954297558,-0.006233086776114005,0.004531144953640268,0.0053933264088538,0.021165958353995817,0.05493526888310085,-0.010197297491554624,0
2018-02-02,-0.02326425764053397,-0.027918678549005538,0.010864113266488102,0.009650947111871403,-0.005214014976425929,0.024350772979971236,-0.033224322576007936,0
2018-02-05,-0.008740218946899025,-0.04167415366923022,0.008924154724908121,0.009559216787336084,-0.020941375164070686,0.01019997442903331,-0.04167415366923022,0
2018-02-06,-0.015778297575129607,-0.049902033096070886,0.009439182671796765,0.009920608120470626,-0.04267202859696162,-0.011799201777175417,-0.05679490404657517,0
2018-02-07,-0.002052723072893059,-0.04996508791497778,0.009424897970901791,0.008491166740917024,-0.05476510551530622,-0.015070038544702347,-0.058731042909509035,1
2018-02-08,0.00955930779730263,-0.03994317820802573,0.012626673509085622,0.009637447272698317,-0.045927295688255376,-0.005205884012716155,-0.04973316322863508,1
2018-02-09,-0.011525170537541873,-0.028404549932159906,0.009885550732869753,0.00979252237277072,-0.05553021098228028,-0.018425153973261277,-0.06068515057859547,1
2018-02-12,0.008110990487759207,-0.011887630020953277,0.011356214333817847,0.010152622159265786,-0.053066376769927426,-0.013247513165593916,-0.053066376769927426,1
2018-02-14,-0.0036860456841956157,0.00025242302288464025,0.008771625668165207,0.010142547761975294,-0.049662206495228345,-0.022403656827925222,-0.056556817365054246,1
2018-02-15,0.004247254997190808,0.006566953334542269,0.008840661805244088,0.010534666049146931,-0.04372625298112942,-0.014480699409837983,-0.05254977359304247,1
2018-02-16,-0.00883789294011672,-0.011775717723140788,0.008381779693592186,0.010543352533629405,-0.051248536339623674,-0.031167302371495675,-0.0609232372601165,0
2018-02-19,-0.007070214211226222,-0.007321890587712154,0.007332102087157381,0.00850692154798167,-0.03551846551307558,-0.040547286678376704,-0.06756271113347234,0
2018-02-20,-0.0017343713867262744,-0.017016532650205196,0.00510824042234538,0.008320936815585843,-0.028701876426773354,-0.04904219482867822,-0.06917990368719906,0
2018-02-21,0.0035761167522490034,-0.009851536534963512,0.005971790751781715,0.00715596737479206,-0.009601600266711086,-0.05186390910251504,-0.06585118234744469,0
2018-02-22,-0.0014186170647610963,-0.015437864491963382,0.004948446628040036,0.007147829125978335,-0.00897229089312479,-0.06324602795095502,-0.06717638180119301,0
2018-02-23,0.010435628497404092,0.0037073180065632094,0.006592207324771604,0.007293885679928992,-0.00811205604693277,-0.05366678693848104,-0.057441781068065856,0
2018-02-26,0.008726485909418047,0.01967547984275031,0.005615751988588749,0.006775142267466045,0.012209527544368992,-0.04399868107844418,-0.049216560051750124,0
2018-02-27,-0.0026742010470017785,0.01871549361028535,0.005862509052532255,0.006407392545014785,0.0013804881519958734,-0.05175914612233168,-0.04482947423674055,0
2018-02-28,-0.005822271491240483,0.009175326642590242,0.007263178984655155,0.006582940514650667,-0.0007666009580130639,-0.050390736358165156,-0.04850059395884909,0
2018-03-01,-0.003287953225291518,0.007286158706309553,0.007517125007089569,0.006465698605415204,-0.008264188516428739,-0.05162907949980511,-0.05069938004338781,0
2018-03-05,-0.00951392906146764,-0.012601217228018102,0.0068358770080544674,0.006561774438038578,-0.008940615940988939,-0.05973095879966228,-0.037335278701931096,0
2018-03-06,-0.010580325036080307,-0.03149982046000044,0.003573125770522286,0.007008479984930917,-0.012444114699761033,-0.04752058435403228,-0.03912230290018792,0
2018-03-07,-0.009273849306046689,-0.037908719668760416,0.003043663078939633,0.007459846362827387,-0.019902706459209996,-0.04803333786463271,-0.040481545177933564,0
2018-03-08,0.008710681294439526,-0.023844808607766277,0.008069585027287782,0.008039219341570463,-0.014888265872882389,-0.024346914962017463,-0.03212348572184531,0
2018-03-09,-0.001542569549872308,-0.022135422891756296,0.008187642647678336,0.008039227154672196,-0.015010546389667478,-0.023848158294119348,-0.03361650256080739,0
2018-03-12,0.019023452969389343,0.00603831506393071,0.01255052098304528,0.00973387655071076,-0.006638992283899081,-0.014697192453329788,-0.015232551546878859,0
2018-03-13,0.0005229623659011029,0.017328097177842228,0.0107887623786685,0.009188751514114161,-0.014717555232173551,-0.002687722083797639,-0.014717555232173551,0
2018-03-14,-0.0015297045608214654,0.02528017963010365,0.008886867852687703,0.009178845821945465,-0.01358687928143032,-0.012225147655304913,-0.016224746281632174,0
2018-03-15,-0.004874698633163366,0.011471640639873382,0.009535958819805197,0.00913208179162881,-0.012646707043367678,-0.013403613023645566,-0.021020354166273014,0
2018-03-16,-0.01592641033189679,-0.0030996836758142576,0.012652745815883956,0.010253532736481923,-0.025166493758575714,-0.033222701626286155,-0.03661198571239588,0
2018-03-19,-0.00989686272394219,-0.03139213541366803,0.006650880276097625,0.010283316105830675,-0.025543375953894554,-0.03425561838064339,-0.04614650463969161,0
2018-03-20,0.00298189563365292,-0.029011638222473657,0.007340464655664313,0.009994897586033417,-0.012186257531038858,-0.024478725044322802,-0.04330221306673221,0
2018-03-21,0.003052047785783829,-0.024555994198388165,0.008244770520775444,0.009639625610410606,0.00010340548738452249,-0.0198013590208872,-0.04038232570445832,0
2018-03-22,-0.003988084980675044,-0.023686915729984603,0.008255859551431008,0.009198593568699238,-0.012487002875232411,-0.027189358929352925,-0.0442093625385066,0
2018-03-23,-0.01153760597147735,-0.019332721931506702,0.00689188147138544,0.0097634807853977,-0.022372480284740814,-0.037047203521242245,-0.055236898304764526,0
2018-03-26,0.013262586204309867,0.0036060133244173453,0.009223342921524911,0.008452932004747993,-0.027899322547834227,-0.034353091444612294,-0.04270689622588031,0
2018-03-27,0.005281003686831598,0.005906552025562117,0.009417437432386093,0.00878763181584615,-0.023276444947419428,-0.037651427815470706,-0.035071013710051835,0
2018-03-28,-0.006917612171855159,-0.004091479776470175,0.00997018269182812,0.008898431904861025,-0.028547003621204547,-0.04174601821058699,-0.03613412943099348,0
2018-04-02,0.009699714248988744,0.009594898539261987,0.010720051696426678,0.009689508555213867,-0.014319290743859958,-0.026784905912121237,-0.023574464423164354,0
2018-04-03,0.0032511408370710093,0.02469981646421049,0.007672821873883775,0.008291742353153608,0.004889579849242098,-0.020399967490091653,-0.017440550118204445,0
2018-04-04,-0.0113811615422158,-0.00022209828589481173,0.008802367208359004,0.008509339494896092,0.003383114149144273,-0.02224667796135682,-0.028623217942139845,0
2018-04-05,0.019425575609178125,0.013845043523514455,0.012447444235632604,0.010439882531924266,0.019833372018944306,0.007405419908773858,-0.009753664817274688,0
2018-04-06,0.0006246882611875559,0.021545032975073486,0.011384681844013386,0.010441303948926806,0.017365402131902297,0.017470603297157883,-0.009135069556002073,0
2018-04-09,0.00462174300205187,0.016407489375036777,0.011005419404427659,0.010267081026903022,0.02615981611013618,0.01334615553592089,-0.004555546497743812,0
2018-04-10,0.002206303862958725,0.01534895070766229,0.011016692104611992,0.00900125217952368,0.04042788343727044,0.017150931127375424,-0.002359293554621056,0
2018-04-11,0.0014323824172655097,0.028508945144346542,0.007837795581618713,0.008407534295121484,0.028280515070602474,-0.0004078146890053036,-0.000930290547960344,0
2018-04-12,0.00398381515097701,0.012929594243182851,0.0016896107054603096,0.008375365403510535,0.026953648561735655,0.003049818497436796,0.0,0
2018-04-13,0.002098741233333312,0.014421773974989449,0.0013611809998380342,0.007682234985821972,0.03627752454591282,0.006694906300127812,0.0,0
2018-04-16,0.0045560368681183405,0.014355426881259348,0.0013401794487677106,0.0073950001014431565,0.030998452770324647,0.016235286168636565,0.0,0
2018-04-17,0.0019328764716219915,0.014078684899901495,0.0013783255919750416,0.007403393659290161,0.029643728648121037,0.034678253875617404,0.0,0
2018-04-18,-0.0021329642515190983,0.010468314270217993,0.002623263164366821,0.005823245621189957,0.03927570001184799,0.042791688337419975,-0.0021329642515190983,0
2018-04-19,0.003714540859949267,0.010197300798860276,0.002576960219746045,0.002073935391325571,0.023258742003748,0.04355341330554552,0.0,0
2018-04-20,-0.00011831183212973606,0.007962330400931084,0.0027480631373964642,0.002152592777728532,0.022498935305276913,0.040255040496294914,-0.00011831183212973606,0
2018-04-23,0.0019547427359773994,0.005352215684319095,0.0022467747286214782,0.001981704213088833,0.019784475906487353,0.046461850268172844,0.0,0
2018-04-24,0.0028012130716978945,0.006223515693877024,0.002360795463958673,0.001998682774254625,0.020389819510202134,0.06164202019393783,0.0,0
2018-04-25,-0.004126489139702483,0.004213296346259776,0.0031199453971246602,0.0027952772904479813,0.014725716726743832,0.04342268265116256,-0.004126489139702483,0
2018-04-26,0.00446996608501915,0.004969096949447804,0.003306357808154749,0.0028476608827140105,0.01521706912460008,0.042580873219659976,0.0,0
2018-04-27,0.0070165194296369915,0.012140230309398481,0.004139704358596605,0.0033414852682695857,0.02019922523519635,0.05720952767038745,0.0,0
2018-04-30,0.004400362877958974,0.014610711687624622,0.004214325709576072,0.0033286271684891183,0.020041127052197183,0.051660823752913476,0.0,0
2018-05-02,-0.001983360259233624,0.009769792780528253,0.004754445915112618,0.003558686140991601,0.016054110933100718,0.046173743289409375,-0.001983360259233624,0
2018-05-03,-0.003582741263569389,0.010321128039695315,0.004583708238284186,0.003751928790789659,0.014577910357013835,0.0544261680028435,-0.005558995656161803,0
2018-05-04,-0.005749252082231093,4.2381660984469605e-05,0.005440963359859472,0.004275581558587565,0.005011689209014403,0.028386996799077968,-0.011276287671041607,0
2018-05-07,0.00915875968262192,0.002169785733658891,0.006165687815264289,0.005059176852396683,0.014336357741585815,0.03715784583220416,-0.0022208047973109046,0
2018-05-08,0.00021464234053469866,-0.0020066391355157975,0.00576624590729811,0.005069266463837706,0.012574754126238652,0.03260801495276677,-0.0020066391355157975,0
2018-05-09,0.002229935247905379,0.0022065580959225173,0.0057827263312727134,0.005053186067875174,0.011997908491806042,0.03263236319065599,0.0,0
2018-05-10,-0.002341342618021436,0.0034551694109825615,0.00558948732341502,0.0048722102132952895,0.013811958696567261,0.028741066414518235,-0.002341342618021436,0
2018-05-11,0.008393559494426883,0.017728910131142195,0.005061905996233981,0.005288586025312868,0.017772043172785468,0.033259550706831176,0.0,0
2018-05-14,9.253689908783613e-06,0.008501703140310735,0.004076822395390361,0.004971768770795346,0.010689935748155355,0.031105089403278496,0.0,0
2018-05-15,-0.000439546203246155,0.00784209445968398,0.004146362383969113,0.004846069716775377,0.005819719070520923,0.025977479852018703,-0.000439546203246155,0
2018-05-16,-0.005624036623356199,-5.5857080350496524e-05,0.005190298637495143,0.005185807077204691,0.002150577763679218,0.018239214310768137,-0.006061110802657588,0
2018-05-17,-0.005437059519043608,-0.0031586658019603364,0.005699061820466393,0.005367149694111493,0.0002855898835636417,0.014867663544299026,-0.011465215701515707,0
2018-05-18,-0.008078482031696255,-0.019442002498496258,0.00353732225143209,0.005687367966864325,-0.0020577778824194537,0.0029435983833872026,-0.01945107619417774,0
2018-05-21,-0.007521422369861308,-0.026826198804434265,0.003013732927039166,0.005050800025161233,-0.018552564042741748,-0.004482182496296283,-0.026826198804434265,0
2018-05-22,0.0019017372369660723,-0.024546721163504315,0.004001170178030516,0.005154881926097707,-0.01689712440986013,-0.004534847468515846,-0.02497547794866095,0
2018-05-23,-0.010093292966488643,-0.028930928862034633,0.004637487947537212,0.005569762278304469,-0.028985169945166978,-0.017335022869982564,-0.034816686099235605,0
2018-05-24,0.008005483996222473,-0.015805929212652226,0.007771312619754747,0.006562429506347833,-0.018914669366540404,-0.005363959302022936,-0.02708992652638198,0
2018-05-25,0.008683783770930598,0.0008257521422370129,0.008679979956524328,0.006613397795038092,-0.018632304631471808,-0.00119139558100545,-0.018641385819776923,0
2018-05-28,0.007873533141916855,0.01635018589481474,0.007958894904617365,0.007292964999575728,-0.010914626246923298,-0.0003413671520626771,-0.010914626246923298,0
2018-05-29,-0.005178390161526547,0.0091679558115918,0.008844683606254563,0.00740040546019347,-0.01560380860685906,-0.009874899318860209,-0.01603649621527592,0
2018-05-30,-0.0017821372480790743,0.017640827009640203,0.006509841205761322,0.007263681547818524,-0.011800467363677791,-0.009675267422712075,-0.01779005422612112,0
2018-05-31,0.01147503144328188,0.021143539236340603,0.007250247953983423,0.008080754237913615,0.005003416739213673,0.005290435547981476,-0.006519164214461637,0
2018-06-01,-0.0037210731966299537,0.008585451408042344,0.0074579444455108715,0.007672219704362315,0.009418293005171607,0.007341134367716107,-0.010215979123868735,0
2018-06-04,-0.00632935061049722,-0.005627464647078861,0.007236122369714953,0.007533733675473872,0.01063071115463976,-0.008119079837618393,-0.016480669220661492,0
2018-06-05,-0.0033259632121184213,-0.003775873905560778,0.007019754840661972,0.007651111731175432,0.005357464860914707,-0.011630185299221774,-0.01975181833324091,0
2018-06-06,0.008637657354044759,0.006623109281303163,0.008095971452437942,0.007019798028723741,0.024380773416040613,-0.005311077389984931,-0.01128477041807796,0
2018-06-07,0.007833667925482013,0.002999212939461593,0.007053879169280963,0.007004840057082122,0.024206166152265896,0.004833645156323785,-0.003539503636666441,0
2018-06-08,-6.500531650632801e-05,0.0066799424094536874,0.006670592122915204,0.0066736465788487225,0.01532274413846113,-0.003595058529588746,-0.0036042788666186265,0
2018-06-11,0.0017924059567315798,0.014908030295902597,0.005148170541910008,0.006299135210255184,0.00919667123537593,-0.0018183332407972763,-0.0013793933446585305,0
2018-06-12,0.0051821877361071245,0.02357183651699457,0.003765437145711669,0.0060283599160426355,0.019706958329023028,0.003795646116174556,0.0,0
2018-06-13,0.0012773394448877262,0.01610253962460173,0.0032302502281364312,0.005892904326672512,0.022832297785545075,0.010762398637011117,0.0,0
2018-06-14,-0.004481103834498623,0.0036867300932825753,0.0035013310285544495,0.005250433202893447,0.0066970003213442375,0.01173392494406822,-0.004481103834498623,0
2018-06-15,0.0008928530123382128,0.00464818228675723,0.0034722786622241077,0.0050182972498283756,0.01135917428619515,0.020884451323091024,-0.0035922517892177375,0
2018-06-18,-0.001650073490668147,0.0011958894775632167,0.0035982154987746176,0.0044276877263910285,0.016121748130027758,0.026923844932345675,-0.00523639780043661,0
2018-06-19,-0.008277892748510318,-0.012210811733077476,0.003993660600032823,0.005242860972307803,0.01107319352600511,0.016489982632133415,-0.013470944209566404,0
2018-06-20,0.005751392331788008,-0.007797028563007347,0.005318452361722973,0.004847180520265644,0.008179959100204526,0.032760166245619615,-0.007797028563007347,0
2018-06-21,-0.0028731764148883787,-0.006194456909433099,0.005142849816742594,0.004276034247523093,-0.0025305641068501528,0.021614346790186367,-0.01064780273932231,0
2018-06-22,0.007517851989088609,0.00038363053144374604,0.006501041878834041,0.004933348515426929,0.005033596002841811,0.02043346864495077,-0.0032099993552369144,0
2018-06-25,-0.005488895151937956,-0.00346301106033875,0.006968337008994002,0.005250693894289705,-0.002271262961263343,0.0069045202153688034,-0.008681275157276125,0
2018-06-26,0.0006225348317527857,0.00548062873175259,0.005528375471236566,0.004917331066587911,-0.006797105926947267,0.012775902118815408,-0.008064144721692701,0
2018-06-27,-0.009076853790689121,-0.009343625400921818,0.006332169292599761,0.005515276176226415,-0.017067801449796027,0.0053747992105026565,-0.017067801449796027,0
2018-06-28,-0.007712202710047356,-0.0141512508029904,0.0068725325688408076,0.00578399648454333,-0.02025804839910983,-0.013696716234404271,-0.02464837381524776,0
2018-06-29,0.011823478860337522,-0.009938226828130281,0.008556344379067743,0.007245744959835402,-0.009558408903926119,0.0016921897496304794,-0.013116324481656672,0
2018-07-02,-0.005319992906676174,-0.009770080232660905,0.008539277194762584,0.007377648122935869,-0.0131992573970936,0.0027096956296748242,-0.018366538635128715,0
2018-07-03,0.0039972600940201275,-0.006430405370897452,0.008916751662668258,0.007104397208735092,-0.0009850193035774168,0.010077266913052219,-0.014442694373060005,0
2018-07-04,0.006542117216048693,0.00923027906366558,0.008199697985031998,0.0071804546889326975,-0.00019959060717311683,0.00797873585002784,-0.00799506295651542,0
2018-07-05,-0.00187095516207203,0.015171261013683823,0.006788546916409132,0.007142741560090274,0.0008053178910911729,-0.001727284124308781,-0.00985105971427791,0
2018-07-06,0.002130282099583658,0.005445992738676297,0.0047200378681148195,0.006711521972133568,-0.0045463576005951856,0.0004643538748008158,-0.007741763150865499,0
2018-07-09,0.007449420523269579,0.018353616769726022,0.003731990607305472,0.006874197517419936,0.008404220228665382,0.006113869073278266,-0.0003500142768982917,0
2018-07-10,0.008693528918537918,0.0231170384769952,0.004376646673223267,0.0073037972153151024,0.016537981177715988,0.009628464840885975,0.0,0
2018-07-11,9.591449907508931e-05,0.01656468490886631,0.0046011146848183035,0.006313640987311347,0.0259478606368424,0.008437186253649642,0.0,0
2018-07-12,0.006841244759460574,0.02543780087909031,0.003718483615895875,0.005267542881123155,0.04099498540952484,0.01990645861186824,0.0,0
2018-07-13,-0.0003900863633066187,0.022858813755204155,0.004332086254904761,0.004640472171929272,0.028429295427606194,0.018599147693132423,-0.0003900863633066187,0
2018-07-16,-0.007446296817286591,0.007735259700172303,0.006438915671403326,0.005082407461619602,0.02623084646204954,0.012685361370759818,-0.007833478481747647,0
2018-07-17,0.006510101171726568,0.0055539062321587895,0.005884223858672762,0.00521921221147302,0.02879933457322026,0.02778594736915796,-0.0013743740474636557,0
2018-07-18,-0.0025072560535243094,0.002936528958833895,0.006108613258951409,0.005292982413911712,0.01954985654462904,0.019346363969718006,-0.0038781841933377414,0
2018-07-19,-0.0021265066550095746,-0.005996443863850787,0.005041945502312027,0.005314058340685363,0.019288820670248175,0.020109672193723283,-0.005996443863850787,0
2018-07-20,0.004846172801197479,-0.0007895524961656353,0.005744948536382478,0.005394506053107707,0.022051213025578775,0.017404602725042517,-0.0011793308658103463,0
2018-07-23,0.006770994169043254,0.013523089372168284,0.00463968198850187,0.005324922789983233,0.021362953680583052,0.0299467128767148,0.0,0
2018-07-24,0.004470105324883233,0.01146887959266163,0.004297830312307181,0.004896658480953959,0.017086482906665923,0.03390704001708578,0.0,0
2018-07-25,-0.00020656889072501183,0.013801802294077126,0.003743083958718609,0.004908632291091043,0.016778860645031646,0.04316209681953631,-0.00020656889072501183,0
2018-07-26,0.0031710384477181552,0.019183908150879336,0.0025893037913410958,0.0046075033131773475,0.01307242905871231,0.05460331850676625,0.0,0
2018-07-27,0.009944212119312734,0.024354689288114573,0.0038135065148808137,0.0052921167226134165,0.023545907486228312,0.05264459647387154,0.0,0
2018-07-30,0.0036530166203387893,0.021182254899749564,0.0036689415894276137,0.004022626551030572,0.0349917937980313,0.0621405046306287,0.0,0
2018-07-31,0.003264264038764786,0.01995635109526428,0.0036868585494848473,0.0038768097126418272,0.03165410767574639,0.061365059486537366,0.0,0
2018-08-01,-0.0009069695768941788,0.01924182536830754,0.0038925557731287227,0.003644414721559452,0.03330919953189526,0.05351024614898936,-0.0009069695768941788,0
2018-08-02,-0.00894572632246915,0.0069309501849150745,0.00696260136961566,0.00511243038731781,0.026247821047540087,0.04604293123095893,-0.009844582397745771,0
2018-08-03,0.010324864158225422,0.007310466513275271,0.007080441233015371,0.005644985913706749,0.031843199941872014,0.05459659415278506,0.0,0
2018-08-06,0.0023149778184636816,0.005967551713628394,0.007002536366772123,0.005501795775281687,0.027276212814903333,0.04922186696643305,0.0,0
2018-08-07,0.00020637387921418338,0.002901422093074535,0.006911239275044989,0.005515289140875496,0.022915674986303758,0.040393706181917954,0.0,0
2018-08-08,0.005316323439674475,0.009148437362288542,0.0071292341531069454,0.005514931351034934,0.028566295364714334,0.04582446589881539,0.0,0
2018-08-09,0.0018078602620088535,0.02009835744839794,0.003992894135463042,0.005522523578103422,0.027168608347586387,0.040596197111546495,0.0,0
2018-08-10,-0.0035917598751602497,0.00604710935849595,0.003259772442269259,0.005198434166594258,0.013401783062238604,0.03726324769260092,-0.0035917598751602497,0
2018-08-13,-0.006452600726191027,-0.002753115367389425,0.004599948194977111,0.005661400023067149,0.0031980069879102846,0.038301704787027324,-0.010021184408972483,0
2018-08-14,0.006987649428703557,0.004008095210918938,0.005735565071512239,0.005988536061497462,0.006921146479989426,0.03879433687165301,-0.003103559503779274,0
2018-08-16,-0.0043768747103217764,-0.005672489082969467,0.0054648804395716725,0.006189540339298245,0.0034240538682552835,0.03684730589365626,-0.007466850322996987,0
2018-08-17,0.00752741533853607,4.358931887216144e-06,0.006692930837575004,0.005602201065418274,0.020102803987656293,0.04687827983681814,0.0,0
2018-08-20,0.007061438877143944,0.010696005949516696,0.006947058919684479,0.005139753972830705,0.016807795225688427,0.04918620915151406,0.0,0
2018-08-21,0.001657757482632416,0.018946348766043508,0.0051511681403421175,0.005134933168444557,0.01614107191471037,0.043857552042220194,0.0,0
2018-08-23,0.001024120854903332,0.012911999020559506,0.00490483440868401,0.005116497682720057,0.016971846752916075,0.040276443063326894,0.0,0
2018-08-24,-0.002214500010791931,0.015111923092125279,0.004179978071552195,0.0050785264588272955,0.009353711790393016,0.038187208048868104,-0.002214500010791931,0
2018-08-27,0.011668152045063218,0.01928383061264527,0.005500135434418596,0.0061162828850590606,0.01928827360143681,0.04698091750020161,0.0,0
2018-08-28,0.003981371798545075,0.016166381717055867,0.005214095801903053,0.0058183354368110144,0.027035303381600206,0.040799407714780855,0.0,0
2018-08-29,-0.003969842824892433,0.010457267801121883,0.006158418804950185,0.005424687450894461,0.02960174361006529,0.03289441718089514,-0.003969842824892433,0
2018-08-30,-0.0012914924007219053,0.008119833372903562,0.006343636012349942,0.005368886430128203,0.02113667567402122,0.028204112182450558,-0.005256208203773927,0
2018-08-31,0.00031686763496852066,0.01067741907571973,0.006054037030005432,0.0049259809814620765,0.025950698503739655,0.029463608961590504,-0.0049410060910678455,0
2018-09-03,-0.008402893711741743,-0.009373970980033342,0.00464875257529977,0.005666998249951613,0.009729093564065261,0.030027479612617425,-0.01330238105379733,0
2018-09-04,-0.0053572893238419406,-0.018588405673638064,0.003422878554443685,0.005546426521605164,-0.002722531218213753,0.014039504260263458,-0.018588405673638064,0
2018-09-05,-0.0037629228405509085,-0.018384522618222765,0.0034206691550544973,0.005602908014048133,-0.008119506693515577,0.007890507679742864,-0.02228138177791028,0
2018-09-06,0.005223513215619091,-0.011981022197862345,0.005294740681525018,0.005904161319880556,-0.0039584727288425325,0.012946191431544074,-0.017174255654470394,0
2018-09-07,0.004524612330868871,-0.007825007491117697,0.006106060578786449,0.0060543146765060125,0.002768860700348652,0.012148471615720524,-0.012727350172509255,0
2018-09-10,-0.013029484601910446,-0.01245429468113124,0.007576691552206019,0.0059347385711395135,-0.021711519464246765,-0.002842023590539422,-0.025591003961323855,0
2018-09-11,-0.013166522411939052,-0.02020780708835701,0.008990915618324238,0.0064155842802115035,-0.03842058184606212,-0.012423990550767705,-0.03842058184606212,0
2018-09-12,0.007300110741971233,-0.009327390988023931,0.01033727797186106,0.007325627378422739,-0.027540433975658307,0.0012460647689496174,-0.031400945606338104,0
2018-09-14,0.012779356018962407,-0.0018809212180047608,0.012038413603573373,0.008835707796246093,-0.01383940805700179,0.007004748537398076,-0.019022873450611155,0
2018-09-17,-0.011936397109907015,-0.01823696404379982,0.012619669221102284,0.009408765111113538,-0.02591926715465942,-0.0006411917382883603,-0.03073220598884019,0
2018-09-18,-0.008688009492210713,-0.013918395537720452,0.011940677482945685,0.009428772254045346,-0.02619934641933641,-0.01672514874790232,-0.03915321378370318,0
2018-09-19,-0.003949853265832637,-0.004708748615725344,0.010560816135758717,0.009393667519742466,-0.024821402220428168,-0.02747635639621704,-0.0429484176002044,0
2018-09-21,-0.008122410286309445,-0.01994740499036929,0.009791655048681278,0.009559995376366528,-0.02908873873285156,-0.03697205921751978,-0.05072198321761723,0
2018-09-24,-0.015767605065017842,-0.04757190496040031,0.004427023536285242,0.009875837247440032,-0.04936334717298407,-0.0531264164382379,-0.06568982408314528,0
2018-09-25,0.009122490289403151,-0.0272725275208191,0.009201664806864643,0.01045866774406677,-0.04501212346083816,-0.04236789506017946,-0.05716658857605306,0
2018-09-26,-0.001233346434815763,-0.019957619980671915,0.009155967288676738,0.010052854225090946,-0.03359823746950985,-0.05458028814697302,-0.05832942880265801,0
2018-09-27,-0.006898080298177955,-0.022858465331772715,0.009247202333584018,0.00955706637640511,-0.027459579180509452,-0.0648251480172084,-0.06109785406991164,0
2018-09-28,-0.004290574855044915,-0.01908355843526488,0.0090365909099718,0.00888330656088081,-0.03865029595686853,-0.065126284008587,-0.0642138607080176,0
2018-10-01,0.0071223051201001475,0.0037292339114101125,0.007045175593959698,0.007819675363035149,-0.04402007781019879,-0.057250274047684346,-0.057548906296819524,0
2018-10-03,-0.013630624165402394,-0.018902276495489034,0.00762173578197851,0.008015461742951794,-0.04565929116037881,-0.07039510294936002,-0.0630635683530214,1
2018-10-04,-0.023852830796859514,-0.041121605239827,0.01146945909515597,0.010045302619176135,-0.06025853585012719,-0.08487914801400409,-0.08541215452451012,1
2018-10-05,-0.026681133099039966,-0.060222909483445664,0.013994880218586858,0.011893911637543516,-0.0817047715266126,-0.10449814674965052,-0.10981439456040587,1
2018-10-08,0.0030630691759276907,-0.053282344276768256,0.015362233194327916,0.012438820015769653,-0.0713490859814595,-0.09836236979336854,-0.10708769447152933,1
2018-10-09,-0.004541918525712618,-0.0642469772807791,0.012597951790398555,0.012091904004181918,-0.06075733537575001,-0.10712149710927554,-0.11114322941384591,1
2018-10-10,0.01544017357453864,-0.03666797135818378,0.017900692602884218,0.013103128337564402,-0.054877139720531876,-0.09741912659309182,-0.0916267194664444,1
2018-10-11,-0.021553331230103057,-0.03439866028256722,0.017391878138392748,0.013910022979684753,-0.07410573739347548,-0.1052141527001863,-0.11120518966235937,1
2018-10-12,0.02323968088796402,0.01512632737036479,0.017493350822414034,0.01699704617171468,-0.04600753355712339,-0.07220376522702099,-0.09054988189523416,1
2018-10-15,0.003819527333492445,0.015891883011775132,0.01749590322224032,0.017204007575086305,-0.038237218046832555,-0.07540963420962365,-0.08707621231068507,1
2018-10-16,0.006872770511296089,0.02754088175477265,0.016956372085650668,0.017186645819271908,-0.03847551393039794,-0.08080189662359327,-0.06969743578475529,1
2018-10-17,-0.012442428966201402,-0.0006739897324118393,0.017473307095432183,0.01711495349693152,-0.037317247254391894,-0.08127265935707861,-0.07322079280780935,1
2018-10-19,-0.01430204581437955,0.006732032849193548,0.015418633546538102,0.01609950048587091,-0.027898200344364077,-0.08647563148888637,-0.08285303555612933,1
2018-10-22,-0.005658244003280299,-0.021699689663404187,0.009472771061549643,0.013834600677660677,-0.006901598902723349,-0.08804247686782063,-0.08057452593981929,1
2018-10-23,-0.009609331153461409,-0.0347871581450655,0.008426130580788378,0.01404001246858993,-0.01944810858084378,-0.08940958979099178,-0.08318537693868067,1
2018-10-24,0.007682224937911597,-0.0340111953518033,0.00876108906717303,0.01431140324168624,-0.007407011906553129,-0.06771431697576447,-0.07614220077795708,1
2018-10-25,-0.00976551993936281,-0.03139275139791731,0.008409875544019233,0.013349811534131995,-0.032045582738214784,-0.08516415253739584,-0.08403444969150875,1
2018-10-26,-0.009372932078341445,-0.026549102008531,0.007479245694754726,0.011970756845849924,-0.019995798586175395,-0.09261973258065093,-0.08886930770418677,1
2018-10-29,0.02201894317048847,0.0005465947634268886,0.014311054559520954,0.011688187324723123,-0.021164955836715182,-0.06619874197794584,-0.06880717276963733,1
2018-10-30,-0.0051166488632650164,0.005085347104505811,0.013668539056113304,0.01152789651367546,-0.02987871581450663,-0.06697345488978046,-0.07357175949056616,1
2018-10-31,0.018453875117665497,0.01582923787867685,0.015669826296460507,0.013100915810021305,-0.018720328774888384,-0.05647556843472645,-0.04343701793567101,1
2018-11-01,-0.0005921090636011872,0.025239755454375068,0.01423745088302098,0.012557097841247086,-0.006945341311865749,-0.04400340754725662,-0.020642970021463758,1
2018-11-02,0.01662259343284722,0.052143569292123715,0.012248500201441219,0.012622659640154927,0.02421010234336718,-0.004363516286529756,-0.0029995984789437102,1
2018-11-05,-0.0027480337344830685,0.02664657077217991,0.011282919146817057,0.0124468561071682,0.027207730411654252,0.020118354666576188,-0.005739389215616786,1
2018-11-06,0.0005701254275940482,0.03251490429871362,0.010202231217666786,0.01171801058957717,0.03776560097764814,0.017583022888370436,-0.0051725359597534215,1
2018-11-07,0.006495726495726384,0.02039165848304547,0.007808996691224199,0.011680000548459208,0.036543680774591136,0.02886598938943119,0.0,1
2018-11-09,-0.0012454710144926828,0.019724578414230587,0.007911303124230579,0.010875147786905525,0.04546217740422143,0.011959732698540115,-0.0012454710144926828,1
2018-11-12,-0.009730567207043794,-0.0067089927034965635,0.005861739343708044,0.010926337797727474,0.04508474576271193,0.024187441680956434,-0.010963919082125462,1
2018-11-13,0.00956860201102816,0.005558722919042136,0.007481798792717924,0.00929195445057251,0.032353414594887164,0.010503700167104224,-0.001500226449275277,1
2018-11-14,-0.0005858729033783039,0.004396961063627636,0.00752124720332882,0.008943807011895722,0.03705483213053018,0.006068965517241232,-0.002085220410628086,1
2018-11-15,0.0038198613881983423,0.001726675724637694,0.007107401249859071,0.007305156860112481,0.022153543989370972,0.003018493587472637,0.0,1
2018-11-16,0.006169525370407047,0.009163738049351888,0.007452490685539161,0.007329094824266771,0.0290690673333045,0.021921831427191174,0.0,1
2018-11-19,0.007601430416955157,0.026826429566312315,0.003908543456203859,0.005859292994683823,0.019937458542594433,0.044630248797744576,0.0,1
2018-11-20,-0.009959678168608321,0.00696432789983481,0.007071905862143687,0.006864959320034746,0.012561763587989327,0.04011127107684054,-0.009959678168608321,1
2018-11-21,-0.005269232934817403,0.0022455868309332327,0.007685707735626183,0.007172596232504823,0.006652421652421525,0.04466925533173027,-0.01517643123919954,1
2018-11-22,-0.006915061721406879,-0.00847250087126894,0.008009391181176608,0.007219303751386256,-0.006760454408212491,0.02953617447859358,-0.021986547001876744,1
2018-11-26,0.009675350891775736,-0.005017692984591204,0.008964294899299095,0.007912707478564965,0.004100064240637913,0.04974863949273578,-0.012523923667242642,1
2018-11-27,0.005362888809438582,-0.0072281992678893126,0.008471316104523766,0.007161540958508207,0.019404323519871758,0.06536390827517446,-0.0072281992678893126,1
2018-11-28,0.004047503181852319,0.006817627296785034,0.007155630127304761,0.006707058044622538,0.013829435388613254,0.04663027944024156,-0.0032099522455728557,1
2018-11-29,0.0121028814831039,0.02440082829797996,0.007335051522988177,0.0074498650721943034,0.02670120930760289,0.06474545026670864,0.0,1
2018-11-30,0.0016622615966919163,0.03324862849407473,0.004247410545537984,0.007443896766254697,0.024494428588921258,0.047190610979531256,0.0,1
2018-12-03,0.000643574597191332,0.024005983854882063,0.004509154670879593,0.007341318554850698,0.018867836213513955,0.048485373948142785,0.0,1
2018-12-04,-0.0013092913747559942,0.017210077113124278,0.005218958944002509,0.007108852699776624,0.009857479978445438,0.02999147161944471,-0.0013092913747559942,1
2018-12-05,-0.007967247803486899,0.005037818591927312,0.007238447214521032,0.006788107852232567,0.011889791858260779,0.024600912200684055,-0.009266107729413164,1
2018-12-06,-0.016855391406764397,-0.023718308821498058,0.0077287814051188175,0.00872738902096287,0.00010377309540987589,0.006756885090218434,-0.025965315263581035,1
2018-12-07,0.008730184932766782,-0.016829475716551245,0.0096145535354197,0.008743419099413105,0.01585959579167362,0.008991923309178862,-0.01746181233490285,1
2018-12-10,-0.01919354386227401,-0.03632020213621212,0.011468006724846769,0.010394339160277821,-0.013186120467418072,-0.00914012016778143,-0.03632020213621212,1
2018-12-11,0.005787318431226707,-0.02947237683426107,0.01276369995050266,0.010425287426027597,-0.01276952159916156,0.006387017992406152,-0.030743080280234314,1
2018-12-12,0.017863998521207902,-0.004201096180062813,0.016421312057001796,0.01199982290578475,0.0008155580514221938,0.014656272147413274,-0.013428276099689884,1
2018-12-13,0.00502440023841455,0.01796031562613476,0.013748912246168471,0.011410471555087605,-0.006183981507915437,0.020352108015090353,-0.008471344894912192,0
2018-12-14,0.0012880448128398392,0.010450078083357406,0.013460235521863111,0.011402979830500003,-0.006555266968533702,0.017778594101745426,-0.007194211553922081,0
2018-12-17,0.007672054379965543,0.038127654705890635,0.006226729446951159,0.011700783732882346,0.00042264844378081534,0.01929845911890804,0.0,0
2018-12-18,0.0018689700459666447,0.0340833147694366,0.006726924225801488,0.011701292981522927,0.0036064216385298664,0.013499451846071153,0.0,0
2018-12-19,0.005371859158286307,0.02139211741916247,0.0026462747550676084,0.011394998898668776,0.017101150896326578,0.029194271879281475,0.0,0
2018-12-20,-0.0014224102559425855,0.014840314875991023,0.003578118533006233,0.009478169106797562,0.033067167241289885,0.03317437181900096,-0.0014224102559425855,0
2018-12-21,-0.018051991928193845,-0.004761486101920842,0.010185117959339515,0.011368399123834933,0.005638834079878752,0.02158785950079567,-0.0194487248456775,0
2018-12-24,-0.008415473312255894,-0.020650511785532233,0.009297730258983651,0.009664323348222644,0.016689787337499817,0.0032835933236738946,-0.027700527933037233,0
2018-12-26,0.006222159703662022,-0.01639517082695463,0.010163402580894699,0.009685718640962624,0.017129342174488027,0.004141087070449911,-0.021650725338050236,0
2018-12-27,0.004655237491670405,-0.017096277114695524,0.010015231880415964,0.007996134807398369,0.00393011473699878,0.004748878025137682,-0.017096277114695524,0
2018-12-28,0.007430564574481879,-0.008382260288357202,0.011168917826323638,0.008184035367957192,0.006333659205582265,0.00011051046626198158,-0.009792747531297552,0
2018-12-31,0.00024401697989850923,0.010093918541937752,0.00644068676921037,0.00818181918564497,0.005284370387165671,-0.001305537040016569,-0.009551120148076575,0
2019-01-01,0.004377425190217776,0.023125615417076917,0.0027234940770821214,0.007925829534501504,0.0019975478378266853,0.0024210405420925785,-0.005215504271789628,0
2019-01-02,-0.010779002942227889,0.005838851428491498,0.007163518985846185,0.008614161969952292,-0.010652048365066502,-0.007084042504254984,-0.015938289278126683,0
2019-01-03,-0.011141996757007222,-0.009976994007309892,0.008591947934722954,0.008829299041105618,-0.026902701667684825,-0.010261617932096123,-0.026902701667684825,0
2019-01-04,0.005162922532736758,-0.012205453088886542,0.00801168800902952,0.009173084045656487,-0.020485404092515314,0.011904368865641946,-0.021878675699579575,0
2019-01-07,0.004143614219727976,-0.008354391924548121,0.008510998724269515,0.007374406871249672,0.0016551980658359167,0.0073033655329772795,-0.017825718271589186,0
2019-01-08,0.0028175421006702006,-0.009894501425284918,0.00825982620759646,0.006746767368076468,0.01300229755708715,0.02990909047571355,-0.01505840088262378,0
2019-01-09,0.004906430664265882,0.005804957146166245,0.006947051325212857,0.006652570625442648,0.011677702856982997,0.02900707639952027,-0.01022585321820313,0
2019-01-10,-0.0030906988848610206,0.013994237391365516,0.0034104863559299777,0.0066541370490943875,0.003877622961464988,0.007822977201609405,-0.013284947069926,0
2019-01-11,-0.002462667258076423,0.006301649522016284,0.0037690985927504588,0.006214824605905098,-0.005980718054493961,0.0003150613211264641,-0.015714897923827964,0
2019-01-14,-0.005312669350020172,-0.0031749568317271937,0.004297635947775839,0.00637898435969121,-0.011502823922559524,-0.006279238717499025,-0.020944079217309564,0
2019-01-15,0.013895097600953532,0.00783640293830401,0.007880260074056511,0.007836784775312538,-0.002135635787023138,-0.00014235398384521147,-0.0073400016412425995,0
2019-01-16,0.00032149024506744617,0.003238094360741073,0.007661159480573122,0.006899788008905999,0.009061848505906855,-0.0016867271077214419,-0.007020871135101636,0
2019-01-17,0.001368190040678563,0.007725290160419895,0.007367848199015887,0.005451040266799997,0.02182763709620761,-0.005662286980387066,-0.004245916159135166,0
2019-01-18,0.00016047390235840453,0.010375221747205954,0.007098089347346029,0.0053753759203297126,0.016742252280386172,-0.00408612361551175,-0.00028872329309537204,0
2019-01-21,0.005033487821985094,0.020884555207867583,0.005789205145523326,0.005427898736883326,0.017643290814905788,0.019327692021573473,0.0,0
2019-01-22,-0.003566916168347478,0.0033021640886210513,0.0030765162271089736,0.00566065469827164,0.011164444115291827,0.02431190509682568,-0.003566916168347478,1
2019-01-23,-0.008354123274816327,-0.0053993002947576585,0.005099128031543281,0.0062036129226004716,-0.002178689377852927,0.009473571391957814,-0.011891240985782536,1
2019-01-24,0.0016895166874393297,-0.005080145251806556,0.005139432862155512,0.006140035973009502,0.002605899312486004,0.0064936269689603865,-0.010221814748422986,1
2019-01-25,-0.006382606130988622,-0.011588940996337338,0.0055816696530558004,0.006451613363231801,-0.0013339570817837432,-0.007306697115074812,-0.016539179061928477,1
2019-01-28,-0.011038397855396953,-0.02739501087863827,0.004873914609241912,0.00717742228099529,-0.0070825882878856605,-0.018503942444453636,-0.02739501087863827,1
2019-01-29,-0.000876983177867996,-0.024769403309606086,0.005276661176771844,0.005046499477050903,-0.021549031855090384,-0.02363864675850813,-0.028247969092808245,1
2019-01-30,-3.7550928446816734e-05,-0.016590499930757563,0.005262861833549103,0.0050280902517951965,-0.021900223134348917,-0.01303683113273113,-0.028284459283788865,1
2019-01-31,0.01681875363788299,-0.0017373592139946492,0.01055657075852741,0.00783623642706546,-0.006808678428639525,0.014870341305722956,-0.01194141499838075,1
2019-02-01,0.005788965880185737,0.01049111594491925,0.010201647380448663,0.008099080950328555,-0.0012194059750894048,0.015502430702829528,-0.006221577562181668,0
2019-02-04,0.00170741670606267,0.02351440456594034,0.007255183412104708,0.007931744354068463,-0.004524783681586597,0.0130386750589504,-0.004524783681586597,0
2019-02-05,0.0020252468555981284,0.02648748615309504,0.006801343815095036,0.007882611755299276,0.0010620036163053737,0.012238304411621881,-0.0025087006299119308,0
2019-02-06,0.011715374027720049,0.038552169586361096,0.006538374326488706,0.0080347901258259,0.021322069888750406,0.01909692634371707,0.0,0
2019-02-07,0.0006282514271249706,0.022015612665555517,0.0045430121263818485,0.00804841294130952,0.020240004424044722,0.022898647150144003,0.0,0
2019-02-08,-0.011364662944694293,0.00458524002515226,0.008206358280286503,0.0087508972164821,0.015124460254810845,0.01377032779216214,-0.011364662944694293,0
2019-02-11,-0.0050074929639242205,-0.002148961030035146,0.008590317716570314,0.007960044110756646,0.02131491199684854,0.014081358962896529,-0.01631524743888557,0
2019-02-12,-0.0052714716038497755,-0.00941528303008421,0.00869433210935659,0.008260716504075635,0.01682281594412416,-0.005088731307638539,-0.021500713679151517,0
2019-02-13,-0.003485237365437488,-0.024298414908090038,0.004315800330085478,0.008411868830749899,0.013316998066054575,-0.008874870297420623,-0.02491101595389089,0
2019-02-14,-0.004410000324264751,-0.02921115868972124,0.0031267008718260264,0.006548105972154978,-0.007838647579390678,-0.01459395517734674,-0.02921115868972124,0
2019-02-15,-0.0020146937711996715,-0.02002997185569655,0.0013227875328049258,0.006131702069420049,-0.015536574059199615,-0.016737034643048765,-0.031167000921459187,0
2019-02-18,-0.007781321099548544,-0.022761920505473432,0.0021525568552592882,0.006303773586171972,-0.02486196705537347,-0.029274255714135777,-0.03870580157912795,0
2019-02-19,-0.003439542522049255,-0.02096220248536651,0.0021639826707204805,0.006101854851578759,-0.030180120446117065,-0.02915016822686589,-0.04201221385079579,0
2019-02-20,0.012362851094126492,-0.005392059220004297,0.007796556836029187,0.006276787202159781,-0.029559455635957632,-0.008867654526150459,-0.0301687535006413,0
2019-02-21,0.005067323679957436,0.004075916266907509,0.00792838721406976,0.0067027118338877515,-0.025254304659692473,-0.005525447473685996,-0.025254304659692473,0
2019-02-22,0.00016682344981622244,0.006270747081421835,0.00779092547195678,0.005966231189961257,-0.013884827661829857,0.0010296320688647498,-0.025091694220102267,0
2019-02-25,0.00819615165428833,0.022474497107870972,0.006277266300926716,0.006510737141731805,-0.0007989861141722843,0.020498895563966002,-0.017101197896904896,0
2019-02-26,-0.004117609213150741,0.021778798323329518,0.006494449196513648,0.006417692588757986,0.00036006425762136196,0.01718893749647954,-0.021148391060039406,0
2019-02-27,-0.0026441353723477556,0.006632232463473775,0.005194582171855801,0.006371492004518022,0.0012044118532654746,0.014537449069640829,-0.023736607223517114,0
2019-02-28,-0.0013093789472222728,0.00024560119000716085,0.004817891843496284,0.006198644839569617,0.004322518506800321,-0.0035500117718206825,-0.02501490595696243,0
2019-03-01,0.006578642575862936,0.006657925340425308,0.005637557774517395,0.006411214458290936,0.012970422587743835,-0.002767667402569396,-0.018600827506459194,0
2019-03-05,0.011409766649790543,0.00986663725517234,0.006697974185668629,0.00625862898786423,0.03256288207349911,0.006891337716786294,-0.007403291958010261,0
2019-03-06,0.005965897455733504,0.020091737192325043,0.005868407613454079,0.005838043729832095,0.042308109407931616,0.010851125124035743,-0.0014815617829331273,0
2019-03-07,0.00047046050845933607,0.023277333863870986,0.00510207842922757,0.005154387429493595,0.03006394701665971,-0.00038418252737870695,-0.001011798290783461,0
2019-03-08,-0.0020618183791214495,0.022506370164466105,0.005326945133287919,0.0053236061129192215,0.022757498945768395,-0.003071530525593058,-0.0020618183791214495,0
2019-03-11,0.012020407053663584,0.0280342431076539,0.006326865438308426,0.0060715231073252066,0.03487881834566542,0.020509704302057674,0.0,0
2019-03-12,0.011922403642534052,0.028555306281257353,0.006448329038047134,0.0064947111815411235,0.03870368838521698,0.037873778561457794,0.0,0
2019-03-13,0.0035836902275865334,0.026119605536958357,0.006508126248773444,0.005875536028153993,0.046736130979299295,0.04711302324722566,0.0,0
2019-03-14,0.00013666381582999598,0.025777251270550305,0.006570021212515819,0.005551811825381075,0.04965461081833866,0.05091882727344332,0.0,0
2019-03-15,0.00737002181914348,0.03547220762274139,0.005204512381569439,0.0051414077924138825,0.058776928422515695,0.06335351129019506,0.0,0
2019-03-18,0.0030935909721401256,0.02633852821217686,0.004543793351375112,0.005196040950231225,0.0551111520228289,0.06879638954160616,0.0,0
2019-03-19,0.0061244787213623475,0.02045800445970336,0.0028183189489092565,0.004766896635624542,0.04959749532421065,0.083775414789093,0.0,0
2019-03-20,-0.0009841836911658186,0.015813326044596288,0.0036342448241909187,0.005084253462994461,0.042345969420066965,0.08644565673520765,-0.0009841836911658186,0
2019-03-22,-0.005568068882610522,0.010019174398871566,0.005320365643074837,0.005870021572598427,0.03605469244542503,0.0672025858254659,-0.00654677257119074,0
2019-03-25,-0.008959666227338903,-0.006353456989459105,0.006152330146339228,0.006916524891195989,0.028893379487830106,0.0523084194868324,-0.015447781901425484,0
2019-03-26,0.011361384503600025,0.0018364711835423542,0.00833754510713654,0.006822188183146467,0.028223369343797877,0.06408658546190815,-0.004261905587735426,0
2019-03-27,-0.003326584372891017,-0.00757431237209949,0.007765522973874787,0.006237777675498751,0.012728736771316251,0.05192507421806769,-0.00757431237209949,0
2019-03-28,0.010917383497669464,0.004248744689069106,0.00957471076471972,0.00693090302698286,0.020129257518713972,0.06780615211392393,0.0,0
2019-03-29,0.0046585998271391205,0.014576368825773178,0.008921653545052095,0.006942132634097275,0.024741586406012317,0.07562473106836998,0.0,0
2019-04-01,0.0038928414731715932,0.02773410837351653,0.00601879086912093,0.006753887474357299,0.021204443919365268,0.08122770442436877,0.0,1
2019-04-02,0.0037749107689935,0.020024818757755858,0.005050335684043372,0.006768210518956143,0.021898064943902673,0.07821604455286058,0.0,1
2019-04-03,-0.0059121333196735515,0.01737869209833076,0.006024375775372598,0.007054809750328405,0.009672748083660032,0.059749987485722356,-0.0059121333196735515,1
2019-04-04,-0.003946255351491623,0.002420051858254002,0.0050103593039917994,0.007207233478597427,0.006679078729803445,0.04930788021351673,-0.009835057883413656,1
2019-04-05,0.005858768753233434,0.003617546606560662,0.005281206067086528,0.007008017263930404,0.018246646125915422,0.05495921578557095,-0.004033910459993906,1
2019-04-08,-0.005267466430080803,-0.005540249289794019,0.005495788805539481,0.006451446328793047,0.022040205209503005,0.051570400710440945,-0.00928012840214465,1
2019-04-09,0.005812400361928649,-0.003521667861899447,0.005999888592705768,0.005779681766549218,0.016432630135196913,0.045119783668590374,-0.003521667861899447,1
2019-04-10,-0.007509456431873174,-0.005122832028650159,0.006378002819825173,0.0063068807178032985,0.012166831949183221,0.025050437121721503,-0.011004678482396058,1
2019-04-11,0.0010704142675863615,-0.00011208829108455554,0.006192593251093141,0.005316998930515212,0.002307692307692344,0.022483401959142002,-0.009946043779667346,1
2019-04-12,0.0040313192546155285,-0.001928689905237091,0.005801410637579552,0.005262541851830059,0.0016818795757018723,0.02646507835056089,-0.005954820202848099,1
2019-04-15,0.004028015751345038,0.0073979921582145725,0.005309170856822767,0.005273299435551778,0.0018167561476201133,0.02305972337083273,-0.0019507905610763876,1
2019-04-16,0.00828033377957027,0.009869816097567208,0.0058943535361099435,0.005781240778184374,0.006313390021513987,0.028349705990123875,0.0,1
2019-04-18,-0.0029141904531629903,0.014545548716797807,0.004142839774070673,0.00547296599999262,0.009348202285306861,0.01911137317470768,-0.0029141904531629903,1
2019-04-22,-0.013473385065686405,-0.00019402071278895594,0.008530306639291448,0.007027385999936129,-0.00030608725642344847,0.006370947092495971,-0.016348311508719182,1
2019-04-23,-0.0015955909939668889,-0.0057972508148358415,0.008229803317579323,0.0067247244295281245,-0.007714759620948142,0.010391118016217504,-0.017917817284076265,1
2019-04-24,0.012975176983314407,0.003062354848229365,0.010336198764739747,0.007759066744468786,0.010483002283596887,0.03275425501464202,-0.0051751271511772945,1
2019-04-25,-0.007193324322134709,-0.012331225105305377,0.009783854587483858,0.007963237993411417,-0.0025831159317852848,0.013807066814708335,-0.012331225105305377,1
2019-04-26,0.009693518184473282,0.00015740929820973193,0.0111591712477712,0.008073360116854594,0.014705247619623218,0.027050995845365522,-0.00275723987562726,1
2019-04-30,-0.0005529726533755053,0.013256342474200933,0.00838740661199399,0.008099020389434858,0.01305974975639601,0.015397579948141615,-0.0033086878507527784,1
2019-05-02,-0.0019918029647221225,0.012854236585334133,0.008439437578451878,0.008099596790340734,0.006982466536979981,0.008676089780538465,-0.005293900561204379,1
2019-05-03,-0.0010661208128105448,-0.0011853848023434255,0.006141480866821312,0.008028700451840102,0.0018733399769894632,0.00369349952652942,-0.006354377436445624,1
2019-05-06,-0.00973339879186319,-0.003740830455771338,0.006918225632896246,0.00803916658177943,-0.016025926538645874,-0.009813714441826327,-0.016025926538645874,1
2019-05-07,-0.008652167352833473,-0.021842419808331126,0.004422664642725307,0.008343574132314334,-0.021688448710094566,-0.012542994430584264,-0.024539434893082746,1
2019-05-08,-0.012041329286217373,-0.033086060358439306,0.0048849240545608815,0.008137547593030814,-0.020268318031472,-0.020568201414036813,-0.03628527676325477,1
2019-05-09,-0.005075069655661291,-0.036073263822256396,0.004302343176989366,0.008191791264860152,-0.023682721504498683,-0.031214774621869723,-0.041176196111867625,1
2019-05-10,-0.0020262259109168346,-0.03699972251275374,0.00396174085677727,0.006202831412277542,-0.0381412484063397,-0.028058080916885775,-0.043118989747309544,1
2019-05-13,-0.011588009469008398,-0.038803267734356384,0.004295244004637689,0.006607416929560214,-0.04239894174440362,-0.04487253629427812,-0.05420733595483207,1
2019-05-14,0.006624387793545017,-0.023991337548595837,0.0076941176750141395,0.0059206114191450564,-0.04530972849042725,-0.03127077164783376,-0.04794203857590684,1
2019-05-15,-0.005796623611550422,-0.01782216568583872,0.006667464238862842,0.005751124839123952,-0.050318560794678335,-0.0379159588503627,-0.053460760234662286,1
2019-05-16,0.00897194586358352,-0.003955122192924931,0.008565287585699475,0.007263124564248151,-0.03988571184886669,-0.03318174596017509,-0.044968461417730254,1
2019-05-17,0.013329365467127374,0.01137078970466976,0.010527272648191059,0.009109547121075595,-0.026049648871907638,-0.02422510874353645,-0.03223849700733428,1
2019-05-20,0.03691544338419317,0.06100087906567864,0.015631156911823096,0.015054375360484056,0.01983057788890563,0.0034868479657932383,0.0,1
2019-05-21,-0.010073341364952526,0.04340116110692804,0.018575534797218546,0.015173042503648461,0.018368571652214838,-0.0037182628820365826,-0.010073341364952526,1
2019-05-22,0.0024596254195454748,0.052065967554001835,0.017290640517321702,0.014361283205295393,0.033315873567822285,0.012372298815381377,-0.007638492591888091,1
2019-05-23,-0.0068879441808160635,0.03552868856099689,0.018972830220794074,0.014490651046452849,0.03143304606345887,0.007005904483001313,-0.014473823262105667,1
2019-05-24,0.01604608370042171,0.03830492278965392,0.01923122608921781,0.014888908211164566,0.050111269716018425,0.010058714923482981,0.0,1
2019-05-27,0.006809297456117358,0.008158434256969604,0.010545759117457277,0.01370068232473708,0.06965698498412287,0.02430466079128668,0.0,1
2019-05-28,0.0003354368016101894,0.018758914007054317,0.00847117330767465,0.013855138697683206,0.06297423376299349,0.014811159838872268,0.0,0
2019-05-29,-0.005671172587236706,0.010495914942195927,0.009499410657086357,0.013843110037645979,0.06310836246302776,0.009614279695101091,-0.005671172587236706,0
2019-05-30,0.007149421217256258,0.02477899640131942,0.00814738769183684,0.013814872745101896,0.06118805020831286,0.018861809420243514,0.0,0
2019-05-31,-0.0019337178446161563,0.006644658521964386,0.005579997385502891,0.01376324745865324,0.045204104443265836,0.017976904523042014,-0.0019337178446161563,0
2019-06-03,0.013901935786895692,0.01373613702593346,0.007784662023939405,0.008757235161835056,0.02200663665377367,0.042273618864914875,0.0,0
2019-06-04,-0.005534162492606631,0.007787907366656244,0.008636920008113539,0.00814590102204749,0.026692914058296546,0.045551796414997625,-0.005534162492606631,0
2019-06-06,-0.01479830139789462,-0.0014627648363136903,0.011151668328095839,0.009845631038785838,0.009017797050579812,0.04263410640479948,-0.020250567685950682,0
2019-06-07,0.002271240105540917,-0.006299232372613206,0.010539845227282652,0.009454590680891216,0.018323675372414083,0.050332690367906,-0.01802532148189817,0
2019-06-10,0.00438476410306099,-8.387291575706612e-06,0.010808041188649777,0.008137557355146933,0.006636215499700393,0.05708003440051779,-0.013719594161417104,0
2019-06-11,0.003598178264990315,-0.010170781441942944,0.008164464192109918,0.007930031492931993,0.00342564833644321,0.07332125365529851,-0.010170781441942944,0
2019-06-12,-0.004964230794945457,-0.00960350700610968,0.008106835749151293,0.008107723411382592,-0.0018903908624121613,0.06096479698450841,-0.015084522130445643,0
2019-06-13,0.0006593203541012116,0.005935620052770485,0.0037192438026448435,0.007873318882977553,0.004464172800161759,0.06785426189835975,-0.014435147308817009,0
2019-06-14,-0.007617057171994457,-0.003988829592313836,0.005295462910987483,0.007866843378442342,-0.010262935400430329,0.05029714580131639,-0.021942251138474034,0
2019-06-17,-0.012784078895063056,-0.021014535298212733,0.006526273637116234,0.008712284850172553,-0.02102274633475354,0.023231043687511832,-0.03444581856384754,0
2019-06-18,0.001657792266206437,-0.022907334358494347,0.005979849378357603,0.006883880656496059,-0.03284513030925951,-0.011561304504047465,-0.03284513030925951,0
2019-06-19,-4.276611213160919e-06,-0.01803682115200489,0.006308682710674987,0.006907665696828176,-0.027467111419813284,-0.0015073746060756399,-0.03284926645462016,0
2019-06-20,0.012000222384733972,-0.006907810526227354,0.009474972135831757,0.0069165825602488865,-0.0010131926121371704,0.007995467673093115,-0.021243242572516863,0
2019-06-21,-0.009098400490206382,-0.008390212546412479,0.009739414235714916,0.007404447873545484,-0.012345575010635379,0.00575188405299798,-0.030148363534088007,0
2019-06-24,-0.002085447923508066,0.002356035520448163,0.007626656284691258,0.007138499696854444,-0.018708010769372785,-0.012195945660708807,-0.032170938615466715,0
2019-06-25,0.008273751778899552,0.008976606936663467,0.00841248740978114,0.007669378013578939,-0.014136357558333867,-0.01075913541164375,-0.024163361197165778,0
2019-06-26,0.004331811689109788,0.013351637307605024,0.008401267789599274,0.00775179275879526,-0.004926004938603512,-0.006807083726291574,-0.01993622063853817,0
2019-06-27,-0.0005064338196504314,0.0008282798402603486,0.006603757884655357,0.007741737717958382,-0.006085252286166298,-0.0016482451037426182,-0.020432558081821206,0
2019-06-28,-0.004450430897982027,0.0055228119855681435,0.005134235884951226,0.007482484554069925,-0.0029137381272571483,-0.013146770021513543,-0.024792055291991133,0
2019-07-01,0.00651038905406387,0.014184184996987259,0.005233822301737343,0.006288427318755139,0.016573638961116854,-0.0047975307813600265,-0.018443072163327967,0
2019-07-02,0.003767192556634269,0.009651208626323848,0.004380925892131698,0.00632351815691472,0.018714450669289562,-0.014745358210868975,-0.00926245565292616,0
2019-07-03,0.0005415480718371501,0.0058408700533021385,0.004185085423136531,0.006307841915492882,0.019270492539419815,-0.008725923646088485,-0.004082536604934184,0
2019-07-04,0.0025174649128327786,0.008883972115137029,0.004099431772265975,0.005249479687887933,0.009719610370401588,0.008696569920844333,-0.001575349334759668,0
2019-07-05,-0.01135036725469274,0.0018916179271091238,0.006914651587428724,0.005753942112379085,0.0074248769628371125,-0.005012362423287731,-0.012907835795948452,0
2019-07-08,-0.021382337875651358,-0.02587311218985977,0.010870010456684795,0.009084328521487887,-0.012055916202621364,-0.030538384761840898,-0.034014173965367434,0
2019-07-09,-0.0002335923035662324,-0.02975575762155447,0.01017142500445613,0.008479383323243895,-0.020391728019870436,-0.03423982081968313,-0.03271601063050622,0
2019-07-10,-0.00493254527990028,-0.03506409046090586,0.009570645598857315,0.008209429507662147,-0.029428025203523056,-0.0342090675446407,-0.0374871827065939,0
2019-07-11,0.0073050465696717914,-0.030455981752359418,0.010915441024424044,0.008817126625440179,-0.021842579729849487,-0.027794914407779037,-0.030455981752359418,0
2019-07-12,-0.002624558616581285,-0.021898799016183856,0.010561713629133038,0.008783514621991503,-0.02004860524987595,-0.02290392699161814,-0.03300060685960615,0
2019-07-15,0.0031032244103008644,0.002573841122627263,0.004819134876056186,0.008477991343530845,-0.0233658643473571,-0.007179482785947711,-0.0299997907380668,0
2019-07-16,0.006407296983608646,0.009233378620445043,0.005434189020813123,0.008726388927496019,-0.020797125177367426,-0.0024718812812727364,-0.023784711323163177,0
2019-07-17,0.0021350299247164806,0.016401568845715753,0.003942902192957025,0.008793562276281476,-0.019237627708897143,-0.00033785373071781866,-0.02170046246887225,0
2019-07-18,-0.007751871657754039,0.00120867831026783,0.005520405275915708,0.008819243214243511,-0.029284114926653726,-0.019849134743381236,-0.029284114926653726,0
2019-07-19,-0.01531874897601937,-0.01153429993507904,0.008998485313841481,0.009315432744424607,-0.03318051163519209,-0.026001995888810248,-0.04415426789712684,0
2019-07-22,-0.006397092628675161,-0.020895986054960347,0.008569069772883225,0.007008242550348048,-0.0183759278805391,-0.030210305436487284,-0.05026890158411279,0
2019-07-23,-0.0013352488057677414,-0.028428480784730814,0.006664262036495728,0.00698897821312923,-0.019457593090975167,-0.039452547164613216,-0.05153702889907308,0
2019-07-24,-0.005273121202359898,-0.035610695187165864,0.005122751171182532,0.00700598532806895,-0.01979319761020626,-0.04863874809559787,-0.05653838910163855,0
2019-07-25,-0.0016990054385918052,-0.029727772077020598,0.00565206749639742,0.006214713794485814,-0.028555025080074903,-0.04977388939792504,-0.0581413355096575,0
2019-07-26,0.0028572317290473936,-0.01181776386365141,0.0036568593599060504,0.006475588825963048,-0.023215754165765046,-0.04279891592479346,-0.055450227049197554,0
2019-07-29,-0.008427638400255066,-0.013837231848548459,0.004276260367565458,0.0064276167223250545,-0.034444075299762233,-0.057005124056094925,-0.06341055098666992,0
2019-07-30,-0.009276802631108638,-0.021679367754974144,0.005018059179343605,0.005608164214045195,-0.04949153705005749,-0.06925938053617453,-0.07209910645154538,0
2019-07-31,0.00294080502282279,-0.013600915599797703,0.005911037306571155,0.005727369799639209,-0.04872727272727273,-0.06702750330417273,-0.06937033084311628,0
2019-08-01,-0.012412304371289817,-0.024186488804361805,0.007240194146480762,0.006152860713698346,-0.05319525045486295,-0.08092158955364426,-0.07036994704156663,0
2019-08-02,0.0015801457194899449,-0.02542913605629049,0.0069149423295815585,0.005412521252404917,-0.036946384394771936,-0.06890099609267508,-0.05905026737967911,0
2019-08-05,-0.012252951847490534,-0.029188860687091145,0.007554536221048773,0.0060146966236179124,-0.042622199502917346,-0.06021490491928083,-0.07057967914438501,0
2019-08-06,0.00788485261355465,-0.012372129106753005,0.009320104442781574,0.007128348690327253,-0.03378327692490979,-0.05258352876020034,-0.06325133689839568,0
2019-08-07,-0.00847167355513434,-0.02361036157582297,0.009063182046214185,0.007291242915911837,-0.036890154640547124,-0.05595317813008194,-0.07118716577540107,0
2019-08-08,0.01630049283773216,0.004776867030965359,0.01169610880002874,0.009678590062432055,-0.019525157414360672,-0.04752264113477622,-0.05604705882352934,0
2019-08-09,0.006997539077902015,0.010211550964550398,0.012009075377055633,0.00998958766127052,-0.015477256010563267,-0.03833369400562647,-0.04944171122994656,0
2019-08-13,-0.01654417555908594,0.00582273120615695,0.013367077590389072,0.01090183837315016,-0.02353608837092913,-0.057169484870581266,-0.06516791443850267,0
2019-08-14,0.009477523487875006,0.0074121434932523655,0.013582446951657487,0.011182652842644305,-0.005051689609756993,-0.05429321077632776,-0.056308021390374385,0
2019-08-16,0.0016682684461530872,0.017714522592234383,0.012418820939565537,0.011146963480219098,-0.006314085267134395,-0.054733689839572275,-0.04734886047133291,0
2019-08-19,0.0005521461286410734,0.0019442644199609838,0.010181614739283109,0.010342425661989849,0.006730418943533767,-0.046822857832696685,-0.031994220285920694,0
2019-08-20,-0.003338188331719949,-0.00833959665696038,0.009544209205843873,0.010413635576807188,0.0017867940913038893,-0.03522560588479984,-0.029014119264599625,0
2019-08-21,-0.00892257420350362,-0.0006544113272650698,0.006775026086604839,0.01001581010501343,0.0051645094176349104,-0.03767781283601557,-0.03639115527687187,0
2019-08-22,-0.016242776154670513,-0.02611656119099859,0.007407953011319107,0.010920591977463725,-0.01889799739684417,-0.0520428380423702,-0.04811552333773461,0
2019-08-23,0.008192638727906543,-0.01977316750846314,0.009272622782010005,0.011068725271374492,-0.0024089171387775554,-0.03921020645355899,-0.04031707770973825,0
2019-08-26,0.02110006602427661,0.0003573399433685065,0.014720658680115552,0.011933323203067678,0.00230229912666724,-0.017267811040556635,-0.020067704687042998,0
2019-08-27,0.004295590915051273,0.00801942452573301,0.014663177716274315,0.011794458764958212,-0.00038705089719293095,-0.01585831642193125,-0.007493833339291545,0
2019-08-28,-0.005335266335595001,0.011668055720919224,0.014091023957397359,0.010507351747581236,0.011006008685823021,-0.012789118078146866,-0.006466990465911149,0
2019-08-29,-0.008853803604892296,0.019266665735684807,0.011857203825634616,0.010491117461026607,-0.007353074509946156,-0.012367618669601455,-0.015263536607303507,0
2019-08-30,0.006845811678525493,0.01790504508580848,0.011749543721146817,0.010745032801093643,-0.0022221618783829777,-0.00852221622593996,-0.007777022678482237,0
2019-09-03,-0.020443154242170025,-0.02350818649194919,0.010951380730028937,0.012496550224037874,-0.023159246962610514,-0.0165846994535519,-0.028061190046491102,0
2019-09-04,0.004329545559784709,-0.023475171876618073,0.010958360295204052,0.01265793561949466,-0.01564400471997829,-0.013885163243872456,-0.023853136687474352,0
2019-09-05,0.0002996869424094495,-0.017942984401734585,0.011163424506536767,0.01239046151674338,-0.006484288422614504,-0.001353267173604955,-0.02356059821866574,0
2019-09-06,0.009061661704108825,-0.00019181060073236722,0.011892586266057064,0.011379213348211929,0.019071159584223674,-0.00018724453679808128,-0.014712434685161035,0
2019-09-09,0.005193583161279491,-0.0018324904179802814,0.011676455546952381,0.011234989964940522,0.01603974384427498,0.013592188291649432,-0.009595261776923714,0
2019-09-11,0.0029673590504453173,0.022022800729771586,0.0032103919027414198,0.008984882907589887,-0.0020031018688081437,0.00029458551817596046,-0.006656375313353613,0
2019-09-12,-0.00479353371331237,0.012739000336571493,0.005209504886749938,0.008943267767006265,-0.011035221762483949,-0.011418001467192962,-0.011035221762483949,0
2019-09-13,0.008476891138871734,0.02101789286405653,0.00559723243099834,0.009272354733055453,0.0026977847385050158,0.01373348526659246,-0.00265187499718611,0
2019-09-16,-0.006536714849357583,0.005234693318229011,0.0064751201609301425,0.00904410041555863,0.00504187864782657,-0.0023482691714871162,-0.009171255295870928,0
2019-09-17,-0.016894624437678862,-0.01685441763874551,0.009688652952062124,0.0102415775937056,-0.018656022497902103,-0.020836727674288014,-0.025910934819703968,0
2019-09-18,0.002130786865848222,-0.01767445653651345,0.009558501000651748,0.007905459957577958,0.003959103158947652,-0.01929183365147147,-0.023835358633451542,0
2019-09-19,-0.012531536393112996,-0.025312306515642646,0.010404531542792741,0.008734425075756832,-0.012895759660293327,-0.028338023055278327,-0.036068201362406516,0
2019-09-20,0.053191091846648275,0.017903736942370463,0.028478389548519514,0.019349504836203537,0.03929792863134818,0.032558821105076685,0.0,0
2019-09-23,0.02891557715846793,0.05422820011814422,0.029629188452350148,0.020881479541682357,0.059746761433191464,0.07995736103934803,0.0,0
2019-09-24,-0.0010344649230186187,0.07123576394024567,0.026594932464584612,0.021001133035163697,0.05318070898523608,0.07007345777909113,-0.0010344649230186187,0
2019-09-25,-0.01277161250237313,0.05530572428775038,0.02900253850494843,0.021778181987237053,0.03665376913109264,0.03457724602883938,-0.01379286564024762,0
2019-09-26,0.011450848761385357,0.08093565503325628,0.02592609953258209,0.02167027710920415,0.053574680409367526,0.041948250167711976,-0.002499956897294875,0
2019-09-27,-0.005081581858407125,0.021127884905359107,0.01631695233716791,0.021882249933009135,0.03940988994122363,0.04221399407935822,-0.007568835020085984,0
2019-09-30,-0.0032964455717312546,-0.01084033033913212,0.008788552373093506,0.02173097804972295,0.04280001817603507,0.048057689321630015,-0.01084033033913212,0
2019-10-01,-0.009983049296480528,-0.01970107523170128,0.009395628708014565,0.02107827970684499,0.050131267563969795,0.03053999501054583,-0.020715160083446982,0
2019-10-03,-0.004040528525779297,-0.011031275676998686,0.008059378006795934,0.0212643587602969,0.04366435591961748,0.04779633076801981,-0.024671988413992874,0
2019-10-04,-0.012307760296977222,-0.03426178788716816,0.003975208289338149,0.02124457389593306,0.043900866900829616,0.030438972212104565,-0.03667609179152087,0
2019-10-07,-0.004326718718539624,-0.03352906431326219,0.004076564394583314,0.012643531394239807,-0.01310957761969822,0.025673171765963954,-0.04084412337718324,1
2019-10-09,0.016797886108714355,-0.014044246129444216,0.011510177166473092,0.009660164965155923,-0.024732332201169105,0.03353675248031274,-0.024732332201169105,1
2019-10-10,-0.00696083370899736,-0.011034428119965911,0.01110919954902605,0.009744457367719854,-0.030518113253136914,0.021039620832405515,-0.03152100825847848,1
2019-10-11,0.0062752847243547905,-0.000791055329680157,0.011620545533489623,0.009491740325473407,-0.011813604657261334,0.02440715133611815,-0.025443526835744357,1
2019-10-14,0.0031932631876905315,0.014890713438779457,0.009408047458370894,0.008590348215039697,-0.019881256913716894,0.03262829151036173,-0.022331511525663483,0
2019-10-15,0.007684405902399716,0.02713366407822826,0.008566742653832412,0.009015130127727656,-0.007305166602967317,0.031816827526431224,-0.01481871002224111,0
2019-10-16,0.0031238241908246867,0.01332060495169407,0.005730943012053619,0.009037979540872352,-0.0009107190322847902,0.041850320352615045,-0.011741176876260861,0
2019-10-17,0.010672540125610697,0.03131411583018462,0.0031904370384430816,0.008875624755600938,0.019934154349950273,0.07106474633929882,-0.0011939449319839923,0
2019-10-18,0.006516288563697792,0.03156111649218718,0.003193868887837454,0.00870197643126213,0.030745094573095377,0.07575191524493463,0.0,0
2019-10-22,-0.006302602074284902,0.02179673137203908,0.006533880997533863,0.007668997662943763,0.03701201369158147,0.08253774007921688,-0.006302602074284902,0
2019-10-23,0.0013591236025836118,0.015382865343051888,0.006333464936901651,0.00720734042796747,0.04293392292205933,0.02926149970729619,-0.004952044486938201,0
2019-10-24,-0.0018527934092260612,0.010345429169574372,0.006703859620886583,0.00588780647644189,0.023803841496292,-0.0015172152204272482,-0.00679566278077659,0
2019-10-25,0.0001122373214994532,-0.00021145572160352621,0.004676319049451469,0.005000161790494521,0.031096038559621952,-0.0003710671200014559,-0.006684188186265483,0
2019-10-27,0.0037336302972228452,-0.0029755141765672732,0.003782012316272307,0.004882810908349746,0.028491691766069138,0.016341497526267013,-0.0029755141765672732,0
2019-10-29,0.01373509415462948,0.017129272070657064,0.0061133124180445635,0.0059849752170449515,0.039299365584618995,0.01863678788716805,0.0,0
2019-10-30,0.0048571077090147075,0.020682345033220972,0.006018285145329481,0.005850459701287363,0.03638336410489762,0.028812410965567636,0.0,0
2019-10-31,0.0028157479251273987,0.02545628788009613,0.005161740907722773,0.005854029179591021,0.03606507327285424,0.03512150909193901,0.0,0
2019-11-01,0.0011071400005893128,0.026476402593254456,0.004938102774645482,0.005320758545427989,0.026259348284835227,0.04671696053662444,0.0,0
2019-11-04,0.004263872302491034,0.027018658914695237,0.004902972235309207,0.005182819245502625,0.023962750335495553,0.05544458193388713,0.0,0
2019-11-05,-0.002018205722994826,0.011058934320874458,0.0027697656288738397,0.004519723405544695,0.028377637886325413,0.06643996509989036,-0.002018205722994826,0
2019-11-06,0.00409911724230505,0.010296265651252412,0.00260411704106448,0.00450493584265869,0.031191561603226337,0.07546466062697732,0.0,0
2019-11-07,0.0038442092419803675,0.011332398789302367,0.0027175219757105255,0.004157933177405762,0.03707716747535095,0.06176358798935766,0.0,0
2019-11-08,-0.008649647645489256,0.001475955797016093,0.005660763105410856,0.0056447784273410415,0.027991436390162105,0.05995789773511184,-0.008649647645489256,0
2019-11-11,0.00044507333212973066,-0.002332241883211905,0.005235197564693753,0.005678662529346584,0.02462340298353438,0.05381665715764217,-0.008208424040858864,0
2019-11-13,-0.00612752812997075,-0.006440271204645409,0.005830491206943663,0.00467845158503478,0.004547440579968365,0.04402551769441376,-0.014285654821616478,0
2019-11-14,0.0026730402982995116,-0.00785137952791426,0.005528783763154221,0.0044980646656456085,0.0023640462339900026,0.03883342229377962,-0.011650800654342874,0
2019-11-15,0.001966796101784851,-0.009706919301867623,0.005118264422081751,0.004451934850792843,0.001515476806890348,0.037635205861828336,-0.009706919301867623,0
2019-11-18,-0.000920520030768146,-0.001986034774503098,0.0034940913420380172,0.004450198401046214,-0.0005130102770255496,0.025732866692271372,-0.010618503918981337,0
2019-11-19,0.004678362573099504,0.002236967461146877,0.0041911737280887805,0.0044964530839930105,-0.00010049157126934549,0.02385985070979313,-0.005989818557198712,0
2019-11-20,0.004941332149646982,0.013398983991317781,0.002375856943560195,0.004684203405720016,0.006872419695901799,0.03544508061976037,-0.001078084090558984,0
2019-11-21,-0.00255852522272515,0.0081114545868044,0.0033323940489311137,0.0046192971911088706,0.00019638895040552384,0.03139407623167667,-0.0036338510079461095,0
2019-11-22,-0.004511881287390107,0.0015930460806441449,0.004287299377648184,0.004608287801876745,-0.008129336790972386,0.02864641790271616,-0.008129336790972386,0
2019-11-25,0.013374571946552116,0.015924102823004826,0.007095284950673013,0.005599617478985898,0.013906442226542248,0.04228713990970223,0.0,0
2019-11-26,-0.0029858163370948265,0.008174135895009371,0.00750782416158865,0.005766964259435486,0.01042938863217624,0.0353095986548726,-0.0029858163370948265,0
2019-11-27,0.00523355790558,0.008467301714295328,0.007540896891054713,0.005294975869268733,0.021979738945732574,0.026627131082519906,0.0,0
2019-11-28,0.004169180295354735,0.015269376023528736,0.007180359106957661,0.005331183169570168,0.023504687460516704,0.025924299862378763,0.0,0
2019-11-29,-0.00782641972159015,0.011888974686094178,0.00814227721075292,0.006230698003536838,0.01350096045126481,0.015036897650589909,-0.00782641972159015,0
2019-12-02,-0.0006511253685907992,-0.002116161093280833,0.0053505810005322245,0.006220318914318337,0.013774243762884497,0.013254167157250363,-0.008472449109754976,0
2019-12-03,-0.0044819973108015665,-0.0036136471252814495,0.0055679244620614144,0.006354698687349025,0.004530950327049199,0.004430003433462115,-0.012916472926430722,0
2019-12-04,0.004085307898817669,-0.004751791218689849,0.005277532750814103,0.006293246940497035,0.0036752756456734925,0.010572953378310324,-0.00888393279648414,0
2019-12-05,-0.002059253354590229,-0.010924891882661325,0.00443810611246287,0.00626923736486634,0.004177667858694667,0.004374877256906107,-0.010924891882661325,0
2019-12-06,-0.008062637289489416,-0.011160371763554333,0.004513761883211794,0.006668372284931272,0.0005959175451555332,-0.007538263660241129,-0.01889944573147395,0
2019-12-09,0.001342112989137334,-0.009188094487143417,0.004769288276880671,0.004836927792185569,-0.011284812092349106,0.0024646985467935423,-0.017582697933940405,0
2019-12-10,-0.006760209424083841,-0.011455536842807423,0.005176778650309019,0.005136372725294002,-0.015027787700308326,-0.0047551297063404,-0.024224044637750408,0
2019-12-11,0.004499527697186423,-0.011047728178557259,0.005306028269776664,0.005033652171088342,-0.015747022899501806,0.005886600593727254,-0.01983351370034936,0
2019-12-12,0.005176257225979475,-0.0038773880050589904,0.006258028445248218,0.005169573703192189,-0.014759919842977864,0.008397840314687377,-0.014759919842977864,0
2019-12-13,0.009597554252493534,0.013857316612842396,0.006088115152678126,0.005699722925725374,0.0025422920442434993,0.016077575879853256,-0.005304024721939804,0
2019-12-16,-0.0027095898797852014,0.009754973821989532,0.006575957458183527,0.0057733234697635236,0.0004772497136502629,0.014258067230426219,-0.007999242870016299,0
2019-12-17,0.009212747688516876,0.025993522704271133,0.004961942007129138,0.006185068674419616,0.014240216104450365,0.018835688143315377,0.0,0
2019-12-18,0.004656802301685081,0.02615416262599557,0.004957241917135128,0.006214875606928665,0.014817490368008501,0.01854722437516143,0.0,0
2019-12-19,0.0031133275785184544,0.024048179889406995,0.005043432417710968,0.006100923988468056,0.020077547760101178,0.02433909294475467,0.0,0
2019-12-20,0.0009869735801038004,0.015314353793839386,0.004415716692254108,0.005016109689795925,0.02938388625592414,0.02999731417444429,0.0,0
2019-12-23,-0.0007374631268436405,0.01732212262370414,0.0038203489887598087,0.0051302145291389325,0.02724607329842943,0.015653794388652997,-0.0007374631268436405,0
2019-12-24,-0.003930602841940134,0.004073160706946188,0.003354183141208538,0.004600969004616832,0.03017255920653117,0.014691344692092212,-0.004665167294121475,0
2019-12-26,-0.0072045224752447234,-0.00778127339598178,0.004076882086547175,0.005561681404177845,0.018169376540177806,0.002136240052228233,-0.01183607946674492,0
2019-12-27,0.009833794442772215,-0.0011337960961526061,0.006429521743716204,0.006048082814171377,0.022887118060776146,0.00778938618978442,-0.002118678596456869,0
2019-12-30,0.0008206895425371119,-0.0012997278312879557,0.006422206074128365,0.005478511484427858,0.01399472147070746,0.016572592184007195,-0.0012997278312879557,0
2019-12-31,-0.0071312883235352675,-0.007689955352592093,0.007141407525882196,0.006000954400686781,0.009498960921523691,0.009980744011553577,-0.00842174742091617,0
2020-01-01,0.0011546252809520041,-0.0026239198333134484,0.00707449251060016,0.005265957289701561,0.0014385532264693524,0.015699254639742533,-0.007276846102446166,0
2020-01-02,0.008183870305766616,0.012835472578763163,0.006772307398295441,0.0057010385719739225,0.004954322861479454,0.019845223860767813,0.0,0
2020-01-03,-0.004522805360603233,-0.0015638014666252698,0.005912835935742909,0.005823526493010515,-0.002695824530779767,0.017327597683551854,-0.004522805360603233,0
2020-01-06,-0.0191058057603678,-0.02144282118335339,0.010159680596720662,0.00829104398603067,-0.02271467918316794,0.006001761523298121,-0.023542199280259357,0
2020-01-07,0.004994559348956429,-0.009491759427042834,0.010740817298223583,0.008600664642064978,-0.017108723573423523,0.009671204188481664,-0.018665222842813134,0
2020-01-08,-0.002289895834629685,-0.01289965113892877,0.010608848280582204,0.008568778785998318,-0.015489723321776006,0.014215471290736303,-0.020912377261402715,0
2020-01-09,0.015845692640962472,-0.005398055722916184,0.01286084239736131,0.009872778656959557,0.007368130259636896,0.02567138113289924,-0.005398055722916184,0
2020-01-10,0.003348095514861704,0.0024659248444995896,0.012805828793850177,0.009414184522011995,0.0008982671609858439,0.023805943968325582,-0.002068033414209247,0
2020-01-13,0.005935480712747188,0.02805791687685777,0.006572087525749254,0.009593137546718087,0.006013454799136619,0.020092332894834586,0.0,0
2020-01-14,0.002656220218904881,0.02566591581314115,0.006704843843478695,0.00920339766197326,0.01593054168772512,0.02558082620219926,0.0,0
2020-01-15,-0.0015369308300234863,0.026439978877953463,0.006502806129827716,0.009257717308519675,0.013199261235378623,0.01465680230168509,-0.0015369308300234863,0
2020-01-16,0.0009883904628422702,0.011427729434589473,0.0027785837125088304,0.008941859475242966,0.005967986191398822,0.010951876383303416,-0.0005500594549557869,0
2020-01-17,-0.0002549471895106903,0.007795672606226933,0.0028964743128795547,0.00876869955897561,0.010280820993485706,0.007557281173274921,-0.00080486640835431,0
2020-01-20,-0.01034620942573694,-0.008516125892672477,0.005076312539106909,0.0067314617802638095,0.019302846231775916,-0.0038502909108688588,-0.011142748517670609,0
2020-01-21,-0.004474602337100286,-0.01556749148621206,0.00451792097827909,0.0069165720494894665,0.00969887040102213,-0.007575788465066902,-0.01556749148621206,0
2020-01-22,-0.005172619218807184,-0.01915209060786016,0.004490951837048841,0.0071252549229335075,0.006781507398953002,-0.008813259596137324,-0.020659585999369012,0
2020-01-23,0.0060667883603564565,-0.014175873092954538,0.006133301034223149,0.005236078693782344,-0.0029101417005704677,0.004436546255942586,-0.014718134974883279,0
2020-01-24,0.005574552455389181,-0.008427546175424183,0.007206805450380669,0.005450396242663271,-0.0006975719600548214,0.00020006859494681173,-0.00922562953495698,0
2020-01-27,-0.010552527912150667,-0.008634264655958623,0.00726921910094066,0.005910841291349692,-0.017076860063830357,-0.011166096190798669,-0.019680803733932994,0
2020-01-28,-0.0052149517286905755,-0.009371520602143857,0.007346695384788622,0.005788335199292951,-0.02479312102116915,-0.009257547181440673,-0.02479312102116915,0
2020-01-29,0.006113240100200867,0.0018667041108788585,0.007794471008088559,0.006401680211922096,-0.01732113778325073,-0.004350502770367304,-0.018831447222604103,0
2020-01-30,-0.00772496805309375,-0.011867475072555478,0.007726643212031817,0.006581443352786812,-0.025875116344947657,-0.02006155249059627,-0.026410942947509786,0
2020-01-31,-0.0061233985277254765,-0.02336252117649462,0.006376125654395687,0.006610815263331673,-0.031593178625929474,-0.021637161446512287,-0.03237261674607472,0
2020-02-01,-0.025100107840596575,-0.037721759221057805,0.011204805318802283,0.009431232555750794,-0.046030324224613506,-0.027615994263344046,-0.056660168415262446,0
2020-02-03,0.00394877313633768,-0.028857479387514706,0.012382099381850899,0.009817948892770746,-0.03795856152705257,-0.02862784629489057,-0.052935133429863335,0
2020-02-04,0.023210823461081942,-0.012354177830908197,0.017703997864283363,0.012977412148771862,-0.010510535314572689,-0.0038003051886223993,-0.03095297800571084,0
2020-02-05,0.009140500765882242,0.0044326093820103996,0.01802942703740009,0.013197401535459235,-0.007487469571892502,-0.01037582167503004,-0.022095402958996258,0
2020-02-06,0.004036677516616294,0.014700596049188608,0.01759092709157316,0.013125276317554054,-0.00900536811381214,-0.00969665818158072,-0.018147917458725238,0
2020-02-07,-0.0032624949023517535,0.03742973884932499,0.009873222377533299,0.012721291290960553,-0.0017039359683141964,-0.01875169815605593,-0.02135120487287956,0
2020-02-10,-0.005525546872094167,0.027639457118697752,0.011482702518677551,0.012735544949369714,-0.002015627332901948,-0.02675877466167298,-0.026223139492533742,0
2020-02-11,0.006349997922121098,0.010705655006615356,0.006290384185343997,0.012748651466477674,-0.0017807823900408692,-0.019071074996151682,-0.020039658451701747,0
2020-02-12,0.00770571279908161,0.009268641715918902,0.005913049495131755,0.012657386803081093,0.013742335366157654,-0.012488365505240573,-0.012236537986698881,0
2020-02-13,-0.0021760154738879045,0.003023574821118702,0.005993734305084604,0.012455308564342708,0.01776861922237738,-0.014385926564580931,-0.006009021696977146,0
2020-02-14,-0.005026838553880308,0.0012481040803085097,0.006322261274765414,0.008676856948262543,0.03872455913941608,-0.009088269097839885,-0.01100565386891994,0
2020-02-17,-0.005584701303097073,0.001188546731496487,0.006335847961564715,0.00917313771191389,0.02886085463661292,-0.010193223416886887,-0.01652889188251394,0
2020-02-18,-0.004424778761061843,-0.009530967384930422,0.005524367497264928,0.005975313476257243,0.0010726523729824855,-0.009449157092236593,-0.02088053395383016,0
2020-02-19,0.011123618928496892,-0.0061715241123825315,0.0070194749183374195,0.006330204178459234,0.003039915957697703,-0.004470314892429217,-0.009989182128059104,0
2020-02-20,-0.0037151881509825957,-0.00770453360055523,0.007105231313230165,0.006299272518269052,-0.004704254013239484,-0.013667258587961473,-0.009863783890109223,0
2020-02-24,-0.020813932794463974,-0.023449141243824134,0.011312300804804366,0.009024501521214996,-0.022230304132381695,-0.02389636108589821,-0.030472412549585326,0
2020-02-25,-0.002662856949633974,-0.020579787145727058,0.011329530604462257,0.008952717279964181,-0.01941570045297758,-0.021392192969359125,-0.033054125823689606,0
2020-02-26,-0.010120445163969816,-0.026183031061079887,0.011652262060749347,0.008774995485481192,-0.035464448830928585,-0.03718207675501872,-0.04284004851981782,0
2020-02-27,-0.0038703600633643864,-0.04062378874970107,0.007620892347673523,0.007835556236420495,-0.04654460217027845,-0.03344189833662903,-0.04654460217027845,1
2020-02-28,-0.03709609483121723,-0.07276805853892732,0.014334270012571293,0.012788287148196303,-0.0799119481874222,-0.06356325394370554,-0.08191407402550577,1
2020-03-02,-0.006159751824491688,-0.05889140615753963,0.014324165324921105,0.012761855034517232,-0.08095959450032819,-0.0453701599660431,-0.08756925548306727,1
2020-03-03,0.015319664952504919,-0.04192271505945977,0.018805475128571603,0.014809747628130771,-0.06163974165269226,-0.03455786263975613,-0.0735911221847032,1
2020-03-04,-0.004626967345819244,-0.036605728475403554,0.018839209943054113,0.014807128792352667,-0.06183031061079847,-0.06082398066721484,-0.07787758581123172,1
2020-03-05,0.0015998577904186018,-0.03131527597500272,0.019241739910795506,0.013839291974798775,-0.07066691956885673,-0.06784182510763781,-0.07640232108317224,1
2020-03-06,-0.02480699263466135,-0.018952395831008495,0.014510727624039838,0.014819258045578002,-0.09034132532065209,-0.0946205907916905,-0.09931400190145234,1
2020-03-09,-0.048956044206033944,-0.061197817250903785,0.025074975753347044,0.01925267123946891,-0.11648519789676559,-0.13612600065298153,-0.14340802544012066,1
2020-03-11,0.0006649795004520787,-0.0747480824184088,0.021664968903775454,0.019462267313799533,-0.11353715491740057,-0.13074845198021867,-0.1428384093367866,1
2020-03-12,-0.08301939111145107,-0.1476179895120434,0.03581956527628389,0.029713845225876643,-0.1788200539452841,-0.2079427481231262,-0.2139994426777695,1
2020-03-13,0.038065098043305046,-0.11658532256633236,0.04627748601585008,0.03465039921098725,-0.1442496969905357,-0.18408025440120646,-0.18230092856878832,1
2020-03-16,-0.07612102217936367,-0.16307003535208775,0.05195123515747692,0.039311832883328034,-0.17893186332492694,-0.2445450177212487,-0.24150784684023452,1
2020-03-17,-0.025045121447365593,-0.14202813963612715,0.05131233601122459,0.039089908557105486,-0.19453414475309339,-0.259744333777743,-0.2605043749329947,1
2020-03-18,-0.0555645390624564,-0.1902394247686071,0.049282073889709455,0.03825194446477738,-0.25076747498518137,-0.296949974264889,-0.30159410847854595,1
2020-03-19,-0.02424782731910058,-0.13833985912629088,0.04318896352662499,0.03742663490775575,-0.26553639676473195,-0.3109485094850948,-0.31852893393480064,1
2020-03-20,0.058329148237116435,-0.12151940694310515,0.05121220460582877,0.046018469361638836,-0.22393735025290618,-0.2787793071029778,-0.27608984467152553,1
2020-03-23,-0.12980464127060365,-0.17256507273794763,0.06770432711564023,0.05689764721858921,-0.3074949155781227,-0.37005674269608513,-0.3566664412396233,1
2020-03-24,0.02507144968956343,-0.13003161574876898,0.07309133110895571,0.059570880410167656,-0.25359160690621874,-0.34053713628755466,-0.3387763924088185,1
2020-03-25,0.06624749232475113,-0.01782424900812385,0.08039421570968192,0.0662149482263674,-0.204672798898493,-0.29497198653997736,-0.2877638395341867,1
2020-03-26,0.03890428415996916,0.04574360587890047,0.08076528702740282,0.06465291467265714,-0.09892441724060619,-0.2600548015584192,-0.25717981999948414,1
2020-03-27,0.0021755608144464755,-0.009742208805721964,0.07645829450867311,0.06275422643215108,-0.1300777483124398,-0.25556376952369486,-0.2338299434678368,1
2020-03-30,-0.043780491325308146,0.08815084918366689,0.04147793140676947,0.059848973544648146,-0.0996259812555722,-0.26073158211886527,-0.267373244981554,1
2020-03-31,0.038237673738996,0.10212727773825314,0.042467163942259335,0.0612659531775515,-0.04118411294684421,-0.22770654151040848,-0.23935930215069934,1
2020-04-01,-0.040004652379983185,-0.007700307170723342,0.04029115219853469,0.0599503756454317,-0.025387303986397103,-0.26978846885422847,-0.26756588872127085,1
2020-04-03,-0.020596573699386833,-0.06453199405192422,0.033873964482521245,0.05980322845267711,-0.021740314275514483,-0.2815038663229935,-0.2826515218741681,1
2020-04-07,0.08763205423192066,0.015236280707831895,0.05698787630527255,0.06360437894842184,0.005345636874031667,-0.2197888011358594,-0.199941762326595,1
2020-04-08,-0.004941880302995916,0.056471966284672215,0.05114354702341551,0.04400046295953389,0.14960086725140442,-0.20389555437260287,-0.16347146791096145,1
2020-04-09,0.041508786969566946,0.0598005292082231,0.05158108953602379,0.044723966105856446,0.1680350722018189,-0.12816881868066166,-0.128748183278513,1
2020-04-13,-0.012955585552958171,0.0896617315660666,0.04575881341599514,0.041864409729996756,0.08127100152082578,-0.14003576072821844,-0.09656762295081966,1
2020-04-15,-0.007621874947881135,0.10409708305499876,0.043316381460509056,0.04069351264011122,0.032847496658546804,-0.06932634004681892,-0.10345347155255558,1
2020-04-16,0.007562770999294033,0.022815677532358025,0.02190659643729052,0.04070284476530093,0.03839958430761237,-0.09667309546769542,-0.02224541718311701,1
2020-04-17,0.030463259496486206,0.05920845835119293,0.02365867318086531,0.0375673740894976,0.1190240426996414,0.007540174397112187,0.0,1
2020-04-20,-0.000528772223271301,0.016456501937027523,0.016986535460596704,0.03653687288116583,0.07724113867000093,0.032875917944028554,-0.000528772223271301,1
2020-04-21,-0.030274729130789213,-0.0013787199030448338,0.022136539875573007,0.03522076677220968,0.08815939324917021,0.0605339599471002,-0.03078749291822902,1
2020-04-22,0.022919461779556505,0.02935475558244538,0.02369408319216882,0.03381452310585544,0.1365075830673692,0.11179955103497918,-0.008573663905900197,1
2020-04-23,0.013779891807168543,0.035706342852059425,0.023956414321076213,0.021683677100004052,0.05933668478878995,0.0649995140330113,0.0,1
2020-04-24,-0.017124942290554945,-0.012123991690722202,0.02179490265083658,0.022685325965665675,0.0463666238034004,0.2029039781873132,-0.017124942290554945,1
2020-04-27,0.013971423577733066,0.002207982206578585,0.023011250884682595,0.019122031785167755,0.018700819807065505,0.18987828561539777,-0.0033927785353075057,1
2020-04-28,0.010622367301207802,0.044475001252581636,0.015217753958210815,0.018514415903074614,0.043034962780121866,0.12780345882649957,0.0,1
2020-04-29,0.01838309757059564,0.039843044202322986,0.014273981493589235,0.018468081244498242,0.07036738260898812,0.10552627163265416,0.0,1
2020-04-30,0.032088220362490594,0.05862205950246402,0.01801026509618645,0.02010995313665689,0.09642158170981241,0.138523714673364,0.0,1
2020-05-04,-0.05744480167141652,0.015194878965306247,0.03504795900089791,0.027682199693071806,0.0028866646882672597,0.12225428988902443,-0.05744480167141652,1
2020-05-05,-0.009458223489535622,-0.008263038255604593,0.03486775155488682,0.0278674571507513,-0.006073300690466854,0.07069872931871712,-0.06635969938843189,1
2020-05-06,0.007093508299296003,-0.011725953799742062,0.03460430920100287,0.02582515246626351,0.032227535642908256,0.12322808888027348,-0.0597369141674865,1
2020-05-07,-0.0077500566288063455,-0.03708646705082519,0.03270227429351881,0.025070545129568318,0.0012789394054837366,0.13796110739998513,-0.06702400632866468,1
2020-05-08,0.005701675716514254,-0.061704479761457987,0.026301015526791493,0.024719784894773212,-0.006699663943138701,0.0522394849980663,-0.061704479761457987,1
2020-05-11,-0.0013295141328432125,-0.005842793350190889,0.007541890158682337,0.024026699824266595,0.009263305077340078,0.056059437062437656,-0.06295195691639865,1
2020-05-12,-0.004616200536843196,-0.0009830972451552178,0.006438265439021726,0.023643780076324575,-0.009238012130614148,0.009290049276221124,-0.06727755859592899,1
2020-05-13,0.02033371209855872,0.01215092385852512,0.011165303617721197,0.02434812712136976,0.00028248888699367036,0.04332960856585322,-0.048311849004553875,1
2020-05-14,-0.025661929653489235,-0.0061201971942753675,0.016743435235423994,0.024694851167520595,-0.042979687753510576,0.024363326722911305,-0.07273400338745828,1
2020-05-15,-0.0006453200623444122,-0.012392584986218425,0.01633305023135834,0.021300585859730867,-0.0733323867382022,0.01601837025175712,-0.0733323867382022,1
2020-05-18,-0.03432255098857928,-0.04502013161312679,0.02161212038291876,0.015808864577318213,-0.05059988163770379,-0.04785928184099064,-0.10513798314384526,1
2020-05-19,0.0063298671124585315,-0.03451837917479916,0.022692370979846346,0.016106980773623047,-0.03546754149648035,-0.04132543714268744,-0.09947362549315908,1
2020-05-20,0.02111137390050777,-0.033782523671744724,0.022926239359285453,0.017664739854119628,-0.02204208868610391,0.00947508475802894,-0.08046227649367643,1
2020-05-21,0.004378732814576791,-0.003992234283995533,0.020502455460569644,0.0176489249448359,-0.010087998217207184,-0.008821960750165947,-0.07643586648951817,1
2020-05-22,-0.0073575840768702605,-0.010682018419915007,0.020722316596933667,0.017591524871082842,-0.02294222558504022,-0.029488184326651568,-0.0832310672522033,1
2020-05-26,-0.0011284122023398346,0.023324738616722795,0.010623594996413107,0.01759271744564484,-0.02274547579877062,-0.013692869002883912,-0.084265560502642,1
2020-05-27,0.03166446082367491,0.04908718225946318,0.016195546302455864,0.020525887665796504,0.012874393114809424,0.00351744718442637,-0.05526932321828815,1
2020-05-28,0.018803106833638283,0.0467156746502253,0.015818659894976456,0.020374744668214102,0.011354977593768023,0.011640674135743989,-0.03750545137374606,1
2020-05-29,0.009504641679223491,0.05205765271105012,0.01558664853208832,0.01810974498292262,0.04785759208115703,0.002820999963363491,-0.0283572855708476,1
2020-06-01,0.02566203563562741,0.08705368255109658,0.013020170428415904,0.019108610784498003,0.07544175509064921,-0.003422955608069045,0.0,1
2020-06-02,0.015565608096762329,0.10522147955765027,0.008646954600514397,0.012278399439229938,0.1310004816819199,0.0737719911766288,0.0,1
2020-06-03,0.00826226814041342,0.08015072544672797,0.007115004409016274,0.012186178028282563,0.1331722809744229,0.09298144607630121,0.0,1
2020-06-04,-0.0032251492066330822,0.05679602954658014,0.010580498710573231,0.012726005447804258,0.1061649690345281,0.08178278268560768,-0.0032251492066330822,1
2020-06-05,0.011272197904099057,0.05864638894397878,0.010541074066142044,0.012560487314809935,0.1137570350034316,0.10252145601991525,0.0,1
2020-06-08,0.002494540112303767,0.03473384794655088,0.007382207801355076,0.011291357840174874,0.12481123987056453,0.09900556666486526,0.0,1
2020-06-09,-0.01188105178781318,0.0067691475183131455,0.009267229676549402,0.01304446095799803,0.1127028867931843,0.08739393021040764,-0.01188105178781318,1
2020-06-10,0.006917728795170497,0.005426599281422861,0.00903434719181516,0.010803985699088263,0.08601227059726546,0.09999401949644171,-0.005045512886712067,1
2020-06-11,-0.021169120663493524,-0.012673121217257832,0.013600083397732676,0.013547759990441374,0.043403125362219575,0.05525094447197487,-0.02610782447909754,1
2020-06-12,0.007160169662694393,-0.016687783162347203,0.0126524073809366,0.013468515217506348,0.04097992755967983,0.09079872029750335,-0.019134591269197365,1
2020-06-15,-0.01596326043578089,-0.03479240124121585,0.013220641371562038,0.012460817239252844,-0.0012670272690726847,0.07407914106065006,-0.03479240124121585,1
2020-06-16,0.010220406166889129,-0.013203406110494531,0.014778314798325538,0.011814087512733404,-0.006523634395887434,0.1236222480378546,-0.024927587546533347,1
2020-06-17,-0.0033134960661690416,-0.02323018144254485,0.013813577706902913,0.011410437847828336,-0.017929643047045363,0.11285490646574536,-0.028158486149427953,1
2020-06-18,0.021303188394063532,0.019152696424964644,0.01414239298834179,0.013502381365615527,0.006236850764275825,0.11306395486706644,-0.0074551632906973975,1
2020-06-19,0.015136276030183415,0.027223776434136537,0.015026870453523057,0.013888197991692884,0.010081688793796229,0.12498558682223737,0.0,1
2020-06-22,0.006520635664363006,0.05069443736816903,0.009267464521571952,0.01399139491542479,0.01413825492134202,0.14071410791824546,0.0,1
2020-06-23,0.015497711226627242,0.05618317530764583,0.009597272866144698,0.01376037432111635,0.04223795991698731,0.15970118672507083,0.0,1
2020-06-24,-0.015824658580842366,0.04292516559307358,0.01459908479435898,0.015082814025359575,0.018697824765350424,0.10631833772591359,-0.015824658580842366,1
2020-06-25,-0.0015914141267114879,0.01954586217318277,0.013103767969643292,0.012853339599748596,0.03907291456271467,0.08417192653396688,-0.017390889122337883,1
2020-06-26,0.009145778460282417,0.01352934286048968,0.012057089555525872,0.012924191213766135,0.04112143909996102,0.08378652025510691,-0.008404163881195692,1
2020-06-29,-0.006799576230376636,0.00011637830708344232,0.012479727184546345,0.01159952635303304,0.05081671540805188,0.049485301974832474,-0.015146595358609516,1
2020-06-30,-0.0009987975640974867,-0.016130264540158534,0.009113027717601243,0.011584225776238391,0.039146661287068785,0.03236764838512496,-0.016130264540158534,1
2020-07-01,0.01241979790528136,0.01210542148214988,0.008031362138728229,0.011562916406890325,0.055550214296918865,0.03662457573634281,-0.003910801260624597,1
2020-07-02,0.011663414844607756,0.025542089047420058,0.008541376682772581,0.010445069892114113,0.04558719337273898,0.05210836465884272,0.0,1
2020-07-03,0.005274031672621415,0.02160743523066544,0.008251922334594604,0.009775089717252513,0.035429112490726666,0.04586798657089486,0.0,1
2020-07-06,0.014735065779860168,0.043758000077576575,0.0064189490911501085,0.01038065480656964,0.043879470866630355,0.05863810493289856,0.0,1
2020-07-07,0.003344590357360122,0.04829597848982248,0.0049081202405261756,0.009613898493839278,0.031386687040397154,0.07495035658652394,0.0,1
2020-07-08,-0.008694726217979287,0.026433238575078732,0.009071712460576925,0.008213860739728879,0.03885864555131824,0.058283042461806156,-0.008694726217979287,1
2020-07-09,0.01006001447820104,0.024806429295753274,0.008813632310176076,0.008182580168222165,0.05098212636919408,0.0920470611997577,0.0,1
2020-07-10,-0.004198475047279215,0.015149872494072403,0.009698541523034718,0.008515400170345806,0.03708465761340651,0.07973107120295997,-0.004198475047279215,1
2020-07-13,0.0032178528145765384,0.003627951484858949,0.0073004920859460745,0.007695271532031419,0.04754470346379125,0.10077748453692292,-0.0009941323074504904,1
2020-07-14,-0.018083442102437397,-0.01780613260614916,0.010829883057174682,0.010486868414967172,0.029629881286339588,0.0699364535001008,-0.01905959707586391,1
2020-07-15,0.0010228756475463285,-0.008177848352520778,0.010541619719840599,0.009951885426232905,0.018039223206025135,0.07459152021778848,-0.01805621702601856,1
2020-07-16,0.011466161873010527,-0.0067970906602425885,0.010941498924930623,0.009930410725238446,0.017840727086630537,0.0642412291349781,-0.0067970906602425885,1
2020-07-17,0.015060591529755696,0.012411717999080807,0.012889230407436676,0.010757077655712549,0.027749626438271502,0.06416188356565544,0.0,1
2020-07-20,0.011053321958960582,0.020318994325492667,0.013456571957222906,0.010358556914307999,0.024020662135985527,0.06895414694700897,0.0,1
2020-07-21,0.012706174810836135,0.052312783117366646,0.005395324042209457,0.010861719766662004,0.03357516215803291,0.06601566230541489,0.0,1
2020-07-22,-0.0026562744966291962,0.04844512252547517,0.006986593726552763,0.01026868460702721,0.039871097307521586,0.0802790796968551,-0.0026562744966291962,1
2020-07-23,0.007442106965129369,0.044273949133841306,0.006938834681595402,0.010128442086411907,0.037175924427449214,0.09005335847369511,0.0,1
2020-07-24,-0.0018991658827778313,0.02682609134355185,0.007205324102188914,0.009953725785839116,0.039570767223406245,0.07812289319079269,-0.0018991658827778313,1
2020-07-27,-0.005569873550023918,0.009943568434613637,0.007720524174698607,0.010401714745982733,0.030464606070704336,0.07945774019626861,-0.0074584613189842,1
2020-07-28,0.015159273432868048,0.01238997513942075,0.008598607398908704,0.007909087127715025,0.06535091233908563,0.09691713339998631,0.0,1
2020-07-29,-0.008645596895726193,0.0063102958877530035,0.009825345101639892,0.009132823244680677,0.05506112147068243,0.07409360453689118,-0.008645596895726193,1
2020-07-30,-0.008988784104045022,-0.010102135892897879,0.01000251551946051,0.00988574703306274,0.03372455179027822,0.052166949401518226,-0.01755666759582497,1
2020-07-31,-0.0025850848709483287,-0.010782417602051009,0.010005681522726512,0.009110879699039886,0.015754423622003966,0.043941229430536355,-0.020096366990987047,1
2020-08-03,-0.01642216292122156,-0.021577822095258492,0.011931260796867087,0.010039391581658225,-0.011848814211319003,0.011887231561784395,-0.03618850409935792,1
2020-08-04,0.018697895625986893,-0.018167257345881316,0.013389645934525083,0.011082574363940714,-0.006002374073327488,0.027371257401860305,-0.018167257345881316,1
2020-08-05,0.0005768234154255314,-0.00903341560406512,0.013151997043993863,0.011061335211684979,-0.002780123241650667,0.0369801275015762,-0.017600913229886994,1
2020-08-06,0.008872554980565939,0.00882711907153122,0.013118006144998534,0.011180092300028836,-0.0013641895777700697,0.035761019841031194,-0.008884523319661386,1
2020-08-07,0.0012410548073016336,0.01269703660557453,0.01290609951099533,0.011167425274015323,0.001777714252533702,0.041418826992816626,-0.007654494692736158,1
2020-08-10,0.0050026529220041915,0.034756142348231656,0.007394002402376112,0.01105686314216733,0.01242835839666534,0.04327158951002974,-0.002690134550973111,1
2020-08-11,0.004645013597867065,0.02048173768053907,0.003334299089876392,0.010045178764107114,0.0019423833353244824,0.06742023219748572,0.0,1
2020-08-12,-0.0012453080150144347,0.01862335778915747,0.0038680651555111772,0.009579693602157482,0.009421709654239718,0.06500160102465569,-0.0012453080150144347,1
2020-08-13,-0.0007030172261326406,0.008955237206644595,0.002924114971005019,0.008959998261129103,0.01786140522331281,0.052188324899091754,-0.0019474497681606362,1
2020-08-14,-0.01080045484914327,-0.0031790477124677974,0.006390895021981595,0.009749413213469489,0.009477624407930652,0.025381362539787178,-0.012726871274011953,1
2020-08-17,0.006145781149359486,-0.002045225662479999,0.006657230771130343,0.007660031281835688,0.03263983253149205,0.020404275008618855,-0.006659306690218525,1
2020-08-18,0.012292057508157761,0.005550894237138504,0.008675930446705546,0.00638589347116948,0.026146323877334954,0.01998700978745327,0.0,1
2020-08-19,0.002024531525161688,0.008842983976512953,0.008574026456760342,0.006351178280591706,0.027631027820189002,0.024774086915904547,0.0,1
2020-08-20,-0.008432383156270706,0.001039781601617662,0.00975213556591073,0.0068358867429354694,0.010004330299147934,0.008626492918251127,-0.008432383156270706,1
2020-08-21,0.005250967981471399,0.017283332140556773,0.007614386069404626,0.0069668463257279,0.014049339890583878,0.015852029854879657,-0.00322569334876055,1
2020-08-24,0.008340954658974997,0.019502805167554316,0.007867317909140028,0.007232609596611566,0.017417691867455343,0.03006252358109207,0.0,1
2020-08-25,0.0005058235112000986,0.007632615598115011,0.006339892838864199,0.007166778105712031,0.013225877677191411,0.01519395073691121,0.0,1
2020-08-26,0.006742356556037388,0.012376845131657488,0.006767093237121593,0.007290933175906126,0.021329277351349596,0.030951945263928415,0.0,1
2020-08-27,0.0008355267714899028,0.02183925319566482,0.0035210417862091632,0.00724040992480121,0.02290174285094837,0.04117220538364186,0.0,1
2020-08-28,0.007643229448277333,0.02427099088958462,0.0038259358477263777,0.005725895284118654,0.04197380662706651,0.05184924300917948,0.0,1
2020-08-31,-0.022330780589992827,-0.0068853045188354,0.01219399340434552,0.01005744148571098,0.012483217896168686,0.0455305005692459,-0.022330780589992827,1
2020-09-01,0.007266739846322645,-0.00017433371832031863,0.012806646406666193,0.009559707544566693,0.007456951257537092,0.03379824699758904,-0.015226312716782875,1
2020-09-02,0.005645038251127943,-0.0012641130428759917,0.012671582136649553,0.009679686622954159,0.011097086357420904,0.03903473807947466,-0.009667227583364801,1
2020-09-03,-0.0006545296922408905,-0.002751043536561526,0.012659006851329735,0.009120808661076233,0.01902812892275607,0.02922282290862177,-0.010315429788110841,1
2020-09-04,-0.016794694403359012,-0.02693687970053915,0.013429869469126662,0.010746811016502517,-0.0033196735727601956,0.010683027095474085,-0.02693687970053915,1
2020-09-07,0.001870502962364906,-0.002849615806805761,0.00960778848606773,0.010357832345684218,-0.009715299853049641,0.00753317391516517,-0.025116762251450986,1
2020-09-08,-0.0033201086741140307,-0.013330136657875746,0.008569508896283514,0.01036967708622908,-0.013502146483906796,-0.0004548465444910166,-0.028353480545348364,1
2020-09-09,-0.003476962363097358,-0.022280017338534908,0.007227830317318207,0.0099843787018651,-0.023515965920897774,-0.0026882671288599447,-0.03173185892372676,1
2020-09-10,0.015184429863450921,-0.006783807346811388,0.011518396204204709,0.011418221213288364,-0.009516188334018238,0.013167617218783345,-0.017029259246540085,1
2020-09-11,0.001327597877590403,0.011523004098342504,0.00761734897260477,0.011062500199460588,-0.01572426937738247,0.025589529807485967,-0.01572426937738247,1
2020-09-14,-0.0021283184103905173,0.007485656161795751,0.007881309193621837,0.008354720088411993,0.004614709110867032,0.0171555334263942,-0.017819121535767146,1
2020-09-15,0.0071459477886897105,0.018065183103818327,0.007662131641053008,0.008343917175979697,0.004494235086419218,0.011984699635935625,-0.010800508259212305,1
2020-09-16,0.007182037528858265,0.02895460187976595,0.006607441195519108,0.008462941253470736,0.006029475509319315,0.017193471477157107,-0.0036960403860023527,1
2020-09-17,-0.00762201033215415,0.005838810402428063,0.006325723747498831,0.008858351246428914,-0.000984606309287872,0.018024787397676878,-0.011289879460146257,1
2020-09-18,-0.0009682097237779796,0.0035326596565905533,0.006395365946897212,0.006683815626015791,0.015096370606634046,0.011726582011326592,-0.012247158212850717,1
2020-09-21,-0.022112221261283316,-0.01656461291690159,0.012216837476288902,0.010015976205167944,-0.00920295375185487,-0.018828844149671564,-0.03408856760190948,1
2020-09-22,-0.008612912257622951,-0.03195247270391777,0.010807829584170692,0.010295270405197874,-0.014464516870115407,-0.02777136132842295,-0.042407878017789113,1
2020-09-23,-0.001954517131163236,-0.040734022430856776,0.008446075269557655,0.010272508161688038,-0.012958857953537795,-0.03617008381242637,-0.04427950822487037,1
2020-09-24,-0.029312288613303372,-0.06170057571573717,0.012592699726462906,0.011872507216319345,-0.05622202327663395,-0.06520319224863214,-0.07229386311343122,1
2020-09-25,0.022645769997825305,-0.03952211874019451,0.020182725777573036,0.014822996387846253,-0.036129077278020394,-0.051285243311926965,-0.047765747056111585,1
2020-09-28,0.016044885862310787,-0.0020443444987133796,0.020659133245955724,0.016080572254349616,-0.018575093640324947,-0.014046103183315117,-0.03248725715344414,1
2020-09-29,-0.00045869312539237317,0.006163901503095426,0.02014824669231809,0.01578998684031757,-0.025985523095349627,-0.021608073058564603,-0.032931048597317436,1
2020-09-30,0.002241053607071608,0.010393600344956067,0.02006115572970331,0.015527901024005804,-0.030763795235489555,-0.024919809276116256,-0.030763795235489555,1
2020-10-01,0.015061057741463824,0.056582034232408374,0.009817468681084636,0.016411118185636047,-0.008609685570635905,-0.009585814729189845,-0.016166072790413932,1
2020-10-05,0.007567695400260144,0.041003597203683295,0.007406736428293407,0.016618755372116163,-0.00013907057397033462,0.014955200571738603,-0.008720717304850134,1
2020-10-06,0.013826407090108406,0.03873062244211778,0.0068572248317746234,0.015094998505894158,0.03660709920848326,0.02706725201562299,0.0,1
2020-10-07,0.006555254493071816,0.04601956800684359,0.005332204339739946,0.01446882148005896,0.05246712959434818,0.037243701043088606,0.0,1
2020-10-08,0.008156676335416169,0.052193588826010995,0.003910354708299299,0.014263450896641659,0.06312966847379364,0.04935272211385011,0.0,1
2020-10-09,0.00672604059283799,0.04355366363170554,0.0030110043151464344,0.006975587860496258,0.10260005275066986,0.04060964692010405,0.0,1
2020-10-12,0.0014058854140437393,0.03717178039440694,0.004442599124165731,0.005771759844836356,0.07969955430872622,0.04069100567406192,0.0,1
2020-10-13,0.0002975454594982274,0.023331389765399946,0.0035249999797688416,0.005380808573423771,0.06296565145557143,0.04322096494333505,0.0,1
2020-10-14,0.0030625497507226207,0.01978047253351045,0.003391201330970597,0.005003118866269689,0.06671032934131738,0.0389913034421705,0.0,1
2020-10-15,-0.02428358414675391,-0.01303381609855847,0.012385995344600617,0.010974141123090917,0.03847949108917059,0.0065319206690479525,-0.02428358414675391,1
2020-10-16,0.007028898962788022,-0.012736902183948517,0.012443357559348642,0.010336838278757306,0.030262022694327317,0.02139179062356189,-0.0174253720433879,1
2020-10-19,0.009402802987472647,-0.004852924536604464,0.013536460928478416,0.010442016031990903,0.032138464012657186,0.03199492392405001,-0.008186416396222529,1
2020-10-20,0.0020003284749916528,-0.003158909045205105,0.013595361341432695,0.009754067506863879,0.02009877898202772,0.057441636186675415,-0.006202463443056416,1
2020-10-21,0.0034336964561898498,-0.0027900643636105116,0.013621058716862007,0.009642655422043282,0.01693521937838871,0.07029089132257149,-0.0027900643636105116,1
2020-10-22,-0.003451265533836123,0.01850115792763063,0.0049422278997423175,0.009479425581970867,0.005226201139032938,0.06868579795811125,-0.006231700644471316,1
2020-10-23,0.002849589583447054,0.014274237084961117,0.004574597623003256,0.009276450553366452,0.001355525339510777,0.10409465506151938,-0.003399868850267884,1
2020-10-26,-0.01362910560042252,-0.008868824775436712,0.0071780727567138745,0.010224672166600057,-0.01367870957467765,0.064930657677428,-0.01698263727910243,1
2020-10-27,0.01033757515242928,-0.0006220160043036715,0.009005517968925757,0.010874411707275574,-0.0037789601575265452,0.05894874660990168,-0.006820621415832284,1
2020-10-28,-0.013440543677561423,-0.01742805326006369,0.010406798380002656,0.01153539075191713,-0.020169492233346187,0.04519532363843748,-0.020169492233346187,1
2020-10-29,-0.0050129586686673555,-0.018967843348225877,0.010429627922768352,0.00864107708497982,-0.000817612485927266,0.03763041729087657,-0.025081342071079815,1
2020-10-30,-0.0024334235870719922,-0.024135922248718633,0.00984121369826256,0.00829100082762,-0.010206207040200033,0.01974695518505376,-0.027453732128760566,1
2020-11-02,0.002297636226207711,-0.008378831977225887,0.008806616162835944,0.007574478889637378,-0.01717334636003387,0.014413192678654374,-0.025219174592036597,1
2020-11-03,0.01237022405230892,-0.00638383770417339,0.009516639889227171,0.008755826015225772,-0.007001882859256181,0.01295616682672529,-0.013160917379845483,1
2020-11-04,0.008041647267956087,0.015252012003819315,0.0072011869222074415,0.009109761619087851,-0.0024418541337700717,0.014452011909173335,-0.00522510556718081,1
2020-11-05,0.01778561531679057,0.038514926140453154,0.007991882417604351,0.010619692926952407,0.018816537706626724,0.024141077856454807,0.0,1
2020-11-06,0.011819014380832105,0.0533524015666873,0.005736573195882848,0.01107621437686412,0.027928769901972572,0.0293221533967869,0.0,1
2020-11-09,0.016104635280974833,0.06786269779718324,0.0038296896564990143,0.010121616794578051,0.05891525567759337,0.04443066143098395,0.0,1
2020-11-10,0.013646522564310537,0.06920895585558906,0.0038009642108257015,0.010338675871232833,0.06238329940955811,0.05836859524906779,0.0,1
2020-11-11,0.009345979368384327,0.07059243397573156,0.003352791514923715,0.00773133636536341,0.08692112262992757,0.06499847548878335,0.0,1
2020-11-12,-0.004576775706615743,0.04706979200184813,0.008125617072766557,0.0076480596128035705,0.08739760770469895,0.08650853784347201,-0.004576775706615743,1
2020-11-13,0.00229693951523946,0.03721597742904792,0.008486080692490197,0.00702141599752927,0.09255394076822654,0.08140310904615955,-0.002290348768349215,1
2020-11-14,0.004740584672109582,0.02561581889166642,0.006940772060252703,0.006804827149972207,0.09521687526512213,0.0764083365268402,0.0,1
2020-11-17,0.007351186400892162,0.01924614641638489,0.005400881553310397,0.006726172234335999,0.08978710796969569,0.08215654629816438,0.0,1
2020-11-18,0.004975066411893492,0.01483236137311117,0.004575917828460179,0.006826428501895323,0.08647184783977835,0.08381884206690593,0.0,1
2020-11-19,-0.012872683709156951,0.006374696630630172,0.008121259584065097,0.008735054555399961,0.053744544276957074,0.07357236822749647,-0.012872683709156951,1
2020-11-20,0.006839340103510061,0.010935577576955735,0.00850587049965555,0.00845861864861603,0.048558533214281274,0.07784348321717283,-0.0061213842675788,1
2020-11-23,0.005241444741252321,0.011439525830871933,0.008546026342767916,0.007484866955361115,0.037348377544428546,0.09846402243419528,-0.0009120244237048603,1
2020-11-24,0.009956329850809631,0.014055242267480672,0.008997916626483487,0.007016223671288071,0.033571897934463246,0.09804952310461412,0.0,1
2020-11-25,-0.015070680919024304,-0.006171622901087859,0.01182404828845593,0.008729322439233772,0.008569198730895788,0.09623516573455193,-0.015070680919024304,1
2020-11-26,0.01000124432277727,0.016857583563660183,0.010523161495905906,0.008930242147565453,0.02333974217543422,0.11277718751071064,-0.005220162158228736,1
2020-11-27,-0.001389851389851371,0.00854651004545448,0.010492985939354908,0.009008249634887654,0.01957554864602451,0.1139412835841409,-0.006602758298449141,1
2020-12-01,0.010802724970024435,0.014126074831063429,0.011225113616611488,0.009409898562870866,0.02572719625985398,0.12339373476217208,0.0,1
2020-12-02,0.00035853093855009455,0.004488650072959732,0.010505804455108183,0.00927508262751571,0.018606981404669654,0.11006475642273661,0.0,1
2020-12-03,0.00153655514250306,0.02142568282212398,0.00570807657887527,0.00921128002819787,0.015121828686259775,0.10290128899525541,0.0,1
2020-12-04,0.00949070725374801,0.02090937090937084,0.005582936388945415,0.00795188359166326,0.03811943594039935,0.09391269193006768,0.0,1
2020-12-07,0.007331118410384363,0.02982508221559943,0.004709709223552511,0.007974417983373543,0.03862649262581619,0.08906067166521936,0.0,1
2020-12-08,0.002785317185481917,0.021656794351993636,0.003924193850004165,0.007963789147951839,0.03608879468067405,0.07478503015395987,0.0,1
2020-12-09,0.01016579618381308,0.031672862453531625,0.0039122992534255,0.007982676355167287,0.0363036809228543,0.071094362327905,0.0,1
2020-12-10,-0.0037548691339409634,0.02622221883827347,0.005779949721928754,0.005438312339261875,0.048209730604118706,0.05719204809732403,-0.0037548691339409634,1
2020-12-11,0.0026375729876915166,0.019255499281595645,0.00530197092913008,0.005135791679915813,0.04056749056749065,0.06485406751347433,-0.0011271998876495326,1
2020-12-14,0.003278118374852479,0.01515452146079399,0.004930242842130845,0.004792503485882562,0.0454315885248997,0.06589648544215976,0.0,1
2020-12-15,0.0007154368405719591,0.013059109456841078,0.005040786507015577,0.004351152564966492,0.034998722256761594,0.06162633751295954,0.0,1
2020-12-16,0.008464863629830788,0.011353305097900002,0.00442276629745634,0.004463946617376958,0.043385759222190456,0.06280001864193507,0.0,1
2020-12-17,0.004238929451058526,0.01946833057581454,0.002875295818204455,0.004361027234525921,0.04620105223886295,0.06202152532220362,0.0,1
2020-12-18,0.0014446134476409078,0.01825534544189833,0.0030471750008964956,0.0040782530633098855,0.03786236051453584,0.07742508828112138,0.0,1
2020-12-21,-0.031404994713147394,-0.016945527229009882,0.015998226092477617,0.011648528384159255,-0.0020478071242723273,0.03649958589475899,-0.031404994713147394,1
2020-12-22,0.010346328141412231,-0.007484605151147794,0.01714263112349907,0.012096495407764201,0.005476762027783133,0.041763206448792944,-0.02138359295231662,1
2020-12-23,0.010010173544329204,-0.005963735227696332,0.017376871598892833,0.012082932867284681,0.005321861764640667,0.041818745858913875,-0.011587472884441286,1
2020-12-24,0.010892501341803307,0.000622239041679018,0.018124052786389632,0.01238081560061434,0.020102683572854163,0.06928155913643996,-0.0008211881065799398,1
2020-12-28,0.009015037183846442,0.008186446035950645,0.01855899186923625,0.012576446557647832,0.026591237878176965,0.06823746823746824,0.0,1
2020-12-29,0.004281636536631828,0.04533177275591971,0.0026756545623749786,0.012585571626128712,0.02761807473733513,0.07430439626955154,0.0,1
2020-12-30,0.0035420524525213715,0.03829188418496554,0.003395472409028144,0.012565266158860812,0.030520679400199757,0.0665875864383767,0.0,1
2020-12-31,-1.430415643033367e-05,0.027986706957525476,0.004391772547436303,0.01244728603187057,0.02185606641963944,0.0661900676770566,-1.430415643033367e-05,1
2021-01-01,0.0026284263414808606,0.019582886339254868,0.003293008131920784,0.012428885176725581,0.02021731061736287,0.06735242388018792,0.0,1
2021-01-04,0.008160644862146516,0.018719545598708143,0.0029666052917677833,0.012571720099762986,0.027059238184520273,0.06594612533044719,0.0,1
2021-01-05,0.0047124086351704175,0.019156510629745993,0.0029931413367425617,0.0037944550857236864,0.06535668197232969,0.06317503696909577,0.0,1
2021-01-06,-0.0037501320469031096,0.011750864507454217,0.0045338615181056054,0.004666228468535075,0.0504927114352125,0.05624601002766383,-0.0037501320469031096,1
2021-01-07,-0.0006291419987628499,0.011128792890732653,0.004621421924753121,0.004596125082513941,0.03942695811368191,0.044958644699203854,-0.004376914680094379,1
2021-01-08,0.014847195549378078,0.02345115383243579,0.0073270257031154765,0.0053709981042553,0.04349328145171549,0.06447029669913862,0.0,1
2021-01-11,0.009583718134137165,0.02489581048475542,0.0075216580078964835,0.00542940345958392,0.04408139434304981,0.07184481106420448,0.0,1
2021-01-12,0.005433300540223396,0.0256311841966268,0.007522806965559427,0.005440319645527313,0.04527869887888847,0.0741472841058699,0.0,1
2021-01-13,9.613106784445158e-05,0.029590880975523648,0.006522054646204516,0.005610781622105358,0.041689463915977276,0.07348253407872285,0.0,1
2021-01-14,0.0021112472837001572,0.032414137020021494,0.005927833076441016,0.0054759541330942005,0.04390366012838176,0.06671928785985215,0.0,1
2021-01-15,-0.011092384006138767,0.006025544965063023,0.007767813085335533,0.007346289618111464,0.0296180047793988,0.05043411179925328,-0.011092384006138767,1
2021-01-18,-0.010558623222042929,-0.014045806796803562,0.007570584658753384,0.00820502280582812,0.010500321943833102,0.03784369084084571,-0.021533886924826717,1
2021-01-19,0.016794689559073817,-0.002904531549873246,0.011397920150666482,0.009575271108176098,0.02265220606359386,0.08948936106359362,-0.005100852311655579,1
2021-01-20,0.008508279302947841,0.005482377092795421,0.012111898809175478,0.009501381152083203,0.03523548643633467,0.08750733312045633,0.0,1
2021-01-21,-0.003711240243910785,-0.0003596974430650768,0.0122754890200415,0.009698491468987495,0.03204278029475116,0.07273308776496012,-0.003711240243910785,1
2021-01-22,-0.014972224792414224,-0.004281646424686758,0.013236072165549773,0.010286306306151181,0.0017180992873198075,0.04528610651490084,-0.018627899513134483,1
2021-01-25,-0.009254169594834383,-0.0029689173954752235,0.013006196557912117,0.010104125525953564,-0.016973023352146233,0.026360176455323847,-0.027709683366678783,1
2021-01-27,-0.019060461131126694,-0.038127145577313115,0.010758476603195422,0.01111098784366712,-0.04092093562995036,0.002504916526707035,-0.04624198515503908,1
2021-01-28,-0.010735636298550233,-0.05648118431924187,0.005820197075787326,0.011182711350910174,-0.051308458377532284,-0.01175801658566944,-0.05648118431924187,1
2021-01-29,-0.013240408031814588,-0.06550562529343029,0.0038344198070597952,0.011121522150571017,-0.06584176053057089,-0.024828794678777633,-0.06897375842454956,1
2021-02-01,0.04742346676836884,-0.006310926182341858,0.027311858148209845,0.020233665407536856,-0.010565551452503485,0.0187395227734779,-0.02482126639671689,1
2021-02-02,0.025673612861664363,0.0287206174634278,0.02907428177938192,0.021511748498121822,0.02566643092715659,0.03643625865887401,0.0,1
2021-02-03,0.009701082411411877,0.05888312153212816,0.025498944011638276,0.021110095297746503,0.01851093060811304,0.041582450086270706,0.0,1
2021-02-04,0.007146744918001602,0.0780239622798542,0.022648945528866787,0.02106804189976739,0.017135892165766275,0.0529751700980825,0.0,1
2021-02-05,0.0019200236310601415,0.09458656652927111,0.01850108075789955,0.02097654165940437,0.02288498905098235,0.05566106802194182,0.0,1
2021-02-08,0.012834815819890322,0.058440467187631295,0.008896992556400307,0.020239009630569973,0.051760727530806516,0.053567756887208384,0.0,1
2021-02-09,-0.00043001362812422617,0.031502916810316695,0.005464521972705438,0.01972258467813237,0.06112831749643588,0.04311776178394511,-0.00043001362812422617,1
2021-02-10,-0.0001853163283540571,0.02140304733957854,0.005680961170363873,0.01785986178081562,0.08154644710936099,0.037288554566397236,-0.0006152502679315219,1
2021-02-11,0.004421937576539747,0.018639669970763162,0.005460913618458848,0.01669746052678383,0.0981179731573254,0.041775232837962584,0.0,1
2021-02-12,-0.0006590524144385324,0.01601755532103777,0.0057847298184268625,0.015198057762401197,0.11211916741231853,0.038895283510098855,-0.0006590524144385324,1
2021-02-15,0.009984633951712452,0.013158417020601165,0.00462085415844829,0.008143880806274387,0.07236786824636576,0.061037710358397446,0.0,1
2021-02-16,-8.162092629959705e-05,0.013511545869100638,0.004565538955871953,0.005100343387731621,0.04544011578491047,0.07227283230518244,-8.162092629959705e-05,1
2021-02-17,-0.006827331528819536,0.006778539039486331,0.006263918824434456,0.005839649566885307,0.02832666777102011,0.04736195136060162,-0.0069083952019954875,1
2021-02-18,-0.0059143001795001204,-0.003581949872473289,0.006694747736227243,0.0062113280798205845,0.014990953734815182,0.03238372926724353,-0.012781837058512435,1
2021-02-19,-0.00907470426187007,-0.0119729874103921,0.007669025105351338,0.007046868136218226,0.003852789922441646,0.026825950028614765,-0.021740549929153086,1
2021-02-22,-0.020428187628281025,-0.041724617524339314,0.007465900306452697,0.008272649176907756,-0.029115230421148608,0.021138471600832265,-0.041724617524339314,1
2021-02-23,0.0021872891923382376,-0.039550199334571934,0.008141258164308076,0.008400573385639343,-0.026573037797912535,0.03293091460716768,-0.03962859213696657,1
2021-02-24,0.01864316893077156,-0.014918896172635754,0.01452960317917059,0.010787279241647664,-0.008241485453281738,0.07263289779846072,-0.02172422574389321,1
2021-02-25,0.007699239086904397,-0.0014286706418105144,0.015092232687288891,0.011010186379863904,-0.005005503087660457,0.0926213402520708,-0.014192246664968988,1
2021-02-26,-0.037635744021301765,-0.030210088941545532,0.022753769695022207,0.016115008800608503,-0.041821371337373736,0.06560881874055702,-0.051293854923700866,1
2021-03-01,0.015995429877177836,0.005849806142125935,0.022773013357351657,0.01679820107644709,-0.036118892306085115,0.033635128700669314,-0.036118892306085115,1
2021-03-02,0.010672998431736636,0.014366526604930874,0.02316129982392982,0.01737871578362359,-0.025751871720611663,0.018518076031636133,-0.025831390755287398,1
2021-03-03,0.02188469813862759,0.017594446669336516,0.02374404386546204,0.01888503885176724,0.002413060773625908,0.03080808251549194,-0.004512004805840131,1
2021-03-04,-0.010812955869234475,-0.0010995307123435882,0.024403246437637215,0.019129069860312282,-0.002526630486905601,0.012426446647175515,-0.015276172566227264,1
2021-03-05,-0.009459078626726125,0.02814686337466399,0.014959418737038623,0.019149511666846496,-0.002913544812855662,0.0009280198334924439,-0.02459075267553401,1
2021-03-08,0.0012116668117096996,0.013186284638130985,0.013822804077772298,0.017773534303010687,0.019113227989124848,-0.010558488469019078,-0.023408881662716263,1
2021-03-09,0.009507762666987496,0.012018151228961438,0.013663672447030893,0.017930399392893946,0.02655733692326523,-0.000721409992521127,-0.014123685086877336,1
2021-03-10,0.005060138822656768,-0.004643962848297267,0.008941873753492277,0.017089145010476908,0.01286877586437063,0.004521232582000989,-0.009135014071447789,1
2021-03-12,-0.009479531855444479,-0.003302223032674023,0.008585022939163463,0.017249635245961115,-0.004398122849374242,-0.009381611119532285,-0.01852795027000198,1
2021-03-15,-0.00674940705677296,-0.0005757090928565356,0.007950571132411422,0.011692956612287711,0.027554949876627433,-0.015418807251719513,-0.025152304648475066,1
2021-03-16,-0.0012759971867778441,-0.0030589320816785115,0.007926561518307892,0.010763157274569649,0.010087016607334798,-0.026396207565280383,-0.02631673463523898,1
2021-03-17,-0.012685733830971047,-0.0249761564139247,0.007022612007379714,0.010976727492460571,-0.013258172409863933,-0.038668621375327006,-0.03439025030172649,1
2021-03-18,-0.011102959657095401,-0.04065621952183873,0.00447814067777308,0.007713451189801807,-0.04511137639712437,-0.042807172116326564,-0.04511137639712437,1
2021-03-19,0.012786915650319308,-0.01909060970863452,0.010277216314175453,0.009082797920167486,-0.022329791290220946,-0.02480000264568638,-0.032901296111665035,1
2021-03-22,-0.0005154639175257714,-0.012934123714792856,0.010208688054433868,0.008723866886210394,-0.013502386515018672,-0.016376591519682293,-0.033399800598205465,1
2021-03-23,0.005316766645856452,-0.006418317354607073,0.010823046014477297,0.008950107476262154,-0.009457616239419098,0.009474846174287954,-0.02826061289814763,1
2021-03-24,-0.01791120336151475,-0.011676957877361338,0.012349244908967891,0.009580450499356342,-0.036361468764902205,-0.010769795618651323,-0.045665634674922684,1
2021-03-25,-0.015430189561081553,-0.016001676071672688,0.013241113780297891,0.00969968405368511,-0.05600732793842422,-0.04385929782405551,-0.060391194836543094,1
2021-03-26,0.012733073180266397,-0.016053988062940894,0.01322492402249492,0.011170974833531421,-0.034838117351198794,-0.03908301788062152,-0.048427087159574,1
2021-03-30,0.023284829017115705,0.007376292717353072,0.017879498638780137,0.013899572549307723,-0.005653236880002632,0.02174593833775562,-0.026269874586765996,1
2021-03-31,-0.010400738290749056,-0.008373411633675887,0.018435420967075986,0.014252658495312218,-0.014737985775077234,-0.004799631475014388,-0.036397386787007324,1
2021-04-01,0.012024614211712192,0.021853134837175547,0.016556727752993407,0.014219176014543323,0.009920998824832106,-0.003468707897929524,-0.024810437109723416,1
2021-04-05,-0.015439873279367244,0.021843084419437497,0.01655963382815728,0.014690333449653925,0.005491882386478686,-0.039867240384110936,-0.03538761631125287,1
2021-04-06,0.0031220538605529757,0.012145609451793327,0.01590110683135564,0.014109174880515262,-0.004103364080303873,-0.026341528107023837,-0.032376044494820344,1
2021-04-07,0.009231450267306762,-0.0017547877750908603,0.01210057341484436,0.014427375795852545,0.005608561113976229,-0.007969554360996445,-0.02344347207211961,1
2021-04-08,0.0036945688151399647,0.01246366749031691,0.010720076604406341,0.014378147284752932,0.003985892438279404,-0.005509420842192636,-0.01983551677781581,1
2021-04-09,-0.0026186986513196953,-0.002185998177213877,0.009394886659098071,0.012945301461661634,0.01961936574704115,-0.017455491972659276,-0.022402272188101202,1
2021-04-12,-0.035325601539617946,-0.02233942259082644,0.017800867157946022,0.016861639243315563,-0.0009843000649218947,-0.056936499986820266,-0.04791114334090674,1
2021-04-13,0.013556195321016373,-0.012170122927095073,0.019436561996605137,0.016932398614977803,-0.00017232703535463578,-0.03500444083707288,-0.028447034394989856,1
2021-04-15,0.005284457558877076,-0.016033416447073123,0.018924940744600847,0.015047184161368158,-0.01776006897898963,-0.023312903982048883,-0.022065061751992743,1
2021-04-16,0.002496322382204763,-0.017208110906426044,0.018825000711904915,0.014767461786565446,-0.004958919588583299,-0.019623820877304188,-0.017208110906426044,1
2021-04-19,-0.017677018166146197,-0.032046161572243714,0.0198605138181556,0.014976865059281402,-0.03416210689867394,-0.024580030296237343,-0.034580940983474195,1
2021-04-20,-0.00439083669639162,-0.0010062330547557785,0.011721530721833915,0.014383083467334872,-0.023323176980147298,-0.0179593827385226,-0.03881993841519982,1
2021-04-22,0.0076767577851766244,-0.006801196845182211,0.010199349082563296,0.014642330649819948,-0.01888854837062015,-0.022914405860010922,-0.03144119189447214,1
2021-04-23,-0.00449807894545029,-0.016466126482620025,0.009531634667933886,0.014126879610916604,-0.03223553466652718,-0.02680776851876976,-0.03579784587664203,1
2021-04-26,0.010016490776670217,-0.009088203805621253,0.011129992376638352,0.01460217637329415,-0.02613992389301989,-0.02225822237972286,-0.02613992389301989,1
2021-04-27,0.011601656886434109,0.020446465567970806,0.007907155259315955,0.015271607508386924,-0.012254926743445416,0.007124005113612997,-0.014841533434630017,1
2021-04-28,0.014433855067716328,0.03974077390112196,0.007324970155218046,0.010131855802770318,0.03869455236604513,0.03767216525071726,-0.0006218989094918248,1
2021-04-29,0.0020417705211392967,0.033926482786865275,0.007777083450412273,0.009543417338228551,0.026894545253984825,0.026717583561379543,0.0,1
2021-04-30,-0.017710760058812003,0.02020381623766232,0.013019323191518961,0.011434187438312328,0.003405011161441429,-0.014415531050649744,-0.017710760058812003,1
2021-05-03,0.0002084600611027554,0.01029685881946829,0.012633802555693905,0.011410423924690627,0.0011150750623381,-0.0038493740938144727,-0.017505991983833402,1
2021-05-04,-0.009406080981813059,-0.010683782557215027,0.012175029351739189,0.010209584802613206,0.009544237418564139,-0.024943920739069148,-0.026747410187379583,1
2021-05-05,0.008370986100093125,-0.016596533362933874,0.010271440349937428,0.01025872428605722,0.022484681458269318,-0.0013629097268714752,-0.01860032628617847,1
2021-05-06,0.007316397418224874,-0.011420016247171927,0.011187155129419583,0.010238247753930292,0.02211902555505807,0.0028126809003301556,-0.011420016247171927,1
2021-05-07,0.006679207866999937,0.013126149093369621,0.007450643522775523,0.010029200158225319,0.033595163635222525,0.00027667090670457917,-0.0048170850425313105,1
2021-05-10,0.008041475664754216,0.02106032806825131,0.007634427020755035,0.009902087390455559,0.03157404211253012,0.00460877516169389,0.0,1
2021-05-11,-0.006130227173101965,0.02443693305280581,0.006176107419772177,0.009809208330772506,0.013492071616489465,0.0010718005237666528,-0.006130227173101965,1
2021-05-12,-0.0103866808073666,0.005380408199564313,0.00869159337009221,0.009265555460301405,-0.011305421287559958,0.02695167286245348,-0.01645323526754494,1
2021-05-14,-0.001272411798727613,-0.003191893947625757,0.007976147222925004,0.009199828241040736,-0.014575458714056522,0.011927086205945514,-0.017704711775590964,1
2021-05-17,0.01671572033956048,0.00674620441674012,0.010971009897600671,0.008865325370250195,0.019960905195097967,0.02343388346152131,-0.0012849384467638059,1
2021-05-18,0.012393496011230853,0.01109263268495253,0.011773570967913264,0.009410278557625983,0.03238657523668964,0.033537763761428696,0.0,1
2021-05-19,-0.0051594839854118835,0.012080197969799533,0.01160737405367448,0.008856077874018141,0.036812334011657954,0.04670791708596078,-0.0051594839854118835,1
2021-05-20,-0.008256737291377658,0.014258496921035535,0.01104350966553491,0.00941590459769632,0.01971562165434726,0.042643602585266116,-0.013373620772962891,1
2021-05-21,0.018063135438295186,0.033894725367561884,0.012511890624271016,0.010626338716985248,0.030594643051178982,0.0533903922977339,0.0,1
2021-05-24,0.0014760828451498842,0.01839759032107846,0.011272492057732758,0.01055707028194964,0.02526790864289996,0.05971195180370059,0.0,1
2021-05-25,0.0007073438744020777,0.006642132366081688,0.010178645442405994,0.010386437719688175,0.01780844378561608,0.04994477045219203,0.0,1
2021-05-26,0.006115021583396052,0.018050385392028856,0.009604245473411413,0.010062422693069024,0.030348635590795148,0.04425017317213831,0.0,1
2021-05-27,0.0023788595198495077,0.0289681035552678,0.007190373140462712,0.008914084520382747,0.043639642091654496,0.03184085626541,0.0,1
2021-05-28,0.0063763826090357245,0.017156168247085768,0.002656322703043917,0.008707027682981509,0.0516323972257422,0.03630437263761421,0.0,1
2021-05-31,0.00953312623699043,0.025339360561137392,0.003499348415482399,0.007899412546926225,0.04420313405681764,0.0650463738201501,0.0,1
2021-06-01,-0.000510177888440988,0.02409186998017554,0.0038946879710982725,0.007484857506455368,0.03089402373561212,0.06428115059637918,-0.000510177888440988,1
2021-06-02,8.667820235830348e-05,0.017955814645017387,0.004290536436209076,0.007012739954531458,0.03633030941141646,0.07448004690787435,-0.00042354390738497116,0
2021-06-03,0.007328488334767069,0.02298236063072734,0.0045114584033715726,0.005693374069139664,0.05261621958869056,0.0733692027213304,0.0,0
2021-06-04,-0.0012810421692314167,0.015198582502194524,0.005013699484533953,0.003787884885783473,0.032615500187805235,0.0642080028251657,-0.0012810421692314167,0
2021-06-07,0.005194556564189989,0.01083566496393451,0.0038467850595752797,0.0037800582678784752,0.03644959434651285,0.06263850800943116,0.0,0
2021-06-08,-0.0007332565159839932,0.01061005402941273,0.003886637451842859,0.0039268491174586865,0.03495754005174745,0.05338852322425858,-0.0007332565159839932,0
2021-06-09,-0.0066549767790548,0.003797460227783489,0.005571967818634118,0.004915431520956872,0.0218214613647727,0.05283234853458585,-0.007383353489951783,0
2021-06-10,0.006549261769004167,0.003020965115500873,0.005349138597341507,0.00510808448005591,0.02607275465596537,0.07085020242914974,-0.0008824472356864232,0
2021-06-11,0.003914155454242119,0.008238541184728998,0.005393179025935196,0.0049625014371612805,0.023562337834817537,0.07641131504721432,0.0,0
2021-06-14,0.0007911717887127967,0.00382182184088653,0.005016872411677476,0.004277853714237404,0.014698898785840964,0.05955177023617675,0.0,0
2021-06-15,0.0036301887508418673,0.008205157527588769,0.005068541626746462,0.00426541488198179,0.018902268721689097,0.05038025959584602,0.0,0
2021-06-16,-0.00640862044520063,0.008455199275999581,0.004967872614132823,0.005000477551667656,0.012284767786751472,0.04906138661290793,-0.00640862044520063,0
2021-06-17,-0.0048295391484409755,-0.0029451478133787345,0.00479151939653243,0.00482885359355501,6.692011331810299e-05,0.05268666078538575,-0.011207208910314015,0
2021-06-18,-0.0005130198707571365,-0.007342074199255033,0.004114517828875821,0.0048119893470014675,0.0008359790048020344,0.03347874506599546,-0.011714479260204413,0
2021-06-21,0.004026563202377043,-0.0041329762172042095,0.00476173991428997,0.004686980906796205,-0.00032694987509240825,0.03611072728110165,-0.007735085148951604,0
2021-06-22,0.0016670371193598932,-0.0060809427036564445,0.004367820530622021,0.004707969658247192,0.00207431973113259,0.0371043728979612,-0.0060809427036564445,0
2021-06-23,-0.005439761614176253,-0.00511176435146854,0.004092427558650941,0.004522922814113361,0.0033002139382873885,0.025193690794009793,-0.011487625439135396,0
2021-06-24,0.006597840880476991,0.0063123749314912825,0.004591900550662853,0.004530354460966687,0.0033486362408858827,0.029508699067992028,-0.004965578083400257,0
2021-06-25,0.004426726280758242,0.011285854106424908,0.004644086359546735,0.004577891112162192,0.003860918328918661,0.027514228425754794,-0.0005608330576428733,0
2021-06-28,-0.002878246696951803,0.004331121201536892,0.004998901497652252,0.004688324445366214,0.0001802445634129235,0.014881792745848,-0.0034374655386990582,0
2021-06-29,-0.004189140483221276,-0.0015406317858330798,0.00543396744204494,0.004672811354788294,-0.007612205995872423,0.01114617476251789,-0.007612205995872423,0
2021-06-30,-0.0017112795227467448,0.00220246765623644,0.004766557345631166,0.004259000863424884,-0.0029205551908825234,0.009328334253540627,-0.009310458906375496,0
2021-07-01,-0.002639697229908089,-0.006994734158937921,0.0033744994910511377,0.004050526340622053,-0.00072651261200396,-0.0006596411169923488,-0.01192557934369931,0
2021-07-02,0.0026913265306123257,-0.00871040046405025,0.002633471247122008,0.0041369958470200445,0.0024771493335289385,0.0033151991831656957,-0.009266348441167582,0
2021-07-05,0.007133225630000961,0.0012425148754007243,0.004616318035686527,0.004547916802172722,0.005579017559457666,0.005250243625271045,-0.0021992217653638013,0
2021-07-06,-0.0010167768174885738,0.004432182214757496,0.004033728108549573,0.004554893366280292,0.002884722068123846,0.004965025635161213,-0.0032137624651448204,0
2021-07-07,0.0038815924644002298,0.01005947269662566,0.0039049829468580004,0.004189480553657347,0.012284096016115242,0.015624850099294152,0.0,0
2021-07-08,-0.009556255962820392,0.0030548469387754462,0.006395027200876498,0.004937222949723188,-0.003961255062395419,-0.0006258836237709176,-0.009556255962820392,0
2021-07-09,-0.0024224467347834233,-0.002060780297922782,0.006391188765047725,0.004662870091930381,-0.010753230540309744,-0.006933829556279303,-0.011955553176549838,0
2021-07-12,0.00017845989113962624,-0.008952056762671079,0.004933415338132428,0.004631300207677329,-0.007720664950963352,-0.0075418119954338,-0.011779226872128734,0
2021-07-13,0.007630985305175697,-0.0003729868980449913,0.006528864194776733,0.005140677798169043,0.004057542170816886,-0.00358555067189692,-0.004238128674120656,0
2021-07-14,0.0026308549962530403,-0.0016184235798647473,0.0063620382431293435,0.005124299772934357,0.008424768628947588,0.00547960843631401,-0.0016184235798647473,0
2021-07-15,0.004431072382592438,0.012481005092860542,0.003863051979932799,0.005076707299450522,0.015573979591836817,0.014836152287240223,0.0,0
2021-07-16,-5.023800253711741e-05,0.014888653775064098,0.0031972215666327304,0.005082738906955913,0.012797191232779115,0.015306041120041192,-5.023800253711741e-05,0
2021-07-19,-0.010738912543803436,0.0038107133298497242,0.007019021155291628,0.005877503794495905,-0.005175457154856455,0.00037468643825611103,-0.01078861104482498,0
2021-07-20,-0.00763693151519762,-0.011399317621985317,0.006602584486184589,0.006299467531039002,-0.011768052723910682,-0.00891727821717836,-0.01834315067632908,0
2021-07-22,0.012279220322285456,-0.0018859653272529364,0.009266530594131326,0.007493550012033014,-0.003501336616361206,0.008739748644573941,-0.006289169942603201,0
2021-07-23,0.002022238301825352,-0.0042796498411223904,0.009015482311288929,0.006768198686879412,0.008147940920275376,0.004154409785661395,-0.0042796498411223904,0
2021-07-26,-0.001992930143383642,-0.006214125124031189,0.00901561107128913,0.006746576167955466,0.008582008693546195,-0.0022635061647441335,-0.006264050941334531,0
2021-07-27,-0.004929081263487789,-0.00037772022041082653,0.0077692627620988925,0.006993997462663424,0.003431553725959935,-0.004315605101582687,-0.011162256188693931,0
2021-07-28,-0.0023529112911164773,0.004944953013350739,0.0067753097898105175,0.006539293645543585,-0.006510733698659621,-0.0024796091043881585,-0.013488903681189712,0
2021-07-29,0.004395457496785493,-0.0028816895801010434,0.0037276181888320063,0.006659873158794833,-0.004762220140722029,0.0036224278853800307,-0.00915273608721312,0
2021-07-30,-0.0009760147543010911,-0.005865269092869885,0.0034358087296564154,0.006434580174135528,-0.010119817636050854,0.005296556122448948,-0.010119817636050854,0
2021-08-02,0.007745962868860978,0.0038358363165860165,0.005174177384486006,0.007008844558574063,-0.002402125174271852,0.010364325603287039,-0.002452242498838353,0
2021-08-03,0.015460980853186701,0.02440550092242999,0.00719392787807908,0.0075176308766996885,0.024018562250831543,0.018718798056124752,0.0,0
2021-08-04,0.007938254575887704,0.034972691509542075,0.005987226502647581,0.0067844330078492944,0.040090582839157785,0.027850742022663688,0.0,0
2021-08-05,0.002201884517922581,0.03271233866444412,0.006290497718020144,0.006127943938258632,0.029736382278872986,0.026130928578400603,0.0,0
2021-08-06,-0.0034612693775851744,0.030143278109249216,0.007075557709131527,0.006456841328167043,0.024101210578927335,0.032445526739107056,-0.0034612693775851744,0
2021-08-09,0.0012347427670553746,0.02348734509903916,0.007265272926057752,0.006291226872528421,0.027413275026936024,0.03623054468508213,-0.0022308003878586113,0
2021-08-10,0.0013439330801285898,0.009258713946964647,0.004063092501377913,0.005730940296750737,0.033890178421167816,0.0374380281151625,-0.0008898653541664636,0
2021-08-11,0.00013206307086566227,0.0014422958643933725,0.0022223625881737856,0.0055054728744800925,0.036465428342266515,0.02971727795046264,-0.0007579198016520738,0
2021-08-12,0.005045371493497486,0.0042836277048838856,0.003045292013483536,0.005519703216274071,0.037136093849522434,0.03219702345472264,0.0,0
2021-08-13,0.01006453032191823,0.017914547178874418,0.0040799412789064935,0.005591606707855233,0.04859782846593763,0.03798620966830346,0.0,0
2021-08-16,0.0020539533307923907,0.01874740516353235,0.0039781922369169056,0.0055445929103520065,0.04267507703735873,0.04017044098622158,0.0,0
2021-08-17,0.0031123494766964743,0.020546556839331265,0.003787279705175558,0.0038850524572863945,0.029995505478666473,0.054734516645082554,0.0,0
2021-08-18,-0.002753602253439791,0.017601989896973702,0.004659130666466748,0.003835710543906679,0.019069673038600632,0.0599247701844281,-0.002753602253439791,0
2021-08-20,-0.007142921808091618,0.005261421133680555,0.006482917954735121,0.004776285911786892,0.009567586807899486,0.039588474505578564,-0.009876855295944398,0
2021-08-23,0.0027932281693565653,-0.001975304160540925,0.004459844056715538,0.004536039986196945,0.015903856338756794,0.04038836910832155,-0.007111215437025087,0
2021-08-24,0.007768338036365341,0.0037161030124281957,0.00577896700443872,0.004932648186792859,0.022533175464763966,0.05056415862794594,0.0,0
2021-08-25,0.0006045258231779371,0.0012067699493218953,0.005630185336339242,0.004953100944176195,0.021778121756008906,0.05640636460916593,0.0,0
2021-08-26,0.00013525983414131026,0.004107104596879241,0.005387387353789241,0.0049529550599518146,0.021781387707472843,0.05904108368238137,0.0,0
2021-08-27,0.004105332123171879,0.015482812072581398,0.003078697602001687,0.004900926104989923,0.020825694800909345,0.05873517360704006,0.0,0
2021-08-30,0.013519742355673658,0.026345062119425666,0.005562805011890428,0.005598944326724103,0.024317718448070513,0.07409733522383033,0.0,0
2021-08-31,0.01188053900968944,0.030533065457214237,0.006289103774809721,0.006340808623065183,0.034362632486166556,0.07850413751207896,0.0,0
2021-09-01,-0.0032657802267076486,0.026546996780815846,0.007285926518188587,0.006684672249907648,0.027785802848097507,0.058614757528323125,-0.0032657802267076486,0
2021-09-02,0.009246760852060776,0.03589911582085614,0.006802437554834319,0.006661112545372997,0.040153661841346944,0.05998905208256455,0.0,0
2021-09-03,0.005190276282845296,0.03701841342815393,0.006699664783074097,0.005398051646669535,0.05307437463906872,0.06314975513360244,0.0,0
2021-09-06,0.0031286799510494845,0.026386432028728368,0.005851479656648157,0.005382468233977363,0.05342664633906069,0.07018019238585538,0.0,0
2021-09-07,-0.0009034515301131751,0.013419175587490173,0.004945163639993075,0.00562157024867276,0.0443619696112989,0.06789476112127679,-0.0009034515301131751,0
2021-09-08,-0.0004953317859014428,0.016236000292804365,0.004213603598009099,0.005713311685304678,0.043214014121126576,0.0659332559382313,-0.0013983358077547248,0
2021-09-09,0.0009075978909154347,0.007839086929149364,0.0025670079440048644,0.00565638082709596,0.04401961903960472,0.0667598151361144,-0.0004920070434691892,0
2021-09-13,-0.0008031434863337017,0.0018298736983075603,0.0017063133596593777,0.005886474814165801,0.038916026147546745,0.060552174231869094,-0.0012947553775506382,0
2021-09-14,0.0014231963722897145,0.00012659830358274782,0.0010668315455383392,0.004823327631183999,0.02651637080984348,0.05147890689753232,0.0,0
2021-09-15,0.008023590333716912,0.009062843780418328,0.003595682062814286,0.004101738814178594,0.02260363525991993,0.05774298815737455,0.0,0
2021-09-16,0.006281589890093642,0.015904572564612307,0.003781366393142124,0.0037745332424817886,0.03239879950223257,0.061084829005814356,0.0,0
2021-09-17,-0.0025156697580758225,0.012430012809994784,0.004528687519032089,0.0035038620598339724,0.020366539690092056,0.06133799267903339,-0.0025156697580758225,0
2021-09-20,-0.010705055117528173,0.0023969623112249927,0.0075088447392972464,0.005134008091816996,0.004231222147821567,0.05753016625634477,-0.013193794492186273,0
2021-09-21,0.009490196529266637,0.010471806674338335,0.008550765323785433,0.0058492764023886775,0.010599730690881604,0.06459268509285332,-0.003828809665617272,0
2021-09-22,-0.0008740462361916945,0.0015525601545711698,0.007915972490273692,0.005848181175431552,0.01062947454513008,0.0554629885831841,-0.004699509345131636,0
2021-09-23,0.01574659550398505,0.01097308488612847,0.01042689947097654,0.007410774644080194,0.027052179675569832,0.07143522707120376,0.0,0
2021-09-24,0.0016972498940972525,0.015242974896432449,0.010113197803138428,0.007393771000719409,0.027862458079652264,0.07310857190943021,0.0,0
2021-09-27,0.00010642349830836118,0.02633802574021793,0.007154347305615321,0.007350309642517891,0.02879811930649412,0.06883485381797261,0.0,1
2021-09-28,-0.005964682359661966,0.010625213529210642,0.00812774917309184,0.007864868797497312,0.02120828538550046,0.048287022954866865,-0.005964682359661966,1
2021-09-29,-0.002101574208669965,0.009383557545172394,0.008259116250673828,0.0076709944819825186,0.010950686237296114,0.03380184681476983,-0.00805372134572191,1
2021-09-30,-0.005259354197602484,-0.011490802588796978,0.003316467675786436,0.007675663288379765,-0.0006438072548852203,0.03173413366517841,-0.013270718170158458,1
2021-10-01,-0.004887005729886651,-0.017988371832500683,0.0025486350451930846,0.007796395089915584,-0.0030195932363387135,0.01728544778825758,-0.01809286982430791,1
2021-10-04,0.009080512547021025,-0.009176649808738002,0.0062712503736547034,0.007353394076871985,0.01691968109260844,0.021222494169803152,-0.009176649808738002,1
2021-10-05,0.007407616759697477,0.004152440192465967,0.0068864520780405475,0.0071345944847350275,0.014821774285388889,0.02557861179205645,-0.001837010153961538,0
2021-10-06,-0.00989210146838504,-0.0036869117456086453,0.008429187766729131,0.007986420725444863,0.005662049451034656,0.016351708606677784,-0.011710939731505166,0
2021-10-07,0.00818032415278247,0.009774011459772858,0.008752469080059937,0.006635451906711825,-0.0018291023652090566,0.02517359610453207,-0.0036264148618602166,0
2021-10-08,0.005893644588217839,0.020713493288006868,0.007927565258244,0.006893850833888663,0.0023525194362914448,0.030280524490118976,0.0,0
2021-10-11,0.0028359560105504222,0.014396947643609215,0.007429723913173456,0.00694112785097395,0.005088182088031079,0.034032831469349434,0.0,0
2021-10-12,0.0025632524330001516,0.009518973420939103,0.006995711693439842,0.006568488053525476,0.013710940581229014,0.03521001150747982,0.0,0
2021-10-13,0.009437554017213134,0.029227586988552545,0.0030889727017879226,0.006893990120503318,0.02543291570918016,0.03666210982650697,0.0,0
2021-10-14,0.009734744724489541,0.03081445840020014,0.003448026327623862,0.00663588543419062,0.040889650729503346,0.040219518420828715,0.0,0
2021-10-18,0.007552396454463484,0.032514305512092445,0.0035033999701174876,0.0059029146076995465,0.053901283649088416,0.050718930461212786,0.0,0
2021-10-19,-0.0031552655862272516,0.02634577718092368,0.005495769343040636,0.006283338319329412,0.04112202359923689,0.058737476217027185,-0.0031552655862272516,0
2021-10-20,-0.008260604004072025,0.015265160252223797,0.008249130621309919,0.007235969291598062,0.02492944232787009,0.0401207151805032,-0.011389805190763713,1
2021-10-21,-0.004844908193095576,0.0009002436439218275,0.007957067260047225,0.006404689980600167,0.030154142581888088,0.03598692627937505,-0.016179530823372867,1
2021-10-22,-0.0034767109873967694,-0.012195620700655052,0.0059392198851160385,0.006416620828329125,0.018243036252800104,0.016380565506832534,-0.01959999025818504,1
2021-10-25,0.0005796333405096998,-0.019031717725502606,0.003189248500549948,0.006260656255332049,0.012863784702042969,0.01524656644187039,-0.019031717725502606,1
2021-10-26,0.00788948105972831,-0.008162877502544852,0.006188974320787646,0.006593809842905501,0.017967842326541694,0.02314744806805913,-0.011292387042303731,1
2021-10-27,-0.0031447745834337626,-0.003046543965488757,0.005153479682565469,0.006765413539958034,0.012172110304886408,0.026049941967253964,-0.014401649613980494,1
2021-10-28,-0.019422380490858537,-0.017650359498517343,0.01000014371660579,0.0087424337005153,-0.016766005478546897,0.008240501826517477,-0.03354431578634032,1
2021-10-29,-0.010393537638774042,-0.024468807445804264,0.010461315647559146,0.00812403014002764,-0.03636601585185295,0.00303664119104452,-0.043589209316422184,0
2021-11-01,0.014599655380227672,-0.010799761660432283,0.013680343985239742,0.009409437635313971,-0.02962594137051089,0.022678466009394382,-0.02962594137051089,1
2021-11-02,-0.0022699829611844136,-0.0207708392634276,0.012533146611604581,0.009411591431030585,-0.028764166949440062,0.011175015897689544,-0.031828673949575226,0
2021-11-03,-0.0033400507016901892,-0.02096266257389101,0.012529627515265616,0.009225490405101386,-0.023945342866214747,0.0003871554176511083,-0.03506241526650622,0
2021-11-04,0.004913288313552977,0.003334779991319925,0.009475779471087218,0.009449439210053562,-0.014374439572892639,0.015346254108579815,-0.030321398708127112,0
2021-11-08,0.008469704411502077,0.022459702404698856,0.007503802669778812,0.009902917497156391,-0.0025586671745360112,0.01563769122024028,-0.022108507581026227,0
2021-11-09,-0.0013448782553109329,0.006391647355079355,0.005141247639287497,0.009904526062559925,-0.004477142573405368,0.008329049130493038,-0.023423652585234045,0
2021-11-10,-0.0014990925086938445,0.007169230167226148,0.005018046731368238,0.009466273882290512,-0.013750520023647406,0.003970255127201394,-0.024887630871811117,0
2021-11-11,-0.007970161845347934,0.002490296816458182,0.006366630626237281,0.009688684922262271,-0.018524569009304992,-0.006577941801750309,-0.03265943427116347,0
2021-11-12,0.012820584549279479,0.010378527415610073,0.008392448485629655,0.008470523796922362,0.013747917512494823,-0.003248585626385081,-0.020257562760289116,0
2021-11-15,0.00037010951374805146,0.0022636016725194885,0.007598588949289157,0.007424932828890161,0.02477414389714605,-0.01249280886438664,-0.0198949507632441,0
2021-11-16,-0.0060879816891180605,-0.0024966402039430236,0.008158102479840805,0.006495150262882639,0.003879049507380161,-0.025861812356409608,-0.022778418730912797,0
2021-11-17,-0.005586359393750739,-0.006579823723997014,0.00848481661009728,0.0067274847878240835,0.0005422341724921065,-0.028237529691211294,-0.020239867749775597,0
2021-11-18,-0.00747821763093881,-0.006087190045653834,0.008390325894645117,0.007078948000164728,-0.0036120521391874716,-0.027470903178478667,-0.02756672724486009,0
2021-11-22,-0.019603372962262444,-0.03790584303489808,0.00731316646865622,0.009033343640564377,-0.02792072245043753,-0.041893817285634904,-0.04662969937159256,0
2021-11-23,0.004983765441491039,-0.03346871384829475,0.008735172841693213,0.008607750033325956,-0.03128087201241936,-0.033759501846546414,-0.04187832541437686,0
2021-11-24,-0.005044748576701008,-0.03245422018756394,0.008767470775889795,0.00860155153379528,-0.034869833880599166,-0.03919085923621013,-0.046711808368549046,0
2021-11-25,0.006959497675860904,-0.02024733708966886,0.010694235277976593,0.009215231365643154,-0.026693936904735538,-0.040077401414464364,-0.03704913801860976,1
2021-11-26,-0.02907120963718013,-0.041562528145546174,0.015645298837463247,0.012422906682158502,-0.04739671918360022,-0.06504328439757401,-0.05980303101419426,1
2021-11-29,0.0016151341001793273,-0.02081927821526064,0.014679434927688325,0.011093829836636737,-0.057935948958031225,-0.04498453009281944,-0.05828448682869991,1
2021-11-30,-0.004148599004922593,-0.029717168427757956,0.013807068146217233,0.010900662418517911,-0.062191286869562545,-0.03895787886247182,-0.062191286869562545,1
2021-12-01,0.010816571670827724,-0.014249169540138995,0.0157491390869105,0.012180758700664254,-0.04624094404195733,-0.04254126544578396,-0.05204741171046057,1
2021-12-02,0.013674571413592407,-0.007675529260816827,0.017020769824910173,0.013471675611549497,-0.027767457322200317,-0.02724027961395159,-0.039084566345195415,1
2021-12-03,-0.011777618789022948,0.009999148383838197,0.010509486671822882,0.013706619087260593,-0.03197896964784286,-0.03547551208130484,-0.05040186201127039,1
2021-12-06,-0.016540964254769808,-0.008308925498198394,0.013423816177454523,0.013327365630801448,-0.028955217881842188,-0.05606748973030895,-0.06610913086813797,1
2021-12-07,0.01563659477597601,0.011393612511187534,0.015271867907727298,0.014405545564040284,-0.01866214181856607,-0.049359245761281256,-0.05150625778253892,1
2021-12-08,0.017060902268771105,0.017641507785330912,0.01635314588582684,0.015504443160780933,0.003140961409815013,-0.03183839727336968,-0.03532409874402598,1
2021-12-09,0.002696088953762832,0.006620061890682649,0.015371654493860635,0.015362685384909723,-0.0011062798488845615,-0.027770685789134997,-0.03272324670268845,1
2021-12-10,-0.0003168377876159312,0.018294207609599322,0.013673287875880909,0.011530704223791838,0.028476282489890536,-0.020270119058275804,-0.03302971652921549,0
2021-12-13,-0.008169010867268511,0.026962704548478156,0.010780471197978087,0.012052465792047164,0.01842974794695662,-0.040573945947438905,-0.04092890728321408,0
2021-12-14,-0.0024959336720740133,0.008627966955235822,0.009434050472458311,0.011971473099818115,0.02011988317867064,-0.04332268511743864,-0.037462776123383223,0
2021-12-15,-0.0059740604563374156,-0.01421600194622119,0.0043403049361594535,0.011782609842251296,0.0031747141300992876,-0.04321303169029733,-0.037838049238350324,0
2021-12-16,0.001567816786091747,-0.015325243979368297,0.003995371967076408,0.010849791616561058,-0.008806636152318914,-0.03632955558100748,-0.02906872016572082,0
2021-12-17,-0.015259386377866946,-0.03004345765305827,0.006323962225607858,0.011287147548337501,-0.01229887129507401,-0.043884535711068984,-0.03142347993442152,0
2021-12-20,-0.021842545274709746,-0.043415427576180665,0.009579280606156532,0.01217818495800083,-0.017623320374284823,-0.04606825117488822,-0.05257965642597473,0
2021-12-21,0.009428681489328294,-0.031979982568442145,0.012561591800226422,0.011323967998098785,-0.023627937846035785,-0.04184913173763882,-0.0436467317699053,0
2021-12-22,0.011007194030117962,-0.01544299534300353,0.014806001274392891,0.010286420328120851,-0.029439459637373155,-0.0263909664342048,-0.0331199657851593,0
2021-12-23,0.006909282855954713,-0.010192249715915813,0.015400513598398152,0.010623487425504482,-0.025361294981689042,-0.026439518140993767,-0.025361294981689042,0
2021-12-24,-0.004032777667139054,0.0010921272637354207,0.013699676466776748,0.010603045379363124,-0.02898414166852259,-0.001333219784511841,-0.029291796184816254,0
2021-12-27,0.004851870910828504,0.02841244236857632,0.005893968905217485,0.010681412583027227,-0.01623652354151972,0.0018939893690317344,-0.024582045287822818,0
2021-12-28,0.008603409174043453,0.02757164961823655,0.005771376538344231,0.011142835255636302,-0.0052900738243800705,0.014723373686937657,-0.01619012550772536,0
2021-12-29,-0.0011402376220388533,0.01522519307951109,0.005401488310451307,0.010981409130706356,-0.0004529248493155835,0.0027203513738647267,-0.017311902539554724,0
2021-12-30,-0.000560603243946467,0.007693614329393528,0.005087047347720921,0.010968465139543828,-0.0025770506249855885,-0.011360991630104067,-0.017862800674778745,0
2021-12-31,0.008724740539236553,0.02060133794016017,0.004780571496878868,0.009878571161242107,0.021715964486729522,0.009150011339384756,-0.009293908436733722,0
2022-01-03,0.015653406553513438,0.03157217060501871,0.0070902515868118115,0.006155515888932528,0.06088165545136093,0.04218539815813993,0.0,0
2022-01-04,0.01018682945925553,0.033191649862910344,0.00725475470971508,0.006207645353260639,0.06167844802141831,0.03659317563909248,0.0,0
2022-01-05,0.0067395852346920915,0.04134231073104999,0.0058873589627405016,0.00596881577991615,0.05719694847379442,0.026073641580446116,0.0,0
2022-01-06,-0.010005439254682558,0.031501486577210525,0.009676331151300703,0.007700125595642003,0.039437461195131585,0.013075981126743796,-0.010005439254682558,0
2022-01-07,0.0037642497703693767,0.026428989198486796,0.009614524516052988,0.007184900059663217,0.04757479967654188,0.017211743274342828,-0.006278852456729989,1
2022-01-10,0.010700230734251415,0.02142326262219374,0.008463144911336757,0.007433987814164159,0.053671812129636454,0.03656384494695786,0.0,1
2022-01-11,0.002913354773847132,0.014068884177419472,0.007791876714648651,0.0073676738685897955,0.047727503517908776,0.04218494767646552,0.0,1
2022-01-12,0.008673137366213002,0.016016513019344147,0.00807763034925264,0.007154156918758069,0.05802098340846773,0.05754177941398475,0.0,1
2022-01-13,0.002495559331991748,0.028846099662457103,0.00372902067277351,0.006919421896107233,0.061256281260989365,0.05852137009809599,0.0,0
2022-01-14,-0.00011228077862612817,0.02487270318368351,0.004547650900248727,0.007092713586968537,0.051959052785949256,0.07480335821774253,-0.00011228077862612817,0
2022-01-17,0.002867589663530623,0.016930229457932766,0.003220058263627345,0.006055694339421771,0.03871619283205763,0.10195495419580825,0.0,0
2022-01-18,-0.010653754349167821,0.0031735042853384687,0.007089611743778989,0.007115382871308105,0.01728703612698501,0.08003172170760586,-0.010653754349167821,0
2022-01-19,-0.00964221928388631,-0.015041990737054589,0.006626977608333672,0.0076979258336225325,0.0007336020418124978,0.05797251031379291,-0.02019324779742282,1
2022-01-20,-0.010112384605093117,-0.027429372651688544,0.006403761523459117,0.007713583411928503,0.0006254965935792445,0.040087625786347836,-0.030101430514362426,1
2022-01-21,-0.007875767303035297,-0.034980759486736956,0.005659500314242142,0.007971361842413885,-0.010978122350906894,0.03607439535396617,-0.03774012595517817,1
2022-01-24,-0.026567861430481288,-0.06330531294891328,0.007672322425747726,0.010242873800304819,-0.04744685696511197,0.0036783963713511447,-0.06330531294891328,1
2022-01-25,0.0075135138287141245,-0.04610488018307235,0.012079652137003618,0.010720034539544543,-0.043077689932569885,0.00259382298753863,-0.05626744446447185,1
2022-01-27,-0.009711800300382767,-0.04617189938902022,0.01208013181820722,0.009774871234041813,-0.06051937284315301,-0.006009782962308696,-0.06543278658080287,1
2022-01-28,-0.0004792476980038929,-0.03688967731035642,0.012681526505399747,0.009523547553566793,-0.06330718925609868,-0.005928870986023571,-0.06588067576646395,1
2022-01-31,0.013910694394498657,-0.015740343926231137,0.015837690020942746,0.011410411836003331,-0.05017049422784614,-0.0008182527997787625,-0.05288642731905546,1
2022-02-01,0.013667938303964622,0.024942999924194353,0.010090944553346337,0.012685636712521044,-0.03994133744080486,-0.002771521131075816,-0.03994133744080486,1
2022-02-02,0.011557816104706076,0.029057266631747458,0.010498625707788745,0.013318942438256676,-0.018387295347829236,-0.0014181210597997707,-0.028845155969215774,1
2022-02-03,-0.012362204724409409,0.026303100791050804,0.011496428643276296,0.0135236820782465,-0.021083262721313,-0.020365127404080807,-0.04085077097022616,1
2022-02-04,-0.0024999715265202616,0.024228231283567103,0.01178058753651379,0.013230240521567132,-0.01355521766064094,-0.01293819980953359,-0.04324861673248448,1
2022-02-07,-0.017281046796412514,-0.007280916501584467,0.013861222148310032,0.01405919469396668,-0.022906656297982497,-0.033633306573400024,-0.059782282159262845,1
2022-02-08,0.003087674861737222,-0.017642524115526914,0.011614551920203813,0.011188615229827718,0.006860418330991269,-0.04091194392139219,-0.05687919554732601,1
2022-02-09,0.011412107084425305,-0.017784026996625513,0.01156741396165811,0.011514034185695576,0.010756484420894719,-0.03278457001232293,-0.0461161999333628,1
2022-02-10,0.008133968552090476,0.002599628705823198,0.01128259930606613,0.01101924402384047,0.028971107792742812,-0.03330157832459846,-0.03835733910127215,1
2022-02-11,-0.013126318808804993,-0.008081044512825208,0.012891667600125747,0.012122596234635916,0.01595139735527229,-0.04836563003209582,-0.050980167248376285,1
2022-02-14,-0.030616267859969293,-0.021541107031649354,0.01751050312536437,0.014963452839187092,-0.02866518453158473,-0.07739753228434876,-0.08003561265232328,1
2022-02-15,0.030259220557152133,0.00496329650918681,0.023528296129481464,0.01766799863255826,-0.012766792684695938,-0.05219820735084457,-0.041991823574715426,1
2022-02-16,-0.001743269682379145,-0.008108200964280332,0.022827701262617062,0.01709700404452178,-0.025748031496062973,-0.0436618901841489,-0.034350889711457055,1
2022-02-17,-0.0010160372239093052,-0.01711078987950032,0.022229389146705483,0.016740617955197774,-0.01455564287422706,-0.03533202515274514,-0.026737907761529844,1
2022-02-18,-0.001635403303167915,-0.00566626857940411,0.02153605297691848,0.016736187829833965,-0.013701523723617437,-0.02707101424790226,-0.02832958380202477,1
2022-02-21,-0.004031534529962855,0.02160270263851638,0.014519674562219004,0.0158259793380239,-0.00040375052284225,-0.023301158246367915,-0.03224690663667029,1
2022-02-22,-0.006651498112648313,-0.014997882143443775,0.002333125408980008,0.015919201000303782,-0.010109024570344682,-0.0033179583768243592,-0.03868391451068609,1
2022-02-23,-0.001693755046161427,-0.014949024950641432,0.0023399706679833264,0.01532106372665623,-0.022936016216401844,-0.012426242696616296,-0.040312148481439825,1
2022-02-24,-0.047781049917219764,-0.06106179859690475,0.0199084583450703,0.020465296494781376,-0.07712777287094907,-0.05039114209986473,-0.08616704161979749,1
2022-02-25,0.025261648392566505,-0.03576576002963583,0.026177257831669944,0.022820727171927617,-0.04122937020676554,-0.02593563891836892,-0.06308211473565795,1
2022-02-28,0.008134034481102725,-0.023987818663133154,0.02706989629636324,0.021010559114086325,-0.0029033177381431186,-0.03148527813101021,-0.055461192350956035,1
2022-03-02,-0.011191563603451304,-0.028448649091398437,0.027233820747614088,0.018267654025205422,-0.04301986174862915,-0.05523742877705606,-0.06603205849268834,1
2022-03-03,-0.006497671015509576,-0.03312381873324255,0.027152610085383146,0.018257469319194006,-0.047577674891180144,-0.07210067491563554,-0.0629222673145573,1
2022-03-04,-0.015316961701534404,-0.0001600201871621021,0.01663101918687308,0.018494501317814105,-0.06121204766362687,-0.07487670983246209,-0.07727545105746092,1
2022-03-07,-0.023526732264925077,-0.04773867838447876,0.011760731250470804,0.019184735866664505,-0.08179702829888347,-0.0943778080987423,-0.09898414447470583,1
2022-03-08,0.009474789055137212,-0.046472230988632846,0.01227258326287352,0.01997989311901436,-0.06934528220193936,-0.069721034530836,-0.09044720930826955,1
2022-03-09,0.02072632693142329,-0.01569317021910821,0.018054383146735617,0.02182068774437345,-0.043695369817811636,-0.053362676821057775,-0.07159552080700438,1
2022-03-10,0.015267339029142901,0.005870390743148546,0.019568998772153613,0.022682846815755338,-0.02744787774896329,-0.04975434899620923,-0.057421254866990123,1
2022-03-11,0.0021422244183453287,0.023705244885459553,0.01728100728410651,0.016183114636963803,0.023541431380574185,-0.05540203966295287,-0.04283802644642365,1
2022-03-14,0.014482470408196946,0.06355295133690353,0.006993981695981821,0.014794035943909,0.012780339048167777,-0.028975956488582644,-0.027728072981048846,1
2022-03-15,-0.012346410768583338,0.04056277691565513,0.013276588519736121,0.01516645005239633,-0.007794496811342255,-0.010675184648633151,-0.03973214157078686,1
2022-03-16,0.018745123927264018,0.038543071882829016,0.012825755183858407,0.01580200451715351,0.02224503867589611,-0.021731801561162944,-0.020023438131415272,1
2022-03-17,0.01836191890005212,0.04170859721962761,0.0133487416439697,0.016211683576332316,0.0478238337258039,-0.002029187978432434,-0.0010141812003744421,1
2022-03-21,-0.009802135124269418,0.02929265293482719,0.01560002633100006,0.01553077913062716,0.053692287331451594,-0.010806375183477268,-0.009802135124269418,1
2022-03-22,0.01156120016824791,0.026328735782067847,0.015248425583055976,0.011795800123038552,0.0915549559828912,0.0022690043585722464,0.0,1
2022-03-23,-0.0040339580144955756,0.034966692672387945,0.013151996270516463,0.012471881160203816,0.07694781574239151,0.00226656554297322,-0.0040339580144955756,1
2022-03-24,-0.001327871086332033,0.014574073583166314,0.011633709603607953,0.011807466393583316,0.05367887503173674,0.007637986918009432,-0.0053564725246166844,1
2022-03-25,-0.004049875890900112,-0.007754359477180839,0.0079446235956632,0.011574377877826883,0.03363081428631687,0.005259842058224606,-0.009384655366579064,1
2022-03-28,0.004022619949862971,0.006098985839136484,0.006645701113896577,0.011567428445802556,0.03557029424940383,0.059949101271237204,-0.005399786318616262,1
2022-03-29,0.005998141911508492,0.0005659669082613838,0.004650874681548024,0.010973283717944668,0.02690960388351815,0.040033856792969225,0.0,1
2022-03-30,0.009982511125348426,0.01464717189552145,0.005638999028242976,0.009774820421717836,0.05012602772609975,0.041940823751481116,0.0,1
2022-03-31,-0.001914477162001882,0.014051182302477816,0.005754523633047781,0.00865308448133451,0.02883003885045099,0.05171640285560297,-0.001914477162001882,1
2022-04-01,0.011778009991554539,0.030166734681979834,0.005380316678666077,0.007520566524182859,0.022178451499822227,0.07106294380244949,0.0,1
2022-04-04,0.021671774063478866,0.04827546161885965,0.008604177450082056,0.00845721389547684,0.054668878814787325,0.1112964632956508,0.0,1
2022-04-05,-0.005317557911529103,0.03648421672351998,0.010930321557174048,0.008762823196600824,0.037070832491120864,0.1320198069109857,-0.005317557911529103,1
2022-04-06,-0.008339180504972843,0.01768176817681777,0.012707696926532844,0.009274778903610864,0.03258792797024168,0.1120433135895138,-0.01361239434123207,1
2022-04-07,-0.009439763247817812,0.010008731874203702,0.01390931974414182,0.010042649408963683,0.0242005486928627,0.07917848195358301,-0.02292365980923272,1
2022-04-08,0.008208826188876639,0.006445789439431193,0.01336762229735581,0.00990984735328358,0.03680697254124632,0.07167563528553944,-0.014903009959343017,1
2022-04-11,-0.006151475876261858,-0.02096281032935632,0.00713484037570676,0.010380171243505185,0.02630066194402514,0.06280647847773202,-0.02096281032935632,1
2022-04-12,-0.008183898681467405,-0.02378406673571909,0.007357958810664134,0.010830595007282357,0.011832406942448248,0.039060416209776294,-0.0289751514950094,1
2022-04-13,-0.0031174594844354253,-0.01864367280354229,0.007092473189659991,0.010439430678546833,-0.0012915577272012424,0.04876972934045498,-0.032002282118603675,1
2022-04-18,-0.017281188396425895,-0.026412238407442223,0.009217408791203637,0.011783799712406347,-0.016667859545656194,0.011681644266539504,-0.04873043304862246,1
2022-04-19,-0.01251917909122402,-0.046428460978331865,0.00555274061318597,0.011205692983732354,-0.040281939622363816,-0.01899687916677495,-0.060639547121317916,1
2022-04-20,0.010490221804211775,-0.030461189423449664,0.01066180084102164,0.008611895975758684,-0.0507854476165156,0.001107047716969678,-0.0507854476165156,1
2022-04-21,0.014941747317867238,-0.007854971107168818,0.014028371466517867,0.01070150298068038,-0.031452214685867785,0.004452658023158307,-0.03660252362435901,1
2022-04-22,-0.012686429860975235,-0.017378466609253462,0.01492851259648378,0.011019780208770744,-0.035698140967505565,-0.0042735414437844454,-0.048824598136639086,1
2022-04-25,-0.012695121986728397,-0.012792854169032197,0.013973618287302933,0.011257831182239135,-0.038867204662250354,-0.01560726364837206,-0.060899885894069805,1
2022-04-26,0.014560028783852541,0.014278848847048442,0.014358913631177361,0.012159844686642877,-0.03281255710779418,0.002786684544977547,-0.04722656120176816,1
2022-04-27,-0.009441421329240418,-0.005727523918174771,0.014498614459893425,0.012290444505992147,-0.03601424615062554,-0.010660782719776996,-0.05622209666877154,1
2022-04-28,0.012128486242839465,-0.00848349297977291,0.013757841368119045,0.01309934556756646,-0.016271826494697716,-0.004631954425031615,-0.04477549935192271,1
2022-04-29,-0.008263240756043011,-0.004041474614123741,0.012989684560358728,0.013267230433776273,-0.02134970659174351,-0.022613689940422677,-0.052668749376848845,1
2022-05-02,-0.0019558486892305993,0.006791927544908205,0.01129671386487417,0.012154210049980314,-0.0060878147627325685,-0.022654203466983547,-0.054521585961647245,1
2022-05-04,-0.02293618292704358,-0.030417189898144348,0.012735317636986737,0.013649075525146223,-0.01657266350800346,-0.056187024099556115,-0.07620725181960197,1
2022-05-05,0.0003028013623065373,-0.020879307916236267,0.012840075325247018,0.013012959392368606,-0.02648724509892586,-0.07592752611696407,-0.07098744807154711,1
2022-05-06,-0.016268398605737144,-0.04835010626237668,0.00975135240170567,0.012043702289634861,-0.056423421455101486,-0.08610099457605225,-0.0784157370568268,1
2022-05-09,-0.0066661588849112885,-0.04681757983458601,0.009841009947890892,0.011805192861928993,-0.05066984238831351,-0.08455916417943976,-0.08335980792100905,1
2022-05-10,-0.0037909807782553484,-0.048570223386118716,0.009518003798515138,0.011502565330295972,-0.04210818127928895,-0.07933875864180207,-0.08683477326975675,1
2022-05-11,-0.004491981243900045,-0.030609919892550352,0.0061764801309232235,0.009436152851137795,-0.060096042044555986,-0.09093669434081075,-0.08531000087694729,1
2022-05-12,-0.022211775766835085,-0.052428720856698474,0.008155871537289467,0.010710881451095697,-0.07221335336651336,-0.10562689003363523,-0.09824703513345456,1
2022-05-13,-0.0016352479757085758,-0.03833346027877216,0.00827641159801537,0.008595938607988024,-0.08483013966326569,-0.09972162484384184,-0.09690626671969294,1
2022-05-16,0.003811267793044637,-0.028190052049307357,0.009807168986174708,0.009480902627972878,-0.07368784187153377,-0.0934643346599412,-0.08913560939709986,1
2022-05-17,0.02632193557753615,0.001185341178136845,0.01748528766794889,0.01432548186080427,-0.04744245449379281,-0.05324144838167788,-0.06515989558777868,1
2022-05-18,-0.0011685619922137125,0.004527713690148483,0.017317149075936462,0.012832091532670044,-0.026220799155753816,-0.04235891418243798,-0.06625231420259192,1
2022-05-19,-0.026532761094314794,8.856275303648076e-05,0.01881003797504812,0.014815113150277748,-0.05234480133551933,-0.07744557685181674,-0.09102721847222373,1
2022-05-20,0.02889103950814076,0.03066755796897125,0.022645033153846385,0.017691348738652638,-0.008841495925051457,-0.06476604992928026,-0.056764114919933495,1
2022-05-23,-0.00316301030053201,0.023506687791545522,0.023045188046934503,0.017595548995355502,-0.005346019010112335,-0.055744979457778565,-0.05974757974027323,1
2022-05-24,-0.005522766378656452,-0.008250662697656064,0.01980727461714524,0.017641127895796728,-0.007075101369761749,-0.0488853629980035,-0.06494037419433396,1
2022-05-25,-0.006161182996747394,-0.013207884090811084,0.019912005811629798,0.01769018775834872,-0.008739971918278577,-0.06831077624296544,-0.07070144766179276,1
2022-05-26,0.00900735064708158,0.0228187027970701,0.014899803678790959,0.01616860578514905,0.02290928643724688,-0.050958423326133984,-0.06233092974505727,1
2022-05-27,0.011273859549849607,0.005305496383594122,0.008378421952225306,0.01632654363454622,0.03613576097046356,-0.05175978034276496,-0.0438589567052865,1
2022-05-30,0.018893193374693196,0.02754907583859101,0.010982954301239833,0.017022243643029063,0.05170335115481972,-0.025794399080838692,-0.023885266358507296,1
2022-05-31,-0.004612457536581682,0.028489657460550655,0.010759871083538375,0.015496487079503556,0.020003936208815798,-0.02838755411826044,-0.005880360734056178,1
2022-06-01,-0.0037263597746094446,0.031009372387025946,0.010126436643933976,0.015577155616195135,0.017391920099998126,-0.009284909099630534,-0.009584808168966008,1
2022-06-02,0.006370004993115463,0.02831451779977301,0.010009520414237536,0.011978812590972283,0.051779321163358594,-0.0032758584517448286,-0.0020046334641747876,1
2022-06-03,-0.0026280971854703017,0.01417830355695937,0.009983992056209924,0.00873922047541931,0.019559022878800514,0.010544595932667988,-0.004627462278079975,1
2022-06-06,-0.0008893953920273701,-0.005512742026480444,0.004399303808760738,0.008619508240416142,0.0218844628639443,0.016421449099335295,-0.005512742026480444,1
2022-06-07,-0.009245875717807661,-0.010141969483645985,0.00563837517642939,0.00905935481215399,0.01805874674034036,0.010855877906779776,-0.014707647616647002,1
2022-06-08,-0.0036609843235554385,-0.010077015024738567,0.005633514120035266,0.008846364420223619,0.020619875450835545,0.011699686400158393,-0.018314787472841543,1
2022-06-09,0.007449751623996859,-0.009014914601876423,0.00604104812184811,0.008723665517849533,0.019044350237938268,0.042389929149797556,-0.011001476466563576,1
2022-06-10,-0.016767709869463077,-0.023063982200032584,0.009075813557158174,0.009821498466261076,-0.009212686783937718,0.026590166739005827,-0.027584716770499562,1
2022-06-13,-0.026379784962164643,-0.0479886297455272,0.012835064090060277,0.01012307453340789,-0.05323682283601627,-0.0042859938266539555,-0.05323682283601627,1
2022-06-14,-0.0026815599959427727,-0.04168100704480582,0.013225584706660425,0.010158311896809012,-0.051400249026955724,-0.03242452012079233,-0.05577562509753087,1
2022-06-15,-0.002539393977917803,-0.04060221627818117,0.013335284756582673,0.010184552632235945,-0.05027008215944684,-0.033752455311786056,-0.05817338278896145,1
2022-06-16,-0.02112839859420146,-0.067817284759772,0.010852825693797004,0.01045310471045879,-0.07622083233100796,-0.028388174124255094,-0.0780726709640247,1
2022-06-17,-0.0043683189458745275,-0.05606167215988345,0.011434595213618812,0.01037072544765679,-0.07783264895111641,-0.0597959566338685,-0.0820999435821721,1
2022-06-20,0.0037041880537482808,-0.026894842276092956,0.009312707377046984,0.010813978612678915,-0.07359282539356826,-0.05331890198400224,-0.07869986915865423,1
2022-06-21,0.018804376504464093,-0.005930549640543958,0.014432210408701062,0.013606114535711582,-0.047364365404002684,-0.03016095974301014,-0.06137539462470154,1
2022-06-22,-0.014419264905235707,-0.017770031512571616,0.015653502669815234,0.013931283289768804,-0.05765074512800916,-0.0382196208613611,-0.07490967145618033,1
2022-06-23,0.009300409386698627,0.012763173313542486,0.012717205770575375,0.01413809096223387,-0.05591967520527241,-0.03794027884713502,-0.06630595268104733,1
2022-06-24,0.00916649792853863,0.026530879131657192,0.012295493672408021,0.014249795593682628,-0.031018158476218693,-0.039945084681500376,-0.05774724813040932,1
2022-06-27,0.00845900281860601,0.03139383002771967,0.012323968389428192,0.011993524423252468,0.003654655644588667,-0.04977672944650524,-0.04786805388501325,1
2022-06-28,0.0011464087089165798,0.013517661201626785,0.010173805884357246,0.011944174027963848,0.00750694440030264,-0.044279163438260216,-0.04677652152994949,1
2022-06-29,-0.00322393408285071,0.0250303309479476,0.005707376511638786,0.01196745798522145,0.006815509665660802,-0.043797188724637226,-0.04984965119076257,1
2022-06-30,-0.001193105936414085,0.01437327445176173,0.005645760872626951,0.009277125814987588,0.02731989635821508,-0.0509832812124128,-0.0484826010142122,1
2022-07-01,-0.0017870439314966458,0.0033632179881204483,0.004625093364337232,0.009091494542040189,0.029983326249713782,-0.05018300440778323,-0.04933748955161732,1
2022-07-04,0.00528820058341628,0.0002084379470757014,0.0033271409915598313,0.009118966691947167,0.03160881164027707,-0.04431019550923221,-0.039006317475922536,1
2022-07-05,-0.0015471713602793757,-0.00248261851585474,0.0033225086782966633,0.007334503362800914,0.011001483489781805,-0.036883960198216936,-0.040493139378933174,1
2022-07-06,0.011318177074603808,0.012070307802343194,0.005785677226181011,0.005582695536156125,0.03740276254922703,-0.022404279709591135,-0.029633270826126767,1
2022-07-07,0.008949455277739604,0.022347554696535266,0.005978840911056152,0.005544498681054581,0.03704203668527617,-0.02094901718037878,-0.004252613907096747,1
2022-07-08,0.005436096424077608,0.029745334734209372,0.004865826658704061,0.005250365676410548,0.033208592767170364,0.0011603648977274172,0.0,1
2022-07-11,-0.0002835900028359539,0.02403799095062631,0.005617728061161376,0.005015658256334637,0.02425143932718754,0.027994725631402817,-0.0002835900028359539,1
2022-07-12,-0.009724962999506759,0.015650644968486782,0.008413272943805146,0.006326847869486009,0.013129171871648193,0.02073467623521319,-0.010005795100058057,1
2022-07-13,-0.005707328920246835,-0.0014477979712066436,0.007689585008897371,0.006569257351337944,0.010605034463988305,0.017492822844543232,-0.015656017656560217,1
2022-07-14,-0.0017536552752143164,-0.012040612661083916,0.005720459855216344,0.006593108364037848,0.010037863785427925,0.03763199354191893,-0.017382217673822198,1
2022-07-15,0.006935970110392153,-0.010566810105668067,0.006249414234848455,0.006755676107960932,0.01886421132487537,0.04941314937718633,-0.010566810105668067,1
2022-07-18,0.014287316501756964,0.0038542180562406436,0.0097365148776355,0.007780171205816688,0.02798485666562467,0.06047823636902572,0.0,1
2022-07-19,0.0038117762693121726,0.01757658033540288,0.007756352145447394,0.007631292802517815,0.03350231012247917,0.04487236872394296,0.0,1
2022-07-20,0.011033900327712232,0.0347098483401338,0.0062465775442758185,0.007598676393868754,0.03321179752091963,0.07185677304665439,0.0,0
2022-07-21,0.005108695981139055,0.04182286454624462,0.004344264618776256,0.007375087947277223,0.029278678972782357,0.06740525755866456,0.0,0
2022-07-22,0.006877343008988124,0.04176220621588622,0.004348725936863518,0.007443606371896641,0.030754102807541095,0.06498399605076677,0.0,0
2022-07-25,-0.005290245791578108,0.02165432933009792,0.006017743194187265,0.00785062827269818,0.02559200789343863,0.0504640902473148,-0.005290245791578108,0
2022-07-26,-0.008847934580001326,0.008769594658686541,0.008450430409219813,0.0077016501339128565,0.026500314479116716,0.03997741353421391,-0.014091372622903386,1
2022-07-27,0.009582106122052902,0.007321051882923646,0.008069156568118557,0.007369654317328843,0.042285012823604085,0.05333848130589702,-0.0046442915287285835,1
2022-07-28,0.017293802353110843,0.019532979027717,0.010811020399840365,0.008093191302404839,0.06217276871002242,0.07283471427892452,0.0,1
2022-07-29,0.013505930441357172,0.026244882457257868,0.011638612876456941,0.00843012179729576,0.06910313286643577,0.08927092029291428,0.0,1
2022-08-01,0.010595486136406596,0.04263423726775284,0.010110337273358277,0.008138487844192863,0.06521178241238434,0.09502158146172945,0.0,1
2022-08-02,0.00031141778714594004,0.05226934241697201,0.006315789612776413,0.008333540786969112,0.061497318021731306,0.09705993036427518,0.0,1
2022-08-03,0.0024617406870390823,0.04484791308632485,0.007241169089160233,0.008199961832600121,0.05249729886779453,0.08745262604910642,0.0,1
2022-08-04,-0.00035368915036970705,0.026722426991777848,0.006330190558271274,0.00838362773604449,0.046777374625494916,0.07742563333312669,-0.00035368915036970705,1
2022-08-05,0.0008917270739845495,0.013943729692713402,0.004490617554504077,0.008417652883107168,0.04055456369677235,0.07255588572555882,0.0,1
2022-08-08,0.007334387124586783,0.010671826205806756,0.003090508300620602,0.00779033343573184,0.05376104864409825,0.0807289097187962,0.0,1
2022-08-10,0.000550638798066938,0.010913524872516955,0.0030570035996611198,0.006326186325587695,0.06375331005802654,0.09194310730276567,0.0,1
2022-08-11,0.007085929368824795,0.015576700224003037,0.003778932775255958,0.006227140247922451,0.061123195808145736,0.10599280375031706,0.0,1
2022-08-12,0.0022169998301151406,0.018188355770337283,0.003340737806301062,0.004854010465338294,0.0453968197712884,0.11039203445712165,0.0,1
2022-08-16,0.007181541573554107,0.024586865929012713,0.003241218381398565,0.003853304764651628,0.038873428234231344,0.11066283677691091,0.0,1
2022-08-17,0.006675923198833145,0.023917124581314786,0.003127641335087236,0.003238726154099201,0.03484419018399598,0.102328224344995,0.0,1
2022-08-18,0.0006826699360520383,0.024052239125165853,0.003083653358413531,0.003200840250332791,0.03522825870761492,0.09889202015844023,0.0,1
2022-08-19,-0.011029432239022086,0.005631689223625447,0.0073588497267998145,0.0056104998201148976,0.02129611258241959,0.07491139983717554,-0.011029432239022086,1
2022-08-22,-0.015077329384039717,-0.011721564118283623,0.010232612000420319,0.007827003642320859,0.0062535956736855525,0.05332349708676487,-0.0259404672402751,1
2022-08-23,0.004962637287243998,-0.013898823298410967,0.009754842648842148,0.007945861411755373,0.010346314125592837,0.05132046807759827,-0.02110656308300618,1
2022-08-24,0.0015616555255297815,-0.018908564024687546,0.008733074092772844,0.007643175540306116,0.004556322075195185,0.058562323372016056,-0.019577868738339887,1
2022-08-25,-0.0046861820113093255,-0.024172305293347796,0.0083697012043167,0.007815347966617581,-0.00070146423530415,0.0630071251558344,-0.024172305293347796,1
2022-08-26,0.002080188558106988,-0.011236904121699753,0.007996485075378238,0.007460279591928601,-0.0056684976499234985,0.05510822146642802,-0.02214239968813514,1
2022-08-29,-0.01400998923622776,-0.010165402185161265,0.007570755916542502,0.00848729977949165,-0.021767811889943256,0.022640818448161903,-0.035842174143067895,1
2022-08-30,0.025784241808131325,0.010342767742853143,0.014720792816843464,0.012053286751104276,-0.0036998078568323267,0.035029796162195925,-0.010982095619970544,1
2022-09-01,-0.012190795808393329,-0.003530257115186397,0.016079356074899527,0.012312856176554952,-0.022372069047187804,0.011692584508118387,-0.02303901094311256,1
2022-09-02,-0.00019096153407660577,0.0009701839640003929,0.01591895346511903,0.012293275223301835,-0.02322557291231586,0.011184489304111533,-0.02322557291231586,1
2022-09-05,0.007203760665243086,0.00608808068842559,0.016224602785009333,0.012203146471187828,-0.005217234612255095,0.015967771154492993,-0.01618912371564618,1
2022-09-06,-0.0005773868152022521,0.01979448850279253,0.014013168847016713,0.011082848247390949,0.009427867380950916,0.01574042112530205,-0.01675716314426534,1
2022-09-07,-0.0017671447019640407,-0.007596020113405211,0.006940544400774664,0.011019209277438808,0.002668183757644771,0.013042103750539047,-0.018494695514159165,1
2022-09-08,0.009892535348720921,0.014590031237886825,0.0052641634901354675,0.011430688807233629,0.011008267561112062,0.015614746848805483,-0.00878511959457573,1
2022-09-09,0.0019439567385348688,0.016756511749228098,0.005030957800646651,0.011245090534588055,0.017742952612220142,0.01702904233022995,-0.006858240748475519,1
2022-09-12,0.005775695536733183,0.01531490224048726,0.004791549689109798,0.011315211266167734,0.02149622128948825,0.01570587235970322,-0.0011221563222232334,1
2022-09-13,0.007454136432440306,0.0234741385169579,0.004612929681688994,0.009841305161311372,0.043733285584737214,0.021013495760856316,0.0,1
2022-09-14,-0.0036690545958644183,0.02152413699189748,0.005302295867529628,0.006572480183175869,0.013764619100978148,0.010013884798249606,-0.0036690545958644183,1
2022-09-15,-0.007017982364785014,0.00441884963831729,0.0061520245964171195,0.005501352826883818,0.019073352030462676,-0.0037254273653118952,-0.010661287600200242,1
2022-09-16,-0.019384809871681674,-0.016962600969531838,0.010847545895471244,0.008720328279028172,-0.0004903232427472259,-0.023704508116837997,-0.02983943043876469,1
2022-09-19,0.005213666194166411,-0.01751192410942015,0.010731393269932112,0.008558498050215595,-0.002465215274711552,-0.007669588280508788,-0.024781337074330168,1
2022-09-20,0.011008809885230342,-0.014045340217652913,0.011710039368892013,0.009259337908805775,0.009099096037517906,0.01861274848919714,-0.014045340217652913,1
2022-09-21,-0.00549498351224309,-0.01585225300284676,0.011773391401400518,0.009453664101045277,0.005330677923787386,0.008013084909685553,-0.019463144816976197,1
2022-09-22,-0.004997643685783371,-0.013849888686274459,0.011640734065288488,0.0089834944880986,-0.009492239623569154,0.0014115348240124614,-0.024363518639959447,1
2022-09-23,-0.017155611521401326,-0.011608107992481798,0.010859936610947384,0.010248921240832305,-0.02837380525812594,-0.011134287728029046,-0.04110115910027923,1
2022-09-26,-0.01795138898908366,-0.0343855069585326,0.011764646393676303,0.010769387395487953,-0.05129527467963102,-0.030901707965761083,-0.05831472519445158,1
2022-09-27,-0.0005230279202880217,-0.04539956500385878,0.007850992696394164,0.009995604172875273,-0.05880725288529909,-0.01764580168544838,-0.05880725288529909,1
2022-09-28,-0.00874913273045863,-0.04852314126315371,0.007595244006633717,0.009993225769755639,-0.06360619315420402,-0.05071708907445682,-0.06704187315475063,1
2022-09-29,-0.0024023347134399797,-0.046041361785159274,0.008084828320258683,0.010073183792910377,-0.05925358273574477,-0.04131039514786694,-0.0692831508490569,1
2022-09-30,0.016425755584756896,-0.013446949475828696,0.012647146190766494,0.011114899696520724,-0.024898963826625597,-0.025377078528688313,-0.053995423366288486,1
2022-10-03,-0.012109264172080247,-0.007578028125973413,0.011047666888367082,0.011135498835883698,-0.04170296074564839,-0.044065369244528974,-0.06545084269274304,1
2022-10-04,0.022913601009039386,0.015693168855909656,0.015589154370073827,0.013356393442349847,-0.030418859187539504,-0.021596547271120703,-0.0440369561788706,1
2022-10-06,0.0033286442865991805,0.02806876015802029,0.014140078913531126,0.013464595835513323,-0.021816365519362613,-0.016601983613626636,-0.04085489525485542,1
2022-10-07,-0.0009895106105538565,0.02952473822845647,0.013952275926814294,0.013429093973720926,-0.017875982711091365,-0.027198539223259988,-0.041803979513061584,1
2022-10-10,-0.00425362337673596,0.008578857926742067,0.013095932855620208,0.012358585679893928,-0.004983451018187979,-0.03321585680761041,-0.04587978450530017,1
2022-10-11,-0.014932428513427354,0.005696571694197239,0.01388165984626342,0.011911842456977748,-0.0019246252122964158,-0.05312117571300734,-0.06012711641639068,1
2022-10-12,0.008246214719537459,-0.008723942504182514,0.008751219547229051,0.012198949114739507,0.00683232004891976,-0.0523767228092894,-0.04888703742275924,1
2022-10-13,-0.006380083627274602,-0.01831604334229575,0.008421821848324787,0.01201565195479921,0.009238608188105735,-0.054955217662986944,-0.0482760356651416,1
2022-10-14,0.010070910731235783,-0.007447450569315617,0.010496307338758016,0.012269710385862385,0.021857403630612282,-0.03869130857954739,-0.03539184733038658,1
2022-10-17,0.007337495708641395,0.004106490342787428,0.010990612467978316,0.011407873846696899,0.012720577266757793,-0.012495115753086705,-0.028314039149652692,1
2022-10-18,0.010117376587067906,0.029640446196466774,0.006956148295014832,0.010639342911997002,0.03550586681746992,-0.007677793698307456,-0.01848312635936289,1
2022-10-19,0.0014467931800570266,0.022696746011352742,0.007041624965859529,0.008178391929872976,0.013774798399935229,-0.01706307444046873,-0.011632008623827739,1
2022-10-20,0.002952219160873071,0.03230214495411232,0.004018510042880973,0.008169385797803581,0.013394454124788124,-0.008714129701693274,-0.0037351529796140204,1
2022-10-21,0.0007031447937393409,0.022728198444055048,0.0040539936487040224,0.008132713965921988,0.015111480740297889,-0.0030346345392460172,0.0,1
2022-10-24,0.008787401216410862,0.024200256472463932,0.004347883542554835,0.008147672828808704,0.028406124934748478,0.02328111338433181,0.0,1
2022-10-25,-0.004196099995770197,0.009687223901251985,0.00467269380058494,0.005959970001539669,0.0396148037365569,0.03761393487420883,-0.004196099995770197,0
2022-10-27,0.004564929897742376,0.012831018287198903,0.004797053189091413,0.005773035033083388,0.03581898666168337,0.042896033491303776,0.0,0
2022-10-28,0.0028105170280121605,0.012687920427921773,0.0047945917820705715,0.004638261887531159,0.04539991242686314,0.055057952617655115,0.0,0
2022-10-31,0.01267231879821007,0.024800441503615822,0.006378365895588896,0.005043225952018777,0.04809230930366515,0.07100088595025622,0.0,0
2022-11-01,0.007394987841573997,0.02338592558126429,0.006195501887911849,0.0050465735630652805,0.04815212745064068,0.061485227575193147,0.0,0
2022-11-02,-0.003447154650765616,0.024155615401824315,0.0059316149058899585,0.005254919530428045,0.03407684015794632,0.07079263472362451,-0.003447154650765616,0
2022-11-03,-0.0016673256704555772,0.017801820493376752,0.00660923769381217,0.0054693788989814175,0.03086125426487185,0.045061160220674745,-0.0051087327917820335,0
2022-11-04,0.003570103087072951,0.01857276182337486,0.006596631948904694,0.005471547184101931,0.03149633197543844,0.04531266227397057,-0.0015568684074200867,0
2022-11-07,0.00472756476598124,0.01058171683636644,0.004529476820711264,0.005421866368360091,0.03564458958939021,0.05129471285876397,0.0,0
2022-11-09,-0.0025160964247258333,0.0006392804787989093,0.0037416605222817876,0.005380218216650563,0.02404015622576594,0.05312916884171459,-0.0025160964247258333,0
2022-11-10,-0.007093682877127194,-0.0030222005933797647,0.004815369882742102,0.005833358351387209,0.021060411693243575,0.06150951950563943,-0.00959193091172783,0
2022-11-11,0.017833172474234882,0.016451832689846846,0.009423103677441005,0.007674358096739938,0.0345465257555555,0.07160293396248463,0.0,0
2022-11-14,-0.0011199093173185348,0.011701619735996038,0.009621362191452288,0.007808988985615579,0.03049171295567521,0.07727594648047109,-0.0011199093173185348,0
2022-11-15,0.004050924347282825,0.011020282593886765,0.00958453362132298,0.007067539132131097,0.021718612940118343,0.07085542049494631,0.0,0
2022-11-16,0.00033961115880765114,0.013914743625048187,0.009312159108873645,0.006836738612409953,0.0145629195278143,0.06341628253561171,0.0,0
2022-11-17,-0.0035714964706010655,0.01751145427718792,0.00847172981432608,0.0068467763507701965,0.01443633055630067,0.049005115243081265,-0.0035714964706010655,0
2022-11-18,-0.001976133755635434,-0.0022915905982113793,0.002889777797165385,0.006863101983652007,0.014122541226520235,0.04541963482704969,-0.005540572471502747,0
2022-11-21,-0.008067665702588878,-0.009231197300474947,0.004507050154580792,0.007422721539741391,0.002362402475002856,0.033933141463053484,-0.013563538687590526,0
2022-11-22,0.0046393299541023225,-0.008650575437147534,0.004702906410118732,0.007416871786279084,0.0022743753708220904,0.03800003413687758,-0.008987134464805147,0
2022-11-23,0.0012634152223720552,-0.007735073724921548,0.004821069232391224,0.007356202880736976,0.006072038332323615,0.030258167308207407,-0.007735073724921548,0
2022-11-24,0.011870971273727493,0.007642867656277863,0.007434406005141396,0.007584861167312544,0.02528815966097553,0.046881150407643624,0.0,0
2022-11-25,0.001549980794304462,0.011202967065680136,0.007179651463785084,0.005353162602434884,0.008885703853468874,0.04373919980605456,0.0,0
2022-11-28,0.0027008413120686026,0.02218067781023625,0.004379511501254722,0.005329439797660054,0.0127447262966367,0.043625047788247606,0.0,0
2022-11-29,0.002979084456774972,0.020491443856129443,0.004420045788831945,0.005278049846389464,0.011663605638088548,0.03363553591454682,0.0,0
2022-11-30,0.007535697884579751,0.026884177968769185,0.0043121107596118735,0.005630613544011313,0.018941153145225265,0.03377991116205736,0.0,0
2022-12-01,0.0028867144498316843,0.017766621041868547,0.002311434559239289,0.0052946293065216565,0.025545276631468772,0.04035038724537343,0.0,0
2022-12-02,-0.00618737541528247,0.009903985091355816,0.004997791222754352,0.0058336294739856675,0.021217906175833523,0.03564009815706215,-0.00618737541528247,0
2022-12-05,0.00026476109990847263,0.007450404708354119,0.005028960714585689,0.0047027164551264825,0.02979633754498212,0.03222913096154745,-0.005924252491694371,0
2022-12-06,-0.0031174720136034617,0.0013266695491740421,0.005310603605305391,0.005022048818686351,0.02184529877988628,0.02416935856022162,-0.009023255813953468,0
2022-12-07,-0.004411902750398933,-0.010547302934426406,0.003658734252428297,0.005439774393667746,0.016053319465163085,0.022222834168640127,-0.013395348837209275,0
2022-12-08,0.0026319334069664357,-0.01079867109634558,0.003572449548703842,0.004129677326162471,0.006776094048398296,0.03223560865754749,-0.01079867109634558,0
2022-12-09,-0.006058782278800745,-0.010670674632677457,0.003536525767041149,0.004623637366590249,-0.0008723717437982836,0.008005580472705054,-0.016792026578073216,0
2022-12-12,2.9735194576385737e-05,-0.010903131107611541,0.003497952545618223,0.004521310520197963,-0.0035339591385973312,0.009165727816074387,-0.01676279069767439,0
2022-12-13,0.005992815109354677,-0.001863995386946704,0.0049587246775399645,0.004855568418783325,-0.0005397987436922547,0.011117510894725902,-0.010870431893687749,0
2022-12-14,0.002810619088563948,0.005377010317609843,0.004516761910481188,0.0042250454712565435,-0.005227005573517851,0.013615142058648555,-0.008090365448505055,0
2022-12-15,-0.013150913972444056,-0.01044904846219763,0.007614709709834078,0.005607578906693617,-0.021134883720930198,0.003870496459313477,-0.021134883720930198,0
2022-12-16,-0.007922931973564973,-0.012304964155574472,0.007898842536228256,0.005771913971595817,-0.022844336519381003,-0.002111139332464873,-0.028890365448504984,0
2022-12-19,0.008289999452624652,-0.004146584744136317,0.009288274281054667,0.006657123518860675,-0.015004505094633691,0.014344753151853462,-0.02083986710963448,0
2022-12-20,-0.0019082052827157359,-0.011967970765262237,0.008481606846776873,0.006635236818811161,-0.0138096579099114,0.0077339647668848155,-0.022708305647840543,0
2022-12-21,-0.010127656334136592,-0.02471557263280877,0.008477183618112316,0.007152438602666648,-0.019471458204251002,-0.0037307202780934023,-0.03260598006644522,0
2022-12-22,-0.003942502651229973,-0.015615072577098044,0.007150322053473859,0.006985571792042606,-0.025900958389196815,-0.019300371670787353,-0.03641993355481732,0
2022-12-23,-0.017683224519855267,-0.025299687996058973,0.009675109930156967,0.008440905357834833,-0.03729334039769472,-0.03813317848509812,-0.05345913621262466,0
2022-12-26,0.011669699216029894,-0.02203257792290647,0.010884664271372085,0.009726442498275398,-0.026087802715553665,-0.02952956862533851,-0.042413289036544954,0
2022-12-27,0.006533589421913399,-0.013760993837467983,0.011968268836189688,0.009780859414076816,-0.02556427343078249,-0.02609027261179342,-0.03615681063122922,0
2022-12-28,-0.0005404719754250609,-0.0042089993461214,0.011227873853915387,0.009633343564690155,-0.028820544149879668,-0.03389690457849426,-0.03667774086378739,0
2022-12-29,0.00377983170092433,0.0035112688837586337,0.01121738253852854,0.009100363776117105,-0.012158632411797043,-0.03303654485049834,-0.027273869649030336,0
2022-12-30,-0.004711120883953646,0.016763258979715534,0.006317728345578838,0.00889040068456293,-0.008960534238327211,-0.03160017329817444,-0.03185650003609419,0
2023-01-02,0.005089669875671943,0.010150100474060064,0.004603146883124027,0.008576319124106332,-0.012106110328466424,-0.026928969229000455,-0.024803995648515764,0
2023-01-03,0.0019288416783669327,0.005528807707792183,0.003880907732093648,0.008626010826053352,-0.008308268018471288,-0.022003191589223703,-0.022922996950745733,0
2023-01-04,-0.01039898423424035,-0.0043895709753069,0.006529310307471183,0.008658973169874828,-0.008580094620063483,-0.027884485870531495,-0.033083605301093666,0
2023-01-05,-0.002815504116566281,-0.010931229728986747,0.006001933234753816,0.008621176638196138,-0.007458343332036765,-0.03316612348093817,-0.03580596239074385,0
2023-01-06,-0.007375438733003059,-0.013578896787128536,0.006388496278582426,0.006788332638531848,0.002956735629085605,-0.034446871316890504,-0.04291731644185781,0
2023-01-09,0.013536251116355702,-0.005289202608057764,0.00938297357245805,0.007151171235865139,0.00480721192810285,-0.021406000383842994,-0.02996200489809908,0
2023-01-10,-0.010333569045146151,-0.017463273102226395,0.010000156482636474,0.007548768203762524,-0.01203101647336513,-0.03728772570937222,-0.03998595949689976,0
2023-01-11,-0.0010299121085846075,-0.00816108230638557,0.009226854868980904,0.007545717871199194,-0.012514829631673274,-0.04097468958162509,-0.028487360515079718,0
2023-01-12,-0.0020954754494096894,-0.007444913476154946,0.009208813638303866,0.007337909626848268,-0.018294761145621452,-0.030230954281587286,-0.030523141399911524,0
2023-01-13,0.005510073803630666,0.005439697191122805,0.00893842346538479,0.007597800082481108,-0.008213064682717208,-0.017100005473753455,-0.02518125235811297,0
2023-01-16,-0.0034388469977613134,-0.011399796698561504,0.005667558767441777,0.0073376354637508835,-0.01662870347218992,-0.02853350488180273,-0.02667620327109166,0
2023-01-17,0.008854502831820321,0.00776760270512411,0.005335528825538608,0.008009199186315385,-0.009831318164491565,-0.018057904956677362,-0.009831318164491565,0
2023-01-18,0.006206621504101673,0.015067865464888142,0.005437840659002597,0.007542276209056237,0.0067838130682620346,-0.0018544873098119696,-0.0036857159311232124,0
2023-01-19,-0.0031653670311885262,0.013979572409313246,0.005703401886206273,0.007561192844556618,0.006430582226137238,-0.0010757225959668881,-0.006839416318617064,0
2023-01-20,-0.004429018353918179,0.003956762416047699,0.006227780681596843,0.007264570505859021,0.009417983196571056,0.012402565312128022,-0.011238142772129978,0
2023-01-23,0.005042254536780977,0.012500803303743924,0.005930629606426914,0.006021071314969029,0.0009584999889509227,0.005770319629633702,-0.006252553811726846,0
2023-01-24,-1.3798013637988937e-05,0.0036004497792647694,0.004767900353735852,0.004790421401894596,0.011396019347833741,-0.0007721028220357695,-0.006266265552542061,0
2023-01-25,-0.012492893924926696,-0.015050632110033546,0.006437760540250403,0.0064518265623926055,-0.00020954754494095784,-0.012721754724789536,-0.01868087568661536,0
2023-01-27,-0.016074268036742945,-0.027805620214437332,0.008704259036366027,0.00822613481858856,-0.014214758486297718,-0.03224946402066964,-0.034454862320410506,0
2023-01-30,0.0025334647402490695,-0.021006620385907282,0.009461149890036638,0.0079990291832694,-0.017132976175890602,-0.02520532661706787,-0.03200868775898047,0
2023-01-31,0.0007479198479229954,-0.02518965369745363,0.008564735936630421,0.008007337363019531,-0.01300374129987103,-0.029416209413956285,-0.03128470784393833,0
2023-02-01,-0.0025959466995808533,-0.027706793683734077,0.00825671167952372,0.007172407946231832,-0.02420610082367214,-0.03379944110944433,-0.030225126408244263,0
2023-02-02,-0.0003349170938277135,-0.01573612714097672,0.0074626366631862446,0.006570870392323676,-0.03054992059057471,-0.023973352472849485,-0.03054992059057471,0
2023-02-03,0.0138355744332892,0.014183994296864233,0.006422674613255191,0.008470563040717569,-0.014016020676115515,-0.007675569623419198,-0.017137021857547396,0
2023-02-06,-0.005010067743733249,0.006552797758506701,0.007333308659122013,0.008495771471381424,-0.014591474762379097,-0.005310913829933317,-0.022061231960848526,0
2023-02-07,-0.00242617340103346,0.003360293056054786,0.007530857664749347,0.008185584320135282,-0.021914005259802805,-0.02097650984465127,-0.024433880987704493,0
2023-02-08,0.008475580509550662,0.014497936570108338,0.007938443639490672,0.008848910416765918,-0.013610548451013504,-0.0023696351766621104,-0.016165391803625972,0
2023-02-09,0.0012170078951638796,0.0160728887475583,0.007809238127088198,0.00794372053433631,8.383658572719277e-05,-0.0001257285269645747,-0.014968057317915617,0
2023-02-10,-0.0020650014390740656,0.0001372237671564136,0.005209620371442284,0.00570719697211015,0.01432316444515136,-9.519436449367813e-05,-0.01700214969708802,0
2023-02-13,-0.004793772575812594,0.0003546378753251922,0.005157861542817101,0.006013052758317086,0.00690975950410655,-0.010341601416749113,-0.021714417833952893,0
2023-02-14,0.008944397863923426,0.011756905453827127,0.006180980019625275,0.006553866603856886,0.015156705157639117,0.0019558699849397954,-0.012964242362519807,0
2023-02-15,0.004796470689938825,0.0080658247396721,0.005445523088940617,0.006453585983502064,0.022680699125241954,-0.002074412988207208,-0.00822995428109008,0
2023-02-16,0.0011101335768226583,0.00795821934842067,0.005447708811669931,0.006404923707535012,0.024159019670194626,-0.00712895705285066,-0.004564382911436127,0
2023-02-17,-0.005081545921040487,0.0049113768095652155,0.006084645834340832,0.005363883607636871,0.005049274534349335,-0.009037516878038998,-0.009622734711110859,0
2023-02-20,-0.0055505400073562194,0.004147229459396939,0.006271194729126669,0.005428098275304663,0.004503338099366205,-0.010153847007236316,-0.015119863344473017,0
2023-02-21,-0.0010031045806573324,-0.005752976182176517,0.004339124614809757,0.005362201714693183,0.00593629207459867,-0.01610780112095056,-0.016094225175651067,0
2023-02-22,-0.01528045011134993,-0.025619107619124226,0.006308259180019787,0.006605920549540989,-0.017759922111494797,-0.03112874828212364,-0.026699601072308732,0
2023-02-23,-0.00245239058236435,-0.029086513804450487,0.005582269832899656,0.0065229166003086874,-0.021359771312966513,-0.021277725457538255,-0.029086513804450487,0
2023-02-24,-0.0025954743379256184,-0.026660425095574092,0.005777750963550012,0.006524417622978482,-0.021879987679556456,-0.007870213895997291,-0.031606494842217,0
2023-02-27,-0.004185322172474137,-0.025324187709447,0.005799680604088261,0.006500236314957168,-0.021281983467353993,-0.014519277350777293,-0.0356595336510338,0
2023-02-28,-0.005102715507080524,-0.029323991540778693,0.005347238068937502,0.005236054157285576,-0.03490826749805476,-0.020280656658447582,-0.04058028870277797,0
2023-03-01,0.008492280664241347,-0.005890294685632402,0.005513496650400141,0.0059686105073079344,-0.0313584982112971,-0.009389031749005072,-0.03243262723963647,0
2023-03-02,-0.007392168885272388,-0.010813048754372057,0.006200761280687272,0.005897113781779172,-0.03958504866696033,-0.016382364966156415,-0.03958504866696033,0
2023-03-03,0.015728644086387522,0.007360098020130712,0.010078881108373999,0.00855282329671828,-0.019496550417405167,-0.014545719318586059,-0.02447902372219779,0
2023-03-06,0.006655545672332508,0.01832665428599345,0.009707093916917896,0.008845351498473094,-0.0074616410566781255,-0.0029919052497662246,-0.01798639931026247,0
2023-03-08,0.002424984967351662,0.026031628616587588,0.008515747931820415,0.008899146852079843,-0.004055714181536607,0.0018565019891092494,-0.015605031090854982,0
2023-03-09,-0.009282206101023038,0.007948014142536985,0.010309408356613396,0.0079321414452215,0.0020109033114392716,-0.015784732286240333,-0.024742388077079847,0
2023-03-10,-0.010045708827943645,0.0052534652665123804,0.010938851165109353,0.008556255266680338,-0.005616389463915961,-0.02685619598232869,-0.03453954207869314,0
2023-03-13,-0.014851058697862074,-0.025010869966779037,0.009107963996108455,0.00968783254289134,-0.017834854401172606,-0.03932461568616474,-0.04887765200974725,0
2023-03-14,-0.006470680820552244,-0.03772418407301503,0.006386602214927798,0.009778049435955461,-0.020088887866748784,-0.04094333995464505,-0.055032061144886346,0
2023-03-15,-0.004174661010484915,-0.04405950074347764,0.004033708404982502,0.009749525971403312,-0.01917481268727661,-0.05341372069481887,-0.058976981955383145,0
2023-03-16,0.0007924747306615743,-0.03433847273388824,0.00591371943038409,0.009122203582149683,-0.02666338125827339,-0.05718575587607577,-0.0582312449926119,0
2023-03-17,0.006738060474755114,-0.01796656501788918,0.008082797490305544,0.009398209569255807,-0.01280748647665686,-0.05188555016813734,-0.047043055694876434,0
2023-03-20,-0.0065292206747932235,-0.009671044577744259,0.005686744457509023,0.0073413606000484665,-0.03444003330614642,-0.053265121877821175,-0.04798090178541392,0
2023-03-21,0.007010666101575191,0.0037668761331433043,0.006170340897080526,0.007396457645169931,-0.03409941026849872,-0.041306613765508815,-0.04034397841440096,0
2023-03-22,0.0025953529153881494,0.010590879764791117,0.005523639848993925,0.007411645295356714,-0.03393524985355745,-0.03785333236100896,-0.03393524985355745,0
2023-03-23,-0.0043726934042293,0.0053751412961569045,0.006267265995957712,0.00713785589731934,-0.02914790558057012,-0.027195615888984337,-0.03815955481458122,0
2023-03-24,-0.007720956379670962,-0.009064300981576068,0.0063440702944375284,0.006914749594773604,-0.02686801164653807,-0.032333499892926,-0.04558588293606103,0
2023-03-27,0.0023989306611666983,-0.00015893197711380758,0.005923938844693841,0.005566356115313549,-0.0098284395166226,-0.027488005130025472,-0.043296309647186115,0
2023-03-28,-0.0020016837692883316,-0.00910711676165421,0.004434671799396859,0.005246139573317426,-0.005374546009282111,-0.02535546522391574,-0.04521132789618354,0
2023-03-29,0.0076098562386073265,-0.004151143605081731,0.005980492465417258,0.0056440584371469,0.006395771896901659,-0.012901678518488557,-0.037945523363222655,0
2023-03-31,0.016337152458622883,0.016563310671140474,0.00920489571849345,0.00751691934762115,0.02202748210248684,-0.005223226309244877,-0.022228292704907004,0
2023-04-03,0.0022062529702329137,0.026733470836616036,0.0070437156365550525,0.0073480786696798915,0.017426849629094576,0.0043961690114824314,-0.020071080971477584,0
2023-04-05,0.009138955227740997,0.03363711828184868,0.006992055062758072,0.007050176222059055,0.033472840291022044,-0.0021199987495985617,-0.01111555445410728,0
2023-04-06,0.002397897141034555,0.0381938094704366,0.005806063398248348,0.006931795082398945,0.028738857226362713,-0.006340531125345383,-0.008744311269319183,0
2023-04-10,0.0014148410576646508,0.031810757170373405,0.006415879534718158,0.006946818224853935,0.027527562544091166,-0.007341842022259404,0.0,0
2023-04-11,0.005574768569085897,0.020884517346159814,0.0032112572058826724,0.006513727742310588,0.03779374476632169,0.007544230681766573,0.0,0
2023-04-12,0.005083990227002344,0.023815887412669934,0.0030292944297620355,0.0051210525390534565,0.05118603958088075,0.022942760826743402,0.0,0
2023-04-13,0.0008757943904245113,0.01543254703950847,0.0021410180047312364,0.005229055160090582,0.049588771731515324,0.03927295197122582,0.0,0
2023-04-17,-0.006795490240071866,0.006119613731344842,0.004957276796902579,0.00607904521031453,0.044547154562669,0.03893318782160726,-0.006795490240071866,0
2023-04-18,-0.0026373973914048943,0.002048337357190899,0.005242689434428546,0.006333285990675848,0.0339242536898372,0.040536997375111516,-0.009414965223244254,0
2023-04-19,-0.002344260949086019,-0.005842921065550177,0.0044293266911332885,0.004597283016806179,0.014919569694264112,0.03727569235116812,-0.011737155037020441,0
2023-04-20,0.000323518978361248,-0.010551638184635448,0.0030464599451931187,0.0046033088525595876,0.013012952601009875,0.03066657699831299,-0.0114174332510657,0
2023-04-21,-2.2695743697065396e-05,-0.01143986986762402,0.0028457900018125995,0.003692041843655828,0.003816130842026366,0.037416707871253285,-0.01143986986762402,0
2023-04-24,0.006771996221073051,0.0020641729048365143,0.003792820384620822,0.004183179370639729,0.00819641857703357,0.03717083150664924,-0.004745344402064089,0
2023-04-25,0.0014568797411995682,0.006177750472108112,0.0033886295592207272,0.004183859609959172,0.008238741946374528,0.03599309697467912,-0.0032953780569889846,0
2023-04-26,0.002495884744713406,0.011059240865554987,0.002738811395144857,0.00389940993530755,0.005151701528582686,0.04314014838758773,-0.0008077181960961521,0
2023-04-27,0.00569508689989684,0.016488457795845957,0.0028667526971609073,0.003982764947827933,0.005762839370326178,0.05724385587531455,0.0,0
2023-04-28,0.008370057577288481,0.025019788300645995,0.002906710808366305,0.004687025845856918,0.0132936953107472,0.06354168506449542,0.0,0
2023-05-02,0.004575145308607809,0.02278311935705668,0.002724268351949381,0.0037897707405535356,0.024894320559557537,0.07055044626792606,0.0,0
2023-05-03,-0.003184985383782646,0.01804240471601215,0.00434017186977899,0.003874745841368375,0.02433161666237238,0.05908130228854769,-0.003184985383782646,0
2023-05-04,0.009173652628407636,0.024823730183680004,0.004909347278400042,0.004012706071851397,0.03615750266051787,0.051616526735696056,0.0,0
2023-05-05,-0.010232364508813596,0.008593333538003067,0.008289268609290896,0.005903325593087489,0.02522348215121606,0.03856466672989223,-0.010232364508813596,0
2023-05-08,0.010814101499806439,0.011037918627179621,0.008832233703843803,0.006363490689289633,0.03633387331515747,0.040288658971752156,0.0,0
2023-05-09,8.486454523559672e-05,0.006518750361617087,0.008762060126090453,0.006343698916263912,0.029450387186221283,0.03788819346388883,0.0,0
2023-05-10,0.002690799000325539,0.012451733983421587,0.008391128049949575,0.006323942815870177,0.030718797923378727,0.03921062411874687,0.0,0
2023-05-11,-0.0009882555923800274,0.0022568170115799813,0.007562204630646747,0.006452427981554482,0.027136569811829325,0.032428070848592006,-0.0009882555923800274,0
2023-05-12,0.000972837077116484,0.013603409153799317,0.004723951652216504,0.006381267994944013,0.02231364132391489,0.028205070624957695,-1.637992694547563e-05,0
2023-05-15,0.004589184703081672,0.007361314907689209,0.0022038860623619393,0.006081875774815415,0.018480487129808987,0.03201985640565397,0.0,0
2023-05-16,-0.006106359908363723,0.0011250441395054267,0.0041001042678839444,0.006475251872891464,0.007651128383013628,0.032735918585180324,-0.006106359908363723,0
2023-05-17,-0.005728269488420423,-0.007280877527286123,0.004542586077556894,0.006694578803993492,0.005080196905999923,0.029535422972058578,-0.011799650521635785,0
2023-05-18,-0.0028490106837900653,-0.00912991200743285,0.004571209048841638,0.006014199200135329,-0.006893699536585585,0.029014544164597478,-0.014615043875024658,0
2023-05-19,0.004051307367091583,-0.006082512503548965,0.005205462145317001,0.00512222641089142,0.007438153743981379,0.032849252033396725,-0.01062294654285445,0
2023-05-22,0.006097761956557646,-0.004589960785592373,0.00565024093314539,0.004232838452428472,0.0027375659753399173,0.03917090566583736,-0.004589960785592373,0
2023-05-23,0.001834621936836589,0.0033631367402182644,0.0048880168734483625,0.00425988652413129,0.004491964557003625,0.034074641838655495,-0.002763759691502332,0
2023-05-24,-0.003411816001744006,0.0057007713778927105,0.004188339301861454,0.004340594125165747,-0.0016216127676068615,0.029047371160853874,-0.006166146253705929,0
2023-05-25,0.001955111728482839,0.010546085344967926,0.003544752784305924,0.0043773617987577975,0.0013198885063125942,0.028492275564737213,-0.004223090030083254,0
2023-05-26,0.009726463677225405,0.016257951811200044,0.0049526178685954745,0.005333191020302786,0.010076550112477323,0.032615035961384375,0.0,0
2023-05-29,0.005367756164405879,0.0155205739745774,0.004857166922719023,0.005396459847999052,0.010859374363071828,0.02954054802103534,0.0,0
2023-05-30,0.0018926104851695325,0.0155793546980596,0.00485347462150348,0.004766714986732633,0.01899488693845175,0.02679134764005231,0.0,0
2023-05-31,-0.005337061315831004,0.013617421549432907,0.005529172761958089,0.004698325565065477,0.019395822734335377,0.024574554238979474,-0.005337061315831004,0
2023-06-01,-0.0025169414709945714,0.00909331564885374,0.006023628193120782,0.004661805130819927,0.01973529987672329,0.012705551112523139,-0.007840569715866441,0
2023-06-02,0.002507065489310456,0.0018784443777755122,0.004265182690608499,0.004610345409661057,0.018166935847149235,0.02574021805301885,-0.005353161048307298,0
2023-06-05,0.003223787505193032,-0.000258083247977825,0.0037104159429174367,0.004398161659473777,0.015258485126457666,0.018037822211515175,-0.002146630996814891,0
2023-06-06,0.00027697330031184464,-0.0018702522559749246,0.003566946936275959,0.00441350068170374,0.013679965118813975,0.018233379594272403,-0.0018702522559749246,0
2023-06-07,0.00684983063605582,0.01035911602209949,0.0034865452930532416,0.004371326718840019,0.024117602021284767,0.022456879842316146,0.0,0
2023-06-08,-0.004904840225564033,0.007940392962907827,0.0043325245563853795,0.0049481613321354,0.017105913111349347,0.0184483795157675,-0.004904840225564033,0
2023-06-09,-0.0038181764518058214,0.0015808698561032841,0.00488609836585385,0.004323978797676503,0.0034622838099718223,0.013573721798763927,-0.008704289131920673,0
2023-06-12,0.0020524257409741953,0.00041142635871538324,0.004738239345186958,0.0040127513022041135,0.00015323692848667747,0.011014275348731006,-0.0066697282980178185,0
2023-06-13,0.006163481439668939,0.0062987257379429895,0.0054706270524314425,0.004438584454200923,0.004416693275946848,0.023495474803817196,-0.0005473556049213624,0
2023-06-14,0.002123834228727528,0.001575316131237292,0.004605018892308983,0.003958950334202553,0.011950751035911589,0.03157836841888173,0.0,0
2023-06-15,-0.0036148625232594878,0.002873694293664242,0.004262263054450616,0.004086521863009174,0.010836905518518902,0.03078607497538588,-0.0036148625232594878,0
2023-06-16,0.007379027295444818,0.014146115474535925,0.004314071965203711,0.004540026691191942,0.015749348498173665,0.03420240174912381,0.0,0
2023-06-19,-0.0037474768936576197,0.008276214283794436,0.0052504461301938815,0.004786916988350929,0.008691045695216504,0.02408214301314815,-0.0037474768936576197,0
2023-06-20,0.0032657174314665305,0.005372365577322125,0.004766837393407989,0.004838384671983639,0.011704930372600675,0.02554501853063007,-0.0004939976628066667,0
2023-06-21,0.002133742898595248,0.005382306367596179,0.004767381219639561,0.004436966589449531,0.00696610133287745,0.03125170901374852,0.0,0
2023-06-22,-0.004539464438652163,0.004449355472198935,0.00500707838374598,0.004386875047620892,0.007335835853294004,0.024567235135348975,-0.004539464438652163,0
2023-06-23,-0.005633615236065759,-0.00852544353553597,0.004095237904117502,0.004627428312657033,0.005500070030274529,0.00898139664366604,-0.010147506078692858,0
2023-06-26,0.001376871768771215,-0.0034256709383139183,0.00409726506849658,0.004608082514140554,0.004822191758729222,0.004976167625069472,-0.008784606124564664,0
2023-06-27,0.0067518404382811426,3.7200996986674895e-05,0.005108295810572212,0.004691559841153056,0.0054097664316645755,0.009850352986634725,-0.0020920779451497618,0
2023-06-28,0.008221114500408966,0.006111837342928528,0.00632028017648342,0.005278397398491478,0.011527039491573188,0.023615547306629736,0.0,0
2023-06-30,0.011435212759789426,0.02225744156622489,0.00669765707535432,0.005877498578274259,0.026805828307853607,0.03793322605509042,0.0,0
2023-07-03,0.0069570927169402275,0.03520130722455872,0.0036342787796711344,0.0058412947224674595,0.02637575693190275,0.04254050641790008,0.0,0
2023-07-04,0.0034389870902133968,0.03733307652799178,0.00288337511356334,0.005395653939386753,0.033779514754378015,0.04276413975588711,0.0,0
2023-07-05,0.0004899685388621844,0.03088099312338577,0.004250038629356774,0.005470817323915898,0.030919342924104587,0.04298618205279858,0.0,0
2023-07-06,0.0050931773075237885,0.027682755203693787,0.004088462415496554,0.0054949453464717924,0.0339637850436314,0.04116648154477098,0.0,0
2023-07-07,-0.008488354797843822,0.007439138466990292,0.006067079888060624,0.006219730765843039,0.0298621562229473,0.03741705595251821,-0.008488354797843822,0
2023-07-10,0.0012466505964268126,0.0017259626705585784,0.005267339842108096,0.005502108630824559,0.03698802603734164,0.04269153280110327,-0.007252286213988546,0
2023-07-11,0.0043139301194985435,0.00259941203775349,0.005408017713844094,0.005445248713773097,0.04002953261427833,0.045044754455285885,-0.002969641950423818,0
2023-07-12,-0.00283444962293089,-0.0007320153620126169,0.005614742493962118,0.005732634965668239,0.030126372400012702,0.03569911546979476,-0.005795674272847995,0
2023-07-13,0.0015192707500399916,-0.004285208721207523,0.004973883198293799,0.005436902700745225,0.023278920098460443,0.03507429662132977,-0.004285208721207523,0
2023-07-14,0.007765114931427508,0.012037161567986399,0.003935509062456088,0.00484462450922252,0.019565846146630594,0.0468961531669887,0.0,0
2023-07-17,0.007511053183061112,0.01836907609566074,0.004440458186913521,0.004910951184046414,0.020126743105853162,0.04703335812174658,0.0,0
2023-07-18,0.0019176671427012515,0.01593927796125394,0.004480689669291299,0.004885107386931647,0.018580122750012862,0.052987265034963205,0.0,0
2023-07-19,0.004248262592250418,0.02315533705111883,0.0029707493229673564,0.00491304827922301,0.02240637162667225,0.054018504838786896,0.0,0
2023-07-20,0.007361412584486082,0.029123688107655754,0.0025836052676214707,0.0051084352382103956,0.02471367830417548,0.05951683340536751,0.0,0
2023-07-21,-0.011719717805812602,0.009225893838329613,0.007942224690312626,0.005916016473292415,0.02137410898105707,0.05187454218552312,-0.011719717805812602,0
2023-07-24,-0.003679412509496105,-0.0019836186581911885,0.00751838947788282,0.0061964539925508325,0.016349020195392416,0.05394176421740626,-0.015356008639006324,0
2023-07-25,0.00041937033450500927,-0.0034760813701787407,0.007433578702664007,0.006131794124782405,0.01240779036389994,0.052934001027221234,-0.014943078158980883,0
2023-07-26,0.004964279544322769,-0.002765571782596399,0.007557965743852463,0.006049865465543551,0.02032572752175721,0.05106444035839153,-0.010052980231891828,0
2023-07-27,-0.005986358787155477,-0.015979158272499072,0.00633116349013532,0.006564098694705082,0.012679157813405562,0.03625323501352007,-0.015979158272499072,0
2023-07-28,-0.0007044796769059003,-0.005011395289946874,0.004174852222977837,0.006168895062150923,0.004168263947455841,0.0238156657051809,-0.01667238095714796,0
2023-07-31,0.00548456305465983,0.004140328938840643,0.004683563451698504,0.005939575596904167,0.002148497446915254,0.022318482808945994,-0.011279258627118871,0
2023-08-01,-0.0010251192175683155,0.0026904667540623706,0.004759580439870012,0.005919566586154283,-0.0007949668974771562,0.017770385269998412,-0.012292815259908552,0
2023-08-02,-0.010489749690248296,-0.012728596492115107,0.006023566851763507,0.006529926135938462,-0.01545896642742084,0.0066010258525144305,-0.022653616395092002,0
2023-08-03,-0.0074206657089961325,-0.014153174736392327,0.006258062022271712,0.0059379083533274745,-0.02990617718972033,-0.005931590527919139,-0.02990617718972033,0
2023-08-04,0.006983409565233023,-0.006568750461288575,0.007691465513126975,0.00583639401431206,-0.011547227146112893,0.009580070143494268,-0.02313161470833347,0
2023-08-07,0.004114361838397196,-0.007922526298737465,0.0074088101877903285,0.00597904947269464,-0.0038149992248002196,0.01247164947122048,-0.01911242470275276,0
2023-08-08,-0.0013496757206350463,-0.008244841906296707,0.007404290015636139,0.005979399958726576,-0.005576557625275647,0.006762039980657608,-0.02043630484780401,0
2023-08-09,0.003152647943242215,0.005428506315759751,0.005623984905447565,0.005819304124304073,-0.00736918744280346,0.01280675598293457,-0.01734808537900767,0
2023-08-10,-0.0045562089489139534,0.008330044139688741,0.004590467957842018,0.005691786304355446,-0.005941027166974533,0.00666280342540726,-0.021825252826071284,0
2023-08-11,-0.005874196007798149,-0.004544755853871041,0.004468793010545877,0.005933867151916772,-0.011083652948048028,-0.006961588591581691,-0.027571243020849345,0
2023-08-14,0.0003216956707483565,-0.008304715445495048,0.003651454052858522,0.005506725588343104,-0.016161447417712083,-0.014047672799312183,-0.027258416899617943,0
2023-08-16,0.0015667972759854099,-0.005408554048495495,0.00393554050133624,0.005597786690159646,-0.01360880328172065,-0.014392951631074569,-0.025734328036978615,0
2023-08-17,-0.005124582584125403,-0.01361514423750354,0.003417977921819898,0.004829380464709037,-0.008260547818226938,-0.023591814714253756,-0.030727032931831544,0
2023-08-18,-0.0028453027975366973,-0.011919808014081545,0.0032723995865214088,0.004324779767960915,-0.0036890564012868055,-0.03348490801660731,-0.023669880626747353,0
2023-08-21,0.004321561458610956,-0.0017860543639948157,0.003707152846434562,0.003881729365417454,-0.006322693036839744,-0.017796910610281103,-0.019450610011982894,0
2023-08-22,0.00014695569672484865,-0.0019604261482770724,0.0037000312444692217,0.0035300703078409777,-0.010248860812458793,-0.014024760641204392,-0.019306512693204048,0
2023-08-23,0.0024514795233148146,-0.0010788594913948568,0.0038354883223661587,0.0036920457546428913,-0.006481578470020399,-0.01202199119945524,-0.016902362690423334,0
2023-08-24,-0.0029469245011314316,0.001107654174358652,0.0032106455947648986,0.0034936497549191477,-0.012522570934493937,-0.01979947720481534,-0.0185837661614473,0
2023-08-25,-0.006236234119267436,-0.002296719600831776,0.004220717974508243,0.003704150078620454,-0.01418915115820929,-0.020045880192676613,-0.02470410756411423,0
2023-08-28,0.0020891943236200916,-0.00451437587657777,0.0036718219054577266,0.003490454248352409,-0.006292367319837511,-0.017306277852290886,-0.022666524921787223,0
2023-08-29,0.0018957787843707496,-0.002773703435422381,0.003874098708794228,0.003572447719767284,-0.004728691942957108,-0.020813716854478526,-0.01980890412520797,0
2023-08-30,0.00024815627641494586,-0.0049655420695330355,0.003560011017429708,0.003512828965672537,-0.006039044438736152,-0.019565663552680523,-0.014521801803637269,0
2023-08-31,-0.004840431167931758,-0.00685521517328902,0.0039042888215996803,0.003473087581544794,-0.005755154206633084,-0.01396816129833478,-0.01929194118950417,0
2023-09-01,0.009426710571419639,0.008797973611269772,0.005117532204926545,0.004574041754569899,0.006481047531997408,0.0027680821808255818,-0.010047090164038819,0
2023-09-04,0.004810833895026123,0.011537833995042934,0.005302196906584654,0.0046199982461827644,0.006971371999010101,0.0006046011169749121,-0.005284591150920281,0
2023-09-05,0.002360616115685721,0.01200714483279186,0.0052972304224534646,0.004643287388418399,0.0092001371384971,-0.001143014598949721,-0.0029364499262702903,0
2023-09-06,0.0018467527292602703,0.013624534499378393,0.005181780245838513,0.004625113681420371,0.00859133923061095,0.002054075321204829,-0.00109512009392565,0
2023-09-07,0.00591503259641879,0.02457956351473478,0.0030535314286049874,0.004662329285075515,0.017555850144686636,0.004813434831440588,0.0,0
2023-09-08,0.004709269759036516,0.019791307569216876,0.001741146019830581,0.003780018264087905,0.02876340458221316,0.01416612512856208,0.0,0
2023-09-11,0.008900123360553236,0.023941563229691543,0.0028600881798088343,0.004216831551785823,0.03575563100686052,0.02923827612297525,0.0,0
2023-09-12,-0.00015752874899654934,0.021369202396947173,0.0035287587185756242,0.004352897435659604,0.033632930337880174,0.02874519862821634,-0.00015752874899654934,0
2023-09-13,0.0038413060440549707,0.02340262250108993,0.003295198709615545,0.004217158991790393,0.0373460068381104,0.031081428204469574,0.0,0
2023-09-14,0.0016492277030393243,0.01906265761986714,0.003432452754735627,0.0031155189830144154,0.04411077293832899,0.03810175443126207,0.0,0
2023-09-15,0.004439613790907959,0.018789149316723597,0.0034164494001823094,0.00255840462186516,0.03895231871903193,0.045685818080128726,0.0,0
2023-09-18,-0.0029243748251194246,0.006848749896856132,0.0030159098585565056,0.0032932370897080353,0.0309542829052476,0.038141448725352634,-0.0029243748251194246,0
2023-09-20,-0.011518230990448575,-0.004591561130784405,0.006601797332521456,0.005679658906059216,0.01667952326704092,0.026033114306999616,-0.014408922190829565,0
2023-09-21,-0.00799190006733208,-0.016325361235675184,0.0065970837064375926,0.006446103340539401,0.006695204999222382,0.015344065007200092,-0.02228566759193462,0
2023-09-22,-0.0034494373770092013,-0.021332530803706784,0.006015168649103978,0.006280169138546461,-0.0026765279147160648,0.01483233350699198,-0.0256582319541806,0
2023-09-25,1.524835762478638e-05,-0.025643374842452715,0.004559414860872045,0.006039090466604681,-0.007336042724628511,0.02121635229266361,-0.025643374842452715,0
2023-09-26,-0.0005006467746402343,-0.02327487297164388,0.0049688106127718035,0.0050211444785971575,-0.016585526858651556,0.0185770781697967,-0.02613118334418718,0
2023-09-27,0.0026316190941126916,-0.009293316048117228,0.004051713974438868,0.005188532642325452,-0.013842206350159092,0.01932517002582368,-0.02356833157111471,0
2023-09-28,-0.00978370852765087,-0.011082773833915427,0.004748996929181075,0.00544735792032569,-0.027227204783258685,0.009101974678833669,-0.03312145441219072,0
2023-09-29,0.005877517152362177,-0.0018272615220402688,0.005848567342104044,0.005965636534454384,-0.02312081221304174,0.01997008382760801,-0.027438609176247408,0
2023-10-03,-0.005578385094432758,-0.00741058880635137,0.0062798389338793925,0.005529510950764725,-0.0328639311422394,0.004808261256579627,-0.0328639311422394,0
2023-10-04,-0.0047442872687705195,-0.011624891302689733,0.00640154287591916,0.005544889263915142,-0.0346291964059543,-0.004746835443038,-0.03745230248089004,0
2023-10-05,0.005641563893991064,-0.00865774518232243,0.007088224422005383,0.0054435216014504404,-0.01787060206819624,-0.0014891519241477802,-0.03202202814432187,0
2023-10-06,0.0055127073660514725,0.006656064086705493,0.005945304615158217,0.005408515751561507,-0.004500477400106839,0.0021645959803273662,-0.026685848848697624,0
2023-10-09,-0.007181926883252476,-0.006413487929199602,0.0063118651814159776,0.005757011822284788,-0.008229030331524778,-0.010883533016847413,-0.033676119916701164,0
2023-10-10,0.009096802794127834,0.008249375920117652,0.00716234395494722,0.00656187316889497,0.0007776543809134839,-0.0065640932494784865,-0.02488566214432697,0
2023-10-11,0.006170692006287615,0.019306856828273267,0.006336249640537562,0.006828077789211566,0.007457525413558264,-0.00925168843313906,-0.01886853189450466,0
2023-10-12,-0.0008757606119723649,0.012700970799278677,0.006542051626005801,0.00681156108070594,0.003933263848207913,-0.009963387551767622,-0.019727768189438,0
2023-10-13,-0.0021698494493280762,0.004963492507695788,0.006572752522964633,0.005911095966138376,0.011652593918626497,-0.015891878425510764,-0.021854811351823766,0
2023-10-16,-0.0009771632394226515,0.011244160749474208,0.00504902366476162,0.005698807914181374,0.004758558531033685,-0.018472275420208795,-0.022810618872988964,0
2023-10-17,0.004041709427698992,0.006178310144566934,0.0036462517373153794,0.005362764752480882,0.014478653267618213,-0.01886110333864055,-0.01598347017130819,0
2023-10-18,-0.007086793024253635,-0.007079275263927043,0.003968538191865744,0.005703789255347663,0.012090903010377518,-0.02295699165064846,-0.011572050207523277,0
2023-10-19,-0.002358790306591807,-0.008553096898049839,0.003973710624364817,0.005573857855544265,0.004039241267283167,-0.013903544474258123,-0.009428867072155067,0
2023-10-20,-0.0041809556324428065,-0.010551337776978809,0.004130558131115026,0.005430289854750513,-0.0056402167552852545,-0.010115310487353146,-0.01357040102970486,0
2023-10-23,-0.013350287704072983,-0.02280588391805083,0.006376295817314226,0.006510037471250024,-0.01181815619338511,-0.019949934559131854,-0.02673951997577162,0
2023-10-25,-0.008277256991714887,-0.03479544708881199,0.004226109299335521,0.0057385512194075275,-0.028832114007978582,-0.02807688104683448,-0.03479544708881199,0
2023-10-26,-0.013853044767455636,-0.04137287696163405,0.005209428439485437,0.0057127278515212284,-0.04815926224108902,-0.04106088574959199,-0.04816646897004262,0
2023-10-27,0.010075700327460302,-0.029424653625278352,0.009779899020144162,0.0073786038308191835,-0.03772607860967969,-0.03394120138260193,-0.0385760795497565,0
2023-10-30,0.004916720261455065,-0.020557600939483667,0.01095891049410399,0.00787746304314244,-0.030892028525065673,-0.01959940687016437,-0.033849027080231076,0
2023-10-31,-0.0032025662325179116,-0.010484006897714226,0.00968226688113334,0.00784202590080158,-0.03305079377145981,-0.02844950937708457,-0.03694318956161835,0
2023-11-01,-0.004740665422755086,-0.006955284839832321,0.00923407511381106,0.007404609063134443,-0.041508719683012285,-0.027631056775267115,-0.041508719683012285,0
2023-11-02,0.007588543984327734,0.01463628047567922,0.006579467477479908,0.008183478059762533,-0.027342141517251117,-0.01558182968805466,-0.034235166443732146,0
2023-11-03,0.005088001254360819,0.009626061504941497,0.005517100759878154,0.008552353279845937,-0.020081835645895385,-0.016123709757875804,-0.029321353759180324,0
2023-11-06,0.009419882894969644,0.0141503273095831,0.0064201965572404,0.00922116521653402,-0.006698170411894022,-0.012300608034192417,-0.020177674582944283,0
2023-11-07,-0.0002601517122361452,0.017143965282291118,0.005837327188057214,0.00807297585702114,0.006480220934303116,-0.005414519522251138,-0.020432577038588695,0
2023-11-08,0.0018962523252279428,0.023926821369044893,0.003975701761123101,0.007435234952039011,0.016805118671278985,-0.012511522434147437,-0.018575070035080632,0
2023-11-09,-0.0024789775503382128,0.013696052683156212,0.004665947052528353,0.00537831485656121,0.028532792427315767,-0.02100058804675098,-0.021008000403805904,0
2023-11-10,0.001549344428804833,0.010127089118384225,0.004484273881400877,0.004740032113077154,0.019850634606045414,-0.01862433060523394,-0.019491204603387047,0
2023-11-12,0.005158208217612481,0.005862428683658161,0.0028256626404344854,0.00475725329738039,0.020095711277944073,-0.011417114533151418,-0.014433536077530729,0
2023-11-13,-0.004199625618740543,0.0018988287550174565,0.003729753936011848,0.004887125308311209,0.0190753474915617,-0.014605901655960651,-0.01857254624839111,0
2023-11-15,0.011926834348665816,0.011929436572633456,0.006450794319493864,0.005201975901048894,0.03614169143958512,-0.006867223582262771,0.0,0
2023-11-16,0.004561522099875814,0.0190716307559049,0.005863649456168309,0.005027215244467324,0.033028889498647684,0.004783667410566794,0.0,0
2023-11-17,-0.0016898387064133713,0.015775777527818002,0.006334412786999595,0.00520794825139808,0.026062629351138344,0.005457408266113628,-0.0016898387064133713,0
2023-11-20,-0.001915689394784037,0.008627157749717673,0.006560097856959199,0.004771110078816905,0.014540162530426226,0.007744599632086624,-0.003602290895108662,0
2023-11-21,0.004539453640702851,0.01747880402498536,0.00568950216585404,0.004820580263612063,0.01941082203568878,0.02601682938529959,0.0,0
2023-11-22,0.0014380743451578581,0.00693249709663557,0.0031777687272245875,0.004823163520910621,0.018944634453673448,0.036068119955130484,0.0,0
2023-11-23,-0.0004971771944567438,0.0018618582154492636,0.0026806860608813167,0.0046617628133571775,0.020968997643759035,0.050100094128253,-0.0004971771944567438,0
2023-11-24,-0.00036864963135030404,0.0031877476966115648,0.002484187619132749,0.004725368751670306,0.019013814422906172,0.039241885311527946,-0.0008656435416176667,0
2023-11-28,0.004799264449574903,0.009937036660911946,0.002571248543294457,0.00469911991791252,0.01864992279346822,0.03912041753522555,0.0,0
2023-11-29,0.0104023690653956,0.015831454653901567,0.004580674142204619,0.004872642045585888,0.033586973572212964,0.053303004255854436,0.0,0
2023-11-30,0.0018187156036346686,0.016217566759288093,0.004548057758214848,0.003824407848015019,0.02326249209039699,0.06024492934122905,0.0,0
2023-12-01,0.0066929417403636116,0.02352792647207358,0.00419782279157613,0.00401838119132093,0.02543359035071746,0.059302523094612924,0.0,0
2023-12-04,0.020668150129021567,0.04506761911016577,0.007289982612087188,0.006723789411669558,0.048399031005787574,0.07572306636298398,0.0,0
2023-12-05,0.00813562271593482,0.04853768533462022,0.0069691389596494464,0.006356593555471497,0.058957042754138156,0.07435445026852294,0.0,0
2023-12-06,0.003960661900446416,0.04185285073096945,0.007355400556287096,0.006371588399830965,0.05834689689335493,0.07889028016097543,0.0,0
2023-12-07,-0.001745654966877841,0.03814604272058775,0.008253114894406508,0.006680537429949996,0.05498224547429964,0.0749684984699257,-0.001745654966877841,0
2023-12-08,0.0032653705657343934,0.03461138055743307,0.00848052169165975,0.006412930889833762,0.05895364104635892,0.08115883745031027,0.0,0
2023-12-11,0.0013209724646388032,0.014999903319991459,0.003629996334195324,0.006253714903763389,0.06074353235967189,0.08091231303425683,0.0,0
2023-12-12,-0.004319644141333678,0.0024598299696478865,0.0034845846196746456,0.007051204200850593,0.051116909757311646,0.07072015897119432,-0.004319644141333678,0
2023-12-13,0.0009542532430260042,-0.0005420843741195114,0.002956762866459348,0.006880795348062118,0.041288078580456355,0.07626179375679842,-0.00336951293273835,0
2023-12-14,0.012250105727946048,0.01347055066348024,0.006036322314037308,0.007279845447223576,0.0521304415851469,0.07660561766058716,0.0,0
2023-12-15,0.012932723401643864,0.023236239472755438,0.007608516741694374,0.007685902332020865,0.05865185835730391,0.08557717604678938,0.0,0
2023-12-18,-0.0017710127163373945,0.02007658200418172,0.008056906983220135,0.005915827592310776,0.03537763211323175,0.08548890623257899,-0.0017710127163373945,0
2023-12-19,0.0016084113611267714,0.026149887115906933,0.006874222947076008,0.005703606393487127,0.028674041361585356,0.0893216207982126,-0.00016544987218425344,0
2023-12-20,-0.014121502253753415,0.010694650524339044,0.01116584390435049,0.007794040020129042,0.010146768747283597,0.06908569811053722,-0.014284615725194794,0
2023-12-21,0.00495977569899031,0.0034155230447487916,0.009929638777589667,0.007816413387713331,0.01693208268444546,0.07284529208529245,-0.009395688516147804,0
2023-12-22,0.004438945097753333,-0.0049984503638732525,0.007820973637782648,0.007851128176997759,0.018121643919234653,0.07814362185637824,-0.0049984503638732525,0
2023-12-26,0.004306912606443225,0.0010598240318600016,0.008132842157667951,0.007886517166979152,0.02115768368012727,0.08318640848307868,-0.0007130656463149032,0
2023-12-27,0.009952731521102987,0.009399573954347096,0.009261971246436743,0.007882299013721547,0.035795258868097646,0.0887419116427095,0.0,0
2023-12-28,0.005723917385331179,0.029718465353673507,0.002345714016323064,0.007851949259246128,0.04073094447908976,0.08370072549585506,0.0,0
2023-12-29,-0.0021718468044464867,0.022411144645625436,0.004352366336992237,0.007490117027838177,0.02590321347137059,0.07938400101325427,-0.0021718468044464867,0
2024-01-01,0.0004831718158977427,0.01838459160444783,0.004700515666467847,0.006555594670422936,0.013294246771979878,0.07272583740792093,-0.0016897243637131742,0
2024-01-02,-0.003500154080370299,0.010468090861816215,0.005635216812785673,0.006668627864969869,0.011539009227939045,0.04732486416458803,-0.00518396414845701,0
2024-01-03,-0.0068518125340398806,-0.006345028227063398,0.004715183358030753,0.007127426554442442,0.00299490516522094,0.03175482256138795,-0.012000257131968506,0
2024-01-04,0.006564470067178307,-0.00551456239353143,0.005030988060476748,0.0052149788632077825,0.024040018628709303,0.034430715885698904,-0.00551456239353143,0
2024-01-05,0.002410128078453866,-0.0009479370864280412,0.005200310944507547,0.005137160312153249,0.021441963204038572,0.03873710298237176,-0.0031177251167425757,0
2024-01-08,-0.00911067302909152,-0.010528058725318479,0.006501998891806187,0.006149336396285536,0.007662978819076738,0.02592348851183135,-0.012199993571700873,0
2024-01-09,0.0014805001626922998,-0.005582530993547441,0.006613968183301898,0.006033109016271562,0.004827121426589365,0.02608693581494581,-0.01073755550147626,0
2024-01-10,0.003427733309816494,0.0047101525048391935,0.005943313144105587,0.0051910182377835744,-0.001664761772821155,0.03407090651666467,-0.007346627668318173,0
2024-01-11,0.0013183031357111297,-0.0005263498102369146,0.005109973168921981,0.004809629579965956,-0.006038009614898976,0.03444700102980214,-0.006038009614898976,0
2024-01-12,0.01142642004508665,0.008463529671868475,0.007325511513181966,0.006071153353718499,0.007507569691782345,0.03360525334353026,0.0,0
2024-01-15,0.009267146390311787,0.02716729419420827,0.004668614548851712,0.0066351315266447814,0.016353216600205167,0.029864867069183676,0.0,0
2024-01-16,-0.002948303989826928,0.022624896436967523,0.005861978064650014,0.006589740261534218,0.016916061257834958,0.028650265072728498,-0.002948303989826928,0
2024-01-17,-0.02089432333437724,-0.0021624797050701083,0.012872217268711673,0.009477620684711278,0.002537487190569676,0.005539991889284224,-0.023781024507352644,0
2024-01-18,-0.005085307540579342,-0.008543830148933895,0.012980829224092888,0.009336174159309374,-0.009065682915793238,0.014756396526738547,-0.02874539822468203,0
2024-01-19,0.007461938985893868,-0.012430033958222397,0.01207190691937148,0.00966434272455643,-0.004071706247581797,0.017282951580918526,-0.02149795564646595,0
2024-01-20,-0.0023401657540329523,-0.02378781262091334,0.010233961105642137,0.009210109660787806,0.002733231069585784,0.010417154580456556,-0.02378781262091334,0
2024-01-23,-0.015436820293160514,-0.036015304802494486,0.011162713615350683,0.010442727163542678,-0.014205250906829225,-0.00944669995126235,-0.038857424725477485,0
2024-01-24,0.010130045011959243,-0.005470066452036071,0.010275885144851917,0.010986528232219723,-0.007620717249418374,-0.009272792343481218,-0.029121007175036073,0
2024-01-25,-0.00472407179097567,-0.005108970401519031,0.010241669724531702,0.011028652898378547,-0.01360915037510635,-0.019564987809189804,-0.03370750923749133,0
2024-01-29,0.01803059112239258,0.005327808198904771,0.013109181073536466,0.01202875538333637,-0.007168450596153009,0.00028530145319671796,-0.01628468443191422,0
2024-01-30,-0.00991369792433383,-0.0023039338395498543,0.014016785168730143,0.011798040240122664,-0.026036940913996998,-0.010109512048165237,-0.026036940913996998,0
2024-01-31,0.00946004339725226,0.02292502401265617,0.011534382095950797,0.012391645139416579,-0.013915932517258645,0.0027647259736542917,-0.016823208107722865,0
2024-02-01,-0.0013003033273956133,0.01134989127876218,0.01129370788901467,0.010332621011273734,0.00581774016720793,0.008369989798929778,-0.018101636161638512,0
2024-02-02,0.007205915902559923,0.023472551352060167,0.0106794900798795,0.010308473613538765,0.018243660380435456,0.009012586224409702,-0.011026159126958146,0
2024-02-05,-0.003756783717248191,0.0015687104372148486,0.007983240899638316,0.010240999867643921,0.006904876424448592,0.0028050555483907225,-0.014741519949134418,0
2024-02-06,0.007243348016002349,0.01892473318124166,0.005886567471040573,0.010368816342460221,0.016577198008511207,0.019355738390740562,-0.007604949892408341,0
2024-02-07,5.0160971116319786e-05,0.009426623768163944,0.005058816423931894,0.008517100998165852,0.032567753357063634,0.01789986934232557,-0.007555170392963939,0
2024-02-08,-0.009691981486970147,0.0009448114870640456,0.007283903185891018,0.009027373976098657,0.01230542627348341,0.004590932849801277,-0.017173927308354542,0
2024-02-09,0.0029721958103781088,-0.0032625904876955047,0.006467691026760616,0.008785313601864108,0.02013337954160166,0.006250230976754478,-0.014252775772770176,0
2024-02-12,-0.007641455296683142,-0.007149189084913021,0.007135095157889007,0.007197574633221884,-0.005591693655233265,-0.012720060471669847,-0.021785319120532054,0
2024-02-13,0.005884516366311265,-0.008488604339380035,0.006737747141604802,0.006621588074756743,0.010275484269657742,-0.016028998821130958,-0.013119374736182743,0
2024-02-14,0.0044519563542708696,-0.0041243929686966,0.007286425537915432,0.006081582191678433,0.005263351698679308,-0.008725825265632703,-0.0041243929686966,0
2024-02-15,0.0032371720760713263,0.008877449298851925,0.005392005719841548,0.0060981234439242875,0.00983064830198943,0.01570558062669347,-0.0009005722623742773,0
2024-02-16,0.005930878678274354,0.011853552163433978,0.00570848961904744,0.005965736634530204,0.008552288389204632,0.026951973814488328,0.0,0
2024-02-19,0.0036999732313400813,0.023417784470335823,0.0012351236402292365,0.0057867783809856,0.01610117721629445,0.0231172302797098,0.0,0
2024-02-20,0.0033766908881329716,0.020866245846412168,0.001106336703804581,0.00549040729798153,0.012200516201993583,0.02897996458339125,0.0,0
2024-02-21,-0.006392770177884866,0.009844299807005852,0.004801088311571677,0.005998389604313661,0.005679305077403551,0.038432020641467446,-0.006392770177884866,0
2024-02-22,0.007363392964423232,0.013997695195280935,0.005391576973355474,0.005111486372176371,0.022999408323529646,0.035587852120472,0.0,0
2024-02-23,-0.0002137959126722322,0.007803744890135134,0.00519499524124255,0.00516315005461385,0.019749799150694303,0.04028080889446728,-0.0002137959126722322,0
2024-02-26,-0.004080998707946426,-9.040671721916027e-06,0.005549522847644107,0.004507923196298996,0.023408532086111933,0.01768594509053445,-0.004293922119775306,0
2024-02-27,0.0034490474436139618,6.307172832298313e-05,0.005560578547395766,0.004357572415831445,0.0209306336449242,0.031421190311354374,-0.0008596846172717054,0
2024-02-28,-0.011135962808046407,-0.0047109392180021414,0.007116172436867622,0.005922652220468247,0.005086984690969132,0.010377110979163051,-0.011986074009393444,0
2024-02-29,0.0014418378991531977,-0.010561518086009025,0.005754714825407101,0.005858107364491283,0.0032883401983043736,0.013151315016280751,-0.010561518086009025,0
2024-03-01,0.016192204814673428,0.0056746816010659895,0.01012353997652148,0.007588611352351982,0.013522710258748516,0.02219064876588961,0.0,0
2024-03-04,0.0029925577751663823,0.012817528212801133,0.009690721090705923,0.007567746041299149,0.012808371662014428,0.029115778740291143,0.0,0
2024-03-05,-0.0022003427714499812,0.007115393711694784,0.009892462930509912,0.007603053113552552,0.007178914220196786,0.019467016881446808,-0.0022003427714499812,0
2024-03-06,0.005266971726090697,0.023821075433405392,0.006955761469944337,0.007274342104134002,0.018997916576929175,0.0247851166184081,0.0,0
2024-03-07,0.000867667376374115,0.023234073912331565,0.007028158860473043,0.007018542127907857,0.012427168734485683,0.03571239458604514,0.0,0
2024-03-11,-0.007153161684127163,-0.00027306809915494945,0.004833431163374973,0.007506325123801992,0.005400063927393006,0.02525651325605427,-0.007153161684127163,0
2024-03-12,0.0001365713428544968,-0.003119755775341737,0.0045448215776076025,0.0073328204006993716,0.009657784879791853,0.03329239153314334,-0.007017567258169488,0
2024-03-13,-0.015132724741109493,-0.016040221324637782,0.008021620789969005,0.008838935698462202,-0.009038960102890403,0.011702482379589041,-0.02204409708560895,0
2024-03-14,0.006771162439709544,-0.014567912770506286,0.008436177790169573,0.008327726347704323,0.00890613931388562,0.014038429399200192,-0.015422198808102694,0
2024-03-15,-0.005567433449302883,-0.020903770191899484,0.008204985870664493,0.00857021025564764,0.001844623978747073,0.005139029928231453,-0.020903770191899484,0
2024-03-18,0.0014688955131714199,-0.012401125706085092,0.008331367639293234,0.006546663701350175,-0.012670807453416089,0.0006805591473955097,-0.019465580132971394,0
2024-03-19,-0.010802196257656771,-0.023202765080118426,0.008894696797236451,0.006990528410939755,-0.02625013389509756,-0.013777983704189145,-0.030057505373762616,0
2024-03-20,0.0009923249508994036,-0.007209844665578724,0.006828006744965433,0.0070848287026122475,-0.023134418486064345,-0.016121584271713063,-0.029095007235407477,0
2024-03-21,0.007914703444739102,-0.006082183987194512,0.007181290810455829,0.0074402336201198705,-0.020561492031921147,-0.0019542009653117365,-0.021410582144659185,0
2024-03-22,0.0038524528721899376,0.003332826295727065,0.0069815110825061505,0.007627810675613254,-0.017640612531147792,-0.005432666665166397,-0.017640612531147792,0
2024-03-26,-0.004165770984420725,-0.0023123274255634207,0.00727210840098433,0.0074491789157905535,-0.014684777668570459,-0.009364012479347372,-0.021732896763738907,0
2024-03-27,0.00540566333556014,0.014034637411796558,0.004632682381896931,0.007754229775024186,-0.009493770063172424,7.232602765117058e-05,-0.016444714151389928,0
2024-03-28,0.009187001240753778,0.022336085278239715,0.005242723273004665,0.0065188938256181255,0.014965200907367526,0.005790970950543706,-0.007408790519948916,0
2024-04-01,0.00605099677966936,0.02044571244255966,0.004994177101082892,0.006457953978375288,0.014239173870540078,0.02327212925063149,-0.0014026243078570921,0
2024-04-02,-0.0003873208084765878,0.016135857083055205,0.005384216039801296,0.006027380050040483,0.019522461387572854,0.02140309696671938,-0.0017894018507528253,0
2024-04-03,-0.0008306128720498851,0.0195390075756543,0.004347554080465461,0.006091369745039709,0.01718149956700543,0.004292988640814732,-0.002618528422592137,0
2024-04-04,0.0035659125504521327,0.017673394760810313,0.004263739692364136,0.004214409951658526,0.03195607185991034,0.004867086799728693,0.0,0
2024-04-05,-4.2194748752555356e-05,0.008366589181659778,0.0030085234122745295,0.0042855888110679054,0.030889551309349006,0.007040521016447254,-4.2194748752555356e-05,0
2024-04-08,0.006778095115418603,0.009095361054224815,0.0032785914987555694,0.004155480501661597,0.02972703463346038,0.008554310415790578,0.0,0
2024-04-09,-0.0010389873953843276,0.008437512525998336,0.0033988621855348903,0.004320921058439001,0.024709516105309692,0.006633012574715824,-0.0010389873953843276,0
2024-04-10,0.004904439610913025,0.014225762380959628,0.0033034386835943167,0.0036821020160103827,0.03404272723554502,0.01885803968628874,0.0,0
2024-04-12,-0.010301576000492085,0.0002109737437623327,0.006655484043055527,0.005575552271175531,0.01788809712683026,0.008224501582668076,-0.010301576000492085,0
2024-04-15,-0.010963880032327733,-0.01071347668308631,0.008289145623366802,0.006209881543457431,-0.0024365227595412042,0.012492215095214476,-0.02115251078940661,0
2024-04-16,-0.005594342799416285,-0.022870958206676728,0.006652270895220101,0.005989887204520865,-0.01398361677499771,5.644194494425214e-05,-0.026628519192398503,0
2024-04-18,-0.006865210697176827,-0.028569851276898817,0.0063774093592708515,0.0062153165475401315,-0.02037339722891518,-0.001248674702077568,-0.03331091949476572,0
2024-04-19,0.006871750807538657,-0.02666807302516505,0.007206913019721451,0.0068286776609167,-0.012821684314219373,0.004139519489293031,-0.02666807302516505,0
2024-04-22,0.008551948345148386,-0.008126326633924541,0.008749172593425874,0.0073806213520556255,-0.007917067331715155,0.023786006155623207,-0.018344188662992478,0
2024-04-23,0.0014147311115488836,0.004287798855090452,0.0070169637433463005,0.007410902013126875,-0.006471615061051761,0.024218030962814385,-0.016955409645861286,0
2024-04-24,0.0015379113018598733,0.011490931420134576,0.006028127945094523,0.007003387561224244,-0.011642835398807838,0.017738092263520633,-0.015443574260123438,0
2024-04-25,0.007496964610934409,0.026118563274435846,0.0034293694325960135,0.007519380201992692,-0.0031974914707798563,0.02143301616753579,-0.00806238957888361,0
2024-04-26,-0.006663609558557937,0.012324468325281002,0.006075887695395943,0.0075204837131428014,-0.014672274521178807,0.01887096847491665,-0.014672274521178807,0
2024-04-29,0.009966569952207793,0.013744381368528513,0.006451370019457854,0.007601089454989463,0.005506363402222103,0.0234929588924071,-0.004851936819344371,0
2024-04-30,-0.0017024828426828176,0.010588787553647894,0.0067561482680767206,0.006527272941262149,0.014921988999887725,0.012449108474530624,-0.0065461593228384185,0
2024-05-02,0.001917730044658672,0.010972038710138188,0.006750000369343241,0.006033498372823091,0.022589049074630108,0.008289555694061201,-0.004640983044590263,0
2024-05-03,-0.007609876281558847,-0.004186908931407829,0.007156713837518419,0.006161768166896469,0.021822298297178744,0.0010043067166072284,-0.012215542019355041,0
2024-05-06,-0.0014749164102803025,0.001014721263874252,0.00643726564369167,0.006018997999801997,0.013351695489230986,0.000358819950389222,-0.013672441526250467,0
2024-05-07,-0.006247020189192987,-0.015055159560843356,0.0038724953663657946,0.0058671237183653855,-0.0015177020468831737,-0.00942275362930367,-0.01983404969719338,0
2024-05-08,0.0,-0.013375448189215988,0.004086594595078384,0.005842570950973774,-0.0029282904148784095,-0.009380954707578049,-0.01983404969719338,0
2024-05-09,-0.01546911781190452,-0.030496904831289084,0.006096412802839288,0.007496470742698094,-0.01985947934149923,-0.03127109409122797,-0.03499635225764486,1
2024-05-10,0.0044495047250370234,-0.018715643679771743,0.00758358755651122,0.007121012053932034,-0.02282419191549967,-0.02594870322730225,-0.030702563967337282,1
2024-05-13,0.0022148971671078765,-0.015089539137447927,0.008026701951970094,0.007067480924564614,-0.01409012954979838,-0.028555669822183494,-0.024026191926952323,1
2024-05-14,0.005148377785971325,-0.003795538616747085,0.008482769296564224,0.006332877726980406,-0.018793555738096046,-0.013390676483387765,-0.019001510053779258,1
2024-05-15,-0.000778653200017021,-0.004571236408474455,0.008473130068698946,0.006342442244326927,-0.017885542261948162,-0.0032304411269502564,-0.019765367667187728,1
2024-05-16,0.009157430784372478,0.02032790618239777,0.0036788142799617737,0.0071711077484935635,-0.010788936869155275,0.011556400381074416,-0.010788936869155275,1
2024-05-17,0.002778540295529597,0.018630527041241907,0.003707904295602934,0.006862815623046578,-0.00043379894420014775,0.021379032863017233,-0.008040374069462564,1
2024-05-18,0.0015979631533733496,0.018003488048570215,0.0037794247510002125,0.006859330937442324,0.0026422845736029377,0.016029259041856703,-0.006455259137591596,1
2024-05-21,0.0012021153675227936,0.014006755829209405,0.0037822582635580323,0.006464224405391838,0.010158054029817176,0.008624935083540564,-0.005260903736279299,1
2024-05-22,0.003051615580772271,0.017893700831736137,0.0032252729912095944,0.006482197178732449,0.013240668086537344,0.010273605150214582,-0.0022253424113175546,1
2024-05-23,0.016366637460283773,0.025165317568185852,0.0064017441499866585,0.004948323122354544,0.04600478196516011,0.02523167160661366,0.0,1
2024-05-24,-0.0004593417262978017,0.021855150649200406,0.006831874085736669,0.005193382035175437,0.040892850665602554,0.01713531247853939,-0.0004593417262978017,1
2024-05-27,-0.001073741892486324,0.01912941071904717,0.0071958892624514915,0.005420122917297991,0.03747729488487406,0.022859105394971824,-0.0015325904043296257,1
2024-05-28,-0.0019317604529824894,0.015939420437169005,0.0076054674869760015,0.005666596663177136,0.030169435836501002,0.010808889124424681,-0.0034613902597784296,1
2024-05-29,-0.008015064563977492,0.004730548991494832,0.009116299590857514,0.006588547574568697,0.02270889685165467,0.004417193655343876,-0.011448711557342617,1
2024-05-30,-0.009515650944518117,-0.020855420558916538,0.004234435717007327,0.007048888572510178,0.0037850637278862287,-0.007044709954874939,-0.020855420558916538,1
2024-05-31,0.0018698321153114428,-0.01857377456211795,0.004834329679299704,0.007020621109895979,0.0028754434459030698,0.0024403971373720967,-0.019024584578744452,1
2024-06-03,0.03254226455458564,0.014453318332755538,0.01714874334991716,0.012405880816237476,0.03385921251444324,0.03659096276294749,0.0,1
2024-06-04,-0.05929358362097503,-0.04385020196040312,0.033065292235461605,0.023440897795174165,-0.02860972832853581,-0.01874229346485823,-0.05929358362097503,1
2024-06-05,0.03362425460942675,-0.0037150898272164667,0.038076380324028644,0.02610847829125786,0.000997884749842859,0.014251765497141466,-0.027663031563925355,1
2024-06-06,0.008888014553267487,0.014796352826870418,0.03783398841504027,0.025704655715228317,-0.006367651892988602,0.03934418763520453,-0.019020886437785545,1
2024-06-07,0.020539931818380985,0.033707341538434354,0.03854430351959869,0.02653776420366477,0.014507494413493083,0.05599359788167879,0.0,1
2024-06-10,-0.0013288879633664985,-0.00020202975425442915,0.03587405185050489,0.02654091756444044,0.014248368578150261,0.052259653773855996,-0.0013288879633664985,0
2024-06-11,0.00024291463162962046,0.06307432200872753,0.014708317177382158,0.026516406339446845,0.016458298289726114,0.047124271700456966,-0.0010862961380671,0
2024-06-12,0.0024973296625596664,0.03106052735700393,0.008926571146706322,0.026284576538696147,0.027230044880575344,0.05055730601268893,0.0,0
2024-06-13,0.00325644911985834,0.025305196000245278,0.008852525946159215,0.02591621672677286,0.04047597343548848,0.044414241302276336,0.0,0
2024-06-14,0.002850561351174452,0.007533227566159928,0.001967650832498133,0.025907920822405617,0.041494494179053376,0.044489252696284565,0.0,0
2024-06-18,0.003933417428064967,0.012842230171287161,0.0013989710656178572,0.02395906941834658,0.012637605904427085,0.046924717802862004,0.0,0
2024-06-19,-0.0017785965642099777,0.010795255503474266,0.0022610885463840713,0.011294073322516345,0.0745504809339943,0.04380788359917531,-0.0017785965642099777,0
2024-06-20,0.0021687361796223215,0.010463942168550622,0.0022532980367955965,0.006503808671476714,0.041849485087542826,0.0428891308003434,0.0,0
2024-06-21,-0.0027962829380066,0.004367726688006668,0.002977012119874854,0.006602253387280494,0.029783448868167417,0.023226146340613818,-0.0027962829380066,0
2024-06-24,0.0015637565901169825,0.0030789751806901133,0.0028147927902747445,0.002336639645660259,0.010635397367556587,0.025297184748944712,-0.0012368990537616753,0
2024-06-25,0.007793829937738694,0.006936102114365017,0.004159646255053891,0.0029895577357411047,0.0198674073054963,0.03439885402562748,0.0,0
2024-06-26,0.006218040326626317,0.015002551454328827,0.004173929217457796,0.0031953356705821867,0.025959763333956554,0.04284531515216372,0.0,0
2024-06-27,0.007361073870492119,0.020261382441549625,0.004547814484578867,0.003535030940402789,0.030937338544223536,0.05900980854184379,0.0,0
2024-06-28,-0.0014098858366778932,0.02167983626298353,0.004041830650441226,0.0038035763029261606,0.026142254550427513,0.06767636118664289,-0.0014098858366778932,0
2024-07-01,0.005470500528933053,0.025665045872923953,0.0037461376882018467,0.003912164511074468,0.028823043092867984,0.07151353486576095,0.0,0
2024-07-02,-0.0007497323124272537,0.016969980565989085,0.004131322119078688,0.004046389364294432,0.024023788198438645,0.036964997270448885,-0.0007497323124272537,0
2024-07-03,0.006742290306066545,0.0174998324172142,0.0042269653157617285,0.003968821281396468,0.032764926007824435,0.109758047933469,0.0,0
2024-07-04,0.0006443909167646034,0.010715548254278673,0.0037236540342825463,0.004042958396016867,0.031194042517079135,0.07434898222176067,0.0,0
2024-07-05,0.0008929251115641357,0.013046321208133094,0.0032923229020083767,0.0035896944914026395,0.03500899957874304,0.0658351371957897,0.0,0
2024-07-08,-0.00013566931221820067,0.007397911104943811,0.003013166338106082,0.003726671221485141,0.03325282470573998,0.04424187907763577,-0.00013566931221820067,0
2024-07-09,0.004631885380881551,0.012823409198780444,0.002979071760160681,0.003423179271580626,0.03001100276966273,0.05047465089083025,0.0,0
2024-07-10,-0.004450911055449147,0.00156259650423074,0.003240177256094958,0.003923263584348818,0.01908977409840462,0.04554510345005447,-0.004450911055449147,0
2024-07-11,-0.00034944263899083783,0.0005678509926076991,0.0032455149375537956,0.0034611270124333066,0.011289484081598689,0.042576089216844304,-0.004798798356334788,0
2024-07-12,0.007657525204649573,0.007330254051065133,0.0047230476974137224,0.003884086118148766,0.0204722081080857,0.04714965233408397,0.0,0
2024-07-15,0.0034507175900890807,0.010943420276268379,0.004690322285559405,0.0037352715890318047,0.018422289831600214,0.04777631937815374,0.0,0
2024-07-16,0.001069684016155037,0.007358839611675938,0.004492670987412346,0.0036385276959740075,0.020276614222025202,0.044787523505915194,0.0,0
2024-07-18,0.0076321456141064115,0.019585232142967257,0.0036850340073075485,0.003775288315854336,0.02117843246247908,0.054637268242898385,0.0,0
2024-07-19,-0.010884707580586794,0.008839876706441707,0.007623703927708562,0.005593317117126002,0.00941274743181153,0.040900411592481145,-0.010884707580586794,0
2024-07-22,-0.0008825603626446687,0.0002897704895283848,0.006901583266544826,0.005623478341134564,0.007622148631898362,0.04289799200888478,-0.011757661531761943,0
2024-07-23,-0.0012321878474453873,-0.0043783834349465645,0.0066421760599668376,0.005653792646900341,0.006517122351262561,0.03998665978413496,-0.012975361731553559,0
2024-07-24,-0.002677799996323338,-0.008105472717669482,0.006581214909809883,0.0055554962289141715,-0.0008062799796997311,0.029180525519259204,-0.015618416304279847,0
2024-07-25,-0.00030311098367707956,-0.015916793174427513,0.004386402952979931,0.0053425592046509535,0.0033567048792468857,0.02251055771551136,-0.015916793174427513,0
2024-07-26,0.017567329479105664,0.012390495252925682,0.008471455628192057,0.007607038527149173,0.021339902409735156,0.03287030297989135,0.0,0
2024-07-29,5.0332496471794386e-05,0.013335781388659429,0.008388353708108167,0.007370628597653568,0.013629416194088861,0.03438064854689182,0.0,0
2024-07-30,0.0008535961765334665,0.015451988537136918,0.008194732192184135,0.00733518872675286,0.011005950371542284,0.029630995010759165,0.0,0
2024-07-31,0.003775550844218989,0.022022651401888416,0.007539623809777431,0.00738290916138392,0.013738674684110164,0.0342938627126268,0.0,0
2024-08-01,0.0023946792031630526,0.02478069007338335,0.007209211283948429,0.007070019196358022,0.008469467780338302,0.029827270294196406,0.0,0
2024-08-02,-0.011722888820474342,-0.004717161569326889,0.006201298582648726,0.007228012399567174,0.007614885715566899,0.017099310143341206,-0.011722888820474342,0
2024-08-05,-0.026786472851438536,-0.03142602904642844,0.013013371591603084,0.011354692459512147,-0.018509338311045842,-0.011028270606832424,-0.038195346828782784,0
2024-08-06,-0.0026210113237665755,-0.03478857317568684,0.012622974135951785,0.01135535919630045,-0.019874137272483994,-0.013486537105452001,-0.04071624771599591,0
2024-08-07,0.012710195456506312,-0.02619718930790771,0.014946815670724709,0.012252515766087468,-0.004751469473856629,-0.005553918438845562,-0.02852356372621545,0
2024-08-08,-0.007428747813561065,-0.035740417178110384,0.014331060875841194,0.012451314726774177,-0.01184539930591122,-0.008528455936311019,-0.035740417178110384,1
2024-08-09,0.010386864037815746,-0.014167984885325113,0.01590011134531686,0.01141802762647762,-0.018818313780836093,0.002120007649300204,-0.025724783994178546,0
2024-08-12,-0.0008412844977941925,0.012113603485259139,0.008694860586787447,0.011405110593171225,-0.01969310801615387,-0.006332097387372171,-0.02654442662998935,0
2024-08-13,-0.008543146999630324,0.006103978109871733,0.009879498942152416,0.01153681472479332,-0.02889694375495322,-0.018209031712267176,-0.03486080069089881,0
2024-08-14,0.00019677699987563635,-0.006327811503241021,0.007567094069870344,0.011362026662469556,-0.03235922993529361,-0.019065128184292846,-0.0346708834947963,0
2024-08-16,0.016459746311157097,0.01758717916822161,0.009876414965289886,0.012901338641442108,-0.01878181113034716,-0.010471415294233788,-0.01878181113034716,0
2024-08-19,0.001283558431450782,0.0084190007181697,0.009105805594545699,0.012439287481269996,-0.005868264442079885,0.001701935110411723,-0.01752236025093057,0
2024-08-20,0.005135791215029606,0.014451472460672798,0.009079250786416202,0.00838434347693876,0.026740135353098715,0.007735854830319022,-0.012476560219744304,0
2024-08-21,0.002888798466325504,0.02614855627822199,0.006566927889358014,0.008176181663787542,0.032412144603220616,0.01189384391959658,-0.009623804021446691,0
2024-08-22,0.0016673260611541618,0.02765726119596179,0.0063153382814940765,0.007467776995674236,0.02115443975717657,0.016302455608577127,-0.007972523979544954,0
2024-08-23,0.0004695403341192783,0.011490904052988471,0.001814648942075485,0.0067264601892671775,0.029280175809594855,0.017087941129471762,-0.007506727066998842,0
2024-08-26,0.007551418736139404,0.017822660559605685,0.0028282808561448975,0.006429488909063454,0.026391710269826563,0.007076749003919858,-1.199477028024365e-05,0
2024-08-27,0.0002858787873942781,0.01291153231830644,0.002973217627585483,0.006371552075466106,0.02754959543270208,0.007313950257890722,0.0,0
2024-08-28,0.0013830180571794415,0.011390703345148578,0.0030092240855622804,0.005055885028597186,0.037837110070839675,0.007846789474319493,0.0,0
2024-08-29,0.003975674936682605,0.013721459806944392,0.003069833187360025,0.0049011328496839715,0.041758219000776586,0.008047725255148519,0.0,0
2024-08-30,0.0033377133780880808,0.01662762381083782,0.0027969644014451504,0.0022865140510747247,0.028309594293665974,0.008996077710118344,0.0,0
2024-09-02,0.0016959965763059248,0.010719454951100715,0.001501003967820588,0.0022597269261439828,0.028733164717684057,0.02269628646678301,0.0,0
2024-09-03,4.5492845755390476e-05,0.01047656164123456,0.001576990885154527,0.0022582143400021438,0.023523362423756522,0.05089251567202657,0.0,0
2024-09-04,-0.003210066515426213,0.005841767339191728,0.0028851758686851414,0.002839352443683892,0.0172990125231125,0.05027185522172517,-0.003210066515426213,0
2024-09-05,-0.002127093858016571,-0.0002723446889805192,0.002684890662227618,0.0030897034675572248,0.013445378151260456,0.0348842473505504,-0.005330332260674031,0
2024-09-06,-0.0116503811875871,-0.015206511358818231,0.005170843498680315,0.005155771509937163,0.0011682643016699412,0.030482647095410043,-0.016918613045567854,0
2024-09-09,0.003390048748297403,-0.01354104443662052,0.005597401107304387,0.004631370128551269,-0.0029667421013489514,0.02334667077049346,-0.013585919220248432,0
2024-09-10,0.00419868144559743,-0.009444280721602416,0.006364241166564767,0.004845517500305975,0.0009333373304953874,0.02850864582905488,-0.009444280721602416,0
2024-09-11,-0.004897947773859657,-0.0111216054796478,0.006495848832427854,0.0050634721249356454,-0.005344807972106347,0.03229007001118522,-0.014295970901725963,0
2024-09-12,0.018879585206944993,0.009695726006259786,0.011462985453228576,0.007921796568881811,0.009420740737795752,0.05157235309345065,0.0,0
2024-09-13,-0.001276148238009589,0.02029401882734483,0.00906652459025819,0.007902665180265106,0.004778906240712644,0.03322378943122062,-0.001276148238009589,0
2024-09-16,0.0010746751326089488,0.017939638440191752,0.00916778677982699,0.007894697782515503,0.004155672562275781,0.033008242904204455,-0.00020284455017749448,0
2024-09-17,0.0013709558280394774,0.01507321962693342,0.00920842470832509,0.007898414177809992,0.005486583187795935,0.029139008496346985,0.0,0
2024-09-18,-0.0016129952337957665,0.018424099412282846,0.008598339036844862,0.007829213897016527,0.00709758836765384,0.02451938216082228,-0.0016129952337957665,0
2024-09-19,0.0015072376963103373,0.0010595181358781236,0.0015256324665507053,0.0077656916128716925,0.010765516939682085,0.024355641537190387,-0.00010818870470585829,0
2024-09-20,0.014760503308965278,0.017133673811448702,0.006467144784956054,0.0074320879551145755,0.037775403737704716,0.038987799695042735,0.0,0
2024-09-23,0.005742324342453475,0.02187620032501103,0.006380250682490568,0.007456983613307657,0.040208289889478666,0.0371222601616914,0.0,0
2024-09-24,5.204508260714391e-05,0.0205302820184472,0.006559148422464561,0.007557754881889342,0.03591295909524761,0.03687981533111495,0.0,0
2024-09-25,0.0024575565527131804,0.024691114784524126,0.005893173834394347,0.006978894691893746,0.04357012575019725,0.03799244382263556,0.0,0
2024-09-26,0.0081486993422204,0.031486319533518436,0.005680826374131275,0.005044058554048208,0.03257919799597464,0.04230685891153563,0.0,0
2024-09-27,-0.0014151636116043198,0.015044036764834123,0.003953092404976261,0.005058006760278724,0.032435470195019134,0.03736938250666699,-0.0014151636116043198,0
2024-09-30,-0.014060915353747983,-0.004942355252023467,0.00817791882992262,0.007461190832122906,0.016825725119416823,0.02105131988591169,-0.015456180469597847,0
2024-10-01,-0.0005404703835788505,-0.005531911612773888,0.008163803754935695,0.007494823255522152,0.014884798700161905,0.02045304857425978,-0.015988297245389638,0
2024-10-03,-0.0211963452973033,-0.02899729466258283,0.01169128951470748,0.010396505947225722,-0.005022155409013074,0.0020397877668292264,-0.03684574907356375,0
2024-10-04,-0.009326695735858426,-0.04582879571865328,0.008704736492186154,0.010728555231764256,-0.015785456290968614,-0.005189877948387545,-0.04582879571865328,0
2024-10-07,-0.008748890647861551,-0.052836343703624555,0.007588642463727571,0.009231653772036491,-0.03858717883598706,-0.0022694213579107503,-0.05417673524424915,0
2024-10-08,0.008767631549761568,-0.030905607525517298,0.011149252338655982,0.009623595136149033,-0.035695216285870024,0.0030778299995186664,-0.04588410534767817,0
2024-10-09,-0.0012473438971101203,-0.0315910051207704,0.01106355780218518,0.009577674775654004,-0.03694815808545748,-0.002362116680177717,-0.04707421598600847,0
2024-10-10,0.0006604768642959336,-0.009966297163179427,0.007463449276989566,0.009465162969221314,-0.03867459617022673,0.0032104725614956475,-0.046444830552276106,0
2024-10-11,-0.0013680848212589414,-0.002012824510485789,0.0062555659327200915,0.008554169326545872,-0.04774937490583053,-0.016725813249097055,-0.04774937490583053,0
2024-10-14,0.006557377049180246,0.01339745722553265,0.004689952714297083,0.009252625696429184,-0.040146759132814736,-0.009013467947074694,-0.04150510851177036,0
2024-10-15,-0.002809620362982379,0.0017670705209058557,0.003678113751641766,0.008558089281758415,-0.029193149392600426,-0.012858620180233427,-0.04419811527671025,0
2024-10-16,-0.0034341221238478603,-0.0004263077942274762,0.004029987526965623,0.008517320872438557,-0.03200384542328738,-0.01759541751988214,-0.04748045567505399,0
2024-10-17,-0.008868180671410819,-0.009944616566227138,0.005556773314923268,0.006203254490533914,-0.019811802725533734,-0.0247344601823265,-0.0559275710871775,0
2024-10-18,0.0042101265260194864,-0.004414312466827552,0.006230596933558455,0.005891516688607697,-0.006418251740983205,-0.022102392999630127,-0.05195290671172814,0
2024-10-21,-0.0029351353199982277,-0.013803354432017079,0.004647037693738018,0.005253406160174258,-0.0005908270570561536,-0.039155207543731474,-0.054735553220260136,0
2024-10-22,-0.01246918014131737,-0.023356420371667408,0.006360845788138016,0.005576840719593811,-0.021630622292674206,-0.05655372883740928,-0.06652222588833945,0
2024-10-23,-0.0014955806816742134,-0.021456632213781357,0.006514464367416014,0.00557282666799179,-0.021873792878458254,-0.058013754606713874,-0.06791831721407304,0
2024-10-24,-0.0014773587608192251,-0.014159681775849031,0.006043560277217084,0.005491518489142643,-0.02396348573611562,-0.06171130377266709,-0.06929533625393591,0
2024-10-25,-0.00895923670254195,-0.02708814056461628,0.004983121282144391,0.005844949206476599,-0.03138287751484625,-0.0776337396365967,-0.07632659063866198,0
2024-10-28,0.006548584000529489,-0.017834155868787005,0.007404515225969536,0.0058433239930810454,-0.03139133912635128,-0.0702778377284039,-0.057018656882667496,0
2024-10-29,0.00524669103070563,-0.0002145300158139518,0.006226862042321594,0.006424810654508334,-0.023565939734249586,-0.05207112512761103,-0.051558520597436264,0
2024-10-30,-0.005149825171609779,-0.0038734627897936136,0.0066428226809921945,0.006479260001745619,-0.025246983537100642,-0.05644282840186232,-0.036009758377194556,0
2024-10-31,-0.005566773551457738,-0.007953064419616962,0.006995867746772488,0.006198738573467675,-0.022000133334141414,-0.04137607375812369,-0.03671608706639429,0
2024-11-01,0.004090004895611843,0.0051094256600277,0.005901408162970425,0.006185027530844905,-0.0221171197450718,-0.02839341824374564,-0.03277625114663163,0
2024-11-04,-0.012713773460306443,-0.014125390574444951,0.007477955392375226,0.00702693018657686,-0.03170763202601978,-0.03227972535615986,-0.045073314774981776,0
2024-11-05,0.009083009833155131,-0.010363001367155955,0.008621720158360916,0.007169951504464777,-0.010575308208122691,-0.031977180003318395,-0.0363997063031406,0
2024-11-06,0.011181871120417242,0.0058831141886992455,0.010118212964004334,0.00813602472785267,0.0019868633750077525,-0.019930389741393384,-0.025624852007426036,0
2024-11-07,-0.011627978214388546,-0.0002478790845825696,0.011413953389184626,0.008963587026271575,-0.008198972105871616,-0.03196598189087729,-0.036954865000925374,0
2024-11-08,-0.0021136931363857636,-0.006424775811737282,0.011193617655131903,0.008520550470592721,-0.0013481770661020187,-0.03268874490521445,-0.03899044689280262,0
2024-11-11,-0.0002857355827764474,0.006082428470516099,0.009212943528062616,0.008195718044370722,-0.008128878781715976,-0.03926504151751342,-0.036558135636849065,0
2024-11-12,-0.010680866399075395,-0.013622678445317171,0.009250427804696218,0.008437262310058868,-0.02384450797712001,-0.04684852947338791,-0.04356401148518496,0
2024-11-13,-0.013582627300494754,-0.037779697394834555,0.006022650538016763,0.009137405781121925,-0.03211884547992361,-0.05655492505396198,-0.05210418422752028,0
2024-11-14,-0.0011184661520731165,-0.02754826059377624,0.0061238850263951,0.009118812962538338,-0.027789311040740894,-0.04917807582672207,-0.053164373613153515,0
2024-11-18,-0.0033527814487925856,-0.028755766475348166,0.005972955937247323,0.008794023274843726,-0.03499579293418664,-0.05633890653635931,-0.0535609799403578,0
2024-11-19,0.002758614808687776,-0.025798113606143813,0.006777147400554892,0.00834668149062626,-0.019872600316311217,-0.05095011924410131,-0.03943587764279188,0
2024-11-21,-0.007168824542381436,-0.022339737349503452,0.0062260512294075405,0.007493143018294815,-0.035658088736355564,-0.04585630166597865,-0.04632199329767739,0
2024-11-22,0.02386948123974819,0.01477988289001475,0.01220981238079691,0.010673288213027854,-0.023558194007935795,-0.02161813754578379,-0.023558194007935795,0
2024-11-25,0.013161279528176584,0.02928690715472526,0.012667814438546124,0.011142324744950333,0.0009318432106648622,-0.0072747690516979935,-0.010706970456276554,0
2024-11-26,-0.0011312077087264338,0.03158123630285936,0.012297736547040151,0.011124477223192451,0.0019173271713832651,0.0005665652087607498,-0.011826066357485732,0
2024-11-27,0.0033230692926078387,0.03216191508812227,0.01225965627979833,0.01116374492816702,0.005534084742743861,-0.002639779943013676,-0.008542295902842834,0
2024-11-28,-0.014861029293632533,0.02416498571728365,0.014641094411595687,0.011698840621877739,0.0012854089338014685,-0.022589748986894365,-0.023276377886828237,0
2024-11-29,0.009072034757664271,0.009363268464587016,0.010844343290250878,0.010901880793964954,0.0242815393659761,-0.008617201124857976,-0.014415507238385805,0
2024-12-02,0.006006771344862161,0.0022355801980851187,0.009359413139546899,0.01087517289252542,0.031587960582508456,0.0029208418799975266,-0.008495326549324944,0
2024-12-03,0.0074600274756395635,0.010855773006261726,0.009768882534208375,0.010690802380516092,0.04277984804168211,0.006286940403672725,-0.00109867444315781,0
2024-12-04,0.00042114473681520437,0.0079320615120968,0.009771694915372768,0.010752386053118342,0.040349086889044816,0.019674645295859605,-0.0006779924073018195,0
2024-12-05,0.009847777353177323,0.033212554073634326,0.0037390320225226367,0.01011325747292064,0.05818012068574174,0.02044744004328214,0.0,0
2024-12-06,-0.0012384452251057443,0.022655411481449228,0.004722225575312995,0.008002245281999713,0.03223080864591288,0.007913314994864029,-0.0012384452251057443,0
2024-12-09,-0.002382708345152307,0.014127092339981218,0.005482088007516347,0.007335547408832312,0.01639425478595813,0.017341374871639115,-0.003618202716485164,0
2024-12-10,-0.0003635403550104055,0.006251750510586795,0.0049142899839447396,0.007307149637691196,0.0171753911012833,0.019125649116704224,-0.003980427708795475,0
2024-12-11,0.0012901233439184256,0.007125793656470147,0.004892664683981867,0.007286107021481041,0.015114377402172474,0.02073210639029388,-0.0026954396075828946,0
2024-12-12,-0.003778133090926783,-0.006463388968933725,0.0019302031339226697,0.005001329012419057,0.026534499449070825,0.027854016065518072,-0.006463388968933725,0
2024-12-13,0.008945483874909899,0.003667263694494549,0.004975319373272114,0.0049833549322729825,0.02640575854395366,0.051328470375503255,0.0,0
2024-12-16,-0.004039437506813126,0.00200048742840897,0.005281226553350341,0.005231387905457438,0.016155840839016333,0.04825413148512503,-0.004039437506813126,0
2024-12-17,-0.013468730047733413,-0.011135694563806253,0.008204580566363123,0.006632508356763732,-0.004953561637394466,0.03761437379017485,-0.017453761461222572,0
2024-12-18,-0.005635683760683796,-0.017975553733899363,0.008049064123543156,0.006815445064239464,-0.010977850164197833,0.02892829049471679,-0.02299108134187655,0
2024-12-19,-0.01021329525989867,-0.02431900670911291,0.008582422481224103,0.006161847344193727,-0.030625212478347486,0.025773129649377502,-0.03296956189968625,0
2024-12-20,-0.015205601272561098,-0.04767384115986961,0.004830587188502826,0.007192668566805191,-0.04418141001223774,-0.013374603938135943,-0.04767384115986961,0
2024-12-23,0.00703550609432968,-0.037084106087784896,0.008903939903674494,0.008062570253594477,-0.035157804947398286,-0.019339936173462857,-0.04097374466556036,0
2024-12-24,-0.0010861580107310864,-0.024997945430637714,0.008542631180511673,0.008034092391972695,-0.03585527050940562,-0.0192957077021636,-0.04201539871529325,0
2024-12-26,0.000950368030546711,-0.01854013723792647,0.008923438043627994,0.008011728689029005,-0.03618242173867159,-0.021614919113981945,-0.041104960776476296,0
2024-12-27,0.0026610302229033156,-0.005774120417339823,0.008418726137008885,0.008255308117491289,-0.029952706253284278,-0.0042129868717892816,-0.03855331209651036,0
2024-12-30,-0.0070758480519371725,0.0024334923158453314,0.0051839909390580365,0.0071602262234422434,-0.045356362770153646,-0.02014827338994063,-0.045356362770153646,0
2024-12-31,-4.229241823860974e-06,-0.004574072397904416,0.0037108744216572645,0.007307993887641529,-0.041488553099632175,-0.026002994721134653,-0.045360400188951155,0
2025-01-01,0.004148903775883062,0.0006427100871768676,0.004335112056932157,0.00694076488833653,-0.024371301775147902,-0.029204138667015545,-0.04139969234868757,0
2025-01-02,0.0187740335005413,0.01846089717139221,0.009465036598725324,0.00950981617521134,-0.0004215076336271384,-0.011394730550179921,-0.023402898059212696,0
2025-01-03,-0.007602739301283967,0.008035391838208783,0.01076994785358913,0.009230060556826227,0.0022148741007945727,-0.02847816936750258,-0.030827711227657928,0
2025-01-06,-0.016192628542267662,-0.0012201362661716786,0.01312942222466861,0.00941719448267907,0.0012103868574455667,-0.043024499752814305,-0.04652115809320789,0
2025-01-07,0.003889304096154955,0.002668662877250094,0.013256950833303126,0.009212325183570007,-0.0019176161778604595,-0.03700800194971354,-0.04281278892778262,0
2025-01-08,-0.0007993116218644181,-0.0022722582329876007,0.013109984429901436,0.009209545658998088,-0.0016310085490978121,-0.037427798805772405,-0.04357787978989269,0
2025-01-09,-0.0068576277124988705,-0.027374409072023487,0.0075969019915780546,0.009436425973935063,-0.009418868051637497,-0.04526049233416385,-0.05013666662629246,0
2025-01-10,-0.004037999702463213,-0.02388069028004869,0.007518576559596948,0.00939275384040994,-0.016037189145607145,-0.04550953818328474,-0.053972214483836156,0
2025-01-13,-0.014747241960608504,-0.022446598817329688,0.0069794838455542315,0.010172760630228149,-0.023639347174232106,-0.06792351513830175,-0.0641431799985811,0
2025-01-14,0.0039028066854513987,-0.022433450453224535,0.006983547900293291,0.010346115358273641,-0.01982465489240759,-0.06049071174485421,-0.04766395463510853,0
2025-01-15,0.0016029478707546563,-0.020083203350085177,0.007374183143504096,0.010209723535368068,-0.022309827358915735,-0.046137409598948076,-0.0407312744200653,0
2025-01-16,0.004247583271586697,-0.00912587932756681,0.007957933701867889,0.007590247241033613,-0.03625047284573557,-0.03665670062833559,-0.03625047284573557,0
2025-01-17,-0.0046585849226571385,-0.009743294283336534,0.008006134452445747,0.0074765474340694575,-0.033391307970297546,-0.031250391412718126,-0.040740181862154334,0
2025-01-20,0.006100451661839701,0.011210281578189374,0.004174167834736199,0.006484518209897222,-0.011487949932355246,-0.010291467938526755,-0.03488826371045928,0
2025-01-21,-0.013711862410177855,-0.0065326058582027,0.008051437686435037,0.007305762638106841,-0.028819507421576795,-0.030681858845767684,-0.04812174304890926,0
2025-01-22,0.005676524941747196,-0.002492116554374313,0.00860373982908353,0.007783632695353452,-0.022525270220925875,-0.02411953986172266,-0.042718382381819686,0
2025-01-23,0.0021593281898135697,-0.004566356952273143,0.00836490293352666,0.007712293076323381,-0.013650564257326914,-0.022940859445394257,-0.04065129719930638,0
2025-01-24,-0.004876030742910431,-0.004783822920976455,0.00838994242876402,0.0077492522369822315,-0.01448050700979453,-0.030285469525561215,-0.04532911096733383,0
2025-01-27,-0.01139129229783209,-0.022086336328296485,0.008372165000473034,0.0071586241679600995,-0.011123648799377994,-0.034500040177797286,-0.056204046112536266,1
2025-01-28,0.005611247024089661,-0.0029272974833494114,0.00742156000122428,0.007309934341718748,-0.009440780460863607,-0.029078275138719634,-0.05090817387493729,1
2025-01-29,0.008966666303673154,0.00033469586942103113,0.008216491759619545,0.007936786222226317,-0.002158254786070124,-0.024419931853312038,-0.042397984178530135,1
2025-01-30,0.003730070672751218,0.0019025785002166895,0.008344234260559885,0.007906282269780665,-0.0026724663046182595,-0.038826060983147115,-0.03146252304231456,1
2025-01-31,0.011135723348889348,0.018023401841314346,0.008865502832176308,0.008482008899829311,0.013153358157495632,-0.020677157645882516,-0.00841491654680504,0
2025-02-01,-0.0011166221435742196,0.028603780692667113,0.004758336191710145,0.008337771784346675,0.005885691643731539,-0.0056698728195442305,-0.009522142408226797,0
2025-02-03,-0.0051571086974575575,0.017589214736085435,0.006791533060300424,0.007042317063541479,0.014610428388704966,-0.014630144382252408,-0.013841896749328342,0
2025-02-04,0.016189340804458663,0.024873613635480574,0.008732576020916052,0.008394305715116934,0.02521663460064305,0.002123352871275408,0.0,0
2025-02-05,-0.0018092399717767327,0.01921761758317375,0.009262335334097507,0.008506581324940945,0.02115675910942949,0.0072173931524026624,-0.0018092399717767327,0
2025-02-06,-0.003922553310010457,0.004038981810756903,0.008733502735902319,0.008424294524343847,0.022135179844276376,0.007334144207583826,-0.005724696441547272,0
2025-02-07,-0.0018387220458111475,0.003313154885732361,0.00877972809509552,0.007154875646460235,0.03201170433415168,0.020531968578291204,-0.007552892361805785,0
2025-02-10,-0.007570050021328711,0.0008796693641766051,0.0092360854738926,0.007838499310482855,0.018484356793605494,0.008869069578293143,-0.015065766610149911,0
2025-02-11,-0.013249734834228644,-0.028115884031719607,0.004839937347527051,0.008701561305443776,-0.00394161403266402,-0.006091361811383256,-0.028115884031719607,0
2025-02-12,-0.0011507554677138154,-0.027474753442520483,0.004978503080973491,0.008582671223217465,-0.0087851351641971,-0.011434123491107506,-0.029234284992154302,0
2025-02-13,-0.0006009915275381195,-0.024231729818013026,0.005448746625777557,0.007495285381441067,-0.0202906195232343,-0.00740415115156523,-0.029817706962098622,0
2025-02-14,-0.004435249268390229,-0.02677000587862033,0.005204439217007865,0.007524125555461004,-0.02354554416865584,-0.017798434337484847,-0.03412070726750005,0
2025-02-17,0.0013192755977626813,-0.01805265678995438,0.005766376408888461,0.007534807584247009,-0.017188867794897922,-0.002829576128193123,-0.032846446286213804,0
2025-02-18,-0.0006184803676038131,-0.005482883866885113,0.002089269653934229,0.004263800347696561,-0.03344461177164404,-0.009071337725406803,-0.03344461177164404,0
2025-02-19,-0.0005404156842576668,-0.004875191199921858,0.0021031451140360964,0.004334285978338315,-0.03221599996623936,-0.011740827007564958,-0.03396695346314638,0
2025-02-20,-0.0008612081332932675,-0.005134294919110438,0.0020947739468272766,0.004390103224884092,-0.029241611889837538,-0.007753700383679285,-0.03479890897985394,0
2025-02-21,-0.0051171488861200265,-0.005815715734269533,0.002375509154626714,0.00441982233457072,-0.03243003486849505,-0.0014564712220997977,-0.039737986667649494,0
2025-02-24,-0.010640071240881177,-0.017689845162133344,0.00440471120845569,0.004837605925317776,-0.03542315324870837,-0.01759357065850664,-0.04995524289941766,0
2025-02-25,-0.000257168003866326,-0.0173347047107687,0.00446745728124806,0.0035201787807048225,-0.02272254440485788,-0.026574594937637808,-0.05019956401318493,0
2025-02-27,-0.00011087679149179852,-0.016912383518874696,0.004541706283260006,0.0035725489370265766,-0.021705123615495592,-0.03029957633497493,-0.05030487483808466,0
2025-02-28,-0.01864489100711675,-0.034410371336983325,0.007831251013951933,0.006242187469639316,-0.039367993261373635,-0.058859811811948104,-0.06801183693671864,0
2025-03-03,-0.00024407110604895976,-0.029680775929004866,0.008399613384761691,0.006348810071927862,-0.035323876707698765,-0.05803770097712524,-0.06823930831850211,0
2025-03-04,-0.0016569240437083188,-0.020870513693087567,0.008109205511775526,0.006161047976962316,-0.03819116269953604,-0.05472356764785824,-0.06978316501153148,0
2025-03-05,0.011531677583985545,-0.009324738164456892,0.010802492462866214,0.007842066183534547,-0.026497801292639456,-0.05905620438724901,-0.057350725640711864,0
2025-03-06,0.009284918051868374,-1.5524472112393717e-05,0.011933268234909377,0.008704411281529534,-0.0169276454351609,-0.048598304376632595,-0.044851684188896845,0
2025-03-07,0.0003459793210820461,0.019335855401429125,0.006080959411953037,0.008725244892615057,-0.01573986990003562,-0.0445212226230598,-0.042761126403069616,0
2025-03-10,-0.004088238554484036,0.015416401061516316,0.00691427443443268,0.008684488655539705,-0.014721945613026977,-0.04667454727195952,-0.039402778252985216,0
2025-03-11,0.0016740649056334878,0.018804355455527277,0.006490852607446047,0.008088892153564559,-0.002458614795584513,-0.037794676155609386,-0.024874522143915834,0
2025-03-12,-0.0012178914476462799,0.00596311998316712,0.005003290281135293,0.00809513102406497,-0.0034172227137759803,-0.02606211912377876,-0.02494006357058398,0
2025-03-13,-0.003262054693932037,-0.006542557674309224,0.00240751537692126,0.008147567842187429,-0.006557980576667566,-0.028120762413078593,-0.027536319980548285,0
2025-03-17,0.004980533280945831,-0.0019399179691830248,0.003732083777457517,0.005254255773719249,0.01735842745890337,-0.022692932257700416,-0.019632396175874867,0
2025-03-18,0.014463264286110888,0.016651603050716224,0.0069561919776017925,0.0065398959737756526,0.03232471190317954,-0.0041409989423989435,-0.005453080424225321,0
2025-03-19,0.003210083076774728,0.018210588543819517,0.006898591165562477,0.006315060585402752,0.037357382379379134,-0.002260502188636604,-0.0016430380077837592,0
2025-03-20,0.012356161273987754,0.03204868605504996,0.007176787976415145,0.006433062992882736,0.038202916198466275,0.010692821623600635,0.0,0
2025-03-21,0.006888552067320308,0.0425588912899828,0.0048302379433873,0.006246936346453327,0.035737889614854135,0.018205285855692033,0.0,0
2025-03-24,0.013188210908592346,0.05107347142777807,0.004780657229014515,0.006812888890912447,0.0490344751136238,0.03252280895468318,0.0,0
2025-03-25,0.0004353642582852757,0.03653932899191137,0.005572705225812196,0.006285501230785688,0.05379937044474037,0.03828539342601078,0.0,0
2025-03-26,-0.0076810464475161044,0.025286367842986657,0.008751633590710734,0.007465812827619488,0.04395743602736246,0.04139074682918498,-0.0076810464475161044,0
2025-03-27,0.004474844434225966,0.017304387759722095,0.007757162759027563,0.007207841057592436,0.04990765670545838,0.04631988841359713,-0.0032405735012347447,0
2025-03-28,-0.003077320865803923,0.0072354220912702605,0.007934667391264062,0.007184782229930317,0.05010224492347248,0.04321569479774934,-0.006307922082586126,0
2025-04-01,-0.015036555006834651,-0.02082351474215227,0.007542312092451353,0.00956229063390704,0.029186427500416556,0.04705148544387039,-0.02124962767204719,0
2025-04-02,0.007193825353863481,-0.014208668428491,0.009033707966915461,0.008836176403691639,0.021811485353174787,0.05484124723657624,-0.014208668428491,0
2025-04-03,-0.003525148559832214,-0.010080108656546072,0.008658641985597732,0.009005296878138832,0.01495136985105372,0.052867296271054354,-0.017683729321275266,0
2025-04-04,-0.014866602724289302,-0.029141296077687562,0.009339770036660904,0.009468900915438973,-0.012341180605114577,0.02539026650490439,-0.03228743506706133,0
2025-04-07,-0.03243256223135693,-0.05772906138987688,0.0147884951963619,0.01317543088980422,-0.050911333424695226,-0.016992907423917902,-0.06367283305131488,0
2025-04-08,0.0168873186051548,-0.02718890428521492,0.019230229270151392,0.013784793991597705,-0.04744625047816098,-0.000738277352843375,-0.04786077786439036,1
2025-04-09,-0.006065890569914023,-0.03999597125878862,0.01793909160569973,0.01366518513250305,-0.05363635019318802,-0.0027225816217948395,-0.05363635019318802,1
2025-04-11,0.0191703703042303,-0.018131104812452392,0.021808585679124384,0.01566215940802434,-0.028028449962425706,0.014696927268767146,-0.0354942085839286,1
2025-04-15,0.021902398531663314,0.01851605255747235,0.023158771369827132,0.01742324371201137,-0.011164825289982416,0.038185621147726945,-0.014369218354236657,1
2025-04-16,0.004657383335012311,0.05755902100931354,0.011739566558077194,0.017491588993986937,-0.003492868637951174,0.046434375725537214,-0.009778757977324415,1
2025-04-17,0.017683426347857356,0.05838697009431648,0.01183909320599467,0.017470580396417204,0.029610588067703558,0.05966124285000274,0.0,0
2025-04-21,0.011483482274811108,0.07707435326786949,0.006920429322359413,0.017635233558439278,0.03399571839098936,0.056548700857919965,0.0,0
2025-04-22,0.0017284580040661801,0.058641481828675124,0.008496307476146686,0.0174806240886647,0.03944714216282952,0.05498830082592687,0.0,0
2025-04-23,0.00669087297892812,0.04288307674501857,0.006267291371605971,0.016173821197232242,0.062193154605327816,0.04908443704682708,0.0,0
2025-04-24,-0.003380745983694311,0.03453910876725885,0.008212118567545808,0.009837343904838567,0.09408616706375006,0.03838478141702062,-0.003380745983694311,0
2025-04-25,-0.008551679197581596,0.00786947653516612,0.007929075556683532,0.010831790878722596,0.06671592152059946,0.016104250719090718,-0.011903514126174852,0
2025-04-28,0.012028195437896683,0.008412243451444645,0.008100804041338129,0.009970611972247235,0.08613496494286599,0.027878649606124517,-1.849648258556158e-05,0
2025-04-29,0.00030622520911682827,0.006980521159834163,0.0081246222149253,0.009465861659603442,0.0660313510932582,0.03615214471076378,0.0,0
2025-04-30,-7.191007542339811e-05,0.00021579229683155177,0.0075715800804969854,0.007902921592019658,0.043108122879476074,0.03146200292896517,-7.191007542339811e-05,1
2025-05-02,0.0005136803346730279,0.004124272581423449,0.007324653834467227,0.00798779421852359,0.0388058300479579,0.03517741774326266,0.0,1
2025-05-05,0.004700842413961626,0.017546231491284203,0.005149001810588158,0.006381983893004284,0.025553787683451734,0.05592103843181939,0.0,1
2025-05-06,-0.00333385797478869,0.00210041720615739,0.0028583523583952403,0.0057664640869055815,0.010530329878489786,0.044884034398592565,-0.00333385797478869,1
2025-05-07,0.0014274229273656402,0.0032236259525517674,0.0028906977544605732,0.0057633890972706905,0.010226649701559065,0.05007720396901538,-0.0019111938727328637,1
2025-05-08,-0.005758896389016388,-0.0024821033771400547,0.004107235294919772,0.005750035400086467,-0.002266846699097269,0.05978532555900706,-0.007659083894256846,1
2025-05-09,-0.010950077861727414,-0.01391153626569519,0.0061154746972913255,0.006642464029859856,-0.009844638651857807,0.08331528409501132,-0.01852529419099269,1
2025-05-12,0.038183105631456105,0.018950458175515106,0.01966972194587099,0.013556785146096062,0.036829198792812656,0.10600221424973988,0.0,1
2025-05-13,-0.013895854313191403,0.008152307667065983,0.0211537846808064,0.014249207932914383,0.010269848120517011,0.09728940607121239,-0.013895854313191403,1
2025-05-14,0.003602764221357635,0.01034225702863889,0.021166543108923467,0.014266615298274919,0.013599222549355972,0.08052854868136627,-0.010343153578578623,1
2025-05-15,0.016021470067175025,0.03247534378630457,0.021350205274042397,0.014967390833687628,0.029912633248678766,0.07431023359788758,0.0,1
2025-05-16,-0.0016878074862042292,0.042144285238253865,0.01979262887547183,0.01502493856346606,0.02764645722007497,0.06752513098834334,-0.0016878074862042292,0
2025-05-19,-0.0029716464560067823,0.000832507512628089,0.010888216525660195,0.015114471845118656,0.01979874208694188,0.04585846262208282,-0.004654438375076175,0
2025-05-20,-0.010484878003804265,0.0042944298539162595,0.009839531895281141,0.015560792115655149,0.012481747034405855,0.023143513826627826,-0.015090515160341544,0
2025-05-21,0.005248360267218644,0.005941160016053937,0.009979234515123612,0.015609778011664077,0.016344862048627062,0.026738664928777522,-0.009921355353302297,0
2025-05-22,-0.008211272515510792,-0.018051160916283893,0.006144262911055415,0.015759066698768844,0.01383796521352254,0.011539749968658697,-0.018051160916283893,1
2025-05-23,0.009892440785543855,-0.006660724706032739,0.008704505740901142,0.015303337086866388,0.035202849050316676,0.02501165107004244,-0.00833729017121454,1
2025-05-26,0.005954979549875894,0.002232872126981089,0.00917978035958281,0.009495399959783402,0.0030672385224295162,0.04000940125252983,-0.002431959013809548,1
2025-05-27,-0.00699767810680707,0.005764891285412688,0.008220842313845882,0.008549155186380178,0.010084078060569546,0.02045748813120407,-0.009412619054269156,1
2025-05-28,-0.0029706519725128944,-0.0024583441641529147,0.008022649494851576,0.008582574994942492,0.0034682104358472188,0.017114597950768307,-0.012355309411421933,1
2025-05-29,0.0032784633440325894,0.009098038578284173,0.006802400357107667,0.00675306834978138,-0.009117352496399,0.020522556730856012,-0.009117352496399,1
2025-05-30,-0.0033382191869080202,-0.00412221388435674,0.005287438973682748,0.0067946374424384766,-0.010755481658526356,0.01659362459799474,-0.012425135962269684,0
2025-06-02,-0.0013777388114276645,-0.011381476452083317,0.0037270597636733585,0.006763434581129613,-0.00917401770663595,0.010443090369831154,-0.013785756181644793,0
2025-06-03,-0.007043849073092523,-0.01142744358782255,0.003741695313446565,0.006292796730902264,-0.005728430272363805,0.006681815944478142,-0.020732500468835346,0
2025-06-04,0.0031659366405216716,-0.005342905449763569,0.004409604504572418,0.006111192193681951,-0.007788114913484412,0.008429451471262839,-0.017632201611197718,0
2025-06-05,0.005308648995540288,-0.0033301655821144083,0.004967495705348595,0.005766540671673163,0.0057375750212314,0.019654936598307637,-0.012417155785029887,0
2025-06-06,0.010187508333030282,0.010195671233540704,0.006567545508570799,0.005819952365086489,0.006031428611664724,0.04144660113295573,-0.002356147330032199,0
2025-06-09,0.004005511327618061,0.015641309888900556,0.006301385047320564,0.005651484924422363,0.004081812236637061,0.007161570650800142,0.0,0
2025-06-10,4.182733675395234e-05,0.02288886625241937,0.00370447160267868,0.005028738446530241,0.011199861436707925,0.02139687977427296,0.0,0
2025-06-11,0.0014798291126005836,0.021169608695299047,0.003930865210707801,0.0048184614201398236,0.015713596027868038,0.019236304521443648,0.0,0
2025-06-12,-0.010071038207896121,0.0055472730284555904,0.007366762714902615,0.005997715109645093,0.0021986341086270844,-0.006938764109950757,-0.010071038207896121,0
2025-06-13,-0.0068144743292002374,-0.011376612053329516,0.005922335615163544,0.0063199673730194835,-0.0012969330160359505,-0.012038465535296083,-0.016816883705760288,0
2025-06-16,0.009219777819132302,-0.006242232066031472,0.007541698717411611,0.006942002225449527,0.00930144113672604,4.209184440440161e-05,-0.007752153818005425,0
2025-06-17,-0.0037319864510051426,-0.009992331975661406,0.007571523534055446,0.00658836133368545,0.01266782112661713,0.006866824124226678,-0.011455209335995642,0
2025-06-18,-0.0016637562667483063,-0.013099906926424265,0.007338980569998642,0.006611662464278625,0.007792381865297626,-5.642101360359142e-05,-0.013099906926424265,0
2025-06-19,-0.000757696361243787,-0.003815060952579996,0.006039486130875642,0.006427362370900642,0.0017110488911513677,0.007458441183760822,-0.01384767753585725,0
2025-06-20,0.01287245520454161,0.01593132297136579,0.007368264502350419,0.006928001971130092,0.004373466437094686,0.010431273299360333,-0.0011534759400828598,0
2025-06-23,-0.005594845574297902,0.0010181789028520516,0.007314703679387507,0.0070459695487447875,-0.005230408872175629,-0.0011699461824755675,-0.006741867994622397,0
2025-06-24,0.0029012610173835274,0.007683053425285857,0.007012959384398104,0.0071280348736846655,-0.0023860501707878568,0.00878708783462634,-0.003860166896036188,0
2025-06-25,0.008001804798287937,0.0174391072079898,0.007233786340031787,0.0075842190795137494,0.00411074960026081,0.01988894028671906,0.0,0
2025-06-26,0.012052010814129765,0.030482086858318214,0.007614074081565956,0.007403210210086444,0.02655073488641202,0.028807744346369457,0.0,0
2025-06-27,0.0034756741946846414,0.02092193498032846,0.006600242017791167,0.006614934582643804,0.037186572055051714,0.03584141054596435,0.0,0
2025-06-30,-0.00470984249818629,0.021830537524177185,0.006276952205214824,0.006782679217541451,0.02287094381977428,0.032385117694181176,-0.00470984249818629,0
2025-07-01,0.0009699397069802274,0.019862763457626276,0.006445114512992545,0.006475266710308627,0.02769842355573071,0.04071712335744104,-0.0037444710544586313,0
2025-07-02,-0.003460993352073727,0.008265084819615964,0.006681430752190192,0.00663451241186275,0.025848327727858056,0.033842129633390394,-0.007192504817105871,0
2025-07-03,-0.0018897278948981633,-0.005624486281263441,0.0033334563388229617,0.006706957602626185,0.024686154497695956,0.026439442606127406,-0.009068640835017017,0
2025-07-04,0.002192455904870272,-0.006896067525294702,0.0029138833224956234,0.005628632412212204,0.013881588378649612,0.018315765476611956,-0.006896067525294702,0
2025-07-07,1.1782726522913123e-05,-0.0021848136833999554,0.0022555411465919536,0.005110546795647414,0.019598028183678284,0.01426511361101368,-0.006884366053249491,0
2025-07-08,0.002403647889149374,-0.000755624114197051,0.0025506720053815675,0.005102719855560399,0.019092130560385945,0.01666052560821374,-0.004497265756032043,0
2025-07-09,-0.0018180037222059742,0.0008918258464487572,0.0020795839838250196,0.004730283465420516,0.009164281682329856,0.013312703349853017,-0.006307093432353805,0
2025-07-10,-0.004743661706462121,-0.0019700613651482124,0.0029844823008938533,0.0030077064043064097,-0.007583467063290161,0.01876592119960452,-0.011020836421221758,0
2025-07-11,-0.008100886404196372,-0.012220651192019205,0.004099118528383125,0.0033999196855999587,-0.019032444281490646,0.017446376412903586,-0.019032444281490646,0
2025-07-14,-0.00268590071113739,-0.014885335784111553,0.003865034703070565,0.003272896903725187,-0.01703762778220841,0.005443649409736739,-0.021667225736997753,0
2025-07-15,0.004525103359739768,-0.012800470173376488,0.004643134464968466,0.0037542921260850072,-0.013546421943637532,0.013776787079433639,-0.017240168813236756,0
2025-07-16,0.0006449487613013893,-0.010364616248169867,0.004867383920309825,0.0037229675340596804,-0.009482033834379733,0.01612119917540067,-0.0166063390774559,0
2025-07-17,-0.0039901555010400935,-0.009615365654055852,0.004774772623105395,0.0038395509651151425,-0.011566484158817225,0.012834138323938982,-0.02053023270327403,0
2025-07-18,-0.005696604536974181,-0.007214754759968578,0.004065209463063515,0.0038852929745016055,-0.019347236950630342,-0.00573421895159365,-0.026109884623485513,0
2025-07-21,0.004898191313820632,0.00033489751737292295,0.0048277410795463235,0.004428089872779197,-0.014555423328738049,0.004757347258318223,-0.021339584519732502,0
2025-07-22,-0.0011876910568456855,-0.005354066947665825,0.00413844523442433,0.004221042131173847,-0.018086002546772395,0.000660827691675081,-0.02250193074288742,0
2025-07-23,0.006344544689137255,0.0003113590525165577,0.005338577828509259,0.004947253095757975,-0.01005648431274786,-0.0009843630853939578,-0.016300150558940185,0
2025-07-24,-0.00625696374688256,-0.0019652389646954704,0.0058424343366750625,0.0050954430921329435,-0.011561708127508119,-0.019057497358017983,-0.0224551248547068,0
2025-07-25,-0.00898168948332334,-0.0052626519921180615,0.006710113967769337,0.0052346480938184545,-0.012439438008576498,-0.03123512937927586,-0.027593983196172567,0
2025-07-28,-0.006284978056931179,-0.016332744801858867,0.0060706438225094006,0.005463918274860712,-0.016003317080171997,-0.03276828630268769,-0.03370553367421236,0
2025-07-29,0.005680505978306938,-0.009568690669529145,0.007310917849439711,0.005617844670039458,-0.014871526206748809,-0.02821649218144373,-0.027481633852483145,0
2025-07-30,0.0013677878901419138,-0.014466750462928224,0.006155347343687638,0.005652808240040247,-0.014159895764128683,-0.023507664987781673,-0.026151435008326063,0
2025-07-31,-0.003488224726966971,-0.011720885320863017,0.005896386808138032,0.005629540134351369,-0.013663089945025186,-0.025071540190432784,-0.029548437653051263,0
2025-08-01,-0.008195943613522938,-0.010937311269477057,0.005681728181813623,0.005892766333229767,-0.01614240399865441,-0.03517733003417001,-0.037502203937702094,0
2025-08-04,0.006407399039704442,0.0016956431896728574,0.006202969005627552,0.0060938763832564915,-0.014664796119677859,-0.02900676713286432,-0.03133509648349497,0
2025-08-05,-0.00296083566755323,-0.0069114583962838205,0.005513494357958685,0.006110860996998224,-0.016414015458343534,-0.03420315407973362,-0.032444133913746565,0
2025-08-06,-0.003056850936426825,-0.011299514585567105,0.005314929552137123,0.0054319927690086155,-0.02560279779063357,-0.03540180796903758,-0.03080427130475938,0
2025-08-07,0.0008932132073475874,-0.006952421134229669,0.005421692678713478,0.005363936747769833,-0.018591817924276,-0.02993857287938395,-0.024732453340417737,0
2025-08-08,-0.009466928767307148,-0.008224999847345926,0.005835037203037761,0.005437195065654757,-0.01907235173330113,-0.03127454040481348,-0.033965241733710405,0
2025-08-11,0.009101804763722576,-0.005569768735274261,0.00680711336857373,0.006187144888241281,-0.00388356988602534,-0.019824736965908252,-0.02517258196900074,0
2025-08-12,-0.003971926028216277,-0.006578213395376342,0.00689079396412761,0.005883501145958858,-0.013444206743456033,-0.028115797077290616,-0.029044524363696866,0
2025-08-13,0.005388485506832019,0.0018372927704664033,0.007370872757132476,0.006216826221464623,-0.00948298233155842,-0.02350860005433908,-0.02381254485545159,0
2025-08-14,0.0004853905566151173,0.001429085446299494,0.007366152316767692,0.006162248797593031,-0.00553327129178971,-0.019120759653464936,-0.023338712683238283,0
2025-08-18,0.009973083028504526,0.021082940324176125,0.005902272156252205,0.006329589837248686,0.012684533295882261,-0.0036626295637686157,-0.013598388574102227,0
2025-08-19,0.004168517442853847,0.01609107974155033,0.005253746201919455,0.006165515317246725,0.010431687413414936,-0.004386087275364936,-0.009486556251214306,0
2025-08-20,0.002798165780313777,0.02299754159281897,0.0035301409112202965,0.006015837800866257,0.016268045461276248,-0.0004129939467457655,-0.006714935427975632,0
2025-08-21,0.001325320202550495,0.018863211254561918,0.0037531538239154293,0.005791826634642626,0.02073516126669439,-0.005398514665006626,0.0,0
2025-08-22,-0.0085174664872677,0.0096949815884666,0.00670762894948574,0.006697857518275015,0.01113792199185637,-0.007660970150146995,-0.0085174664872677,0
2025-08-25,0.003926401582623473,0.0036499651283616874,0.005295923399351191,0.005591463282118329,0.024809857449524575,0.005264323388493031,-0.0046245078985398536,0
2025-08-26,-0.01024121116239951,-0.010752322297458372,0.006698821522898846,0.006337481172514624,0.005165740968596788,0.0012621095665068527,-0.014818358499028239,0
2025-08-28,-0.008544414566982406,-0.021941634016019562,0.006526047371363578,0.006843420956255292,0.000551303935901748,-0.012900314651647093,-0.023236158867792844,0
2025-08-29,-0.0030223379549323415,-0.02618826929785223,0.005822501089325022,0.006631561872634824,-0.007819052899446954,-0.01722788729051039,-0.02618826929785223,0
2025-09-01,0.008114022069976246,-0.009853197212717268,0.007892986902386788,0.007205324115142486,-0.0002537421898154424,-0.005785609457230723,-0.01828673942293324,0
2025-09-02,-0.001845681531611132,-0.015546054410189192,0.007210614919056929,0.006299726713447731,-0.011952831838308198,0.0005800853641408921,-0.020098669457318086,0
2025-09-03,0.005510667382707668,0.00012139826521884167,0.006740621002667642,0.006439182562285232,-0.010632229345513555,-0.00031145402513876874,-0.014698759156824615,0
2025-09-04,0.0007788776474253467,0.00952618067091393,0.004774075641325565,0.006335944279776897,-0.012624473314957196,0.0034381966405065967,-0.013931330044351431,0
2025-09-05,0.0002708789009593371,0.012860847796584585,0.004104142287893594,0.0062969479930206785,-0.013664224846763329,0.006787606514149003,-0.013664224846763329,0
2025-09-08,0.0012994624307829383,0.006014200986393936,0.0026883308831200897,0.005802411450829053,-0.003898255334719103,0.007196248193314769,-0.01238251856281447,0
2025-09-09,0.00385296177514749,0.011757717782225896,0.0022440608015965795,0.005796405252603443,-0.003971122748345435,0.02074021171187801,-0.008577266158369512,0
2025-09-10,0.004202086164882601,0.010441006593148616,0.0018180839454160224,0.004776717990177866,0.010563672378455014,0.015783982542235897,-0.004411222404943516,0
2025-09-11,0.0012973959980939753,0.010964531035849046,0.001738290060043916,0.0033902842404483382,0.020595161810382345,0.021157819940050837,-0.0031195495091443926,0
2025-09-12,0.004339045410009845,0.015076189321369338,0.001561751387488756,0.0029363565984343374,0.028130929694168527,0.02009191956733236,0.0,0
2025-09-15,-0.0017838655729871533,0.01195043827692488,0.0026380518196312368,0.0025866967362251584,0.018036511600991734,0.017778192787226033,-0.0017838655729871533,0
2025-09-16,0.0067772405980246475,0.014898305493674657,0.003289535649359907,0.00267499251819847,0.02683119334732864,0.014557652766918672,0.0,0
2025-09-17,0.0036114599965926253,0.014301388293804118,0.003244363203672043,0.0025121383436356474,0.024891715776419687,0.013994831999967872,0.0,0
2025-09-18,0.003685316962919849,0.016720321529263504,0.003132835967731597,0.0024630957952212393,0.027868183049449602,0.014891888601248349,0.0,0
2025-09-19,-0.003797652574773047,0.008483316078681247,0.004351293680155326,0.0031572541633608027,0.023687401479325798,0.009699506652713463,-0.003797652574773047,0
2025-09-22,-0.004923589600841827,0.005311298326232894,0.005135383464893772,0.003910420930511973,0.017325208945975668,0.01335941552305786,-0.008702544092890063,0
2025-09-23,-0.0013034498766979485,-0.0027576260643207284,0.004046565874007396,0.003938664189486153,0.012099595473810343,0.008080423746633203,-0.009994650639563174,0
2025-09-24,-0.004473668527384289,-0.010791445011399392,0.0035557618724995155,0.0041559760942574435,0.003355610637045592,0.01395473058690011,-0.01442360641293905,0
2025-09-25,-0.0066269171365972435,-0.020954939505026804,0.0019388882334587729,0.004676606488325634,-0.004584991301913588,0.015915741870706768,-0.020954939505026804,0
2025-09-26,-0.009487422084822228,-0.026546715863079107,0.003003010291032047,0.005125855971252259,-0.018288603965915362,0.009327850295883566,-0.030243553234002962,0
2025-09-29,-0.0008030923109995092,-0.022515757459125707,0.0036495320974332984,0.005136257145675811,-0.01732404703779933,0.0003999991878189668,-0.03102235717994295,0
2025-09-30,-0.000966109056663611,-0.022185581755696404,0.0037266031019438685,0.00421083236156931,-0.024882028281515534,0.0012815505541179384,-0.03195849525637595,0
2025-10-01,0.009150342731531813,-0.008803962182073688,0.007141088076422929,0.0053227697622241,-0.019500399719702743,0.004905917649367542,-0.02310058370962409,0
2025-10-03,0.002333278306350106,0.00013659637979412942,0.006722204920328362,0.005178816599559428,-0.02082120549410782,0.00646672838932183,-0.02082120549410782,0
2025-10-06,0.007367163099912588,0.017154944087739876,0.004654843764372591,0.00592015369188444,-0.009847179201683542,0.01360696819045315,-0.013607435611006968,0
2025-10-07,0.001222203834888802,0.019216639807752234,0.004267922106868463,0.0057818962669238345,-0.00373179485246411,0.013528759967949,-0.012401862836105004,0
2025-10-08,-0.0024752770996043783,0.017676983149879755,0.004720512293158343,0.005814949995908161,-0.004900772760682459,0.00713952534521467,-0.014846441888638817,0
2025-10-09,0.005416002060196767,0.013911089816115885,0.003815577622568133,0.005899864168324618,0.004984654925389798,0.00835699212352492,-0.009510848188297505,0
2025-10-10,0.004112096831838885,0.015710455225604214,0.0038471637640394656,0.005413128525136704,0.01584919759670722,0.011191537861670264,-0.005437860885161849,0
2025-10-13,-0.002293818357270161,0.005969458860778376,0.003604505242713714,0.004095552434398402,0.023226808681508837,0.004513418810225378,-0.007719205777309224,0
2025-10-14,-0.0032444945664129587,0.0014815817876956405,0.004113970576439056,0.004365378950642687,0.020726692619007947,0.0030435753833388812,-0.010938655422520704,0
2025-10-15,0.007080789803344478,0.011075554526344344,0.0046812610740556,0.004485162148394057,0.028948320066961797,0.0033459988668376184,-0.003935319938954351,0
2025-10-16,0.010336228530360092,0.016023477273268805,0.005884975386638565,0.0046811545144010034,0.030157471120899615,0.01006898865980399,0.0,0
2025-10-17,0.00486802968892297,0.01678837745967532,0.005923905761319905,0.004710453106939442,0.032762585737670324,0.011259223713400157,0.0,0
2025-10-20,0.0051847832640019575,0.024410015320673883,0.005017675063408123,0.004545607284770652,0.030525188763699918,0.02037742255809505,0.0,0
2025-10-21,0.0009847870712353934,0.02875663637628989,0.0034129034345849133,0.004556650877307366,0.0302808234727161,0.026436026799088186,0.0,0
2025-10-23,0.000881377422821572,0.022423791293084916,0.003876374075637024,0.004219946289214031,0.033747701742583125,0.02868153916446503,0.0,0
2025-10-24,-0.003717450582046533,0.008201975353034907,0.0036294886874993805,0.004682019683212111,0.02435687679196885,0.029462942343226883,-0.003717450582046533,0
2025-10-27,0.006625276457008278,0.009965052304856004,0.004077588188463811,0.004847510033237964,0.026920726824030572,0.04319659633961881,0.0,0
2025-10-28,-0.001149578006666374,0.0036005672683090406,0.003812958670698179,0.004729372473118837,0.028098472491165483,0.051977919017469176,-0.001149578006666374,0
2025-10-29,0.004538058774994136,0.007163124405650256,0.00418635373718383,0.004242177941054201,0.0361257481457915,0.057601208042249,0.0,0
2025-10-30,-0.006757145763206407,-0.0005233397962258746,0.005595663015380364,0.005131089907070197,0.021888716234493177,0.05147067786486592,-0.006757145763206407,0
2025-10-31,-0.006018660746545779,-0.0028319277073404203,0.006044983622141089,0.004840569992800733,0.005346820244437112,0.03566553794244709,-0.012735137541788455,0
2025-11-03,0.0016036793263380922,-0.007806347134046265,0.00485421363777501,0.004621685705211322,0.0020809145133091622,0.03491167639113435,-0.011151881292244314,0
2025-11-04,-0.00643161700632866,-0.013053184352372349,0.005297931934229407,0.004693765164764886,-0.009499615952389684,0.02073559524118096,-0.017511773669201203,0
2025-11-06,-0.0034358622764198987,-0.020887467903077828,0.0035033170809024485,0.004700079210053348,-0.013873963028536496,0.015986745418845594,-0.020887467903077828,0
2025-11-07,-0.0006820934781671673,-0.014898842059908324,0.003451252910442606,0.004641912201666311,-0.015414384699166561,0.017813116986043598,-0.02155531417561296,0
2025-11-10,0.0032186189555276634,-0.005744087768883577,0.003873211173642141,0.00479645266138093,-0.00855974863491793,0.015588639414179983,-0.018406073562883263,0
2025-11-11,0.004715662372650753,-0.0026549342379774687,0.0046061135502085924,0.0044943158870914685,-0.010440556033744053,0.016199103433411244,-0.013777208018761145,0
2025-11-12,0.007038348002233796,0.010866231861127895,0.004208352872627235,0.005167544271109679,-0.0023287914189434877,0.02570424559059914,-0.006835828801062482,0
2025-11-13,0.00012946459626372864,0.014482726178669303,0.0032027352451422138,0.004897406873183907,-0.0067072492026145625,0.029176194547732237,-0.0067072492026145625,0
2025-11-14,0.001194011395273753,0.016387301263518728,0.0027597616181100322,0.0044200629284011856,0.001244307390297239,0.023160259916164883,-0.005521246339319719,0
2025-11-17,0.003990729465979559,0.01716954683110239,0.0027784600877759284,0.0039839937928598445,0.011326835678268976,0.01673421847701606,-0.0015525506737955608,0
2025-11-18,-0.0039748668477268545,0.008371294748579006,0.0041433419008154206,0.004289765769403776,0.0056941352735573325,0.007786898795597796,-0.005521246339319719,0
2025-11-19,0.005503655917298511,0.006834571298278691,0.003677391264809248,0.003749712856253738,0.017775069195805182,0.008106596912528019,-4.797746210738474e-05,0
2025-11-20,0.005354541668505908,0.012094678534650516,0.0039681489970230304,0.003408617102830325,0.026752568630756146,0.012507441454118196,0.0,0
2025-11-21,-0.004734242893385976,0.0061018793865701415,0.005137129974885382,0.004032376923622147,0.022589173985870348,0.006826591068849197,-0.004734242893385976,0
2025-11-24,-0.004167921390662577,-0.0020739271415364247,0.005332222756693138,0.00448505302015838,0.015060011300384923,0.0063713527542967885,-0.008882432331824619,0
2025-11-25,-0.0028775592750245327,-0.0009745253289746847,0.005168570275847378,0.004523680147406445,0.007388611380835464,-0.003129085864041703,-0.011734431881308072,0
2025-11-26,0.01238178390406719,0.0058592887863613274,0.007465729024866389,0.005548972224332567,0.012733905811607826,0.010375459782080654,0.0,0
2025-11-27,0.00039114224985015156,0.0008933974492355556,0.007094526878188338,0.0055435582706246985,0.01299888133883842,0.006204445399728975,0.0,0
2025-11-28,-0.0004806307706685109,0.005171061237563723,0.006592394747136306,0.005572540183663282,0.01130449381610621,0.01256286747160229,-0.0004806307706685109,0
2025-12-01,-0.0010380510591364578,0.008330283711165398,0.006103619781422233,0.005513153730838077,0.006239080168143785,0.01763658488226083,-0.0015181829105244127,0
2025-12-02,-0.005484083550614582,0.005694461614538238,0.00667432285264649,0.0056717691155662164,0.004714386888485356,0.01043536651871757,-0.006993940619212546,0
2025-12-03,-0.001774725148085854,-0.008368536135819782,0.00227047365377192,0.005417468291956086,-0.002558281019397368,0.01517131455426557,-0.008756253444997308,0
2025-12-04,0.0018375278996383138,-0.0069348154053605615,0.0026588188263017946,0.005119679110521674,-0.006047613502518923,0.020543165932958907,-0.0069348154053605615,0
2025-12-05,0.00586546310078262,-0.0006297000910202577,0.004242994281492841,0.0052626781758688445,0.0045381049288115705,0.027229790956484923,-0.0011100282084487434,0
2025-12-08,-0.008626598870790092,-0.008221349913565046,0.0057452764904205545,0.005854436970653978,4.044762033172944e-05,0.01510106806233602,-0.00972705131114926,0
2025-12-09,-0.004657066202372384,-0.007396608815236516,0.005617292712487962,0.005978017920803074,-0.0017442669056743076,0.005631456764850773,-0.01433881799161174,0
2025-12-10,-0.00315987252149319,-0.008773955206649697,0.005669920706197593,0.0040719194402754995,-0.01706906618126869,-0.004552516250705296,-0.01745338167614252,0
2025-12-11,0.005456557186116928,-0.005193258750660235,0.006423063012460575,0.004638377331102072,-0.012092059865232652,0.0007496382222753617,-0.012092059865232652,0
2025-12-12,0.0057300505240640565,-0.0053271825696113995,0.006386933947805341,0.00513547700708955,-0.005953528133282648,0.005283664060856674,-0.0064312974551362645,0
2025-12-15,-0.000754406945918884,0.0025712090075133975,0.004834298450424729,0.005133480086343503,-0.005671279715003363,0.0005324168843423571,-0.0071808525855837635,0
2025-12-16,-0.006424024005563411,0.0007914193884204224,0.005345221696387046,0.005241199657499184,-0.006611043246441017,-0.0019278233735559036,-0.013558746621756934,0
2025-12-17,-0.0016067223251263751,0.0023507259880424236,0.0051447271440900125,0.005237464309050364,-0.006443854383129444,-0.008985650212166574,-0.015143683805985408,0
2025-12-18,-0.00011619552608488348,-0.0032048126246450037,0.004337462528609365,0.005171047755668927,-0.00838142795409802,-0.014378353819751388,-0.015258119703763562,0
2025-12-19,0.005843377344275202,-0.0030924925951022475,0.004379129285426806,0.005167874439741478,-0.008403200892064366,-0.0039032305706389048,-0.009503901310481622,0
2025-12-22,0.007933329225460639,0.005574915569421357,0.005801014215136599,0.005044221692681596,0.008160458850063002,0.008201236541535817,-0.0016459696630434228,0
2025-12-23,0.00018148889670044355,0.01226020007656592,0.004176432807216384,0.004678820603742595,0.013061322425032884,0.011294273086908335,-0.0014647794915612078,0
2025-12-24,-0.0013389540114184806,0.01253168748825928,0.00411268699731488,0.004518282146199605,0.014911872039754526,-0.00241172587224725,-0.0028017722306036275,0
2025-12-26,-0.003817596903079701,0.008783465779346189,0.004949463713426992,0.004565306670396372,0.005550503792683292,-0.006608673096692663,-0.006130989068024784,0
2025-12-29,-0.0038475864266981352,-0.0009358247581491286,0.0048472476302152245,0.0043609458301558145,-0.004025423322116528,-0.009954985984402587,-0.009331161726770953,0
2025-12-30,-0.0001252789866664772,-0.00892352248934003,0.0019497639120839955,0.004359718285664481,-0.003398354804378556,-0.00905036149871552,-0.009455271714951863,0
2025-12-31,0.00735383411369428,-0.0018164697073593805,0.004599858634414314,0.004397418196005613,0.010421460087161272,0.003741520117392927,-0.0021709701009492433,0
2026-01-01,0.0006486896087196659,0.00017022350920559148,0.004579419794636238,0.004303073191568139,0.012704044185285479,0.006178326791349109,-0.0015236887779749297,0
2026-01-02,0.0069607653782239876,0.010991732681061128,0.004837707685493393,0.004619782368774772,0.019871743968267186,0.011323762423776751,0.0,0
2026-01-05,-0.0029720588486642496,0.011880302674031729,0.004572761686584094,0.004641521884475091,0.010933360034506068,0.002438283921646356,-0.0029720588486642496,0
2026-01-06,-0.0027275878751861216,0.009246747639159114,0.0050512816302066875,0.0040883877448356495,0.0002407115893077183,0.008403134756389985,-0.0056915401721704395,0
2026-01-07,-0.0014496518161711824,0.00042671912314018456,0.004098934735785719,0.004114199185414383,-0.001390525706580048,0.011652634613858792,-0.007132941236794199,0
2026-01-08,-0.010095349215305638,-0.010314936387400997,0.006074352699780948,0.0051907168108836915,-0.010146468722864621,0.004614100473639304,-0.01715628091938226,0
2026-01-09,-0.007479658459201954,-0.02450761625687703,0.00367346779937677,0.005529168296801901,-0.013785264742361414,-0.00831127611391369,-0.02450761625687703,0
2026-01-12,0.004164184509000135,-0.01752551399412572,0.005542450587597983,0.005708371305216191,-0.005853419730862175,-0.009855280560679858,-0.020445485983846434,0
2026-01-13,-0.002246973177848277,-0.01705203084950746,0.005563704283438175,0.00572930524634629,-0.007962959036348916,-0.01133425288062917,-0.022646518703080876,0
2026-01-14,-0.0025920729977498835,-0.01817660166598134,0.00548538931536367,0.004972921722647521,-0.01775763884636583,-0.007521239283684089,-0.025179890271207483,0
2026-01-16,0.0011201764229162858,-0.007052635850190447,0.0043706936271985,0.005000653781437062,-0.01729482474743327,-0.004810494779916019,-0.024087919767704635,0
2026-01-19,-0.004236339895735797,-0.003807921879197762,0.0033702804082800905,0.00398933088891058,-0.028222215047923216,-0.008911295711305778,-0.028222215047923216,0
2026-01-20,-0.013796877137441155,-0.021626389817857472,0.0056278829202469375,0.005284160905196007,-0.03877289021458796,-0.028263448148376447,-0.04162971375180169,0
2026-01-21,-0.0029723570791637677,-0.022337684544327496,0.0055691471746009925,0.005278515538570856,-0.039008812507878576,-0.038777490791826574,-0.04447833245659172,0
2026-01-22,0.005262844082281726,-0.014638270681378907,0.0071295829001073435,0.006009229337035795,-0.032548798332106,-0.03389406409788687,-0.039449570903069,0
2026-01-23,-0.0095393813340503,-0.025130038315816394,0.007211026177481429,0.005941432185391318,-0.03200544115686399,-0.041827167672069065,-0.0486126277368103,0
2026-01-27,0.005060152942374163,-0.01602860995485722,0.008549608138549318,0.006260006817525142,-0.01977549613951468,-0.03328815043218136,-0.04379846212571514,0
2026-01-28,0.006647362107454091,0.004369364906370743,0.006952498502727739,0.006572174721824821,-0.01735151850020844,-0.02310337251032102,-0.03744224425576037,0
2026-01-29,0.003004804135305017,0.010390539600516835,0.006628303588363735,0.006734054867725786,-0.012179245539652439,-0.020045221742675423,-0.03454994673083012,0
