,Date ,Open ,High ,Low ,Close ,Prev. Close ,Change ,% Change 
0,01-Jan-14,15.12,15.58,15.1,15.58,15.12,0.46,3.04
1,02-Jan-14,15.58,16.97,15.33,16.55,15.58,0.97,6.23
2,03-Jan-14,16.55,17.32,15.79,15.87,16.55,-0.68,-4.11
3,06-Jan-14,15.87,16.91,15.87,16.5,15.87,0.63,3.97
4,07-Jan-14,16.5,16.91,16.1,16.32,16.5,-0.18,-1.09
5,08-Jan-14,16.32,16.48,15.82,16.32,16.32,0,0
6,09-Jan-14,16.32,16.64,15.9,16.18,16.32,-0.14,-0.86
7,10-Jan-14,16.18,16.37,15.02,15.58,16.18,-0.6,-3.71
8,13-Jan-14,15.58,16.03,14.61,15.95,15.58,0.37,2.37
9,14-Jan-14,15.95,16.27,15.13,15.74,15.95,-0.21,-1.32
10,15-Jan-14,15.74,15.88,14.7,15.42,15.74,-0.32,-2.03
11,16-Jan-14,15.42,15.82,14.4,15.54,15.42,0.12,0.78
12,17-Jan-14,15.54,15.83,14.1,15.41,15.54,-0.13,-0.84
13,20-Jan-14,15.41,16.07,14.77,15.35,15.41,-0.06,-0.39
14,21-Jan-14,15.35,15.71,13.88,15.55,15.35,0.2,1.3
15,22-Jan-14,15.55,15.87,14.92,15.85,15.55,0.3,1.93
16,23-Jan-14,15.85,16.03,15.14,15.58,15.85,-0.27,-1.7
17,24-Jan-14,15.58,16.18,15.24,15.83,15.58,0.25,1.6
18,27-Jan-14,15.83,18.67,15.83,18.67,15.83,2.84,17.94
19,28-Jan-14,18.67,18.72,17.61,17.72,18.67,-0.95,-5.09
20,29-Jan-14,17.72,18.15,16.73,18.04,17.72,0.32,1.81
21,30-Jan-14,18.04,18.34,17.07,17.25,18.04,-0.79,-4.38
22,31-Jan-14,17.25,17.33,16.64,16.82,17.25,-0.43,-2.49
23,03-Feb-14,16.82,18.34,16.82,18.27,16.82,1.45,8.62
24,04-Feb-14,18.27,19.82,18.05,18.69,18.27,0.42,2.3
25,05-Feb-14,18.69,20.09,17.74,18.93,18.69,0.24,1.28
26,06-Feb-14,18.93,20.23,18,18.94,18.93,0.01,0.05
27,07-Feb-14,18.94,19.11,17.7,18.55,18.94,-0.39,-2.06
28,10-Feb-14,18.55,19.2,17.58,19.05,18.55,0.5,2.7
29,11-Feb-14,19.05,19.05,17.4,18.63,19.05,-0.42,-2.2
30,12-Feb-14,18.63,18.63,16.12,17.43,18.63,-1.2,-6.44
31,13-Feb-14,17.43,17.96,15.22,17.8,17.43,0.37,2.12
32,14-Feb-14,17.8,17.83,15.61,16.66,17.8,-1.14,-6.4
33,17-Feb-14,16.66,17.02,15.54,15.83,16.66,-0.83,-4.98
34,18-Feb-14,15.83,15.83,13.68,15.41,15.83,-0.42,-2.65
35,19-Feb-14,15.41,15.41,14.05,15.07,15.41,-0.34,-2.21
36,20-Feb-14,15.07,15.72,14.27,15.16,15.07,0.09,0.6
37,21-Feb-14,15.16,15.16,13.88,14.04,15.16,-1.12,-7.39
38,24-Feb-14,14.04,14.8275,13.685,14.3575,14.04,0.32,2.26
39,25-Feb-14,14.3575,14.3575,13.5325,13.95,14.3575,-0.41,-2.84
40,26-Feb-14,13.95,14.195,13.2375,13.955,13.95,0.01,0.04
41,28-Feb-14,13.955,14.87,13.545,14.1775,13.955,0.22,1.59
42,03-Mar-14,14.1775,15.7325,13.9425,15.2825,14.1775,1.11,7.79
43,04-Mar-14,15.2825,15.3675,13.9275,14.3925,15.2825,-0.89,-5.82
44,05-Mar-14,14.3925,14.4325,13.335,13.8425,14.3925,-0.55,-3.82
45,06-Mar-14,13.8425,14.6425,12.5,14.475,13.8425,0.63,4.57
46,07-Mar-14,14.475,16.905,13.2625,16.72,14.475,2.25,15.51
47,10-Mar-14,16.72,17.9875,15.95,17.7775,16.72,1.06,6.32
48,11-Mar-14,17.7775,17.9225,14.2675,17.325,17.7775,-0.45,-2.55
49,12-Mar-14,17.325,17.44,16.0875,17.04,17.325,-0.29,-1.65
50,13-Mar-14,17.04,17.0825,14.65,16.82,17.04,-0.22,-1.29
51,14-Mar-14,16.82,17.2875,14.2875,16.4475,16.82,-0.37,-2.21
52,18-Mar-14,16.4475,17.555,15.73,17.1275,16.4475,0.68,4.13
53,19-Mar-14,17.1275,17.325,15.6675,16.8825,17.1275,-0.25,-1.43
54,20-Mar-14,16.8825,17.145,15.4125,16.91,16.8825,0.03,0.16
55,21-Mar-14,16.91,16.91,14.3875,16.185,16.91,-0.73,-4.29
56,22-Mar-14,16.185,16.185,13.135,15.875,16.185,-0.31,-1.92
57,24-Mar-14,15.875,17.2,15.235,16.5375,15.875,0.66,4.17
58,25-Mar-14,16.5375,17.1275,15.415,16.92,16.5375,0.38,2.31
59,26-Mar-14,16.92,18.2525,15.72,17.765,16.92,0.85,4.99
60,27-Mar-14,17.765,18.725,17.235,18.3725,17.765,0.61,3.42
61,28-Mar-14,18.3725,19.15,17.095,18.63,18.3725,0.26,1.4
62,31-Mar-14,18.63,21.8,17.49,21.6225,18.63,2.99,16.06
63,01-Apr-14,21.6225,21.6725,19.5425,20.685,21.6225,-0.94,-4.34
64,02-Apr-14,20.685,21.295,16.8575,21.2125,20.685,0.53,2.55
65,03-Apr-14,21.2125,22.3125,17.3075,22.1075,21.2125,0.9,4.22
66,04-Apr-14,22.1075,22.83,16.6675,22.6875,22.1075,0.58,2.62
67,07-Apr-14,22.6875,25.49,17.6925,24.9525,22.6875,2.27,9.98
68,09-Apr-14,24.9525,27.0875,22.3925,26.9125,24.9525,1.96,7.85
69,10-Apr-14,26.9125,29.71,21.11,28.7175,26.9125,1.81,6.71
70,11-Apr-14,28.7175,29.48,20.825,29.185,28.7175,0.47,1.63
71,15-Apr-14,29.185,32.62,22.8725,31.875,29.185,2.69,9.22
72,16-Apr-14,31.875,32.0775,21.675,31.16,31.875,-0.72,-2.24
73,17-Apr-14,31.16,31.33,21.645,30.8525,31.16,-0.31,-0.99
74,21-Apr-14,30.8525,38.0425,30.8525,34.385,30.8525,3.53,11.45
75,22-Apr-14,34.385,37.23,32.94,33.355,34.385,-1.03,-3
76,23-Apr-14,33.355,34.25,28.07,31.1325,33.355,-2.22,-6.66
77,25-Apr-14,31.1325,32.98,30.115,30.68,31.1325,-0.45,-1.45
78,28-Apr-14,30.68,31.925,30.5025,31.385,30.68,0.71,2.3
79,29-Apr-14,31.385,32.435,30.4925,31.05,31.385,-0.34,-1.07
80,30-Apr-14,31.05,31.4625,30.025,30.5925,31.05,-0.46,-1.47
81,02-May-14,30.5925,33.4225,29.1825,33.055,30.5925,2.46,8.05
82,05-May-14,33.055,35.305,30.9875,34.1875,33.055,1.13,3.43
83,06-May-14,34.1875,34.3025,31.365,33.2675,34.1875,-0.92,-2.69
84,07-May-14,33.2675,34.455,30.3125,33.6125,33.2675,0.35,1.04
85,08-May-14,33.6125,35.01,29.61,34.3,33.6125,0.69,2.05
86,09-May-14,34.3,38.9575,32.6775,37.705,34.3,3.41,9.93
87,12-May-14,37.705,39.3,33.815,37.105,37.705,-0.6,-1.59
88,13-May-14,37.105,37.105,28.245,32.0475,37.105,-5.06,-13.63
89,14-May-14,32.0475,32.995,28.61,32.42,32.0475,0.37,1.16
90,15-May-14,32.42,37.48,31.1375,36.765,32.42,4.35,13.4
91,16-May-14,36.765,36.765,21.7375,24.2925,36.765,-12.47,-33.92
92,19-May-14,24.2925,24.2925,19.62,20.63,24.2925,-3.66,-15.08
93,20-May-14,20.63,21.13,16.17,19.2325,20.63,-1.4,-6.77
94,21-May-14,19.2325,19.2325,14.5575,17.91,19.2325,-1.32,-6.88
95,22-May-14,17.91,18.6825,14.7575,17.835,17.91,-0.08,-0.42
96,23-May-14,17.835,18.1025,13.9675,17.705,17.835,-0.13,-0.73
97,26-May-14,17.705,20.5975,14.59,19.84,17.705,2.14,12.06
98,27-May-14,19.84,21.415,17.775,19.1,19.84,-0.74,-3.73
99,28-May-14,19.1,19.5575,17.3375,17.5575,19.1,-1.54,-8.08
100,29-May-14,17.5575,17.775,16.17,16.69,17.5575,-0.87,-4.94
101,30-May-14,16.69,16.9475,15.8725,16.335,16.69,-0.36,-2.13
102,02-Jun-14,16.335,17.1025,15.7125,16.4975,16.335,0.16,0.99
103,03-Jun-14,16.4975,16.895,15.1625,15.795,16.4975,-0.7,-4.26
104,04-Jun-14,15.795,15.92,14.4425,15.565,15.795,-0.23,-1.46
105,05-Jun-14,15.565,16.0425,14.125,15.4475,15.565,-0.12,-0.75
106,06-Jun-14,15.4475,16.455,13.7425,15.9825,15.4475,0.54,3.46
107,09-Jun-14,15.9825,17.4225,14.6325,17.095,15.9825,1.11,6.96
108,10-Jun-14,17.095,18.125,14.385,16.6625,17.095,-0.43,-2.53
109,11-Jun-14,16.6625,17.5,14.0025,17.06,16.6625,0.4,2.39
110,12-Jun-14,17.06,17.4825,15.69,16.9025,17.06,-0.16,-0.92
111,13-Jun-14,16.9025,17.9625,14.5175,17.7625,16.9025,0.86,5.09
112,16-Jun-14,17.7625,18.535,15.255,17.9825,17.7625,0.22,1.24
113,17-Jun-14,17.9825,18.4775,16.605,17.695,17.9825,-0.29,-1.6
114,18-Jun-14,17.695,19.135,14.55,18.58,17.695,0.89,5
115,19-Jun-14,18.58,19.375,16.9575,18.7425,18.58,0.16,0.87
116,20-Jun-14,18.7425,19.245,15.5925,18.8475,18.7425,0.11,0.56
117,23-Jun-14,18.8475,19.535,17.815,18.9625,18.8475,0.12,0.61
118,24-Jun-14,18.9625,20.605,18.68,19.1875,18.9625,0.23,1.19
119,25-Jun-14,19.1875,20.1175,18.105,18.3125,19.1875,-0.88,-4.56
120,26-Jun-14,18.3125,18.4975,17.1025,17.7025,18.3125,-0.61,-3.33
121,27-Jun-14,17.7025,18.37,17.375,17.6275,17.7025,-0.08,-0.42
122,30-Jun-14,17.6275,18.4525,17.5925,17.8725,17.6275,0.25,1.39
123,01-Jul-14,17.8725,18.15,17.24,17.6625,17.8725,-0.21,-1.17
124,02-Jul-14,17.6625,17.79,17.09,17.57,17.6625,-0.09,-0.52
125,03-Jul-14,17.57,18.2625,17.2325,17.805,17.57,0.24,1.34
126,04-Jul-14,17.805,18.685,17.06,18.155,17.805,0.35,1.97
127,07-Jul-14,18.155,19.575,17.5525,19.4075,18.155,1.25,6.9
128,08-Jul-14,19.4075,19.9475,18.155,19.18,19.4075,-0.23,-1.17
129,09-Jul-14,19.18,19.305,18.01,18.1875,19.18,-0.99,-5.17
130,10-Jul-14,18.1875,18.1875,15.41,15.965,18.1875,-2.22,-12.22
131,11-Jul-14,15.965,16.0225,14.845,15.7225,15.965,-0.24,-1.52
132,14-Jul-14,15.7225,16.7075,14.9825,15.5625,15.7225,-0.16,-1.02
133,15-Jul-14,15.5625,15.5625,13.8425,14.7675,15.5625,-0.8,-5.11
134,16-Jul-14,14.7675,15.0825,13.815,14.73,14.7675,-0.04,-0.25
135,17-Jul-14,14.73,15.18,11.9425,14.965,14.73,0.24,1.6
136,18-Jul-14,14.965,15.5275,12.9775,15.095,14.965,0.13,0.87
137,21-Jul-14,15.095,15.505,13.625,14.8975,15.095,-0.2,-1.31
138,22-Jul-14,14.8975,14.8975,12.2475,14.64,14.8975,-0.26,-1.73
139,23-Jul-14,14.64,15.095,12.465,14.69,14.64,0.05,0.34
140,24-Jul-14,14.69,15.1475,12.4375,14.72,14.69,0.03,0.2
141,25-Jul-14,14.72,14.9975,12.7775,14.22,14.72,-0.5,-3.4
142,28-Jul-14,14.22,15.1,14.105,14.3225,14.22,0.1,0.72
143,30-Jul-14,14.3225,14.76,13.6925,13.8875,14.3225,-0.44,-3.04
144,31-Jul-14,13.8875,14.0675,13.125,13.8225,13.8875,-0.07,-0.47
145,01-Aug-14,13.8225,15.38,13.7125,15.22,13.8225,1.4,10.11
146,04-Aug-14,15.22,15.4725,14.3075,14.815,15.22,-0.41,-2.66
147,05-Aug-14,14.815,14.815,13.6675,13.9475,14.815,-0.87,-5.86
148,06-Aug-14,13.9475,14.565,12.9175,14.2975,13.9475,0.35,2.51
149,07-Aug-14,14.2975,14.455,13.02,14.1375,14.2975,-0.16,-1.12
150,08-Aug-14,14.1375,15.18,13.025,14.6175,14.1375,0.48,3.4
151,11-Aug-14,14.6175,14.7625,13.4825,13.9975,14.6175,-0.62,-4.24
152,12-Aug-14,13.9975,14.4275,12.33,13.4675,13.9975,-0.53,-3.79
153,13-Aug-14,13.4675,14.0875,12.72,13.7625,13.4675,0.3,2.19
154,14-Aug-14,13.7625,13.7625,11.8375,13.22,13.7625,-0.54,-3.94
155,18-Aug-14,13.22,14.195,11.9775,13.5025,13.22,0.28,2.14
156,19-Aug-14,13.5025,14.2075,11.945,13.905,13.5025,0.4,2.98
157,20-Aug-14,13.905,14.33,12.4575,13.66,13.905,-0.25,-1.76
158,21-Aug-14,13.66,14.36,12.0075,13.7325,13.66,0.07,0.53
159,22-Aug-14,13.7325,13.9725,12.2025,13.62,13.7325,-0.11,-0.82
160,25-Aug-14,13.62,14.165,12.0075,13.7875,13.62,0.17,1.23
161,26-Aug-14,13.7875,14.52,13.28,13.9025,13.7875,0.12,0.83
162,27-Aug-14,13.9025,13.9025,12.7425,13.0625,13.9025,-0.84,-6.04
163,28-Aug-14,13.0625,14.345,12.325,13.0675,13.0625,0.01,0.04
164,01-Sep-14,13.0675,13.675,12.8575,13.53,13.0675,0.46,3.54
165,02-Sep-14,13.53,13.91,12.485,13.4475,13.53,-0.08,-0.61
166,03-Sep-14,13.4475,13.9525,12.5675,13.3925,13.4475,-0.06,-0.41
167,04-Sep-14,13.3925,13.615,12.3975,13.0775,13.3925,-0.32,-2.35
168,05-Sep-14,13.0775,13.3075,12.305,12.935,13.0775,-0.14,-1.09
169,08-Sep-14,12.935,13.0725,12.1775,12.7925,12.935,-0.14,-1.1
170,09-Sep-14,12.7925,13.0425,11.0125,12.7575,12.7925,-0.04,-0.27
171,10-Sep-14,12.7575,13.11,11.805,12.93,12.7575,0.17,1.35
172,11-Sep-14,12.93,13.14,11.815,12.5175,12.93,-0.41,-3.19
173,12-Sep-14,12.5175,12.62,11.3975,12.365,12.5175,-0.15,-1.22
174,15-Sep-14,12.365,13.3625,12.0375,13.255,12.365,0.89,7.2
175,16-Sep-14,13.255,13.7325,12.0475,13.2825,13.255,0.03,0.21
176,17-Sep-14,13.2825,13.2825,11.2625,12.9475,13.2825,-0.34,-2.52
177,18-Sep-14,12.9475,12.9475,11.05,12.325,12.9475,-0.62,-4.81
178,19-Sep-14,12.325,12.4025,11.3825,11.8875,12.325,-0.44,-3.55
179,22-Sep-14,11.8875,12.4375,10.315,11.565,11.8875,-0.32,-2.71
180,23-Sep-14,11.565,12.8725,11.08,12.41,11.565,0.85,7.31
181,24-Sep-14,12.41,13.515,11.8875,12.535,12.41,0.13,1.01
182,25-Sep-14,12.535,13.8825,11.58,13.2975,12.535,0.76,6.08
183,26-Sep-14,13.2975,14.8325,12.5375,12.9275,13.2975,-0.37,-2.78
184,29-Sep-14,12.9275,14.2275,12.7675,13.385,12.9275,0.46,3.54
185,30-Sep-14,13.385,13.5675,12.7225,13.145,13.385,-0.24,-1.79
186,01-Oct-14,13.145,13.4775,12.8325,13,13.145,-0.15,-1.1
187,07-Oct-14,13,14.57,13,14.4625,13,1.46,11.25
188,08-Oct-14,14.4625,14.8475,13.675,14.1125,14.4625,-0.35,-2.42
189,09-Oct-14,14.1125,14.1125,12.7475,13.155,14.1125,-0.96,-6.78
190,10-Oct-14,13.155,14.455,12.445,14.33,13.155,1.18,8.93
191,13-Oct-14,14.33,15.23,14.0725,14.5,14.33,0.17,1.19
192,14-Oct-14,14.5,15.3025,12.9325,14.5925,14.5,0.09,0.64
193,16-Oct-14,14.5925,16.885,14.32,16.4325,14.5925,1.84,12.61
194,17-Oct-14,16.4325,16.855,14.7375,16.4,16.4325,-0.03,-0.2
195,20-Oct-14,16.4,16.4,12.94,14.19,16.4,-2.21,-13.48
196,21-Oct-14,14.19,14.19,11.98,13.33,14.19,-0.86,-6.06
197,22-Oct-14,13.33,13.33,12.04,13.03,13.33,-0.3,-2.25
198,23-Oct-14,13.03,13.115,11.845,12.8625,13.03,-0.17,-1.29
199,27-Oct-14,12.8625,13.795,11.9225,13.515,12.8625,0.65,5.07
200,28-Oct-14,13.515,13.655,12.035,13.3225,13.515,-0.19,-1.42
201,29-Oct-14,13.3225,13.595,12.54,13.005,13.3225,-0.32,-2.38
202,30-Oct-14,13.005,13.4575,11.7625,13.265,13.005,0.26,2
203,31-Oct-14,13.265,13.76,12.215,13.295,13.265,0.03,0.23
204,03-Nov-14,13.295,13.945,12.455,13.7375,13.295,0.44,3.33
205,05-Nov-14,13.7375,14.32,12.49,13.755,13.7375,0.02,0.13
206,07-Nov-14,13.755,14.7025,13.1225,14.11,13.755,0.36,2.58
207,10-Nov-14,14.11,17.21,12.975,13.93,14.11,-0.18,-1.28
208,11-Nov-14,13.93,15.485,12.72,14.8,13.93,0.87,6.25
209,12-Nov-14,14.8,14.8,12.5875,14.435,14.8,-0.37,-2.47
210,13-Nov-14,14.435,14.435,12.7125,13.8,14.435,-0.64,-4.4
211,14-Nov-14,13.8,14.2,11.3825,13.9725,13.8,0.17,1.25
212,17-Nov-14,13.9725,14.91,11.48,14.41,13.9725,0.44,3.13
213,18-Nov-14,14.41,14.905,10.84,14.065,14.41,-0.35,-2.39
214,19-Nov-14,14.065,14.6325,10.245,14.345,14.065,0.28,1.99
215,20-Nov-14,14.345,14.355,11.905,14.165,14.345,-0.18,-1.25
216,21-Nov-14,14.165,15.145,11.05,13.8525,14.165,-0.31,-2.21
217,24-Nov-14,13.8525,13.8525,9.3475,13.0175,13.8525,-0.84,-6.03
218,25-Nov-14,13.0175,14.2475,11.4525,13.525,13.0175,0.51,3.9
219,26-Nov-14,13.525,13.5375,10.6075,12.985,13.525,-0.54,-3.99
220,27-Nov-14,12.985,13.1175,11.65,12.7425,12.985,-0.24,-1.87
221,28-Nov-14,12.7425,13.125,11.595,12.8975,12.7425,0.16,1.22
222,01-Dec-14,12.8975,13.615,12.1975,13.2025,12.8975,0.31,2.36
223,02-Dec-14,13.2025,13.3325,12.205,12.395,13.2025,-0.81,-6.12
224,03-Dec-14,12.395,12.6075,11.2875,12.3675,12.395,-0.03,-0.22
225,04-Dec-14,12.3675,12.635,10.715,12.445,12.3675,0.08,0.63
226,05-Dec-14,12.445,12.445,11.325,11.95,12.445,-0.5,-3.98
227,08-Dec-14,11.95,12.6525,11.2275,12.2075,11.95,0.26,2.15
228,09-Dec-14,12.2075,13.0825,10.8225,12.495,12.2075,0.29,2.36
229,10-Dec-14,12.495,12.965,11.5725,12.2425,12.495,-0.25,-2.02
230,11-Dec-14,12.2425,12.9025,11.1875,12.7725,12.2425,0.53,4.33
231,12-Dec-14,12.7725,13.91,11.5325,13.7525,12.7725,0.98,7.67
232,15-Dec-14,13.7525,14.3275,12.565,14.02,13.7525,0.27,1.95
233,16-Dec-14,14.02,16.555,12.5725,16.3075,14.02,2.29,16.32
234,17-Dec-14,16.3075,19.0625,14.195,16.925,16.3075,0.62,3.79
235,18-Dec-14,16.925,16.925,13.9725,14.5975,16.925,-2.33,-13.75
236,19-Dec-14,14.5975,14.775,11.845,14.51,14.5975,-0.09,-0.6
237,22-Dec-14,14.51,15.5775,14.0225,14.21,14.51,-0.3,-2.07
238,23-Dec-14,14.21,16.115,13.5475,15.2975,14.21,1.09,7.65
239,24-Dec-14,15.2975,15.6125,14.3,15.07,15.2975,-0.23,-1.49
240,26-Dec-14,15.07,16.355,14.3975,14.645,15.07,-0.43,-2.82
241,29-Dec-14,14.645,15.0425,14.2175,14.5825,14.645,-0.06,-0.43
242,30-Dec-14,14.5825,15.2225,14.1425,14.8625,14.5825,0.28,1.92
243,31-Dec-14,14.8625,15.4025,14.6025,15.12,14.8625,0.26,1.73
244,01-Jan-15,15.12,15.5075,14.755,15.025,15.12,-0.1,-0.63
245,02-Jan-15,15.025,15.025,13.4825,13.795,15.025,-1.23,-8.19
246,05-Jan-15,13.795,14.405,13.1525,14.1525,13.795,0.36,2.59
247,06-Jan-15,14.1525,17.87,13.4575,17.42,14.1525,3.27,23.09
248,07-Jan-15,17.42,19.07,16.5025,18.14,17.42,0.72,4.13
249,08-Jan-15,18.14,18.14,15.3825,16.4725,18.14,-1.67,-9.19
250,09-Jan-15,16.4725,16.9075,14.4625,15.955,16.4725,-0.52,-3.14
251,12-Jan-15,15.955,17.5475,14.3725,16.11,15.955,0.16,0.97
252,13-Jan-15,16.11,16.81,14.5725,16.4825,16.11,0.37,2.31
253,14-Jan-15,16.4825,17.795,14.66,17.2475,16.4825,0.77,4.64
254,15-Jan-15,17.2475,17.2475,13.825,16.16,17.2475,-1.09,-6.31
255,16-Jan-15,16.16,17.4975,14.86,17.275,16.16,1.12,6.9
256,19-Jan-15,17.275,18.29,14.555,17.65,17.275,0.38,2.17
257,20-Jan-15,17.65,17.65,15.715,17.2725,17.65,-0.38,-2.14
258,21-Jan-15,17.2725,18.1425,14.33,17.7125,17.2725,0.44,2.55
259,22-Jan-15,17.7125,18.7625,14.205,18.565,17.7125,0.85,4.81
260,23-Jan-15,18.565,18.74,13.46,17.885,18.565,-0.68,-3.66
261,27-Jan-15,17.885,18.685,16.7775,18.085,17.885,0.2,1.12
262,28-Jan-15,18.085,20.145,17.62,19.77,18.085,1.69,9.32
263,29-Jan-15,19.77,20.5675,17.7025,19.4325,19.77,-0.34,-1.71
264,30-Jan-15,19.4325,21.21,18.325,20.1725,19.4325,0.74,3.81
265,02-Feb-15,20.1725,21.365,19.855,20.405,20.1725,0.23,1.15
266,03-Feb-15,20.405,20.48,19.0025,19.8075,20.405,-0.6,-2.93
267,04-Feb-15,19.8075,20.2925,17.9725,20.05,19.8075,0.24,1.22
268,05-Feb-15,20.05,20.89,18.26,20.615,20.05,0.57,2.82
269,06-Feb-15,20.615,21.24,18.72,20.685,20.615,0.07,0.34
270,09-Feb-15,20.685,22.1225,18.5875,22.015,20.685,1.33,6.43
271,10-Feb-15,22.015,22.015,19.85,21.1925,22.015,-0.82,-3.74
272,11-Feb-15,21.1925,21.5075,18.535,20.5025,21.1925,-0.69,-3.26
273,12-Feb-15,20.5025,20.96,17.93,20.1575,20.5025,-0.35,-1.68
274,13-Feb-15,20.1575,20.4475,16.98,20.1025,20.1575,-0.06,-0.27
275,16-Feb-15,20.1025,21.1175,17.475,20.825,20.1025,0.72,3.59
276,18-Feb-15,20.825,21.6475,18.6525,20.9125,20.825,0.09,0.42
277,19-Feb-15,20.9125,21.9075,19.4025,20.3975,20.9125,-0.52,-2.46
278,20-Feb-15,20.3975,21.5,19.235,21.2675,20.3975,0.87,4.27
279,23-Feb-15,21.2675,22.02,19.405,21.6325,21.2675,0.37,1.72
280,24-Feb-15,21.6325,22.0675,20.9175,21.55,21.6325,-0.08,-0.38
281,25-Feb-15,21.55,21.55,20.215,20.775,21.55,-0.78,-3.6
282,26-Feb-15,20.775,21.235,19.9425,20.58,20.775,-0.2,-0.94
283,27-Feb-15,20.58,20.58,19.3,19.57,20.58,-1.01,-4.91
284,28-Feb-15,19.57,19.57,16.6925,16.97,19.57,-2.6,-13.29
285,02-Mar-15,16.97,16.97,15.7425,15.8475,16.97,-1.12,-6.61
286,03-Mar-15,15.8475,15.9475,14.98,15.4925,15.8475,-0.36,-2.24
287,04-Mar-15,15.4925,15.4925,14.2975,15.1975,15.4925,-0.3,-1.9
288,05-Mar-15,15.1975,15.2475,13.97,14.4375,15.1975,-0.76,-5
289,09-Mar-15,14.4375,16.0075,13.315,15.8125,14.4375,1.38,9.52
290,10-Mar-15,15.8125,16.15,14.955,15.5325,15.8125,-0.28,-1.77
291,11-Mar-15,15.5325,15.61,14.245,15.13,15.5325,-0.4,-2.59
292,12-Mar-15,15.13,15.13,13.7825,14.75,15.13,-0.38,-2.51
293,13-Mar-15,14.75,15.235,13.45,14.965,14.75,0.22,1.46
294,16-Mar-15,14.965,15.37,14.3275,15.1775,14.965,0.21,1.42
295,17-Mar-15,15.1775,15.4625,13.43,15.1275,15.1775,-0.05,-0.33
296,18-Mar-15,15.1275,15.7025,13.7225,15.5125,15.1275,0.39,2.55
297,19-Mar-15,15.5125,15.5125,12.89,15.1975,15.5125,-0.32,-2.03
298,20-Mar-15,15.1975,15.36,13.0825,14.26,15.1975,-0.94,-6.17
299,23-Mar-15,14.26,14.58,12.435,14.27,14.26,0.01,0.07
300,24-Mar-15,14.27,14.49,12.4525,13.6725,14.27,-0.6,-4.19
301,25-Mar-15,13.6725,13.9475,12.36,13.1425,13.6725,-0.53,-3.88
302,26-Mar-15,13.1425,15.6075,12.5175,15.1625,13.1425,2.02,15.37
303,27-Mar-15,15.1625,15.4025,14.37,14.5,15.1625,-0.66,-4.37
304,30-Mar-15,14.5,15.19,14.1075,14.2625,14.5,-0.24,-1.64
305,31-Mar-15,14.2625,14.74,13.855,14.4925,14.2625,0.23,1.61
306,01-Apr-15,14.4925,14.6825,13.565,13.665,14.4925,-0.83,-5.71
307,06-Apr-15,13.665,15.0525,13.595,14.5725,13.665,0.91,6.64
308,07-Apr-15,14.5725,14.895,13.98,14.25,14.5725,-0.32,-2.21
309,08-Apr-15,14.25,14.695,13.35,14.3475,14.25,0.1,0.68
310,09-Apr-15,14.3475,14.8925,13.2875,14.4175,14.3475,0.07,0.49
311,10-Apr-15,14.4175,14.79,13.4275,14.255,14.4175,-0.16,-1.13
312,13-Apr-15,14.255,14.93,13.055,14.4875,14.255,0.23,1.63
313,15-Apr-15,14.4875,14.985,13.34,14.62,14.4875,0.13,0.91
314,16-Apr-15,14.62,15.3,12.9675,14.95,14.62,0.33,2.26
315,17-Apr-15,14.95,15.1775,13.62,15.04,14.95,0.09,0.6
316,20-Apr-15,15.04,16.4225,13.6625,16.2975,15.04,1.26,8.36
317,21-Apr-15,16.2975,17.34,15.2275,17.03,16.2975,0.73,4.49
318,22-Apr-15,17.03,18.3775,14.69,17.21,17.03,0.18,1.06
319,23-Apr-15,17.21,19.435,14.965,18.5,17.21,1.29,7.5
320,24-Apr-15,18.5,19.5925,17.36,19.105,18.5,0.61,3.27
321,27-Apr-15,19.105,20.0875,16.2175,18.735,19.105,-0.37,-1.94
322,28-Apr-15,18.735,18.895,16.745,17.41,18.735,-1.33,-7.07
323,29-Apr-15,17.41,17.885,15.725,17.235,17.41,-0.18,-1.01
324,30-Apr-15,17.235,18.1225,16.3075,17.225,17.235,-0.01,-0.06
325,04-May-15,17.225,18.2825,16.96,17.3075,17.225,0.08,0.48
326,05-May-15,17.3075,18.07,16.2725,17.365,17.3075,0.06,0.33
327,06-May-15,17.365,20.4625,16.7075,19.67,17.365,2.31,13.27
328,07-May-15,19.67,20.0325,18.335,19.65,19.67,-0.02,-0.1
329,08-May-15,19.65,19.65,17.4375,19.11,19.65,-0.54,-2.75
330,11-May-15,19.11,19.28,16.7675,18.625,19.11,-0.49,-2.54
331,12-May-15,18.625,21.3275,17.22,20.545,18.625,1.92,10.31
332,13-May-15,20.545,21.4325,18.0975,20.685,20.545,0.14,0.68
333,14-May-15,20.685,21.905,19.815,20.7,20.685,0.02,0.07
334,15-May-15,20.7,20.9825,19.095,19.815,20.7,-0.89,-4.28
335,18-May-15,19.815,20.47,16.77,17.9025,19.815,-1.91,-9.65
336,19-May-15,17.9025,18.525,14.865,18.27,17.9025,0.37,2.05
337,20-May-15,18.27,18.27,15.5725,17.7175,18.27,-0.55,-3.02
338,21-May-15,17.7175,18.06,16.1425,17.4125,17.7175,-0.31,-1.72
339,22-May-15,17.4125,17.44,14.195,16.9475,17.4125,-0.47,-2.67
340,25-May-15,16.9475,17.6975,14.68,16.9325,16.9475,-0.02,-0.09
341,26-May-15,16.9325,17.8425,15.2875,17.0675,16.9325,0.14,0.8
342,27-May-15,17.0675,17.9675,16.905,17.2825,17.0675,0.22,1.26
343,28-May-15,17.2825,17.72,16.5975,17.1325,17.2825,-0.15,-0.87
344,29-May-15,17.1325,17.71,16.4375,16.6575,17.1325,-0.48,-2.77
345,01-Jun-15,16.6575,17.46,16.0575,16.9125,16.6575,0.26,1.53
346,02-Jun-15,16.9125,17.1375,16.0325,16.82,16.9125,-0.09,-0.55
347,03-Jun-15,16.82,17.9175,15.8575,17.505,16.82,0.69,4.07
348,04-Jun-15,16.82,18.67,16.465,18.1225,16.82,1.3,7.74
349,05-Jun-15,18.1225,18.375,17.6875,18.0875,18.1225,-0.04,-0.19
350,08-Jun-15,18.0875,19.065,17.1575,18.885,18.0875,0.8,4.41
351,09-Jun-15,18.885,19.1175,16.475,18.01,18.885,-0.88,-4.63
352,10-Jun-15,18.01,18.02,16.7125,17.0775,18.01,-0.93,-5.18
353,11-Jun-15,17.0775,17.95,15.9475,17.805,17.0775,0.73,4.26
354,12-Jun-15,17.805,18.2075,16.075,17.4775,17.805,-0.33,-1.84
355,15-Jun-15,17.4775,18.02,15.3475,17.525,17.4775,0.05,0.27
356,16-Jun-15,17.525,17.855,14.0925,17.1675,17.525,-0.36,-2.04
357,17-Jun-15,17.1675,17.1875,14.2975,16.7275,17.1675,-0.44,-2.56
358,18-Jun-15,16.7275,16.7275,14.235,16.015,16.7275,-0.71,-4.26
359,19-Jun-15,16.015,16.015,14.905,15.085,16.015,-0.93,-5.81
360,22-Jun-15,15.085,15.7475,13.735,15.4875,15.085,0.4,2.67
361,23-Jun-15,15.4875,16.5425,14.8275,15.0425,15.4875,-0.45,-2.87
362,24-Jun-15,15.0425,16.61,14.945,15.915,15.0425,0.87,5.8
363,25-Jun-15,15.915,16.7075,15.4775,15.93,15.915,0.02,0.09
364,26-Jun-15,15.93,16.525,15.515,15.76,15.93,-0.17,-1.07
365,29-Jun-15,15.76,18.775,15.76,17.2975,15.76,1.54,9.76
366,30-Jun-15,17.2975,17.8375,16.7775,16.9275,17.2975,-0.37,-2.14
367,01-Jul-15,16.9275,17.1,15.7175,15.845,16.9275,-1.08,-6.39
368,02-Jul-15,15.845,16.0775,15.1625,15.5575,15.845,-0.29,-1.81
369,03-Jul-15,15.5575,16.3875,14.785,16.305,15.5575,0.75,4.8
370,06-Jul-15,16.305,17.045,15.89,16.0175,16.305,-0.29,-1.76
371,07-Jul-15,16.0175,16.565,15.215,16.3075,16.0175,0.29,1.81
372,08-Jul-15,16.3075,18.375,15.4425,17.79,16.3075,1.48,9.09
373,09-Jul-15,17.79,18.075,16.2875,17.4375,17.79,-0.35,-1.98
374,10-Jul-15,17.4375,17.6325,16.2375,17.07,17.4375,-0.37,-2.11
375,13-Jul-15,17.07,17.7175,15.5725,16.2725,17.07,-0.8,-4.67
376,14-Jul-15,16.2725,16.615,14.695,16.01,16.2725,-0.26,-1.61
377,15-Jul-15,16.01,16.03,14.185,15.5675,16.01,-0.44,-2.76
378,16-Jul-15,15.5675,15.5675,14.2975,14.7825,15.5675,-0.79,-5.04
379,17-Jul-15,14.7825,15.135,13.285,14.8025,14.7825,0.02,0.14
380,20-Jul-15,14.8025,15.6175,12.7325,14.96,14.8025,0.16,1.06
381,21-Jul-15,14.96,15.3075,13.0125,15.0975,14.96,0.14,0.92
382,22-Jul-15,15.0975,15.3525,13.5025,15.13,15.0975,0.03,0.22
383,23-Jul-15,15.13,15.74,13.1,15.52,15.13,0.39,2.58
384,24-Jul-15,15.52,15.93,12.07,15.4575,15.52,-0.06,-0.4
385,27-Jul-15,15.4575,17.0525,12.925,16.37,15.4575,0.91,5.9
386,28-Jul-15,16.37,16.57,15.5925,15.915,16.37,-0.46,-2.78
387,29-Jul-15,15.915,16.34,14.13,15.8775,15.915,-0.04,-0.24
388,30-Jul-15,15.8775,15.8775,14.66,15.325,15.8775,-0.55,-3.48
389,31-Jul-15,15.325,15.58,14.5,14.57,15.325,-0.76,-4.93
390,03-Aug-15,14.57,15.645,14.28,15.39,14.57,0.82,5.63
391,04-Aug-15,15.39,15.695,14.28,14.83,15.39,-0.56,-3.64
392,05-Aug-15,14.83,14.8825,13.6875,14.665,14.83,-0.17,-1.11
393,06-Aug-15,14.665,15.0075,12.89,14.73,14.665,0.07,0.44
394,07-Aug-15,14.73,15.065,13.17,14.91,14.73,0.18,1.22
395,10-Aug-15,14.91,15.6225,14.2425,15.465,14.91,0.56,3.72
396,11-Aug-15,15.465,16.0925,13.5525,15.8925,15.465,0.43,2.76
397,12-Aug-15,15.8925,17.7175,14.785,17.445,15.8925,1.55,9.77
398,13-Aug-15,17.445,17.445,16.245,17.0175,17.445,-0.43,-2.45
399,14-Aug-15,17.0175,17.0175,15.135,16.02,17.0175,-1,-5.86
400,17-Aug-15,16.02,17.2025,15.29,16.4625,16.02,0.44,2.76
401,18-Aug-15,16.4625,16.6625,15.1,16.36,16.4625,-0.1,-0.62
402,19-Aug-15,16.36,16.9925,14.9475,16.68,16.36,0.32,1.96
403,20-Aug-15,16.68,17.205,15.465,16.975,16.68,0.3,1.77
404,21-Aug-15,16.975,18.73,15.19,17.115,16.975,0.14,0.82
405,24-Aug-15,17.115,30.6525,17.115,28.13,17.115,11.02,64.36
406,25-Aug-15,28.13,35.57,26.0825,26.8475,28.13,-1.28,-4.56
407,26-Aug-15,26.8475,29.05,23.53,25.515,26.8475,-1.33,-4.96
408,27-Aug-15,25.515,25.515,21.515,22.0425,25.515,-3.47,-13.61
409,28-Aug-15,22.0425,23.6725,19.8025,23.33,22.0425,1.29,5.84
410,31-Aug-15,23.33,24.7375,22.6775,24.595,23.33,1.27,5.42
411,01-Sep-15,24.595,30.4375,24.4425,28.7175,24.595,4.12,16.76
412,02-Sep-15,28.7175,28.7175,26.375,26.65,28.7175,-2.07,-7.2
413,03-Sep-15,26.65,26.65,23.7175,24.115,26.65,-2.54,-9.51
414,04-Sep-15,24.115,27.2525,23.415,26.4225,24.115,2.31,9.57
415,07-Sep-15,26.4225,26.825,24.5075,26.35,26.4225,-0.07,-0.27
416,08-Sep-15,26.35,26.435,23.8375,24.5675,26.35,-1.78,-6.76
417,09-Sep-15,24.5675,24.6575,21.3525,24.3,24.5675,-0.27,-1.09
418,10-Sep-15,24.3,25.835,24.0175,24.745,24.3,0.45,1.83
419,11-Sep-15,24.745,25.26,23.26,24.975,24.745,0.23,0.93
420,14-Sep-15,24.975,25.265,23.455,24.32,24.975,-0.66,-2.62
421,15-Sep-15,24.32,24.5575,22.695,23.7425,24.32,-0.58,-2.37
422,16-Sep-15,23.7425,23.7425,21.6025,21.9975,23.7425,-1.75,-7.35
423,18-Sep-15,21.9975,21.9975,17.8775,18.2925,21.9975,-3.71,-16.84
424,21-Sep-15,18.2925,18.92,16.9925,18.1775,18.2925,-0.12,-0.63
425,22-Sep-15,18.1775,21.2475,17.2125,20.345,18.1775,2.17,11.92
426,23-Sep-15,20.345,22.19,19.77,20.6875,20.345,0.34,1.68
427,24-Sep-15,20.6875,21.5675,19.3825,20.8825,20.6875,0.2,0.94
428,28-Sep-15,20.8825,22.2375,20.77,21.6675,20.8825,0.79,3.76
429,29-Sep-15,21.6675,23.6325,20.4425,21.57,21.6675,-0.1,-0.45
430,30-Sep-15,21.57,21.57,19.3725,19.625,21.57,-1.95,-9.02
431,01-Oct-15,19.625,20.11,18.235,19.235,19.625,-0.39,-1.99
432,05-Oct-15,19.235,19.4575,18.0625,19.1275,19.235,-0.11,-0.56
433,06-Oct-15,19.1275,19.9,17.385,19.305,19.1275,0.18,0.93
434,07-Oct-15,19.305,19.7375,17.8975,19.3375,19.305,0.03,0.17
435,08-Oct-15,19.3375,19.93,17.3525,19.5625,19.3375,0.23,1.16
436,09-Oct-15,19.5625,19.685,17.685,18.925,19.5625,-0.64,-3.26
437,12-Oct-15,18.925,19.985,17.185,19.1225,18.925,0.2,1.04
438,13-Oct-15,19.1225,19.22,17.8475,18.015,19.1225,-1.11,-5.79
439,14-Oct-15,18.015,18.28,15.7575,17.72,18.015,-0.3,-1.64
440,15-Oct-15,17.72,17.72,14.855,17.17,17.72,-0.55,-3.1
441,16-Oct-15,17.17,17.1825,14.03,16.275,17.17,-0.9,-5.21
442,19-Oct-15,16.275,17.0725,15.3025,16.8775,16.275,0.6,3.7
443,20-Oct-15,16.8775,17.175,14.525,16.995,16.8775,0.12,0.7
444,21-Oct-15,16.995,17.425,13.6625,16.6225,16.995,-0.37,-2.19
445,23-Oct-15,16.6225,16.6225,14.65,16.1925,16.6225,-0.43,-2.59
446,26-Oct-15,16.1925,17.8225,15.005,17.23,16.1925,1.04,6.41
447,27-Oct-15,17.23,17.295,15.995,16.535,17.23,-0.7,-4.03
448,28-Oct-15,16.535,17.4775,15.555,17.04,16.535,0.51,3.05
449,29-Oct-15,17.04,17.9475,14.7175,17.5825,17.04,0.54,3.18
450,30-Oct-15,17.5825,18.325,16.8825,17.88,17.5825,0.3,1.69
451,02-Nov-15,17.88,20.13,17.3775,19.4775,17.88,1.6,8.93
452,03-Nov-15,19.4775,19.9575,18.07,19.555,19.4775,0.08,0.4
453,04-Nov-15,19.555,19.6325,17.95,19.355,19.555,-0.2,-1.02
454,05-Nov-15,19.355,19.7375,18.34,19.2925,19.355,-0.06,-0.32
455,06-Nov-15,19.2925,19.5875,16.615,19.4725,19.2925,0.18,0.93
456,09-Nov-15,19.4725,19.4725,15.99,17.04,19.4725,-2.43,-12.49
457,10-Nov-15,17.04,17.0625,15.2975,16.825,17.04,-0.22,-1.26
458,11-Nov-15,16.825,16.9475,14.5325,16.905,16.825,0.08,0.48
459,13-Nov-15,16.905,17.7225,15.795,17.6525,16.905,0.75,4.42
460,16-Nov-15,17.6525,18.6075,15.2875,17.8775,17.6525,0.23,1.27
461,17-Nov-15,17.8775,17.8775,15.6225,16.9725,17.8775,-0.91,-5.06
462,18-Nov-15,16.9725,17.75,14.9025,17.415,16.9725,0.44,2.61
463,19-Nov-15,17.415,17.415,14.42,15.84,17.415,-1.58,-9.04
464,20-Nov-15,15.84,16.1375,13.83,15.8975,15.84,0.06,0.36
465,23-Nov-15,15.8975,17.555,15.775,17.075,15.8975,1.18,7.41
466,24-Nov-15,17.075,17.075,15.6525,16.245,17.075,-0.83,-4.86
467,26-Nov-15,16.245,16.785,15.085,16.6875,16.245,0.44,2.72
468,27-Nov-15,16.6875,16.98,16.17,16.73,16.6875,0.04,0.25
469,30-Nov-15,16.73,17.235,15.8525,16.43,16.73,-0.3,-1.79
470,01-Dec-15,16.43,16.43,15.525,15.635,16.43,-0.8,-4.84
471,02-Dec-15,15.635,15.9825,14.725,15.4875,15.635,-0.15,-0.94
472,03-Dec-15,15.4875,16.155,15.1175,16.055,15.4875,0.57,3.66
473,04-Dec-15,16.055,16.55,15.5625,16.085,16.055,0.03,0.19
474,07-Dec-15,16.085,16.3625,15.79,15.865,16.085,-0.22,-1.37
475,08-Dec-15,15.865,16.2425,15.47,15.9725,15.865,0.11,0.68
476,09-Dec-15,15.9725,16.9175,15.37,16.725,15.9725,0.75,4.71
477,10-Dec-15,16.725,16.725,15.4625,16.2925,16.725,-0.43,-2.59
478,11-Dec-15,16.2925,17.77,15.0375,17.1825,16.2925,0.89,5.46
479,14-Dec-15,17.1825,18.365,16.46,17.7975,17.1825,0.62,3.58
480,15-Dec-15,17.7975,18.355,16.1125,17.3425,17.7975,-0.46,-2.56
481,16-Dec-15,17.3425,17.3425,14.905,16.7275,17.3425,-0.62,-3.55
482,17-Dec-15,16.7275,16.7275,14.0225,14.215,16.7275,-2.51,-15.02
483,18-Dec-15,14.215,14.705,13.0375,14.4925,14.215,0.28,1.95
484,21-Dec-15,14.4925,14.9775,12.98,14.225,14.4925,-0.27,-1.85
485,22-Dec-15,14.225,14.605,12.225,14.4825,14.225,0.26,1.81
486,23-Dec-15,14.4825,14.4825,12.625,13.6525,14.4825,-0.83,-5.73
487,24-Dec-15,13.6525,13.94,11.2025,13.745,13.6525,0.09,0.68
488,28-Dec-15,13.745,14.525,10.375,14.4025,13.745,0.66,4.78
489,29-Dec-15,14.4025,14.71,13.3325,14.235,14.4025,-0.17,-1.16
490,30-Dec-15,14.235,14.495,12.7825,14.35,14.235,0.12,0.81
491,31-Dec-15,14.35,14.4875,12.9825,13.87,14.35,-0.48,-3.34
492,01-Jan-16,13.87,14.3475,13.105,14.26,13.87,0.39,2.81
493,04-Jan-16,14.26,17.1025,14.03,16.835,14.26,2.58,18.06
494,05-Jan-16,16.835,16.835,15.5675,16.7025,16.835,-0.13,-0.79
495,06-Jan-16,16.7025,17.1625,15.6075,16.5525,16.7025,-0.15,-0.9
496,07-Jan-16,16.5525,19.255,16.49,18.96,16.5525,2.41,14.54
497,08-Jan-16,18.96,18.96,16.8725,17.7975,18.96,-1.16,-6.13
498,11-Jan-16,17.7975,19.2025,17.7975,18.69,17.7975,0.89,5.01
499,12-Jan-16,18.69,19.1875,17.15,18.7125,18.69,0.02,0.12
500,13-Jan-16,18.7125,19.6625,17.5225,18.3525,18.7125,-0.36,-1.92
501,14-Jan-16,18.3525,19.7875,16.465,18.605,18.3525,0.25,1.38
502,15-Jan-16,18.605,19.69,15.6725,19.415,18.605,0.81,4.35
503,18-Jan-16,19.415,20.54,18.1025,20.225,19.415,0.81,4.17
504,19-Jan-16,20.225,20.225,17.93,18.43,20.225,-1.8,-8.88
505,20-Jan-16,18.43,22.1075,17.1875,20.965,18.43,2.54,13.75
506,21-Jan-16,20.965,21.6925,17.8525,20.8125,20.965,-0.15,-0.73
507,22-Jan-16,20.8125,20.8125,17.1175,18.82,20.8125,-1.99,-9.57
508,25-Jan-16,18.82,19.1475,17.2125,18.265,18.82,-0.56,-2.95
509,27-Jan-16,18.265,19.27,17.935,19.0575,18.265,0.79,4.34
510,28-Jan-16,19.0575,19.0575,17.2575,17.9,19.0575,-1.16,-6.07
511,29-Jan-16,17.9,18.8,17.075,17.24,17.9,-0.66,-3.69
512,01-Feb-16,17.24,18.1725,17.125,17.89,17.24,0.65,3.77
513,02-Feb-16,17.89,18.35,16.4875,18.035,17.89,0.15,0.81
514,03-Feb-16,18.035,18.94,18.015,18.5875,18.035,0.55,3.06
515,04-Feb-16,18.5875,18.6525,17.325,18.2075,18.5875,-0.38,-2.04
516,05-Feb-16,18.2075,18.3275,16.5425,18.115,18.2075,-0.09,-0.51
517,08-Feb-16,18.115,20.4525,17.36,20.2575,18.115,2.14,11.83
518,09-Feb-16,20.2575,22.0325,20.2475,21.7275,20.2575,1.47,7.26
519,10-Feb-16,21.7275,23.095,21.435,22.465,21.7275,0.74,3.39
520,11-Feb-16,22.465,26.87,22.11,25.965,22.465,3.5,15.58
521,12-Feb-16,25.965,25.97,24.0075,24.6725,25.965,-1.29,-4.98
522,15-Feb-16,24.6725,24.6725,21.7975,22.375,24.6725,-2.3,-9.31
523,16-Feb-16,22.375,23.33,17.32,23.04,22.375,0.67,2.97
524,17-Feb-16,23.04,23.805,20.6375,21.8325,23.04,-1.21,-5.24
525,18-Feb-16,21.8325,22.3,19.79,21.485,21.8325,-0.35,-1.59
526,19-Feb-16,21.485,21.6625,17.6975,20.915,21.485,-0.57,-2.65
527,22-Feb-16,20.915,21.8625,17.4075,21.02,20.915,0.11,0.5
528,23-Feb-16,21.02,24.64,21.02,23.8375,21.02,2.82,13.4
529,24-Feb-16,23.8375,24.815,22.1275,22.955,23.8375,-0.88,-3.7
530,25-Feb-16,22.955,23.4875,22.1975,22.745,22.955,-0.21,-0.91
531,26-Feb-16,22.745,23.145,21.19,21.865,22.745,-0.88,-3.87
532,29-Feb-16,21.865,22.405,19.355,20.1575,21.865,-1.71,-7.81
533,01-Mar-16,20.1575,20.1575,18.4025,18.6725,20.1575,-1.49,-7.37
534,02-Mar-16,18.6725,19.2,17.495,18.99,18.6725,0.32,1.7
535,03-Mar-16,18.99,19.02,17.9075,18.04,18.99,-0.95,-5
536,04-Mar-16,18.04,18.315,17.2,17.8825,18.04,-0.16,-0.87
537,08-Mar-16,17.8825,18.975,17.41,18.465,17.8825,0.58,3.26
538,09-Mar-16,18.465,18.675,17.315,17.505,18.465,-0.96,-5.2
539,10-Mar-16,17.505,18.24,16.2675,17.895,17.505,0.39,2.23
540,11-Mar-16,17.895,17.895,16.0325,17.0975,17.895,-0.8,-4.46
541,14-Mar-16,17.0975,17.4,15.585,17.1025,17.0975,0.01,0.03
542,15-Mar-16,17.1025,17.84,15.23,17.5975,17.1025,0.5,2.89
543,16-Mar-16,17.5975,17.88,14.5975,17.115,17.5975,-0.48,-2.74
544,17-Mar-16,17.115,17.275,15.5575,16.84,17.115,-0.28,-1.61
545,18-Mar-16,16.84,16.8675,14.9,16.3825,16.84,-0.46,-2.72
546,21-Mar-16,16.3825,17.11,14.8325,16.3325,16.3825,-0.05,-0.31
547,22-Mar-16,16.3325,16.8625,13.695,16.43,16.3325,0.1,0.6
548,23-Mar-16,16.43,16.87,13.9475,16.345,16.43,-0.09,-0.52
549,28-Mar-16,16.345,18.57,15.1825,17.485,16.345,1.14,6.97
550,29-Mar-16,17.485,18.04,16.805,17.6375,17.485,0.15,0.87
551,30-Mar-16,17.6375,17.6375,16.57,16.8075,17.6375,-0.83,-4.71
552,31-Mar-16,16.8075,16.885,15.4975,16.5825,16.8075,-0.23,-1.34
553,01-Apr-16,16.5825,17.895,16.2925,17.2775,16.5825,0.7,4.19
554,04-Apr-16,17.2775,18.1675,16.23,17.45,17.2775,0.17,1
555,05-Apr-16,17.45,18.0625,16.885,17.83,17.45,0.38,2.18
556,06-Apr-16,17.83,17.9225,16.125,17.345,17.83,-0.49,-2.72
557,07-Apr-16,17.345,17.4225,16.335,16.935,17.345,-0.41,-2.36
558,08-Apr-16,16.935,16.935,15.1975,16.4325,16.935,-0.5,-2.97
559,11-Apr-16,16.4325,16.79,14.88,16.0125,16.4325,-0.42,-2.56
560,12-Apr-16,16.0125,16.3025,14.6525,16.025,16.0125,0.01,0.08
561,13-Apr-16,16.025,16.12,13.55,16.035,16.025,0.01,0.06
562,18-Apr-16,16.035,17.4175,14.14,16.9475,16.035,0.91,5.69
563,20-Apr-16,16.9475,17.52,15.4325,17.075,16.9475,0.13,0.75
564,21-Apr-16,17.075,17.075,15.6375,16.5125,17.075,-0.56,-3.29
565,22-Apr-16,16.5125,16.8575,15.335,16.38,16.5125,-0.13,-0.8
566,25-Apr-16,16.38,17.03,16.1275,16.5725,16.38,0.19,1.18
567,26-Apr-16,16.5725,16.8175,15.6425,16.58,16.5725,0.01,0.05
568,27-Apr-16,16.58,16.79,16.2275,16.3525,16.58,-0.23,-1.37
569,28-Apr-16,16.3525,16.77,15.3075,16.5975,16.3525,0.25,1.5
570,29-Apr-16,16.5975,17.24,15.63,16.5375,16.5975,-0.06,-0.36
571,02-May-16,16.5375,17.655,16.5375,17.0925,16.5375,0.56,3.36
572,03-May-16,17.0925,18.0825,15.605,17.4625,17.0925,0.37,2.16
573,04-May-16,17.4625,17.7825,16.2675,17.445,17.4625,-0.02,-0.1
574,05-May-16,17.445,17.48,15.7275,17.17,17.445,-0.28,-1.58
575,06-May-16,17.17,17.5025,16.055,16.9475,17.17,-0.22,-1.3
576,09-May-16,16.9475,16.9475,15.2175,16.6125,16.9475,-0.34,-1.98
577,10-May-16,16.6125,17.185,15.0225,16.415,16.6125,-0.2,-1.19
578,11-May-16,16.415,17.4625,15.5375,16.9625,16.415,0.55,3.34
579,12-May-16,16.9625,17.1675,15.96,16.3275,16.9625,-0.64,-3.74
580,13-May-16,16.3275,17.3675,14.195,16.9975,16.3275,0.67,4.1
581,16-May-16,16.9975,17.77,16.1675,17.0325,16.9975,0.04,0.21
582,17-May-16,17.0325,17.0325,15.735,16.3725,17.0325,-0.66,-3.87
583,18-May-16,16.3725,16.97,15.99,16.455,16.3725,0.08,0.5
584,19-May-16,16.455,17.4175,15.4175,17.0625,16.455,0.61,3.69
585,20-May-16,17.0625,17.0625,14.9825,16.425,17.0625,-0.64,-3.74
586,23-May-16,16.425,16.5525,15.1825,16.16,16.425,-0.27,-1.61
587,24-May-16,16.16,16.8875,15.6875,16.22,16.16,0.06,0.37
588,25-May-16,16.22,16.22,14.5475,15.52,16.22,-0.7,-4.32
589,26-May-16,15.52,15.52,14.4675,15.325,15.52,-0.2,-1.26
590,27-May-16,15.325,15.8575,14.9375,15.26,15.325,-0.07,-0.42
591,30-May-16,15.26,16.4425,14.77,15.975,15.26,0.72,4.69
592,31-May-16,15.975,16.3625,14.3025,16.045,15.975,0.07,0.44
593,01-Jun-16,16.045,16.0975,14.72,15.835,16.045,-0.21,-1.31
594,02-Jun-16,15.835,15.9375,14.96,15.0875,15.835,-0.75,-4.72
595,03-Jun-16,15.0875,15.3925,14.0475,14.995,15.0875,-0.09,-0.61
596,06-Jun-16,14.995,15.535,14.1175,15.355,14.995,0.36,2.4
597,07-Jun-16,15.355,15.355,14.4025,14.87,15.355,-0.49,-3.16
598,08-Jun-16,14.87,15.2875,13.315,15.1425,14.87,0.27,1.83
599,09-Jun-16,15.1425,15.8325,13.975,15.6725,15.1425,0.53,3.5
600,10-Jun-16,15.6725,16.27,14.5525,15.97,15.6725,0.3,1.9
601,13-Jun-16,15.97,17.0775,15.6575,16.5825,15.97,0.61,3.84
602,14-Jun-16,16.5825,17.5375,14.91,17.19,16.5825,0.61,3.66
603,15-Jun-16,17.19,17.63,15.42,17.055,17.19,-0.14,-0.79
604,16-Jun-16,17.055,18.4625,15.775,17.6975,17.055,0.64,3.77
605,17-Jun-16,17.6975,17.8975,16.04,17.35,17.6975,-0.35,-1.96
606,20-Jun-16,17.35,18.45,16.29,17.5175,17.35,0.17,0.97
607,21-Jun-16,17.5175,17.705,16.39,17.26,17.5175,-0.26,-1.47
608,22-Jun-16,17.26,18.3125,16.22,18.185,17.26,0.93,5.36
609,23-Jun-16,18.185,18.8275,16.9925,18.02,18.185,-0.17,-0.91
610,24-Jun-16,18.02,21.05,16.1525,18.6275,18.02,0.61,3.37
611,27-Jun-16,18.6275,19.73,18.3825,18.53,18.6275,-0.1,-0.52
612,28-Jun-16,18.53,18.81,17.445,17.725,18.53,-0.81,-4.34
613,29-Jun-16,17.725,17.725,15.905,16.155,17.725,-1.57,-8.86
614,30-Jun-16,16.155,16.41,14.655,16.29,16.155,0.14,0.84
615,01-Jul-16,16.29,16.3575,15.6525,15.7375,16.29,-0.55,-3.39
616,04-Jul-16,15.7375,15.965,15.15,15.5775,15.7375,-0.16,-1.02
617,05-Jul-16,15.5775,15.7,14.8325,15.3625,15.5775,-0.22,-1.38
618,07-Jul-16,15.3625,15.58,14.285,15.3075,15.3625,-0.06,-0.36
619,08-Jul-16,15.3075,15.805,13.9125,15.0825,15.3075,-0.23,-1.47
620,11-Jul-16,15.0825,15.0825,13.7575,14.8475,15.0825,-0.24,-1.56
621,12-Jul-16,14.8475,15.03,13.815,14.7825,14.8475,-0.07,-0.44
622,13-Jul-16,14.7825,15.405,13.865,15.325,14.7825,0.54,3.67
623,14-Jul-16,15.325,15.9225,14.16,15.61,15.325,0.29,1.86
624,15-Jul-16,15.61,16.3225,13.92,15.6375,15.61,0.03,0.18
625,18-Jul-16,15.6375,16.2025,14.1075,15.9875,15.6375,0.35,2.24
626,19-Jul-16,15.9875,16.23,13.92,15.795,15.9875,-0.19,-1.2
627,20-Jul-16,15.795,16.2125,14.1375,15.99,15.795,0.2,1.23
628,21-Jul-16,15.99,16.1125,14.0275,15.7125,15.99,-0.28,-1.74
629,22-Jul-16,15.7125,15.955,14.4425,15.4975,15.7125,-0.22,-1.37
630,25-Jul-16,15.4975,16.1125,13.5225,15.7175,15.4975,0.22,1.42
631,26-Jul-16,15.7175,16.1475,13.945,15.62,15.7175,-0.1,-0.62
632,27-Jul-16,15.62,15.67,14.47,15.4275,15.62,-0.19,-1.23
633,28-Jul-16,15.4275,15.535,12.5925,15.1475,15.4275,-0.28,-1.81
634,29-Jul-16,15.1475,15.23,14.1525,14.9175,15.1475,-0.23,-1.52
635,01-Aug-16,14.9175,15.4775,14.36,15.18,14.9175,0.26,1.76
636,02-Aug-16,15.18,15.7925,13.955,15.6925,15.18,0.51,3.38
637,03-Aug-16,15.6925,16.445,14.295,16.2375,15.6925,0.55,3.47
638,04-Aug-16,16.2375,16.2375,14.1025,15.14,16.2375,-1.1,-6.76
639,05-Aug-16,15.14,15.14,13.6175,14.3525,15.14,-0.79,-5.2
640,08-Aug-16,14.3525,14.8225,13.1125,14.5875,14.3525,0.24,1.64
641,09-Aug-16,14.5875,14.96,12.35,14.5375,14.5875,-0.05,-0.34
642,10-Aug-16,14.5375,15.25,12.7125,14.9225,14.5375,0.39,2.65
643,11-Aug-16,14.9225,14.9225,13.1725,14.2125,14.9225,-0.71,-4.76
644,12-Aug-16,14.2125,14.2125,12.3725,13.77,14.2125,-0.44,-3.11
645,16-Aug-16,13.77,14.6375,13.14,14.1825,13.77,0.41,3
646,17-Aug-16,14.1825,14.905,12.7125,14.78,14.1825,0.6,4.21
647,18-Aug-16,14.78,14.78,12.91,14.55,14.78,-0.23,-1.56
648,19-Aug-16,14.55,14.905,12.105,14.5375,14.55,-0.01,-0.09
649,22-Aug-16,14.5375,15.005,13.27,14.235,14.5375,-0.3,-2.08
650,23-Aug-16,14.235,14.62,13.06,13.8975,14.235,-0.34,-2.37
651,24-Aug-16,13.8975,14.035,12.39,13.4875,13.8975,-0.41,-2.95
652,25-Aug-16,13.4875,13.6125,10.9275,13.285,13.4875,-0.2,-1.5
653,26-Aug-16,13.285,14.205,12.35,13.57,13.285,0.29,2.15
654,29-Aug-16,13.57,14.005,12.9375,13.165,13.57,-0.41,-2.98
655,30-Aug-16,13.165,13.165,12.2925,13.02,13.165,-0.15,-1.1
656,31-Aug-16,13.02,13.5425,12.245,13.2425,13.02,0.22,1.71
657,01-Sep-16,13.2425,13.68,12.5375,13.34,13.2425,0.1,0.74
658,02-Sep-16,13.34,13.445,12.6375,12.94,13.34,-0.4,-3
659,06-Sep-16,12.94,13.18,12.3525,12.75,12.94,-0.19,-1.47
660,07-Sep-16,12.75,13.355,11.9475,13.145,12.75,0.4,3.1
661,08-Sep-16,13.145,13.2325,12.045,13.115,13.145,-0.03,-0.23
662,09-Sep-16,13.115,13.4525,12.635,13.23,13.115,0.12,0.88
663,12-Sep-16,13.23,15.34,12.7,15.24,13.23,2.01,15.19
664,14-Sep-16,15.24,15.52,14.2,14.7625,15.24,-0.48,-3.13
665,15-Sep-16,14.7625,15.08,13.44,14.6775,14.7625,-0.09,-0.58
666,16-Sep-16,14.6775,14.95,13.425,14.58,14.6775,-0.1,-0.66
667,19-Sep-16,14.58,15.2025,13.6425,14.94,14.58,0.36,2.47
668,20-Sep-16,14.94,15.15,13.77,14.78,14.94,-0.16,-1.07
669,21-Sep-16,14.78,14.9525,13.1675,14.805,14.78,0.03,0.17
670,22-Sep-16,14.805,14.805,12.5925,13.34,14.805,-1.47,-9.9
671,23-Sep-16,13.34,13.59,12.03,13.2475,13.34,-0.09,-0.69
672,26-Sep-16,13.2475,14.785,12.8125,14.565,13.2475,1.32,9.95
673,27-Sep-16,14.565,14.565,13.7725,14.25,14.565,-0.32,-2.16
674,28-Sep-16,14.25,14.3525,13.4925,13.8475,14.25,-0.4,-2.82
675,29-Sep-16,13.8475,19.125,13.1525,18.45,13.8475,4.6,33.24
676,30-Sep-16,18.45,18.8475,16.8275,17.18,18.45,-1.27,-6.88
677,03-Oct-16,17.18,17.18,15.51,15.62,17.18,-1.56,-9.08
678,04-Oct-16,15.62,15.715,14.8125,14.9925,15.62,-0.63,-4.02
679,05-Oct-16,14.9925,15.145,13.905,14.925,14.9925,-0.07,-0.45
680,06-Oct-16,14.925,15.1225,14.3275,14.835,14.925,-0.09,-0.6
681,07-Oct-16,14.835,14.97,13.78,14.485,14.835,-0.35,-2.36
682,10-Oct-16,14.485,14.565,13.27,14.285,14.485,-0.2,-1.38
683,13-Oct-16,14.285,16.0075,14.285,15.425,14.285,1.14,7.98
684,14-Oct-16,15.425,15.425,14.3325,14.8875,15.425,-0.54,-3.48
685,17-Oct-16,14.8875,16.05,14.3475,15.655,14.8875,0.77,5.16
686,18-Oct-16,15.655,15.655,14.3,14.5375,15.655,-1.12,-7.14
687,19-Oct-16,14.5375,14.9475,13.1525,14.6125,14.5375,0.08,0.52
688,20-Oct-16,14.6125,14.6125,12.745,14.165,14.6125,-0.45,-3.06
689,21-Oct-16,14.165,14.35,12.4325,13.83,14.165,-0.34,-2.36
690,24-Oct-16,13.83,14.4475,13.1,14.3325,13.83,0.5,3.63
691,25-Oct-16,14.3325,14.8125,12.84,14.4825,14.3325,0.15,1.05
692,26-Oct-16,14.4825,14.9375,13.6,14.4525,14.4825,-0.03,-0.21
693,27-Oct-16,14.4525,14.82,12.7475,14.085,14.4525,-0.37,-2.54
694,28-Oct-16,14.085,14.88,13.4825,14.6525,14.085,0.57,4.03
695,30-Oct-16,14.6525,15.615,14.4675,15.49,14.6525,0.84,5.72
696,01-Nov-16,15.49,15.8875,14.3125,15.735,15.49,0.25,1.58
697,02-Nov-16,15.735,17.2625,15.1225,16.7975,15.735,1.06,6.75
698,03-Nov-16,16.7975,16.7975,15.485,16.465,16.7975,-0.33,-1.98
699,04-Nov-16,16.465,17.425,14.6025,16.8475,16.465,0.38,2.32
700,07-Nov-16,16.8475,16.8475,14.935,16.5075,16.8475,-0.34,-2.02
701,08-Nov-16,16.5075,17.3775,15.0675,16.77,16.5075,0.26,1.59
702,09-Nov-16,16.77,22.79,15.84,16.62,16.77,-0.15,-0.89
703,10-Nov-16,16.62,16.62,14.235,15.4575,16.62,-1.16,-6.99
704,11-Nov-16,15.4575,17.71,14.1675,17.365,15.4575,1.91,12.34
705,15-Nov-16,17.365,20.835,16.455,20.145,17.365,2.78,16.01
706,16-Nov-16,20.145,20.19,16.9025,19.5025,20.145,-0.64,-3.19
707,17-Nov-16,19.5025,19.5025,17.4375,18.71,19.5025,-0.79,-4.06
708,18-Nov-16,18.71,18.71,15.855,17.805,18.71,-0.91,-4.84
709,21-Nov-16,17.805,19.765,15.7175,19.0975,17.805,1.29,7.26
710,22-Nov-16,19.0975,20.1325,17.945,18.465,19.0975,-0.63,-3.31
711,23-Nov-16,18.465,23.0925,16.34,18.04,18.465,-0.43,-2.3
712,24-Nov-16,18.04,18.5825,16.64,17.16,18.04,-0.88,-4.88
713,25-Nov-16,17.16,18.87,16.87,17.6125,17.16,0.45,2.64
714,28-Nov-16,17.6125,18.6075,16.8175,18.055,17.6125,0.44,2.51
715,29-Nov-16,18.055,18.215,16.515,17.7075,18.055,-0.35,-1.92
716,30-Nov-16,17.7075,17.9925,16.04,16.85,17.7075,-0.86,-4.84
717,01-Dec-16,16.85,16.89,14.335,16.6875,16.85,-0.16,-0.96
718,02-Dec-16,16.6875,18.19,15.8275,17.9325,16.6875,1.25,7.46
719,05-Dec-16,17.9325,18.295,16.92,17.2875,17.9325,-0.65,-3.6
720,06-Dec-16,17.2875,17.355,14.9625,17.105,17.2875,-0.18,-1.06
721,07-Dec-16,17.105,17.11,15.5075,16.845,17.105,-0.26,-1.52
722,08-Dec-16,16.845,16.845,14.1625,15.525,16.845,-1.32,-7.84
723,09-Dec-16,15.525,15.6375,14.5325,15.0675,15.525,-0.46,-2.95
724,12-Dec-16,15.0675,16.3125,14.215,16.1925,15.0675,1.13,7.47
725,13-Dec-16,16.1925,16.4825,13.755,15.9225,16.1925,-0.27,-1.67
726,14-Dec-16,15.9225,16.6725,14.43,16.5925,15.9225,0.67,4.21
727,15-Dec-16,16.5925,16.5925,15.255,15.655,16.5925,-0.94,-5.65
728,16-Dec-16,15.655,15.655,13.445,15.2525,15.655,-0.4,-2.57
729,19-Dec-16,15.2525,15.585,13.2525,14.8375,15.2525,-0.42,-2.72
730,20-Dec-16,14.8375,14.9275,13.4025,14.5375,14.8375,-0.3,-2.02
731,21-Dec-16,14.5375,14.8575,13.335,14.705,14.5375,0.17,1.15
732,22-Dec-16,14.705,15.7025,12.7625,15.5525,14.705,0.85,5.76
733,23-Dec-16,15.5525,15.78,12.6125,15.1275,15.5525,-0.43,-2.73
734,26-Dec-16,15.1275,16.905,13.435,16.6025,15.1275,1.48,9.75
735,27-Dec-16,16.6025,16.7625,14.9475,15.0825,16.6025,-1.52,-9.16
736,28-Dec-16,15.0825,15.6275,14.2625,15.5425,15.0825,0.46,3.05
737,29-Dec-16,15.5425,16.0775,14.6575,15.2825,15.5425,-0.26,-1.67
738,30-Dec-16,15.2825,15.575,14.5325,15.465,15.2825,0.18,1.19
739,02-Jan-17,15.465,16.375,14.64,15.83,15.465,0.37,2.36
740,03-Jan-17,15.83,16.4175,14.9025,15.9575,15.83,0.13,0.81
741,04-Jan-17,15.9575,16.1,14.8975,15.89,15.9575,-0.07,-0.42
742,05-Jan-17,15.89,15.89,14.4475,15.05,15.89,-0.84,-5.29
743,06-Jan-17,15.05,15.0875,13.9225,14.9125,15.05,-0.14,-0.91
744,09-Jan-17,14.9125,15.635,13.82,15.48,14.9125,0.57,3.81
745,10-Jan-17,15.48,15.48,14.025,15.195,15.48,-0.29,-1.84
746,11-Jan-17,15.195,15.195,13.5375,14.8075,15.195,-0.39,-2.55
747,12-Jan-17,14.8075,14.865,13.4625,14.6125,14.8075,-0.2,-1.32
748,13-Jan-17,14.6125,14.6525,13.375,14.3825,14.6125,-0.23,-1.57
749,16-Jan-17,14.3825,15.25,13.425,15.065,14.3825,0.68,4.75
750,17-Jan-17,15.065,15.62,13.98,15.3925,15.065,0.33,2.17
751,18-Jan-17,15.3925,15.3925,13.6125,15.1825,15.3925,-0.21,-1.36
752,19-Jan-17,15.1825,15.2775,14.035,15.02,15.1825,-0.16,-1.07
753,20-Jan-17,15.02,15.8675,13.8525,15.79,15.02,0.77,5.13
754,23-Jan-17,15.79,16.3725,15.5025,15.905,15.79,0.12,0.73
755,24-Jan-17,15.905,15.96,14.3875,15.285,15.905,-0.62,-3.9
756,25-Jan-17,15.285,15.425,14.41,15.17,15.285,-0.12,-0.75
757,27-Jan-17,15.17,16.125,14.93,16.005,15.17,0.84,5.5
758,30-Jan-17,16.005,16.8575,15.3925,16.67,16.005,0.67,4.15
759,31-Jan-17,16.67,17.09,15.7125,16.825,16.67,0.16,0.93
760,01-Feb-17,16.825,17.4275,13.8025,13.97,16.825,-2.86,-16.97
761,02-Feb-17,13.97,13.97,12.64,13.52,13.97,-0.45,-3.22
762,03-Feb-17,13.52,13.595,11.7825,13.1275,13.52,-0.39,-2.9
763,06-Feb-17,13.1275,13.6125,11.06,13.3975,13.1275,0.27,2.06
764,07-Feb-17,13.3975,13.7225,12.24,13.5075,13.3975,0.11,0.82
765,08-Feb-17,13.5075,13.7575,11.435,13.35,13.5075,-0.16,-1.17
766,09-Feb-17,13.35,13.78,11.395,13.235,13.35,-0.12,-0.86
767,10-Feb-17,13.235,13.3325,11.37,13.1775,13.235,-0.06,-0.43
768,13-Feb-17,13.1775,13.76,11.57,13.6925,13.1775,0.52,3.91
769,14-Feb-17,13.6925,14.01,12.0975,13.8025,13.6925,0.11,0.8
770,15-Feb-17,13.8025,14.46,11.7275,14.2125,13.8025,0.41,2.97
771,16-Feb-17,14.2125,14.2125,11.4375,13.73,14.2125,-0.48,-3.39
772,17-Feb-17,13.73,13.7725,12.4675,13.4325,13.73,-0.3,-2.17
773,20-Feb-17,13.4325,13.8475,12.4125,13.61,13.4325,0.18,1.32
774,21-Feb-17,13.61,14.2825,11.8925,13.525,13.61,-0.09,-0.62
775,22-Feb-17,13.525,14.0425,12.7225,13.7,13.525,0.18,1.29
776,23-Feb-17,13.7,13.96,12.915,13.4,13.7,-0.3,-2.19
777,27-Feb-17,13.4,14.2725,13.4,13.675,13.4,0.28,2.05
778,28-Feb-17,13.675,14.025,13.1675,13.7925,13.675,0.12,0.86
779,01-Mar-17,13.7925,13.7975,13.2075,13.575,13.7925,-0.22,-1.58
780,02-Mar-17,13.575,13.615,13.03,13.3625,13.575,-0.21,-1.57
781,03-Mar-17,13.3625,13.6025,12.5675,13.3525,13.3625,-0.01,-0.07
782,06-Mar-17,13.3525,13.725,12.81,13.64,13.3525,0.29,2.15
783,07-Mar-17,13.64,14.0075,13.09,13.875,13.64,0.24,1.72
784,08-Mar-17,13.875,14.2875,12.6875,14.075,13.875,0.2,1.44
785,09-Mar-17,14.075,14.7825,12.6025,14.39,14.075,0.32,2.24
786,10-Mar-17,14.39,14.39,13.575,13.9575,14.39,-0.43,-3.01
787,14-Mar-17,13.9575,13.9575,11.085,12.4,13.9575,-1.56,-11.16
788,15-Mar-17,12.4,12.5325,11.2025,12.4225,12.4,0.02,0.18
789,16-Mar-17,12.4225,12.4225,11.3425,11.91,12.4225,-0.51,-4.13
790,17-Mar-17,11.91,12.1125,10.3875,11.8525,11.91,-0.06,-0.48
791,20-Mar-17,11.8525,12.31,11.44,12.0175,11.8525,0.17,1.39
792,21-Mar-17,12.0175,12.155,11.0325,11.9425,12.0175,-0.08,-0.62
793,22-Mar-17,11.9425,12.3575,11.5825,12.27,11.9425,0.33,2.74
794,23-Mar-17,12.27,12.27,11.2375,11.835,12.27,-0.44,-3.55
795,24-Mar-17,11.835,12.1025,10.705,11.9775,11.835,0.14,1.2
796,27-Mar-17,11.9775,12.57,11.3375,12.435,11.9775,0.46,3.82
797,28-Mar-17,12.435,12.435,11.46,12.1175,12.435,-0.32,-2.55
798,29-Mar-17,12.1175,12.24,11.45,12.0875,12.1175,-0.03,-0.25
799,30-Mar-17,12.0875,12.45,11.75,12.15,12.0875,0.06,0.52
800,31-Mar-17,12.15,12.5125,11.4875,12.42,12.15,0.27,2.22
801,03-Apr-17,12.42,12.7575,11.41,11.4925,12.42,-0.93,-7.47
802,05-Apr-17,11.4925,11.8875,10.89,11.55,11.4925,0.06,0.5
803,06-Apr-17,11.55,11.7675,11.0325,11.29,11.55,-0.26,-2.25
804,07-Apr-17,11.29,11.8125,10.305,11.6925,11.29,0.4,3.57
805,10-Apr-17,11.6925,11.9225,11.2425,11.62,11.6925,-0.07,-0.62
806,11-Apr-17,11.62,11.8325,10.2375,11.395,11.62,-0.23,-1.94
807,12-Apr-17,11.395,12.065,10.79,11.6275,11.395,0.23,2.04
808,13-Apr-17,11.6275,11.7825,10.585,11.5775,11.6275,-0.05,-0.43
809,17-Apr-17,11.5775,12.2125,10.6925,11.8925,11.5775,0.32,2.72
810,18-Apr-17,11.8925,12.5925,10.76,12.375,11.8925,0.48,4.06
811,19-Apr-17,12.375,12.515,10.745,12.215,12.375,-0.16,-1.29
812,20-Apr-17,12.215,12.215,10.855,11.56,12.215,-0.66,-5.36
813,21-Apr-17,11.56,11.735,10.555,11.4225,11.56,-0.14,-1.19
814,24-Apr-17,11.4225,11.855,10.9675,11.625,11.4225,0.2,1.77
815,25-Apr-17,11.625,11.625,10.9725,11.155,11.625,-0.47,-4.04
816,26-Apr-17,11.155,11.865,9.9175,11.74,11.155,0.59,5.24
817,27-Apr-17,11.74,11.74,10.36,11.07,11.74,-0.67,-5.71
818,28-Apr-17,11.07,11.07,10.5325,10.86,11.07,-0.21,-1.9
819,02-May-17,10.86,11.8075,10.3525,11.4475,10.86,0.59,5.41
820,03-May-17,11.4475,11.66,9.945,11.5275,11.4475,0.08,0.7
821,04-May-17,11.5275,11.7825,10.605,11.3325,11.5275,-0.2,-1.69
822,05-May-17,11.3325,12.16,10.4525,11.9875,11.3325,0.66,5.78
823,08-May-17,11.9875,11.9875,10.6125,11.665,11.9875,-0.32,-2.69
824,09-May-17,11.665,11.665,10.5425,11.1125,11.665,-0.55,-4.74
825,10-May-17,11.1125,11.1125,9.9575,10.9475,11.1125,-0.17,-1.48
826,11-May-17,10.9475,11.26,9.8975,10.8375,10.9475,-0.11,-1
827,12-May-17,10.8375,10.8375,9.465,10.6275,10.8375,-0.21,-1.94
828,15-May-17,10.6275,11.14,8.835,10.675,10.6275,0.05,0.45
829,16-May-17,10.675,11.0225,9.065,10.56,10.675,-0.12,-1.08
830,17-May-17,10.56,10.8075,9.245,10.635,10.56,0.08,0.71
831,18-May-17,10.635,12.745,9.8175,11.785,10.635,1.15,10.81
832,19-May-17,11.785,11.9,10.3975,11.3025,11.785,-0.48,-4.09
833,22-May-17,11.3025,11.8525,10.2,11.2025,11.3025,-0.1,-0.88
834,23-May-17,11.2025,12.765,9.865,12.2025,11.2025,1,8.93
835,24-May-17,12.2025,12.785,10.45,11.83,12.2025,-0.37,-3.05
836,25-May-17,11.83,11.92,10.1925,10.4475,11.83,-1.38,-11.69
837,26-May-17,10.4475,11.1875,9.8875,10.8625,10.4475,0.42,3.97
838,29-May-17,10.8625,11.8775,10.26,11.7875,10.8625,0.93,8.52
839,30-May-17,11.7875,12.2725,10.8625,11.765,11.7875,-0.02,-0.19
840,31-May-17,11.765,12.2475,11.02,11.7625,11.765,0,-0.02
841,01-Jun-17,11.7625,11.9125,10.6125,11.3075,11.7625,-0.46,-3.87
842,02-Jun-17,11.3075,11.3075,10.3125,10.81,11.3075,-0.5,-4.4
843,05-Jun-17,10.81,11.1425,10.0525,11.015,10.81,0.21,1.9
844,06-Jun-17,11.015,11.32,9.49,11.1325,11.015,0.12,1.07
845,07-Jun-17,11.1325,11.185,10.2225,10.89,11.1325,-0.24,-2.18
846,08-Jun-17,10.89,11.1275,9.5275,11.0675,10.89,0.18,1.63
847,09-Jun-17,11.0675,11.225,10.275,10.8625,11.0675,-0.21,-1.85
848,12-Jun-17,10.8625,11.5025,10.3525,11.4225,10.8625,0.56,5.16
849,13-Jun-17,11.4225,11.4625,9.9025,11.34,11.4225,-0.08,-0.72
850,14-Jun-17,11.34,11.5275,10.44,11.18,11.34,-0.16,-1.41
851,15-Jun-17,11.18,11.43,9.885,11.325,11.18,0.15,1.3
852,16-Jun-17,11.325,11.325,9.7125,10.915,11.325,-0.41,-3.62
853,19-Jun-17,10.915,10.915,9.7425,10.6275,10.915,-0.29,-2.63
854,20-Jun-17,10.6275,10.8725,9.82,10.6575,10.6275,0.03,0.28
855,21-Jun-17,10.6575,11.055,9.775,10.915,10.6575,0.26,2.42
856,22-Jun-17,10.915,11.42,10.07,11.2075,10.915,0.29,2.68
857,23-Jun-17,11.2075,11.78,8.755,11.5575,11.2075,0.35,3.12
858,27-Jun-17,11.5575,12.8675,10.93,12.5075,11.5575,0.95,8.22
859,28-Jun-17,12.5075,12.755,11.0925,11.99,12.5075,-0.52,-4.14
860,29-Jun-17,11.99,11.99,10.595,11.3825,11.99,-0.61,-5.07
861,30-Jun-17,11.3825,12.1025,11.0775,11.7325,11.3825,0.35,3.07
862,03-Jul-17,11.7325,11.75,10.455,11.2,11.7325,-0.53,-4.54
863,04-Jul-17,11.2,11.645,10.42,11.275,11.2,0.08,0.67
864,05-Jul-17,11.275,11.42,10.45,11.1525,11.275,-0.12,-1.09
865,06-Jul-17,11.1525,11.175,10.2875,10.9825,11.1525,-0.17,-1.52
866,07-Jul-17,10.9825,11.125,9.615,10.8675,10.9825,-0.12,-1.05
867,10-Jul-17,10.8675,11.0925,9.57,10.9125,10.8675,0.05,0.41
868,11-Jul-17,10.9125,11.0775,9.8975,10.89,10.9125,-0.02,-0.21
869,12-Jul-17,10.89,11.3,9.6725,11.0525,10.89,0.16,1.49
870,13-Jul-17,11.0525,11.395,9.86,11.2475,11.0525,0.2,1.76
871,14-Jul-17,11.2475,11.4775,10.065,11.1725,11.2475,-0.08,-0.67
872,17-Jul-17,11.1725,11.5675,10.48,11.4575,11.1725,0.29,2.55
873,18-Jul-17,11.4575,11.79,10.285,11.49,11.4575,0.03,0.28
874,19-Jul-17,11.49,11.685,9.0775,11.255,11.49,-0.24,-2.05
875,20-Jul-17,11.255,11.5675,10.37,11.315,11.255,0.06,0.53
876,21-Jul-17,11.315,11.715,9.0075,11.085,11.315,-0.23,-2.03
877,24-Jul-17,11.085,11.795,10.3575,11.3125,11.085,0.23,2.05
878,25-Jul-17,11.3125,11.5125,10.235,10.9125,11.3125,-0.4,-3.54
879,26-Jul-17,10.9125,11.775,10.9075,11.17,10.9125,0.26,2.36
880,27-Jul-17,11.17,11.915,10.81,11.2175,11.17,0.05,0.43
881,28-Jul-17,11.2175,12.015,10.9825,11.1375,11.2175,-0.08,-0.71
882,31-Jul-17,11.1375,12.0325,11.1375,11.9,11.1375,0.76,6.85
883,01-Aug-17,11.9,12.3925,11.5875,11.9075,11.9,0.01,0.06
884,02-Aug-17,11.9075,12.1725,10.9225,11.9425,11.9075,0.04,0.29
885,03-Aug-17,11.9425,12.2325,11.2075,11.6425,11.9425,-0.3,-2.51
886,04-Aug-17,11.6425,11.745,10.745,11.39,11.6425,-0.25,-2.17
887,07-Aug-17,11.39,12.0025,10.64,11.895,11.39,0.51,4.43
888,08-Aug-17,11.895,13.045,10.485,12.77,11.895,0.88,7.36
889,09-Aug-17,12.77,13.6775,10.515,13.4525,12.77,0.68,5.34
890,10-Aug-17,13.4525,14.1675,12.23,13.8025,13.4525,0.35,2.6
891,11-Aug-17,13.8025,15.5425,11.67,15.195,13.8025,1.39,10.09
892,14-Aug-17,15.195,15.195,11.8575,14.3825,15.195,-0.81,-5.35
893,16-Aug-17,14.3825,14.7,12.62,14.2375,14.3825,-0.15,-1.01
894,17-Aug-17,14.2375,14.6225,10.7925,14.34,14.2375,0.1,0.72
895,18-Aug-17,14.34,14.89,11.1675,14.57,14.34,0.23,1.6
896,21-Aug-17,14.57,14.965,13.145,14.815,14.57,0.25,1.68
897,22-Aug-17,14.815,14.815,11.1625,14.105,14.815,-0.71,-4.79
898,23-Aug-17,14.105,14.105,12.2625,13.1825,14.105,-0.92,-6.54
899,24-Aug-17,13.1825,13.195,11.9425,12.5725,13.1825,-0.61,-4.63
900,28-Aug-17,12.5725,13.6775,11.365,12.64,12.5725,0.07,0.54
901,29-Aug-17,12.64,13.8525,12.28,13.5425,12.64,0.9,7.14
902,30-Aug-17,13.5425,14.13,11.745,12.8875,13.5425,-0.66,-4.84
903,31-Aug-17,12.8875,13.695,11.785,11.9525,12.8875,-0.94,-7.26
904,01-Sep-17,11.9525,12.1575,10.525,11.675,11.9525,-0.28,-2.32
905,04-Sep-17,11.675,13.955,11.485,13.165,11.675,1.49,12.76
906,05-Sep-17,13.165,13.4425,12.475,12.8875,13.165,-0.28,-2.11
907,06-Sep-17,12.8875,13.495,12.035,13.12,12.8875,0.23,1.8
908,07-Sep-17,13.12,13.1275,11.175,13.0075,13.12,-0.11,-0.86
909,08-Sep-17,13.0075,13.0975,11.7725,12.9625,13.0075,-0.05,-0.35
910,11-Sep-17,12.9625,12.9625,11.5475,12.36,12.9625,-0.6,-4.65
911,12-Sep-17,12.36,12.36,11.52,11.7575,12.36,-0.6,-4.87
912,13-Sep-17,11.7575,11.865,10.68,11.755,11.7575,0,-0.02
913,14-Sep-17,11.755,11.8775,10.36,11.47,11.755,-0.29,-2.42
914,15-Sep-17,11.47,12.0175,10.0175,11.6775,11.47,0.21,1.81
915,18-Sep-17,11.6775,11.6775,10.835,11.4425,11.6775,-0.24,-2.01
916,19-Sep-17,11.4425,11.6425,10.3975,11.465,11.4425,0.02,0.2
917,20-Sep-17,11.465,11.8775,10.115,11.6325,11.465,0.17,1.46
918,21-Sep-17,11.6325,12.1825,9.2575,11.6325,11.6325,0,0
919,22-Sep-17,11.6325,12.9925,11.005,12.81,11.6325,1.18,10.12
920,25-Sep-17,12.81,13.84,11.5075,13.34,12.81,0.53,4.14
921,26-Sep-17,13.34,13.625,12.6325,12.9275,13.34,-0.41,-3.09
922,27-Sep-17,12.9275,14.165,11.77,13.8625,12.9275,0.94,7.23
923,28-Sep-17,13.8625,13.9725,12.8225,13.1725,13.8625,-0.69,-4.98
924,29-Sep-17,13.1725,13.1725,11.91,12.485,13.1725,-0.69,-5.22
925,03-Oct-17,12.485,12.8725,11.44,12.46,12.485,-0.03,-0.2
926,04-Oct-17,12.46,12.5775,11.575,11.8,12.46,-0.66,-5.3
927,05-Oct-17,11.8,11.895,10.585,11.71,11.8,-0.09,-0.76
928,06-Oct-17,11.71,11.71,10.745,11.1175,11.71,-0.59,-5.06
929,09-Oct-17,11.1175,11.565,10.405,11.3925,11.1175,0.28,2.47
930,10-Oct-17,11.3925,11.45,10.75,11.1125,11.3925,-0.28,-2.46
931,11-Oct-17,11.1125,12.1825,10.1875,11.73,11.1125,0.62,5.56
932,12-Oct-17,11.73,11.73,10.46,11.0425,11.73,-0.69,-5.86
933,13-Oct-17,11.0425,11.345,10.085,11.2625,11.0425,0.22,1.99
934,16-Oct-17,11.2625,11.5825,10.0325,11.31,11.2625,0.05,0.42
935,17-Oct-17,11.31,11.7325,10.105,11.61,11.31,0.3,2.65
936,18-Oct-17,11.61,11.75,10.1325,11.54,11.61,-0.07,-0.6
937,19-Oct-17,11.54,12.8125,10.825,12.395,11.54,0.86,7.41
938,23-Oct-17,12.395,12.9375,10.875,12.325,12.395,-0.07,-0.56
939,24-Oct-17,12.325,12.47,11.36,11.59,12.325,-0.74,-5.96
940,25-Oct-17,11.59,12.4925,11.19,11.76,11.59,0.17,1.47
941,26-Oct-17,11.76,12.6475,11.2875,11.6175,11.76,-0.14,-1.21
942,27-Oct-17,11.6175,12.1525,11.19,11.475,11.6175,-0.14,-1.23
943,30-Oct-17,11.475,12.26,11.475,12.1125,11.475,0.64,5.56
944,31-Oct-17,12.1125,12.525,11.525,12.44,12.1125,0.33,2.7
945,01-Nov-17,12.44,12.44,11.79,12.1375,12.44,-0.3,-2.43
946,02-Nov-17,12.1375,12.37,11.41,12.005,12.1375,-0.13,-1.09
947,03-Nov-17,12.005,12.3025,11.0725,11.91,12.005,-0.1,-0.79
948,06-Nov-17,11.91,13.26,11.3725,13.0225,11.91,1.11,9.34
949,07-Nov-17,13.0225,13.68,11.6775,13.2375,13.0225,0.22,1.65
950,08-Nov-17,13.2375,13.855,11.235,13.61,13.2375,0.37,2.81
951,09-Nov-17,13.61,13.715,11.08,13.2675,13.61,-0.34,-2.52
952,10-Nov-17,13.2675,13.8175,11.1675,13.475,13.2675,0.21,1.56
953,13-Nov-17,13.475,14.3825,11.165,14.045,13.475,0.57,4.23
954,14-Nov-17,14.045,14.74,12.4575,14.165,14.045,0.12,0.85
955,15-Nov-17,14.165,14.5775,11.58,14.265,14.165,0.1,0.71
956,16-Nov-17,14.265,14.265,11.0675,13.4625,14.265,-0.8,-5.63
957,17-Nov-17,13.4625,13.86,11.6325,13.7125,13.4625,0.25,1.86
958,20-Nov-17,13.7125,15.605,11.12,13.4325,13.7125,-0.28,-2.04
959,21-Nov-17,13.4325,13.925,11.01,13.715,13.4325,0.28,2.1
960,22-Nov-17,13.715,14.335,12.185,14.0375,13.715,0.32,2.35
961,23-Nov-17,14.0375,14.4625,12.8225,13.865,14.0375,-0.17,-1.23
962,24-Nov-17,13.865,13.9925,12.49,13.5125,13.865,-0.35,-2.54
963,27-Nov-17,13.5125,13.9025,11.5275,13.03,13.5125,-0.48,-3.57
964,28-Nov-17,13.03,13.3625,12.0375,13.1475,13.03,0.12,0.9
965,29-Nov-17,13.1475,13.285,12.255,13.06,13.1475,-0.09,-0.67
966,30-Nov-17,13.06,13.9075,11.965,13.55,13.06,0.49,3.75
967,01-Dec-17,13.55,15.0225,12.62,14.795,13.55,1.25,9.19
968,04-Dec-17,14.795,15.255,14.135,14.855,14.795,0.06,0.41
969,05-Dec-17,14.855,15.3375,13.5475,15.0075,14.855,0.15,1.03
970,06-Dec-17,15.0075,15.2575,13.5525,15.0875,15.0075,0.08,0.53
971,07-Dec-17,15.0875,15.0875,13.92,14.2725,15.0875,-0.82,-5.4
972,08-Dec-17,14.2725,14.2725,12.905,13.6725,14.2725,-0.6,-4.2
973,11-Dec-17,13.6725,14.485,12.16,14.1475,13.6725,0.48,3.47
974,12-Dec-17,14.1475,15.3725,12.1575,15.2625,14.1475,1.12,7.88
975,13-Dec-17,15.2625,16.3125,12.7025,15.945,15.2625,0.68,4.47
976,14-Dec-17,15.945,17.385,12.795,16.4075,15.945,0.46,2.9
977,15-Dec-17,16.4075,16.4075,13.3975,14.94,16.4075,-1.47,-8.94
978,18-Dec-17,14.94,18.2575,12.815,13.115,14.94,-1.83,-12.22
979,19-Dec-17,13.115,13.115,12.075,12.1875,13.115,-0.93,-7.07
980,20-Dec-17,12.1875,12.415,11.2025,12.185,12.1875,0,-0.02
981,21-Dec-17,12.185,12.2425,10.16,12.085,12.185,-0.1,-0.82
982,22-Dec-17,12.085,12.1325,10.7325,11.5875,12.085,-0.5,-4.12
983,26-Dec-17,11.5875,12.2575,10.3175,12.0525,11.5875,0.47,4.01
984,27-Dec-17,12.0525,12.735,11.51,12.4925,12.0525,0.44,3.65
985,28-Dec-17,12.4925,12.6925,11.3275,12.2975,12.4925,-0.2,-1.56
986,29-Dec-17,12.2975,12.76,11.48,12.67,12.2975,0.37,3.03
987,01-Jan-18,12.67,13.6125,12.545,13.3525,12.67,0.68,5.39
988,02-Jan-18,13.3525,13.8425,12.605,13.685,13.3525,0.33,2.49
989,03-Jan-18,13.685,13.715,12.765,13.6225,13.685,-0.06,-0.46
990,04-Jan-18,13.6225,13.7925,12.1825,13.415,13.6225,-0.21,-1.52
991,05-Jan-18,13.415,13.415,12.42,13.1125,13.415,-0.3,-2.25
992,08-Jan-18,13.1125,13.855,11.8125,13.735,13.1125,0.62,4.75
993,09-Jan-18,13.735,14.13,12.25,13.8475,13.735,0.11,0.82
994,10-Jan-18,13.8475,14.2275,12.5175,14.035,13.8475,0.19,1.35
995,11-Jan-18,14.035,14.2775,12.985,14.0125,14.035,-0.02,-0.16
996,12-Jan-18,14.0125,14.5525,11.92,13.7325,14.0125,-0.28,-2
997,15-Jan-18,13.7325,14.475,11.8125,14.305,13.7325,0.57,4.17
998,16-Jan-18,14.305,14.585,12.3475,14.085,14.305,-0.22,-1.54
999,17-Jan-18,14.085,14.445,10.345,13.86,14.085,-0.23,-1.6
1000,18-Jan-18,13.86,14.22,11.655,13.96,13.86,0.1,0.72
1001,19-Jan-18,13.96,14.195,10.75,13.9825,13.96,0.02,0.16
1002,22-Jan-18,13.9825,15.59,12.0675,15.3925,13.9825,1.41,10.08
1003,23-Jan-18,15.3925,16.2975,14.11,16.225,15.3925,0.83,5.41
1004,24-Jan-18,16.225,18.495,14.64,18.04,16.225,1.82,11.19
1005,25-Jan-18,18.04,18.235,17.035,17.5075,18.04,-0.53,-2.95
1006,29-Jan-18,17.5075,18.485,16.3625,17.8875,17.5075,0.38,2.17
1007,30-Jan-18,17.8875,18.005,16.15,16.415,17.8875,-1.47,-8.23
1008,31-Jan-18,16.415,16.415,14.2875,15.93,16.415,-0.49,-2.95
1009,01-Feb-18,15.93,16.7725,13.9025,14.1075,15.93,-1.82,-11.44
1010,02-Feb-18,14.1075,15.49,11.4975,15.25,14.1075,1.14,8.1
1011,05-Feb-18,15.25,18.335,15.08,16.0525,15.25,0.8,5.26
1012,06-Feb-18,16.0525,23.1575,16.0525,20.015,16.0525,3.96,24.68
1013,07-Feb-18,20.015,20.015,16.7975,19.465,20.015,-0.55,-2.75
1014,08-Feb-18,19.465,24.035,15.2625,17.7725,19.465,-1.69,-8.7
1015,09-Feb-18,17.7725,20.4225,15.15,19.23,17.7725,1.46,8.2
1016,12-Feb-18,19.23,19.23,16.5675,17.8825,19.23,-1.35,-7.01
1017,14-Feb-18,17.8825,17.8825,15.52,17.185,17.8825,-0.7,-3.9
1018,15-Feb-18,17.185,17.185,14.085,16.315,17.185,-0.87,-5.06
1019,16-Feb-18,16.315,16.9725,12.57,16.3775,16.315,0.06,0.38
1020,19-Feb-18,16.3775,18.035,13.955,16.6675,16.3775,0.29,1.77
1021,20-Feb-18,16.6675,17.5375,16.3275,16.8675,16.6675,0.2,1.2
1022,21-Feb-18,16.8675,16.87,15.725,15.92,16.8675,-0.95,-5.62
1023,22-Feb-18,15.92,16.4575,14.5025,14.8325,15.92,-1.09,-6.83
1024,23-Feb-18,14.8325,14.8325,13.535,14.2025,14.8325,-0.63,-4.25
1025,26-Feb-18,14.2025,14.325,13.53,13.695,14.2025,-0.51,-3.57
1026,27-Feb-18,13.695,14.4225,12.4475,13.9225,13.695,0.23,1.66
1027,28-Feb-18,13.9225,14.4,12.525,13.805,13.9225,-0.12,-0.84
1028,01-Mar-18,13.805,14.2525,12.405,14.0725,13.805,0.27,1.94
1029,05-Mar-18,14.0725,15.99,12.2325,15.395,14.0725,1.32,9.4
1030,06-Mar-18,15.395,16.4475,13.16,16.245,15.395,0.85,5.52
1031,07-Mar-18,16.245,16.46,13.4475,15.7,16.245,-0.55,-3.35
1032,08-Mar-18,15.7,15.7,12.485,14.585,15.7,-1.12,-7.1
1033,09-Mar-18,14.585,14.7625,12.905,14.525,14.585,-0.06,-0.41
1034,12-Mar-18,14.525,14.6625,12.01,14.4925,14.525,-0.03,-0.22
1035,13-Mar-18,14.4925,14.62,12.3875,14.4625,14.4925,-0.03,-0.21
1036,14-Mar-18,14.4625,14.9525,11.735,14.3625,14.4625,-0.1,-0.69
1037,15-Mar-18,14.3625,14.655,11.295,14.33,14.3625,-0.03,-0.23
1038,16-Mar-18,14.33,15.6225,11.6325,15.22,14.33,0.89,6.21
1039,19-Mar-18,15.22,16.01,13.1425,15.82,15.22,0.6,3.94
1040,20-Mar-18,15.82,16.125,15.17,15.6075,15.82,-0.21,-1.34
1041,21-Mar-18,15.6075,15.6075,12.3925,15.1075,15.6075,-0.5,-3.2
1042,22-Mar-18,15.1075,15.3625,11.99,15.2475,15.1075,0.14,0.93
1043,23-Mar-18,15.2475,16.38,15.2475,15.545,15.2475,0.3,1.95
1044,26-Mar-18,15.545,16.3825,14.8575,15.195,15.545,-0.35,-2.25
1045,27-Mar-18,15.195,16.1075,14.495,15.55,15.195,0.36,2.34
1046,28-Mar-18,15.55,15.97,14.8175,15.7575,15.55,0.21,1.33
1047,02-Apr-18,15.7575,16.45,15.1975,15.3475,15.7575,-0.41,-2.6
1048,03-Apr-18,15.3475,15.775,14.8775,15.185,15.3475,-0.16,-1.06
1049,04-Apr-18,15.185,16.485,13.6825,16.34,15.185,1.16,7.61
1050,05-Apr-18,16.34,16.34,13.8625,14.7975,16.34,-1.54,-9.44
1051,06-Apr-18,14.7975,15.155,13.01,14.7475,14.7975,-0.05,-0.34
1052,09-Apr-18,14.7475,15.1375,14.46,14.8675,14.7475,0.12,0.81
1053,10-Apr-18,14.8675,14.8675,14.005,14.4975,14.8675,-0.37,-2.49
1054,11-Apr-18,14.4975,14.9075,12.74,14.72,14.4975,0.22,1.53
1055,12-Apr-18,14.72,14.9925,11.8075,14.56,14.72,-0.16,-1.09
1056,13-Apr-18,14.56,14.56,13.45,14.14,14.56,-0.42,-2.88
1057,16-Apr-18,14.14,14.8625,13.41,14.26,14.14,0.12,0.85
1058,17-Apr-18,14.26,14.3975,13.3475,14.0425,14.26,-0.22,-1.53
1059,18-Apr-18,14.0425,14.3675,13.165,14.11,14.0425,0.07,0.48
1060,19-Apr-18,14.11,14.11,12.5025,13.7475,14.11,-0.36,-2.57
1061,20-Apr-18,13.7475,13.765,9.7425,12.9375,13.7475,-0.81,-5.89
1062,23-Apr-18,12.9375,13.4925,11.53,13.145,12.9375,0.21,1.6
1063,24-Apr-18,13.145,13.3875,11.4875,11.895,13.145,-1.25,-9.51
1064,25-Apr-18,11.895,13.315,11.895,12.395,11.895,0.5,4.2
1065,26-Apr-18,12.395,13.58,11.7425,12.0375,12.395,-0.36,-2.88
1066,27-Apr-18,12.0375,12.6325,11.4375,12.0175,12.0375,-0.02,-0.17
1067,30-Apr-18,12.0175,12.5525,12.0175,12.3625,12.0175,0.35,2.87
1068,02-May-18,12.3625,13.1975,12.3625,12.84,12.3625,0.48,3.86
1069,03-May-18,12.84,13.2075,12.47,12.985,12.84,0.15,1.13
1070,04-May-18,12.985,13.455,10.9875,13.25,12.985,0.27,2.04
1071,07-May-18,13.25,13.9625,12.8275,13.76,13.25,0.51,3.85
1072,08-May-18,13.76,14.435,11.0925,14.055,13.76,0.3,2.14
1073,09-May-18,14.055,14.5575,12.1225,14.2725,14.055,0.22,1.55
1074,10-May-18,14.2725,14.65,12.5625,14.425,14.2725,0.15,1.07
1075,11-May-18,14.425,14.82,13.0025,13.9775,14.425,-0.45,-3.1
1076,14-May-18,13.9775,14.4975,12.1075,14.245,13.9775,0.27,1.91
1077,15-May-18,14.245,14.245,11.4875,13.165,14.245,-1.08,-7.58
1078,16-May-18,13.165,13.645,10.855,13.435,13.165,0.27,2.05
1079,17-May-18,13.435,13.68,11.09,13.4075,13.435,-0.03,-0.2
1080,18-May-18,13.4075,14.3525,11.6125,14.15,13.4075,0.74,5.54
1081,21-May-18,14.15,14.5375,11.755,14.41,14.15,0.26,1.84
1082,22-May-18,14.41,14.41,11.745,13.6025,14.41,-0.81,-5.6
1083,23-May-18,13.6025,14.9425,11.8825,14.1575,13.6025,0.56,4.08
1084,24-May-18,14.1575,14.2225,10.8975,13.145,14.1575,-1.01,-7.15
1085,25-May-18,13.145,13.17,11.0025,12.645,13.145,-0.5,-3.8
1086,28-May-18,12.645,13.1475,11.3475,13.055,12.645,0.41,3.24
1087,29-May-18,13.055,13.8675,11.975,13.07,13.055,0.02,0.11
1088,30-May-18,13.07,13.85,12.1825,13.41,13.07,0.34,2.6
1089,31-May-18,13.41,14.2325,12.1325,13.2225,13.41,-0.19,-1.4
1090,01-Jun-18,13.2225,14.59,12.1575,13.57,13.2225,0.35,2.63
1091,04-Jun-18,13.57,15.47,12.1825,13.8825,13.57,0.31,2.3
1092,05-Jun-18,13.8825,14.49,13.1325,13.315,13.8825,-0.57,-4.09
1093,06-Jun-18,13.315,13.51,12.1475,12.55,13.315,-0.77,-5.75
1094,07-Jun-18,12.55,13.65,11.6125,12.7775,12.55,0.23,1.81
1095,08-Jun-18,12.7775,13.1675,10.8025,12.6975,12.7775,-0.08,-0.63
1096,11-Jun-18,12.6975,13.82,11.3225,13.18,12.6975,0.48,3.8
1097,12-Jun-18,13.18,13.8975,10.445,12.73,13.18,-0.45,-3.41
1098,13-Jun-18,12.73,13.14,11.22,12.635,12.73,-0.1,-0.75
1099,14-Jun-18,12.635,12.635,10.43,12.095,12.635,-0.54,-4.27
1100,15-Jun-18,12.095,12.5075,10.495,12.07,12.095,-0.03,-0.21
1101,18-Jun-18,12.07,12.55,9.825,12.38,12.07,0.31,2.57
1102,19-Jun-18,12.38,13,11.4775,12.92,12.38,0.54,4.36
1103,20-Jun-18,12.92,12.92,10.6075,12.1725,12.92,-0.75,-5.79
1104,21-Jun-18,12.1725,12.59,10.91,12.4475,12.1725,0.28,2.26
1105,22-Jun-18,12.4475,12.5425,10.3925,12.0225,12.4475,-0.43,-3.41
1106,25-Jun-18,12.0225,12.7775,9.74,12.5825,12.0225,0.56,4.66
1107,26-Jun-18,12.5825,12.97,12.3325,12.7975,12.5825,0.22,1.71
1108,27-Jun-18,12.7975,13.8125,12.085,13.51,12.7975,0.71,5.57
1109,28-Jun-18,13.51,14.075,12.52,13.9475,13.51,0.44,3.24
1110,29-Jun-18,13.9475,13.9475,12.6325,12.9375,13.9475,-1.01,-7.24
1111,02-Jul-18,12.9375,13.9425,12.465,13.37,12.9375,0.43,3.34
1112,03-Jul-18,13.37,13.7525,12.1875,13,13.37,-0.37,-2.77
1113,04-Jul-18,13,13.34,12.575,12.6575,13,-0.34,-2.63
1114,05-Jul-18,12.6575,12.9525,11.225,12.575,12.6575,-0.08,-0.65
1115,06-Jul-18,12.575,12.68,11.6675,12.4425,12.575,-0.13,-1.05
1116,09-Jul-18,12.4425,12.575,11.215,12.39,12.4425,-0.05,-0.42
1117,10-Jul-18,12.39,12.52,11.0175,12.395,12.39,0.01,0.04
1118,11-Jul-18,12.395,12.86,10.015,12.775,12.395,0.38,3.07
1119,12-Jul-18,12.775,12.865,10.6525,12.505,12.775,-0.27,-2.11
1120,13-Jul-18,12.505,12.505,11.3175,12.3025,12.505,-0.2,-1.62
1121,16-Jul-18,12.3025,13.0475,11.1675,12.9475,12.3025,0.65,5.24
1122,17-Jul-18,12.9475,12.9475,11.24,12.825,12.9475,-0.12,-0.95
1123,18-Jul-18,12.825,13.9,10.645,13.6825,12.825,0.86,6.69
1124,19-Jul-18,13.6825,13.7975,10.99,13.5925,13.6825,-0.09,-0.66
1125,20-Jul-18,13.5925,13.9025,11.3175,13.535,13.5925,-0.06,-0.42
1126,23-Jul-18,13.535,13.62,12.0675,13.005,13.535,-0.53,-3.92
1127,24-Jul-18,13.005,13.08,12.1475,12.4675,13.005,-0.54,-4.13
1128,25-Jul-18,12.4675,13.255,11.215,12.2075,12.4675,-0.26,-2.09
1129,26-Jul-18,12.2075,13.0475,11.6075,12.0275,12.2075,-0.18,-1.47
1130,27-Jul-18,12.0275,12.5,11.2475,12.31,12.0275,0.28,2.35
1131,30-Jul-18,12.31,13.0575,12.3075,12.585,12.31,0.28,2.23
1132,31-Jul-18,12.585,12.795,12.2875,12.48,12.585,-0.11,-0.83
1133,01-Aug-18,12.48,12.765,11.9975,12.53,12.48,0.05,0.4
1134,02-Aug-18,12.53,12.8,10.8875,12.555,12.53,0.03,0.2
1135,03-Aug-18,12.555,12.555,10.9075,12.0775,12.555,-0.48,-3.8
1136,06-Aug-18,12.0775,12.735,11.85,12.5625,12.0775,0.49,4.02
1137,07-Aug-18,12.5625,12.82,10.5825,12.5775,12.5625,0.02,0.12
1138,08-Aug-18,12.5775,12.7825,10.48,12.54,12.5775,-0.04,-0.3
1139,09-Aug-18,12.54,12.76,10.8775,12.6775,12.54,0.14,1.1
1140,10-Aug-18,12.6775,12.985,10.0575,12.85,12.6775,0.17,1.36
1141,13-Aug-18,12.85,13.5,11.29,13.4,12.85,0.55,4.28
1142,14-Aug-18,13.4,13.42,10.755,13.2825,13.4,-0.12,-0.88
1143,16-Aug-18,13.2825,13.865,11.465,13.645,13.2825,0.36,2.73
1144,17-Aug-18,13.645,13.645,10.3025,13.16,13.645,-0.49,-3.55
1145,20-Aug-18,13.16,13.55,11.345,13.0325,13.16,-0.13,-0.97
1146,21-Aug-18,13.0325,13.635,9.9275,12.9025,13.0325,-0.13,-1
1147,23-Aug-18,12.9025,13.1175,9.53,12.7575,12.9025,-0.15,-1.12
1148,24-Aug-18,12.7575,12.8375,9.43,12.4075,12.7575,-0.35,-2.74
1149,27-Aug-18,12.4075,12.5325,9.515,12.2375,12.4075,-0.17,-1.37
1150,28-Aug-18,12.2375,12.6,10.3775,12.425,12.2375,0.19,1.53
1151,29-Aug-18,12.425,12.6725,10.725,12.435,12.425,0.01,0.08
1152,30-Aug-18,12.435,12.625,10.6225,12.4125,12.435,-0.02,-0.18
1153,31-Aug-18,12.4125,12.7975,11.6,12.5975,12.4125,0.19,1.49
1154,03-Sep-18,12.5975,13.7175,11.17,13.3925,12.5975,0.8,6.31
1155,04-Sep-18,13.3925,13.88,12.1975,13.7825,13.3925,0.39,2.91
1156,05-Sep-18,13.7825,14.1525,11.9525,13.65,13.7825,-0.13,-0.96
1157,06-Sep-18,13.65,14.2,12.06,13.7225,13.65,0.07,0.53
1158,07-Sep-18,13.7225,14.1425,11.085,13.89,13.7225,0.17,1.22
1159,10-Sep-18,13.89,15.315,12.61,15.2025,13.89,1.31,9.45
1160,11-Sep-18,15.2025,15.4475,13.4425,15.33,15.2025,0.13,0.84
1161,12-Sep-18,15.33,15.33,12.98,14.25,15.33,-1.08,-7.05
1162,14-Sep-18,14.25,14.25,12.3225,13.8425,14.25,-0.41,-2.86
1163,17-Sep-18,13.8425,14.635,11.73,14.495,13.8425,0.65,4.71
1164,18-Sep-18,14.495,14.62,11.8725,14.415,14.495,-0.08,-0.55
1165,19-Sep-18,14.415,14.4775,11.745,14.005,14.415,-0.41,-2.84
1166,21-Sep-18,14.005,16.92,10.9825,15.535,14.005,1.53,10.92
1167,24-Sep-18,15.535,17.855,13.8025,17.4275,15.535,1.89,12.18
1168,25-Sep-18,17.4275,18.31,16.2175,16.6825,17.4275,-0.75,-4.27
1169,26-Sep-18,16.6825,17.575,15.1,17.0875,16.6825,0.41,2.43
1170,27-Sep-18,17.0875,17.37,15.6025,16.9225,17.0875,-0.17,-0.97
1171,28-Sep-18,16.9225,17.6925,15.925,16.995,16.9225,0.07,0.43
1172,01-Oct-18,16.995,18.8625,16.27,16.835,16.995,-0.16,-0.94
1173,03-Oct-18,16.835,18.6475,15.575,18.1175,16.835,1.28,7.62
1174,04-Oct-18,18.1175,19.685,17.485,18.915,18.1175,0.8,4.4
1175,05-Oct-18,18.915,20.4825,18.4525,19.7325,18.915,0.82,4.32
1176,08-Oct-18,19.7325,21.765,18.4775,20.1475,19.7325,0.42,2.1
1177,09-Oct-18,20.1475,20.3575,17.47,19.755,20.1475,-0.39,-1.95
1178,10-Oct-18,19.755,19.755,17.725,17.9075,19.755,-1.85,-9.35
1179,11-Oct-18,17.9075,20.845,17.6275,20.5475,17.9075,2.64,14.74
1180,12-Oct-18,20.5475,20.5475,16.6725,18.6275,20.5475,-1.92,-9.34
1181,15-Oct-18,18.6275,19.8225,15.9825,18.885,18.6275,0.26,1.38
1182,16-Oct-18,18.885,18.885,14.28,17.3725,18.885,-1.51,-8.01
1183,17-Oct-18,17.3725,18.2025,14.8425,17.98,17.3725,0.61,3.5
1184,19-Oct-18,17.98,20.0525,17.4475,19.7875,17.98,1.81,10.05
1185,22-Oct-18,19.7875,21.6725,17.08,21.3575,19.7875,1.57,7.93
1186,23-Oct-18,21.3575,22.3475,18.7625,19.0375,21.3575,-2.32,-10.86
1187,24-Oct-18,19.0375,19.81,17.7125,18.88,19.0375,-0.16,-0.83
1188,25-Oct-18,18.88,20.33,18.4975,18.9625,18.88,0.08,0.44
1189,26-Oct-18,18.9625,21.04,18.66,19.2325,18.9625,0.27,1.42
1190,29-Oct-18,19.2325,20.8125,19.2325,19.825,19.2325,0.59,3.08
1191,30-Oct-18,19.825,20.7725,19.55,20.5025,19.825,0.68,3.42
1192,31-Oct-18,20.5025,22.815,19.575,19.7975,20.5025,-0.71,-3.44
1193,01-Nov-18,19.7975,20.13,18.8975,19.1925,19.7975,-0.61,-3.06
1194,02-Nov-18,19.1925,19.1925,17.485,18.23,19.1925,-0.96,-5.01
1195,05-Nov-18,18.23,19.8225,17.735,19.4825,18.23,1.25,6.87
1196,06-Nov-18,19.4825,19.4825,16.18,18.505,19.4825,-0.98,-5.02
1197,07-Nov-18,18.505,18.505,16.81,17.8775,18.505,-0.63,-3.39
1198,09-Nov-18,17.8775,18.755,16.755,17.765,17.8775,-0.11,-0.63
1199,12-Nov-18,17.765,19.4625,16.475,19.3675,17.765,1.6,9.02
1200,13-Nov-18,19.3675,19.685,17.1225,18.695,19.3675,-0.67,-3.47
1201,14-Nov-18,18.695,19.5075,14.77,18.825,18.695,0.13,0.7
1202,15-Nov-18,18.825,18.915,15.4975,18.455,18.825,-0.37,-1.97
1203,16-Nov-18,18.455,18.8675,16.8975,18.35,18.455,-0.11,-0.57
1204,19-Nov-18,18.35,19.65,13.515,19.255,18.35,0.91,4.93
1205,20-Nov-18,19.255,19.6475,18.2525,19.3275,19.255,0.07,0.38
1206,21-Nov-18,19.3275,20.0975,15.54,19.555,19.3275,0.23,1.18
1207,22-Nov-18,19.555,20.0025,17.0875,19.16,19.555,-0.4,-2.02
1208,26-Nov-18,19.16,20.5275,15.0175,20.4025,19.16,1.24,6.48
1209,27-Nov-18,20.4025,20.4025,16.605,18.315,20.4025,-2.09,-10.23
1210,28-Nov-18,18.315,19.355,16.6725,17.96,18.315,-0.36,-1.94
1211,29-Nov-18,17.96,18.85,14.93,18.6975,17.96,0.74,4.11
1212,30-Nov-18,18.6975,19.915,16.81,19.1625,18.6975,0.47,2.49
1213,03-Dec-18,19.1625,19.605,16.31,18.2225,19.1625,-0.94,-4.91
1214,04-Dec-18,18.2225,19.62,16.905,18.1075,18.2225,-0.12,-0.63
1215,05-Dec-18,18.1075,18.8275,16.62,18.39,18.1075,0.28,1.56
1216,06-Dec-18,18.39,19.55,15.91,19.305,18.39,0.92,4.98
1217,07-Dec-18,19.305,19.6275,15.9825,18.59,19.305,-0.72,-3.7
1218,10-Dec-18,18.59,20.645,16.89,20.4375,18.59,1.85,9.94
1219,11-Dec-18,20.4375,20.4375,17.2025,17.945,20.4375,-2.49,-12.2
1220,12-Dec-18,17.945,17.945,15.4175,15.81,17.945,-2.14,-11.9
1221,13-Dec-18,15.81,15.905,11.9125,15.55,15.81,-0.26,-1.64
1222,14-Dec-18,15.55,15.5975,12.6725,15.1575,15.55,-0.39,-2.52
1223,17-Dec-18,15.1575,15.9125,13.8675,14.54,15.1575,-0.62,-4.07
1224,18-Dec-18,14.54,15.3125,11.9825,14.5775,14.54,0.04,0.26
1225,19-Dec-18,14.5775,14.865,11.87,14.66,14.5775,0.08,0.57
1226,20-Dec-18,14.66,14.9175,13.72,14.3325,14.66,-0.33,-2.23
1227,21-Dec-18,14.3325,16.23,12.94,15.9925,14.3325,1.66,11.58
1228,24-Dec-18,15.9925,17.1325,14.8975,15.75,15.9925,-0.24,-1.52
1229,26-Dec-18,15.75,17.4775,14.8075,15.92,15.75,0.17,1.08
1230,27-Dec-18,15.92,16.375,12.5625,16.0725,15.92,0.15,0.96
1231,28-Dec-18,16.0725,16.0725,15.015,15.27,16.0725,-0.8,-4.99
1232,31-Dec-18,15.27,16.1525,14.65,16,15.27,0.73,4.78
1233,01-Jan-19,16,16.4,15.15,15.325,16,-0.68,-4.22
1234,02-Jan-19,15.325,16.9475,14.8375,16.3875,15.325,1.06,6.93
1235,03-Jan-19,16.3875,17.1475,15.435,16.79,16.3875,0.4,2.46
1236,04-Jan-19,16.79,16.9725,15.485,16.1625,16.79,-0.63,-3.74
1237,07-Jan-19,16.1625,16.455,15.3025,16.3025,16.1625,0.14,0.87
1238,08-Jan-19,16.3025,16.5725,14.735,15.7,16.3025,-0.6,-3.7
1239,09-Jan-19,15.7,16.3225,13.895,15.27,15.7,-0.43,-2.74
1240,10-Jan-19,15.27,15.6075,14.1475,15.345,15.27,0.08,0.49
1241,11-Jan-19,15.345,15.83,14.3625,15.3525,15.345,0.01,0.05
1242,14-Jan-19,15.3525,16.5525,15.3525,16.1575,15.3525,0.81,5.24
1243,15-Jan-19,16.1575,16.1575,12.9925,15.5825,16.1575,-0.58,-3.56
1244,16-Jan-19,15.5825,16.3075,12.8,16.0775,15.5825,0.5,3.18
1245,17-Jan-19,16.0775,16.4275,12.9925,16.2425,16.0775,0.17,1.03
1246,18-Jan-19,16.2425,16.905,12.3075,16.6175,16.2425,0.38,2.31
1247,21-Jan-19,16.6175,18.34,14.36,18.1475,16.6175,1.53,9.21
1248,22-Jan-19,18.1475,18.4725,15.51,17.985,18.1475,-0.16,-0.9
1249,23-Jan-19,17.985,18.2875,12.015,18.085,17.985,0.1,0.56
1250,24-Jan-19,18.085,18.3775,14.5425,17.435,18.085,-0.65,-3.59
1251,25-Jan-19,17.435,18.14,14.365,17.69,17.435,0.26,1.46
1252,28-Jan-19,17.69,19.28,14.5875,18.8975,17.69,1.21,6.83
1253,29-Jan-19,18.8975,19.795,18.04,18.4275,18.8975,-0.47,-2.49
1254,30-Jan-19,18.4275,18.4275,15.9775,17.85,18.4275,-0.58,-3.13
1255,31-Jan-19,17.85,17.85,16.445,17.1225,17.85,-0.73,-4.08
1256,01-Feb-19,17.1225,17.185,15.545,15.72,17.1225,-1.4,-8.19
1257,04-Feb-19,15.72,16.4525,14.9675,15.7225,15.72,0,0.02
1258,05-Feb-19,15.7225,15.9775,14.605,15.78,15.7225,0.06,0.37
1259,06-Feb-19,15.78,15.9725,12.8325,15.63,15.78,-0.15,-0.95
1260,07-Feb-19,15.63,16.2225,13.5975,15.435,15.63,-0.2,-1.25
1261,08-Feb-19,15.435,15.815,12.9675,15.5675,15.435,0.13,0.86
1262,11-Feb-19,15.5675,16.355,13.46,15.84,15.5675,0.27,1.75
1263,12-Feb-19,15.84,15.975,13.23,15.75,15.84,-0.09,-0.57
1264,13-Feb-19,15.75,15.9025,11.81,15.73,15.75,-0.02,-0.13
1265,14-Feb-19,15.73,16.5775,12.09,15.7725,15.73,0.04,0.27
1266,15-Feb-19,15.7725,17.535,12.4475,16.46,15.7725,0.69,4.36
1267,18-Feb-19,16.46,18.1925,11.85,18,16.46,1.54,9.36
1268,19-Feb-19,18,18.605,15.2575,18.4675,18,0.47,2.6
1269,20-Feb-19,18.4675,18.4675,15.2375,17.055,18.4675,-1.41,-7.65
1270,21-Feb-19,17.055,17.1725,12.1275,16.0525,17.055,-1,-5.88
1271,22-Feb-19,16.0525,16.0525,12.315,15.45,16.0525,-0.6,-3.75
1272,25-Feb-19,15.45,16.035,11.7,15.3575,15.45,-0.09,-0.6
1273,26-Feb-19,15.3575,18.0975,13.12,17.115,15.3575,1.76,11.44
1274,27-Feb-19,17.115,19.9775,14.13,18.8975,17.115,1.78,10.41
1275,28-Feb-19,18.8975,18.8975,17.065,18.2775,18.8975,-0.62,-3.28
1276,01-Mar-19,18.2775,18.2775,15.895,16.275,18.2775,-2,-10.96
1277,05-Mar-19,16.275,16.86,15.45,15.6575,16.275,-0.62,-3.79
1278,06-Mar-19,15.6575,15.735,14.2875,15.61,15.6575,-0.05,-0.3
1279,07-Mar-19,15.61,15.6875,14.3125,15.2925,15.61,-0.32,-2.03
1280,08-Mar-19,15.2925,15.4125,12.92,14.94,15.2925,-0.35,-2.31
1281,11-Mar-19,14.94,15.38,13.67,14.895,14.94,-0.05,-0.3
1282,12-Mar-19,14.895,15.1975,13.84,15.0975,14.895,0.2,1.36
1283,13-Mar-19,15.0975,15.595,12.3,15.2775,15.0975,0.18,1.19
1284,14-Mar-19,15.2775,15.5225,13.7625,15.15,15.2775,-0.13,-0.83
1285,15-Mar-19,15.15,16.3925,11.845,15.865,15.15,0.72,4.72
1286,18-Mar-19,15.865,17.1875,14.2675,16.9,15.865,1.04,6.52
1287,19-Mar-19,16.9,17.1775,14.55,16.4925,16.9,-0.41,-2.41
1288,20-Mar-19,16.4925,16.4925,14.485,16.0325,16.4925,-0.46,-2.79
1289,22-Mar-19,16.0325,16.805,12.675,16.275,16.0325,0.24,1.51
1290,25-Mar-19,16.275,17.0275,14.2575,16.6725,16.275,0.4,2.44
1291,26-Mar-19,16.6725,16.6725,15.5175,16.485,16.6725,-0.19,-1.12
1292,27-Mar-19,16.485,17.4225,14.545,17.0475,16.485,0.56,3.41
1293,28-Mar-19,17.0475,17.3325,15.75,16.6525,17.0475,-0.4,-2.32
1294,29-Mar-19,16.6525,17.43,16.2375,17.185,16.6525,0.53,3.2
1295,01-Apr-19,17.185,18.22,17.185,18.005,17.185,0.82,4.77
1296,02-Apr-19,18.005,18.5525,17.44,18.0825,18.005,0.08,0.43
1297,03-Apr-19,18.0825,18.8825,17.29,18.7825,18.0825,0.7,3.87
1298,04-Apr-19,18.7825,19.325,18.25,18.65,18.7825,-0.13,-0.71
1299,05-Apr-19,18.65,19.075,16.7625,18.3925,18.65,-0.26,-1.38
1300,08-Apr-19,18.3925,20.4575,18.3925,20.1525,18.3925,1.76,9.57
1301,09-Apr-19,20.1525,20.6625,16.55,20.28,20.1525,0.13,0.63
1302,10-Apr-19,20.28,21.28,18.7,21.13,20.28,0.85,4.19
1303,11-Apr-19,21.13,21.34,19.4125,20.9575,21.13,-0.17,-0.82
1304,12-Apr-19,20.9575,21.3025,18.675,20.9975,20.9575,0.04,0.19
1305,15-Apr-19,20.9975,22.24,18.76,21.3875,20.9975,0.39,1.86
1306,16-Apr-19,21.3875,21.885,19.6725,21.6925,21.3875,0.31,1.43
1307,18-Apr-19,21.6925,23.045,18.5,22.735,21.6925,1.04,4.81
1308,22-Apr-19,22.735,24.5625,20.4075,24.05,22.735,1.32,5.78
1309,23-Apr-19,24.05,26.3175,22.7775,24.645,24.05,0.6,2.47
1310,24-Apr-19,24.645,25.125,23.445,23.7125,24.645,-0.93,-3.78
1311,25-Apr-19,23.7125,25.535,22.7275,23.2325,23.7125,-0.48,-2.02
1312,26-Apr-19,23.2325,23.9625,21.4325,21.7175,23.2325,-1.52,-6.52
1313,30-Apr-19,21.7175,22.775,20.76,21.8275,21.7175,0.11,0.51
1314,02-May-19,21.8275,23.265,21.7675,22.9825,21.8275,1.16,5.29
1315,03-May-19,22.9825,24.1525,21.0975,24.0325,22.9825,1.05,4.57
1316,06-May-19,24.0325,27.835,19.74,26.4325,24.0325,2.4,9.99
1317,07-May-19,26.4325,26.81,23.0925,26.4775,26.4325,0.05,0.17
1318,08-May-19,26.4775,27.025,23.245,26.365,26.4775,-0.11,-0.42
1319,09-May-19,26.365,26.495,23.485,25.485,26.365,-0.88,-3.34
1320,10-May-19,25.485,26.525,24.535,26.335,25.485,0.85,3.34
1321,13-May-19,26.335,28.0625,23.7125,27.3825,26.335,1.05,3.98
1322,14-May-19,27.3825,27.76,22.39,27.1325,27.3825,-0.25,-0.91
1323,15-May-19,27.1325,29.0825,23.18,28.6575,27.1325,1.53,5.62
1324,16-May-19,28.6575,29.3275,23.7825,28.37,28.6575,-0.29,-1
1325,17-May-19,28.37,29.2325,25.4975,28.075,28.37,-0.3,-1.04
1326,20-May-19,28.075,28.075,19.76,23.675,28.075,-4.4,-15.67
1327,21-May-19,23.675,28.1025,20.2425,25.6525,23.675,1.98,8.35
1328,22-May-19,25.6525,30.1825,19.04,27.6325,25.6525,1.98,7.72
1329,23-May-19,27.6325,27.6325,18.9575,19.405,27.6325,-8.23,-29.77
1330,24-May-19,19.405,19.405,14.4925,16.4675,19.405,-2.94,-15.14
1331,27-May-19,16.4675,17.335,13.48,16.19,16.4675,-0.28,-1.69
1332,28-May-19,16.19,16.54,15.38,15.9225,16.19,-0.27,-1.65
1333,29-May-19,15.9225,16.5075,14.4775,16.4075,15.9225,0.49,3.05
1334,30-May-19,16.4075,16.4075,14.8525,15.61,16.4075,-0.8,-4.86
1335,31-May-19,15.61,16.7875,14.19,16.0675,15.61,0.46,2.93
1336,03-Jun-19,16.0675,16.2325,14.075,15.9675,16.0675,-0.1,-0.62
1337,04-Jun-19,15.9675,15.9675,14.6675,15.6275,15.9675,-0.34,-2.13
1338,06-Jun-19,15.6275,15.925,13.975,15.525,15.6275,-0.1,-0.66
1339,07-Jun-19,15.525,15.73,13.6275,14.8575,15.525,-0.67,-4.3
1340,10-Jun-19,14.8575,15.4525,13.4475,14.975,14.8575,0.12,0.79
1341,11-Jun-19,14.975,14.975,13.48,14.49,14.975,-0.49,-3.24
1342,12-Jun-19,14.49,14.71,13.31,14.1225,14.49,-0.37,-2.54
1343,13-Jun-19,14.1225,14.2925,13.2775,13.66,14.1225,-0.46,-3.27
1344,14-Jun-19,13.66,14.1175,12.6425,13.895,13.66,0.24,1.72
1345,17-Jun-19,13.895,14.96,13.52,14.65,13.895,0.76,5.43
1346,18-Jun-19,14.65,14.97,11.7375,14.6,14.65,-0.05,-0.34
1347,19-Jun-19,14.6,15.3,10.79,14.73,14.6,0.13,0.89
1348,20-Jun-19,14.73,15.1875,12.835,14,14.73,-0.73,-4.96
1349,21-Jun-19,14,14.8325,10.6025,14.61,14,0.61,4.36
1350,24-Jun-19,14.61,15.665,11.855,15.2225,14.61,0.61,4.19
1351,25-Jun-19,15.2225,15.585,14.9275,15.01,15.2225,-0.21,-1.4
1352,26-Jun-19,15.01,15.195,14.39,14.75,15.01,-0.26,-1.73
1353,27-Jun-19,14.75,14.8875,13.6475,14.645,14.75,-0.11,-0.71
1354,28-Jun-19,14.645,15.0725,13.995,14.9525,14.645,0.31,2.1
1355,01-Jul-19,14.9525,15.02,14.4725,14.6025,14.9525,-0.35,-2.34
1356,02-Jul-19,14.6025,14.8325,14.025,14.25,14.6025,-0.35,-2.41
1357,03-Jul-19,14.25,14.32,13.52,13.695,14.25,-0.56,-3.89
1358,04-Jul-19,13.695,13.695,13.0125,13.53,13.695,-0.17,-1.2
1359,05-Jul-19,13.53,13.965,12.665,13.065,13.53,-0.47,-3.44
1360,08-Jul-19,13.065,14.0425,12.1075,13.8525,13.065,0.79,6.03
1361,09-Jul-19,13.8525,14.22,13.3525,13.6875,13.8525,-0.17,-1.19
1362,10-Jul-19,13.6875,13.9625,12.395,13.635,13.6875,-0.05,-0.38
1363,11-Jul-19,13.635,13.635,12.1775,12.47,13.635,-1.17,-8.54
1364,12-Jul-19,12.47,12.55,11.55,11.9975,12.47,-0.47,-3.79
1365,15-Jul-19,11.9975,12.5175,10.6425,12.02,11.9975,0.02,0.19
1366,16-Jul-19,12.02,12.02,11.0625,11.56,12.02,-0.46,-3.83
1367,17-Jul-19,11.56,11.91,9.1625,11.8,11.56,0.24,2.08
1368,18-Jul-19,11.8,11.9825,9.2225,11.75,11.8,-0.05,-0.42
1369,19-Jul-19,11.75,12.675,10.5925,12.515,11.75,0.77,6.51
1370,22-Jul-19,12.515,13.4025,11.5625,13.01,12.515,0.5,3.96
1371,23-Jul-19,13.01,13.78,11.59,13.4275,13.01,0.42,3.21
1372,24-Jul-19,13.4275,14.4825,11.85,12.76,13.4275,-0.67,-4.97
1373,25-Jul-19,12.76,13.55,11.9975,12.635,12.76,-0.13,-0.98
1374,26-Jul-19,12.635,13.31,11.9225,12.1325,12.635,-0.5,-3.98
1375,29-Jul-19,12.1325,13.5325,12.0375,13.0625,12.1325,0.93,7.67
1376,30-Jul-19,13.0625,13.8675,12.5,13.6125,13.0625,0.55,4.21
1377,31-Jul-19,13.6125,14.545,13.415,13.59,13.6125,-0.02,-0.17
1378,01-Aug-19,13.59,15.28,13.2725,14.5575,13.59,0.97,7.12
1379,02-Aug-19,14.5575,16.1575,14.435,15.1875,14.5575,0.63,4.33
1380,05-Aug-19,15.1875,17.82,15.1875,16.585,15.1875,1.4,9.2
1381,06-Aug-19,16.585,16.785,15.5925,16.12,16.585,-0.47,-2.8
1382,07-Aug-19,16.12,16.9125,15.7375,16.74,16.12,0.62,3.85
1383,08-Aug-19,16.74,16.74,15.515,16.0925,16.74,-0.65,-3.87
1384,09-Aug-19,16.0925,16.1625,15.0275,15.845,16.0925,-0.25,-1.54
1385,13-Aug-19,15.845,18.005,15.1175,17.7775,15.845,1.93,12.2
1386,14-Aug-19,17.7775,17.7775,16.11,16.3575,17.7775,-1.42,-7.99
1387,16-Aug-19,16.3575,17.4275,15.9925,16.6475,16.3575,0.29,1.77
1388,19-Aug-19,16.6475,17.025,14.71,16.7475,16.6475,0.1,0.6
1389,20-Aug-19,16.7475,17.095,15.105,16.6325,16.7475,-0.12,-0.69
1390,21-Aug-19,16.6325,17.3275,14,17.0225,16.6325,0.39,2.34
1391,22-Aug-19,17.0225,18.1225,14.4925,17.8525,17.0225,0.83,4.88
1392,23-Aug-19,17.8525,18.2625,13.7025,17.3475,17.8525,-0.51,-2.83
1393,26-Aug-19,17.3475,19.145,13.7,16.655,17.3475,-0.69,-3.99
1394,27-Aug-19,16.655,16.8325,14.42,16.01,16.655,-0.65,-3.87
1395,28-Aug-19,16.01,17.375,14.12,16.835,16.01,0.83,5.15
1396,29-Aug-19,16.835,17.445,13.8725,16.425,16.835,-0.41,-2.44
1397,30-Aug-19,16.425,17.375,15.19,16.2825,16.425,-0.14,-0.87
1398,03-Sep-19,16.2825,18.27,16.2825,18.055,16.2825,1.77,10.89
1399,04-Sep-19,18.055,18.31,17.1275,17.235,18.055,-0.82,-4.54
1400,05-Sep-19,17.235,17.7025,16.0575,17.2725,17.235,0.04,0.22
1401,06-Sep-19,17.2725,17.2725,15.885,16.275,17.2725,-1,-5.78
1402,09-Sep-19,16.275,16.6425,13.665,15.8525,16.275,-0.42,-2.6
1403,11-Sep-19,15.8525,15.8525,14.6475,15.3725,15.8525,-0.48,-3.03
1404,12-Sep-19,15.3725,15.3725,14.6075,14.9,15.3725,-0.47,-3.07
1405,13-Sep-19,14.9,15.195,13.8875,14.12,14.9,-0.78,-5.23
1406,16-Sep-19,14.12,15.3075,14.1175,14.9525,14.12,0.83,5.9
1407,17-Sep-19,14.9525,16.3075,13.2775,16.0175,14.9525,1.07,7.12
1408,18-Sep-19,16.0175,16.1875,13.905,15.3525,16.0175,-0.67,-4.15
1409,19-Sep-19,15.3525,15.965,14.1775,15.55,15.3525,0.2,1.29
1410,20-Sep-19,15.55,17.045,13.8275,15.4,15.55,-0.15,-0.96
1411,23-Sep-19,15.4,17.64,14.21,16.7925,15.4,1.39,9.04
1412,24-Sep-19,16.7925,18.5325,15.8975,16.7325,16.7925,-0.06,-0.36
1413,25-Sep-19,16.7325,17.415,14.1025,16.17,16.7325,-0.56,-3.36
1414,26-Sep-19,16.17,17.01,13.64,16.3425,16.17,0.17,1.07
1415,27-Sep-19,16.3425,16.8175,15.9275,16.115,16.3425,-0.23,-1.39
1416,30-Sep-19,16.115,16.51,15.8,15.8725,16.115,-0.24,-1.5
1417,01-Oct-19,15.8725,18.2175,14.9475,16.7575,15.8725,0.89,5.58
1418,03-Oct-19,16.7575,18.045,16.4175,17.7025,16.7575,0.95,5.64
1419,04-Oct-19,17.7025,17.945,16.3475,17.58,17.7025,-0.12,-0.69
1420,07-Oct-19,17.58,18.4275,16.9925,17.83,17.58,0.25,1.42
1421,09-Oct-19,17.83,18.3275,16.335,17.155,17.83,-0.68,-3.79
1422,10-Oct-19,17.155,17.54,15.7275,17.2275,17.155,0.07,0.42
1423,11-Oct-19,17.2275,18.28,15.7775,17.14,17.2275,-0.09,-0.51
1424,14-Oct-19,17.14,17.9625,17.0625,17.43,17.14,0.29,1.69
1425,15-Oct-19,17.43,17.43,16.6925,16.85,17.43,-0.58,-3.33
1426,16-Oct-19,16.85,16.9525,15.495,16.36,16.85,-0.49,-2.91
1427,17-Oct-19,16.36,16.36,15.5175,15.8775,16.36,-0.48,-2.95
1428,18-Oct-19,15.8775,16.1525,14.99,15.9275,15.8775,0.05,0.31
1429,22-Oct-19,15.9275,17.1225,13.5725,16.81,15.9275,0.88,5.54
1430,23-Oct-19,16.81,16.85,14.83,16.535,16.81,-0.28,-1.64
1431,24-Oct-19,16.535,16.78,14.7125,16.24,16.535,-0.3,-1.78
1432,25-Oct-19,16.24,16.24,15.195,15.315,16.24,-0.93,-5.7
1433,27-Oct-19,16.24,16.24,13.9825,15.585,16.24,-0.66,-4.03
1434,29-Oct-19,15.585,16.5475,15.4975,16.42,15.585,0.84,5.36
1435,30-Oct-19,16.42,16.845,16.2525,16.6575,16.42,0.24,1.45
1436,31-Oct-19,16.6575,16.795,15.5025,16.28,16.6575,-0.38,-2.27
1437,01-Nov-19,16.28,16.4725,15.1675,15.7325,16.28,-0.55,-3.36
1438,04-Nov-19,15.7325,16.365,13.495,15.925,15.7325,0.19,1.22
1439,05-Nov-19,15.925,16.34,13.5075,15.9175,15.925,-0.01,-0.05
1440,06-Nov-19,15.9175,16.1525,13.3825,15.775,15.9175,-0.14,-0.9
1441,07-Nov-19,15.775,15.9225,13.525,15.2075,15.775,-0.57,-3.6
1442,08-Nov-19,15.2075,15.99,13.71,15.855,15.2075,0.65,4.26
1443,11-Nov-19,15.855,16.765,15.195,16.25,15.855,0.4,2.49
1444,13-Nov-19,16.25,16.67,14.4725,16.4625,16.25,0.21,1.31
1445,14-Nov-19,16.4625,16.4625,14.0925,15.65,16.4625,-0.81,-4.94
1446,15-Nov-19,15.65,15.65,12.5225,15.03,15.65,-0.62,-3.96
1447,18-Nov-19,15.03,16.065,12.665,15.755,15.03,0.73,4.82
1448,19-Nov-19,15.755,15.755,12.61,15.4125,15.755,-0.34,-2.17
1449,20-Nov-19,15.4125,15.4125,11.6075,15.16,15.4125,-0.25,-1.64
1450,21-Nov-19,15.16,15.595,12.61,14.975,15.16,-0.19,-1.22
1451,22-Nov-19,14.975,15.8775,12.2375,14.8725,14.975,-0.1,-0.68
1452,25-Nov-19,14.8725,15.2125,13,15.0025,14.8725,0.13,0.87
1453,26-Nov-19,15.0025,15.1275,13.1075,14.8375,15.0025,-0.17,-1.1
1454,27-Nov-19,14.8375,14.8375,12.3575,14.6175,14.8375,-0.22,-1.48
1455,28-Nov-19,14.6175,14.6175,12.8875,13.9875,14.6175,-0.63,-4.31
1456,29-Nov-19,13.9875,14.2925,13.14,13.8975,13.9875,-0.09,-0.64
1457,02-Dec-19,13.8975,15.845,13.4975,14.2025,13.8975,0.31,2.19
1458,03-Dec-19,14.2025,16.3425,12.07,14.5625,14.2025,0.36,2.53
1459,04-Dec-19,14.5625,15.8725,12.2625,13.3225,14.5625,-1.24,-8.52
1460,05-Dec-19,13.3225,15.12,12.8275,14.305,13.3225,0.98,7.37
1461,06-Dec-19,14.305,14.7225,11.4075,13.64,14.305,-0.67,-4.65
1462,09-Dec-19,13.64,15.3625,12.465,14.5975,13.64,0.96,7.02
1463,10-Dec-19,14.5975,15.6625,11.735,14.29,14.5975,-0.31,-2.11
1464,11-Dec-19,14.29,14.4475,11.71,13.3775,14.29,-0.91,-6.39
1465,12-Dec-19,13.3775,13.765,11.825,13.3475,13.3775,-0.03,-0.22
1466,13-Dec-19,13.3475,14.67,12.185,13.3,13.3475,-0.05,-0.36
1467,16-Dec-19,13.3,14.11,12.5,13.415,13.3,0.12,0.86
1468,17-Dec-19,13.415,13.425,11.955,12.5175,13.415,-0.9,-6.69
1469,18-Dec-19,12.5175,12.715,11.39,12.3375,12.5175,-0.18,-1.44
1470,19-Dec-19,12.3375,12.415,11.325,12.1225,12.3375,-0.22,-1.74
1471,20-Dec-19,12.1225,12.7325,11.9025,12.325,12.1225,0.2,1.67
1472,23-Dec-19,12.325,14.505,10.695,11.9575,12.325,-0.37,-2.98
1473,24-Dec-19,11.9575,13.31,10.8875,11.625,11.9575,-0.33,-2.78
1474,26-Dec-19,11.625,12.3475,10.8425,11.1225,11.625,-0.5,-4.32
1475,27-Dec-19,11.1225,11.4675,10.425,10.525,11.1225,-0.6,-5.37
1476,30-Dec-19,10.525,11.4525,9.6175,11.0075,10.525,0.48,4.58
1477,31-Dec-19,11.0075,11.7925,10.44,11.6675,11.0075,0.66,6
1478,01-Jan-20,11.6675,11.73,11.085,11.5975,11.6675,-0.07,-0.6
1479,02-Jan-20,11.5975,11.7,10.73,11.49,11.5975,-0.11,-0.93
1480,03-Jan-20,11.49,12.94,10.685,12.695,11.49,1.21,10.49
1481,06-Jan-20,12.695,15.095,12.695,14.7775,12.695,2.08,16.4
1482,07-Jan-20,14.7775,14.9125,14.4625,14.61,14.7775,-0.17,-1.13
1483,08-Jan-20,14.61,16.3875,13.7925,15.64,14.61,1.03,7.05
1484,09-Jan-20,15.64,15.64,12.995,13.9975,15.64,-1.64,-10.5
1485,10-Jan-20,13.9975,14.245,13.1775,14.0775,13.9975,0.08,0.57
1486,13-Jan-20,14.0775,14.495,13.5775,14.275,14.0775,0.2,1.4
1487,14-Jan-20,14.275,14.275,13.0625,13.9125,14.275,-0.36,-2.54
1488,15-Jan-20,13.9125,14.4575,13.585,14.12,13.9125,0.21,1.49
1489,16-Jan-20,14.12,14.365,12.5975,14.1825,14.12,0.06,0.44
1490,17-Jan-20,14.1825,14.53,12.5025,14.1275,14.1825,-0.06,-0.39
1491,20-Jan-20,14.1275,15.495,12.465,15.41,14.1275,1.28,9.08
1492,21-Jan-20,15.41,16.04,15.0725,15.8625,15.41,0.45,2.94
1493,22-Jan-20,15.8625,16.61,15.3575,16.36,15.8625,0.5,3.14
1494,23-Jan-20,16.36,16.7075,15.7775,15.855,16.36,-0.51,-3.09
1495,24-Jan-20,15.855,16.215,14.5925,15.56,15.855,-0.3,-1.86
1496,27-Jan-20,15.56,17.34,14.6825,17.175,15.56,1.62,10.38
1497,28-Jan-20,17.175,17.615,16.9575,17.2975,17.175,0.12,0.71
1498,29-Jan-20,17.2975,17.2975,15.6525,16.4975,17.2975,-0.8,-4.62
1499,30-Jan-20,16.4975,17.14,15.38,16.7975,16.4975,0.3,1.82
1500,31-Jan-20,16.7975,17.59,14.9025,17.3675,16.7975,0.57,3.39
1501,01-Feb-20,17.3675,17.93,16.0325,16.835,17.3675,-0.53,-3.07
1502,03-Feb-20,16.835,17.03,15.4825,15.7825,16.835,-1.05,-6.25
1503,04-Feb-20,15.7825,15.7825,14.31,14.38,15.7825,-1.4,-8.89
1504,05-Feb-20,14.38,14.525,13.8175,14.1725,14.38,-0.21,-1.44
1505,06-Feb-20,14.1725,14.2425,12.645,13.78,14.1725,-0.39,-2.77
1506,07-Feb-20,13.78,13.9925,12.975,13.7475,13.78,-0.03,-0.24
1507,10-Feb-20,13.7475,14.6,12.965,14.21,13.7475,0.46,3.36
1508,11-Feb-20,14.21,14.21,11.375,13.88,14.21,-0.33,-2.32
1509,12-Feb-20,13.88,13.88,13.1475,13.6225,13.88,-0.26,-1.86
1510,13-Feb-20,13.6225,13.6725,11.8,13.37,13.6225,-0.25,-1.85
1511,14-Feb-20,13.37,13.9875,11.9025,13.615,13.37,0.25,1.83
1512,17-Feb-20,13.615,14.6175,13.38,14.415,13.615,0.8,5.88
1513,18-Feb-20,14.415,14.82,11.375,14.51,14.415,0.1,0.66
1514,19-Feb-20,14.51,14.51,13.4825,14.0225,14.51,-0.49,-3.36
1515,20-Feb-20,14.0225,14.0275,10.165,13.7,14.0225,-0.32,-2.3
1516,24-Feb-20,13.7,17.375,12.295,16.9975,13.7,3.3,24.07
1517,25-Feb-20,16.9975,17.3175,15.62,16.8975,16.9975,-0.1,-0.59
1518,26-Feb-20,16.8975,18.865,16.5025,18.26,16.8975,1.36,8.06
1519,27-Feb-20,18.26,19.155,16.8275,17.765,18.26,-0.5,-2.71
1520,28-Feb-20,17.765,23.6975,17.4825,23.235,17.765,5.47,30.79
1521,02-Mar-20,23.235,26.3425,19.92,25.2025,23.235,1.97,8.47
1522,03-Mar-20,25.2025,26.49,21.5425,24.5425,25.2025,-0.66,-2.62
1523,04-Mar-20,24.5425,26.2875,22.425,24.225,24.5425,-0.32,-1.29
1524,05-Mar-20,24.225,24.225,22.125,23.2475,24.225,-0.98,-4.04
1525,06-Mar-20,23.2475,27.55,23.2475,25.6425,23.2475,2.4,10.3
1526,09-Mar-20,25.6425,34.355,21.425,30.8,25.6425,5.16,20.11
1527,11-Mar-20,30.8,33.2375,29.65,31.555,30.8,0.76,2.45
1528,12-Mar-20,31.555,42.3275,29.81,41.1625,31.555,9.61,30.45
1529,13-Mar-20,41.1625,59.4825,41.1625,51.4725,41.1625,10.31,25.05
1530,16-Mar-20,51.4725,59.865,51.4725,58.875,51.4725,7.4,14.38
1531,17-Mar-20,58.875,63.44,57.25,62.925,58.875,4.05,6.88
1532,18-Mar-20,62.925,64.5775,61.1525,63.955,62.925,1.03,1.64
1533,19-Mar-20,63.955,73.3425,63.095,72.1975,63.955,8.24,12.89
1534,20-Mar-20,72.1975,72.965,65.38,67.1,72.1975,-5.1,-7.06
1535,23-Mar-20,67.1,73.3675,66.3175,71.985,67.1,4.89,7.28
1536,24-Mar-20,71.985,86.635,71.985,83.6075,71.985,11.62,16.15
1537,25-Mar-20,83.6075,84.5975,75.9725,77.625,83.6075,-5.98,-7.16
1538,26-Mar-20,77.625,79.405,70.675,71.5325,77.625,-6.09,-7.85
1539,27-Mar-20,71.5325,73.03,65.6325,70.385,71.5325,-1.15,-1.6
1540,30-Mar-20,70.385,73.365,70.28,71.89,70.385,1.51,2.14
1541,31-Mar-20,71.89,71.89,63.6075,64.4075,71.89,-7.48,-10.41
1542,01-Apr-20,64.4075,64.4075,59.78,60.0525,64.4075,-4.36,-6.76
1543,03-Apr-20,60.0525,60.59,54.9,55.3025,60.0525,-4.75,-7.91
1544,07-Apr-20,55.3025,55.3025,49.9425,51.8,55.3025,-3.5,-6.33
1545,08-Apr-20,51.8,53.7325,46.975,52.2425,51.8,0.44,0.85
1546,09-Apr-20,52.2425,52.2425,46.9025,49.745,52.2425,-2.5,-4.78
1547,13-Apr-20,49.745,52.4925,43.635,51.4575,49.745,1.71,3.44
1548,15-Apr-20,51.4575,51.4575,44.6475,49.735,51.4575,-1.72,-3.35
1549,16-Apr-20,49.735,49.735,42.255,46.095,49.735,-3.64,-7.32
1550,17-Apr-20,46.095,46.095,40.305,42.5925,46.095,-3.5,-7.6
1551,20-Apr-20,42.5925,44.0375,40.295,43.455,42.5925,0.86,2.03
1552,21-Apr-20,43.455,45.9625,36.215,45.1975,43.455,1.74,4.01
1553,22-Apr-20,45.1975,45.425,40.465,42.8225,45.1975,-2.38,-5.25
1554,23-Apr-20,42.8225,42.8225,36.9975,39.23,42.8225,-3.59,-8.39
1555,24-Apr-20,39.23,39.9475,34.9825,39.1175,39.23,-0.11,-0.29
1556,27-Apr-20,39.1175,40.1675,35.2125,38.0425,39.1175,-1.08,-2.75
1557,28-Apr-20,38.0425,41.9125,35.0675,35.355,38.0425,-2.69,-7.06
1558,29-Apr-20,35.355,35.355,31.4825,33.8375,35.355,-1.52,-4.29
1559,30-Apr-20,33.8375,34.2525,32.535,33.9875,33.8375,0.15,0.44
1560,04-May-20,33.9875,43.92,33.9875,43.67,33.9875,9.68,28.49
1561,05-May-20,43.67,43.865,38.1475,43.6075,43.67,-0.06,-0.14
1562,06-May-20,43.6075,43.63,40.1975,41.2475,43.6075,-2.36,-5.41
1563,07-May-20,41.2475,41.715,39.6575,39.93,41.2475,-1.32,-3.19
1564,08-May-20,39.93,39.93,36.5475,38.4075,39.93,-1.52,-3.81
1565,11-May-20,38.4075,38.495,36.9475,38.0375,38.4075,-0.37,-0.96
1566,12-May-20,38.0375,38.8125,35.245,38.205,38.0375,0.17,0.44
1567,13-May-20,38.205,39.0475,33.44,38.835,38.205,0.63,1.65
1568,14-May-20,38.835,38.835,35.795,38.1825,38.835,-0.65,-1.68
1569,15-May-20,38.1825,38.46,34.055,38.0175,38.1825,-0.17,-0.43
1570,18-May-20,38.0175,41.245,27.935,40.915,38.0175,2.9,7.62
1571,19-May-20,40.915,40.915,37.9525,39.4525,40.915,-1.46,-3.57
1572,20-May-20,39.4525,39.4525,34.095,35.81,39.4525,-3.64,-9.23
1573,21-May-20,35.81,35.81,32.575,32.985,35.81,-2.83,-7.89
1574,22-May-20,32.985,34.36,26.335,32.3775,32.985,-0.61,-1.84
1575,26-May-20,32.3775,33.21,30.9725,31.47,32.3775,-0.91,-2.8
1576,27-May-20,31.47,32.015,28.855,31.2725,31.47,-0.2,-0.63
1577,28-May-20,31.2725,31.2725,29.195,30.0175,31.2725,-1.26,-4.01
1578,29-May-20,30.0175,30.5675,27.41,30.22,30.0175,0.2,0.67
1579,01-Jun-20,30.22,32.1725,28.8325,30.7425,30.22,0.52,1.73
1580,02-Jun-20,30.7425,30.9175,27.9025,30.115,30.7425,-0.63,-2.04
1581,03-Jun-20,30.115,30.4025,29.335,30.0425,30.115,-0.07,-0.24
1582,04-Jun-20,30.0425,30.265,28.45,29.69,30.0425,-0.35,-1.17
1583,05-Jun-20,29.69,29.69,25.92,28.68,29.69,-1.01,-3.4
1584,08-Jun-20,28.68,30.145,27.7975,29.6475,28.68,0.97,3.37
1585,09-Jun-20,29.6475,30.34,27.24,30.205,29.6475,0.56,1.88
1586,10-Jun-20,30.205,30.205,28.7275,29.4375,30.205,-0.77,-2.54
1587,11-Jun-20,29.4375,30.42,28.39,29.66,29.4375,0.22,0.76
1588,12-Jun-20,29.66,32.875,29.66,30.8225,29.66,1.16,3.92
1589,15-Jun-20,30.8225,33.7775,29.915,32.5775,30.8225,1.76,5.69
1590,16-Jun-20,32.5775,35.3125,30.4075,32.965,32.5775,0.39,1.19
1591,17-Jun-20,32.965,34.0175,29.05,33.355,32.965,0.39,1.18
1592,18-Jun-20,33.355,33.4225,31.2175,31.455,33.355,-1.9,-5.7
1593,19-Jun-20,31.455,31.9125,29.6775,29.965,31.455,-1.49,-4.74
1594,22-Jun-20,29.965,30.9825,29.965,30.46,29.965,0.5,1.65
1595,23-Jun-20,30.46,31.1475,29.2425,29.34,30.46,-1.12,-3.68
1596,24-Jun-20,29.34,30.53,27.79,29.5775,29.34,0.24,0.81
1597,25-Jun-20,29.5775,31.285,29.0575,29.7275,29.5775,0.15,0.51
1598,26-Jun-20,29.7275,30.065,28.315,28.735,29.7275,-0.99,-3.34
1599,29-Jun-20,28.735,30.45,27.98,28.91,28.735,0.18,0.61
1600,30-Jun-20,28.91,29.6325,28.405,29.1175,28.91,0.21,0.72
1601,01-Jul-20,29.1175,29.1625,27.9375,28.1175,29.1175,-1,-3.43
1602,02-Jul-20,28.1175,28.1175,26.315,26.5075,28.1175,-1.61,-5.73
1603,03-Jul-20,26.5075,26.775,25.6275,25.7675,26.5075,-0.74,-2.79
1604,06-Jul-20,25.7675,26.175,24.5425,25.1975,25.7675,-0.57,-2.21
1605,07-Jul-20,25.1975,25.645,24.24,25.1025,25.1975,-0.1,-0.38
1606,08-Jul-20,25.1025,26.355,25.03,26.1,25.1025,1,3.97
1607,09-Jul-20,26.1,27.6575,24.735,24.9125,26.1,-1.19,-4.55
1608,10-Jul-20,24.9125,25.4775,23.485,24.9425,24.9125,0.03,0.12
1609,13-Jul-20,24.9425,25.9075,22.805,25.2525,24.9425,0.31,1.24
1610,14-Jul-20,25.2525,27.265,25.2525,26.6375,25.2525,1.39,5.48
1611,15-Jul-20,26.6375,26.6375,23.74,26.29,26.6375,-0.35,-1.3
1612,16-Jul-20,26.29,26.5975,25.245,25.3625,26.29,-0.93,-3.53
1613,17-Jul-20,25.3625,25.5025,23.77,24.1575,25.3625,-1.21,-4.75
1614,20-Jul-20,24.1575,25.12,24.1575,24.7125,24.1575,0.56,2.3
1615,21-Jul-20,24.7125,24.7125,23.725,24.4275,24.7125,-0.29,-1.15
1616,22-Jul-20,24.4275,25.8025,23.73,24.885,24.4275,0.46,1.87
1617,23-Jul-20,24.885,24.935,24.0075,24.64,24.885,-0.25,-0.98
1618,24-Jul-20,24.64,25.295,22.7375,24.535,24.64,-0.11,-0.43
1619,27-Jul-20,24.535,25.7175,23.29,25.0175,24.535,0.48,1.97
1620,28-Jul-20,25.0175,25.215,23.545,23.6425,25.0175,-1.38,-5.5
1621,29-Jul-20,23.6425,24.4975,23.6425,24.1125,23.6425,0.47,1.99
1622,30-Jul-20,24.1125,25.1425,22.09,24.7275,24.1125,0.62,2.55
1623,31-Jul-20,24.7275,25.3725,23.9675,24.1925,24.7275,-0.54,-2.16
1624,03-Aug-20,24.1925,25.69,23.2625,25.185,24.1925,0.99,4.1
1625,04-Aug-20,25.185,25.185,23.555,23.815,25.185,-1.37,-5.44
1626,05-Aug-20,23.815,23.9325,21.825,23.5675,23.815,-0.25,-1.04
1627,06-Aug-20,23.5675,23.705,22.525,23.15,23.5675,-0.42,-1.77
1628,07-Aug-20,23.15,23.31,21.755,22.5775,23.15,-0.57,-2.47
1629,10-Aug-20,22.5775,23.015,21.4525,22.51,22.5775,-0.07,-0.3
1630,11-Aug-20,22.51,22.51,20.215,21.36,22.51,-1.15,-5.11
1631,12-Aug-20,21.36,21.9225,16.85,20.845,21.36,-0.52,-2.41
1632,13-Aug-20,20.845,21.19,19.46,20.5675,20.845,-0.28,-1.33
1633,14-Aug-20,20.5675,22.97,16.34,21.6725,20.5675,1.11,5.37
1634,17-Aug-20,21.6725,22.8775,19.5575,21.3075,21.6725,-0.37,-1.68
1635,18-Aug-20,21.3075,21.3075,18.2525,20.43,21.3075,-0.88,-4.12
1636,19-Aug-20,20.43,20.43,17.835,19.9575,20.43,-0.47,-2.31
1637,20-Aug-20,19.9575,21.08,17.6625,20.6175,19.9575,0.66,3.31
1638,21-Aug-20,20.6175,20.6175,14.885,19.9375,20.6175,-0.68,-3.3
1639,24-Aug-20,19.9375,20.0675,17.8875,19.23,19.9375,-0.71,-3.55
1640,25-Aug-20,19.23,19.805,15.4225,19.315,19.23,0.09,0.44
1641,26-Aug-20,19.315,19.5925,17.2225,19.3025,19.315,-0.01,-0.06
1642,27-Aug-20,19.3025,19.47,17.4525,18.895,19.3025,-0.41,-2.11
1643,28-Aug-20,18.895,18.895,16.655,18.3475,18.895,-0.55,-2.9
1644,31-Aug-20,18.3475,23.8725,16.4,22.835,18.3475,4.49,24.46
1645,01-Sep-20,22.835,23.2425,21.11,21.8,22.835,-1.04,-4.53
1646,02-Sep-20,21.8,22.495,19.8525,21.105,21.8,-0.7,-3.19
1647,03-Sep-20,21.105,21.105,18.16,20.5025,21.105,-0.6,-2.85
1648,04-Sep-20,20.5025,22.6475,19.8575,22.1525,20.5025,1.65,8.05
1649,07-Sep-20,22.1525,23.2475,17.245,22.0075,22.1525,-0.15,-0.65
1650,08-Sep-20,22.0075,23.0725,17.57,22.7225,22.0075,0.72,3.25
1651,09-Sep-20,22.7225,23.27,20.1975,22.23,22.7225,-0.49,-2.17
1652,10-Sep-20,22.23,22.23,17.7,21.2625,22.23,-0.97,-4.35
1653,11-Sep-20,21.2625,21.345,18.1725,20.7125,21.2625,-0.55,-2.59
1654,14-Sep-20,20.7125,21.74,17.5325,21.19,20.7125,0.48,2.31
1655,15-Sep-20,21.19,21.19,18.8975,20.5975,21.19,-0.59,-2.8
1656,16-Sep-20,20.5975,20.5975,16.325,19.66,20.5975,-0.94,-4.55
1657,17-Sep-20,19.66,20.6825,17.5525,20.1,19.66,0.44,2.24
1658,18-Sep-20,20.1,20.77,17.5825,20.045,20.1,-0.06,-0.27
1659,21-Sep-20,20.045,22.9925,18.2675,22.1875,20.045,2.14,10.69
1660,22-Sep-20,22.1875,23.275,15.755,21.41,22.1875,-0.78,-3.5
1661,23-Sep-20,21.41,22.4775,19.37,20.99,21.41,-0.42,-1.96
1662,24-Sep-20,20.99,23.8175,20.925,23.51,20.99,2.52,12.01
1663,25-Sep-20,23.51,23.51,18.6675,20.675,23.51,-2.84,-12.06
1664,28-Sep-20,20.675,21.0975,19.35,19.5725,20.675,-1.1,-5.33
1665,29-Sep-20,19.5725,20.1975,18.4275,19.775,19.5725,0.2,1.03
1666,30-Sep-20,19.775,20.215,17.675,19.53,19.775,-0.25,-1.24
1667,01-Oct-20,19.53,19.53,17.375,18.35,19.53,-1.18,-6.04
1668,05-Oct-20,18.35,20.025,18.35,19.705,18.35,1.36,7.38
1669,06-Oct-20,19.705,19.8925,18.36,19.635,19.705,-0.07,-0.36
1670,07-Oct-20,19.635,20.3375,19.0675,20.06,19.635,0.43,2.16
1671,08-Oct-20,20.06,20.855,18.9775,20.38,20.06,0.32,1.6
1672,09-Oct-20,20.38,21.0075,17.51,20.38,20.38,0,0
1673,12-Oct-20,20.38,22.1,19.39,21.1275,20.38,0.75,3.67
1674,13-Oct-20,21.1275,21.65,20.525,20.715,21.1275,-0.41,-1.95
1675,14-Oct-20,20.715,20.9625,18.425,20.21,20.715,-0.51,-2.44
1676,15-Oct-20,20.21,22.275,19.0375,22.0575,20.21,1.85,9.14
1677,16-Oct-20,22.0575,22.4175,20.485,21.645,22.0575,-0.41,-1.87
1678,19-Oct-20,21.645,22.3175,15.465,21.8175,21.645,0.17,0.8
1679,20-Oct-20,21.8175,22.7925,18.79,22.69,21.8175,0.87,4
1680,21-Oct-20,22.69,23.545,18.3775,22.915,22.69,0.23,0.99
1681,22-Oct-20,22.915,23.515,17.44,22.635,22.915,-0.28,-1.22
1682,23-Oct-20,22.635,22.78,19.8325,21.8275,22.635,-0.81,-3.57
1683,26-Oct-20,21.8275,23.405,21.32,22.8325,21.8275,1.01,4.6
1684,27-Oct-20,22.8325,23.1675,22.1225,22.195,22.8325,-0.64,-2.79
1685,28-Oct-20,22.195,23.465,20.08,23.28,22.195,1.09,4.89
1686,29-Oct-20,23.28,24.36,22.2825,24.0225,23.28,0.74,3.19
1687,30-Oct-20,24.0225,26.3,21.725,24.7525,24.0225,0.73,3.04
1688,02-Nov-20,24.7525,25.9175,24.22,25.21,24.7525,0.46,1.85
1689,03-Nov-20,25.21,25.3325,22.9175,24.24,25.21,-0.97,-3.85
1690,04-Nov-20,24.24,24.24,20.6725,23.2,24.24,-1.04,-4.29
1691,05-Nov-20,23.2,23.2,19.99,20.965,23.2,-2.24,-9.63
1692,06-Nov-20,20.965,20.965,19.2825,20.4975,20.965,-0.47,-2.23
1693,09-Nov-20,20.4975,21.0475,17.58,20.1125,20.4975,-0.39,-1.88
1694,10-Nov-20,20.1125,21.845,19.895,21.5775,20.1125,1.47,7.28
1695,11-Nov-20,21.5775,22.375,18.995,22.0325,21.5775,0.46,2.11
1696,12-Nov-20,22.0325,22.0325,19.7875,20.62,22.0325,-1.41,-6.41
1697,13-Nov-20,20.62,29.525,19.5575,19.7025,20.62,-0.92,-4.45
1698,14-Nov-20,19.7025,19.7025,16.175,19.13,19.7025,-0.57,-2.91
1699,17-Nov-20,19.13,20.405,18.4025,19.8025,19.13,0.67,3.52
1700,18-Nov-20,19.8025,19.8025,15.72,19.12,19.8025,-0.68,-3.45
1701,19-Nov-20,19.12,19.9825,16.325,19.57,19.12,0.45,2.35
1702,20-Nov-20,19.57,19.8075,16.9975,19.6175,19.57,0.05,0.24
1703,23-Nov-20,19.6175,20.8625,16.91,20.7975,19.6175,1.18,6.02
1704,24-Nov-20,20.7975,22,20.025,21.0575,20.7975,0.26,1.25
1705,25-Nov-20,21.0575,23.495,20.68,23.1275,21.0575,2.07,9.83
1706,26-Nov-20,23.1275,23.1275,19.4375,20.0225,23.1275,-3.11,-13.43
1707,27-Nov-20,20.0225,21.28,17.625,19.8175,20.0225,-0.21,-1.02
1708,01-Dec-20,19.8175,21.235,19.245,20.1825,19.8175,0.37,1.84
1709,02-Dec-20,20.1825,20.5525,17.9625,19.9075,20.1825,-0.28,-1.36
1710,03-Dec-20,19.9075,19.9075,17.7225,19,19.9075,-0.91,-4.56
1711,04-Dec-20,19,19.035,16.53,18.0275,19,-0.97,-5.12
1712,07-Dec-20,18.0275,18.315,16.95,18.025,18.0275,0,-0.01
1713,08-Dec-20,18.025,18.795,16.2675,18.6175,18.025,0.59,3.29
1714,09-Dec-20,18.6175,19.63,16.22,18.92,18.6175,0.3,1.62
1715,10-Dec-20,18.92,19.385,17.4225,18.7125,18.92,-0.21,-1.1
1716,11-Dec-20,18.7125,19.285,17.3625,18.79,18.7125,0.08,0.41
1717,14-Dec-20,18.79,19.6425,15.3275,19.4025,18.79,0.61,3.26
1718,15-Dec-20,19.4025,19.8275,15.6925,19.345,19.4025,-0.06,-0.3
1719,16-Dec-20,19.345,19.3975,18.6075,19.2,19.345,-0.15,-0.75
1720,17-Dec-20,19.2,21.6225,14.0525,19.1575,19.2,-0.04,-0.22
1721,18-Dec-20,19.1575,19.4925,14.555,18.6225,19.1575,-0.54,-2.79
1722,21-Dec-20,18.6225,23.68,18.6225,23.19,18.6225,4.57,24.53
1723,22-Dec-20,23.19,24.48,16.5925,21.985,23.19,-1.21,-5.2
1724,23-Dec-20,21.985,22.0825,19.395,20.495,21.985,-1.49,-6.78
1725,24-Dec-20,20.495,20.9525,15.645,19.9675,20.495,-0.53,-2.57
1726,28-Dec-20,19.9675,21.0225,18.5975,20.4275,19.9675,0.46,2.3
1727,29-Dec-20,20.4275,21.2125,17.6275,20.79,20.4275,0.36,1.77
1728,30-Dec-20,20.79,21.5875,20.79,21.11,20.79,0.32,1.54
1729,31-Dec-20,21.11,21.505,19.19,21.095,21.11,-0.02,-0.07
1730,01-01-2021,21.095,21.3325,19.2625,19.56,,,-7.28%
1731,04-01-2021,19.56,21.0275,19.335,20.03,,,2.40%
1732,05-01-2021,20.03,21.005,20.03,20.46,,,2.15%
1733,06-01-2021,20.46,21.63,20.425,20.995,,,2.61%
1734,07-01-2021,20.995,20.995,20.1375,20.615,,,-1.81%
1735,08-01-2021,20.615,20.85,17.38,20.64,,,0.12%
1736,11-01-2021,20.64,22.745,20.64,22.3825,,,8.44%
1737,12-01-2021,22.3825,23.26,22.2925,22.8475,,,2.08%
1738,13-01-2021,22.8475,24.0475,22.37,23.2925,,,1.95%
1739,14-01-2021,23.2925,23.7025,22.8075,23.0275,,,-1.14%
1740,15-01-2021,23.0275,24.6775,23.0275,24.01,,,4.27%
1741,18-01-2021,24.01,25.4125,23.5675,24.395,,,1.60%
1742,19-01-2021,24.395,24.395,20.36,22.8975,,,-6.14%
1743,20-01-2021,22.8975,23.185,19.33,21.55,,,-5.88%
1744,21-01-2021,21.55,22.7775,18.6175,22.18,,,2.92%
1745,22-01-2021,22.18,23.04,18.73,22.4225,,,1.09%
1746,25-01-2021,22.4225,23.81,20.3375,23.245,,,3.67%
1747,27-01-2021,23.245,24.7475,20.83,24.3925,,,4.94%
1748,28-01-2021,24.3925,25.295,23.435,24.29,,,-0.42%
1749,29-01-2021,24.29,25.99,22.08,25.3425,,,4.33%
1750,01-02-2021,25.3425,25.925,22.6,23.3225,,,-7.97%
1751,02-02-2021,23.3225,23.61,21.0025,23.345,,,0.10%
1752,03-02-2021,23.345,24.1975,20.9475,23.745,,,1.71%
1753,04-02-2021,23.745,23.9325,22.09,23.1225,,,-2.62%
1754,05-02-2021,23.1225,23.935,20.08,23.415,,,1.27%
1755,08-02-2021,23.415,24.345,22.1775,23.9575,,,2.32%
1756,09-02-2021,23.9575,24.4675,21.4325,24.27,,,1.30%
1757,10-02-2021,24.27,24.955,20.9075,23.9525,,,-1.31%
1758,11-02-2021,23.9525,24.2225,21.0175,23.045,,,-3.79%
1759,12-02-2021,23.045,23.065,20.8925,22.0425,,,-4.35%
1760,15-02-2021,22.0425,22.39,20.8225,21.475,,,-2.57%
1761,16-02-2021,21.475,22.115,20.535,21.78,,,1.42%
1762,17-02-2021,21.78,21.88,21.0975,21.505,,,-1.26%
1763,18-02-2021,21.505,22.085,19.9625,21.5425,,,0.17%
1764,19-02-2021,21.5425,22.8675,19.345,22.25,,,3.28%
1765,22-02-2021,22.25,25.82,20.0225,25.47,,,14.47%
1766,23-02-2021,25.47,25.6425,23.8575,25.2275,,,-0.95%
1767,24-02-2021,25.2275,25.2275,23.4825,24.1675,,,-4.20%
1768,25-02-2021,24.1675,24.1675,22.6275,22.8925,,,-5.28%
1769,26-02-2021,22.8925,29.645,22.8925,28.1425,,,22.93%
1770,01-03-2021,28.1425,28.1425,24.95,25.625,,,-8.95%
1771,02-03-2021,25.625,25.625,23.21,23.605,,,-7.88%
1772,03-03-2021,23.605,23.605,21.815,22.09,,,-6.42%
1773,04-03-2021,22.09,24.5775,22.09,24.15,,,9.33%
1774,05-03-2021,24.15,26.4075,22.8625,25.56,,,5.84%
1775,08-03-2021,25.56,25.6525,21.2025,24.675,,,-3.46%
1776,09-03-2021,24.675,24.675,21.4375,22.495,,,-8.83%
1777,10-03-2021,22.495,22.495,19.315,20.7475,,,-7.77%
1778,12-03-2021,20.7475,22.67,18.5375,21.7075,,,4.63%
1779,15-03-2021,21.7075,22.9325,20.995,21.2275,,,-2.21%
1780,16-03-2021,21.2275,21.2275,18.0625,20.19,,,-4.89%
1781,17-03-2021,20.19,20.42,18.62,20.1575,,,-0.16%
1782,18-03-2021,20.1575,20.9475,16.6825,20.08,,,-0.38%
1783,19-03-2021,20.08,21.865,18.725,19.9875,,,-0.46%
1784,22-03-2021,19.9875,21.2325,18.97,20.4925,,,2.53%
1785,23-03-2021,20.4925,22.135,20.4925,20.665,,,0.84%
1786,24-03-2021,20.665,22.6875,19.745,22.455,,,8.66%
1787,25-03-2021,22.455,23.3125,21.12,22.6975,,,1.08%
1788,26-03-2021,22.6975,22.9175,18.225,20.65,,,-9.02%
1789,30-03-2021,20.65,20.65,19.5675,20.485,,,-0.80%
1790,31-03-2021,20.485,20.83,19.995,20.645,,,0.78%
1791,01-04-2021,20.645,20.675,19.73,19.9875,,,-3.18%
1792,05-04-2021,19.9875,23.305,19.9875,21.215,,,6.14%
1793,06-04-2021,21.215,22.24,19.805,20.84,,,-1.77%
1794,07-04-2021,20.84,21.2975,19.43,20.2475,,,-2.84%
1795,08-04-2021,20.2475,20.585,19.17,20.3125,,,0.32%
1796,09-04-2021,20.3125,20.9675,19.6825,19.785,,,-2.60%
1797,12-04-2021,19.785,23.3025,19.785,22.995,,,16.22%
1798,13-04-2021,22.995,22.995,20.2975,20.46,,,-11.02%
1799,15-04-2021,20.46,21.545,18.245,20.89,,,2.10%
1800,16-04-2021,20.89,21.09,19.4825,20.4025,,,-2.33%
1801,19-04-2021,20.4025,23.1075,19.8075,22.485,,,10.21%
1802,20-04-2021,22.485,22.745,21.2375,22.425,,,-0.27%
1803,22-04-2021,22.425,23.6075,22.425,23.025,,,2.68%
1804,23-04-2021,23.025,23.0525,20.21,22.69,,,-1.45%
1805,26-04-2021,22.69,23.555,22.6175,23.495,,,3.55%
1806,27-04-2021,23.495,23.625,22.32,23.0825,,,-1.76%
1807,28-04-2021,23.0825,23.1125,20.9675,22.58,,,-2.18%
1808,29-04-2021,22.58,23.4225,22.1075,23.305,,,3.21%
1809,30-04-2021,23.305,23.765,22.5975,23.0275,,,-1.19%
1810,03-05-2021,23.0275,24.54,21.84,23.6925,,,2.89%
1811,04-05-2021,23.6925,23.6925,22.1775,23.01,,,-2.88%
1812,05-05-2021,23.01,23.19,21.135,21.9625,,,-4.55%
1813,06-05-2021,21.9625,22.6125,20.1225,22.035,,,0.33%
1814,07-05-2021,22.035,22.035,20.31,20.8225,,,-5.50%
1815,10-05-2021,20.8225,21.1475,20.135,20.225,,,-2.87%
1816,11-05-2021,20.225,21.1175,19.7225,19.83,,,-1.95%
1817,12-05-2021,19.83,20.905,18.36,20.08,,,1.26%
1818,14-05-2021,20.08,21.1525,18.2275,20.2675,,,0.93%
1819,17-05-2021,20.2675,20.425,18.3625,19.6075,,,-3.26%
1820,18-05-2021,19.6075,19.6075,18.305,19.24,,,-1.87%
1821,19-05-2021,19.24,19.5675,17.23,19.3175,,,0.40%
1822,20-05-2021,19.3175,19.8375,18.0925,19.6525,,,1.73%
1823,21-05-2021,19.6525,19.6525,17.13,19.08,,,-2.91%
1824,24-05-2021,19.08,19.885,18.72,19.13,,,0.26%
1825,25-05-2021,19.13,21.05,17.6875,18.8425,,,-1.50%
1826,26-05-2021,18.8425,21.3025,17.23,20.8725,,,10.77%
1827,27-05-2021,20.8725,21.3225,18.3525,19.91,,,-4.61%
1828,28-05-2021,19.91,19.91,17.355,17.4025,,,-12.59%
1829,31-05-2021,17.4025,17.99,16.4325,16.885,,,-2.97%
1830,01-06-2021,16.885,17.9625,15.31,17.3875,,,2.98%
1831,02-06-2021,17.3875,17.6475,15.1675,17.21,,,-1.02%
1832,03-06-2021,17.21,17.21,14.1475,15.745,,,-8.51%
1833,04-06-2021,15.745,16.3825,14.9425,15.94,,,1.24%
1834,07-06-2021,15.94,15.94,14.7425,15.5675,,,-2.34%
1835,08-06-2021,15.5675,15.6,13.5675,15.225,,,-2.20%
1836,09-06-2021,15.225,15.7425,11.945,14.7525,,,-3.10%
1837,10-06-2021,14.7525,15.2,14.1775,15.0025,,,1.69%
1838,11-06-2021,15.0025,15.0025,13.9375,14.1025,,,-6.00%
1839,14-06-2021,14.1025,15.3075,13.74,14.715,,,4.34%
1840,15-06-2021,14.715,15.1625,13.2775,14.605,,,-0.75%
1841,16-06-2021,14.605,15.3225,13.6175,14.865,,,1.78%
1842,17-06-2021,14.865,16.05,14.5275,15.2875,,,2.84%
1843,18-06-2021,15.2875,16.62,10.6,14.7975,,,-3.21%
1844,21-06-2021,14.7975,16.46,14.375,15.06,,,1.77%
1845,22-06-2021,15.06,15.1125,14.425,14.7375,,,-2.14%
1846,23-06-2021,14.7375,15.535,13.625,15.365,,,4.26%
1847,24-06-2021,15.365,15.6375,14.925,15.0975,,,-1.74%
1848,25-06-2021,15.0975,15.2675,13.275,13.3675,,,-11.46%
1849,28-06-2021,13.3675,13.77,13.1175,13.4025,,,0.26%
1850,29-06-2021,13.4025,13.4025,12.9025,13.0025,,,-2.98%
1851,30-06-2021,13.0025,13.14,12.6,13.045,,,0.33%
1852,01-07-2021,13.045,13.2825,12.33,12.84,,,-1.57%
1853,02-07-2021,12.84,13.02,12.0225,12.09,,,-5.84%
1854,05-07-2021,12.09,12.6225,11.9875,12.0675,,,-0.19%
1855,06-07-2021,12.0675,12.36,11.29,12.275,,,1.72%
1856,07-07-2021,12.275,12.585,11.1475,12.2125,,,-0.51%
1857,08-07-2021,12.2125,14.0075,12.055,13.56,,,11.03%
1858,09-07-2021,13.56,14.0025,12.175,12.9425,,,-4.55%
1859,12-07-2021,12.9425,13.6075,11.81,12.9925,,,0.39%
1860,13-07-2021,12.9925,12.9925,10.6725,12.6225,,,-2.85%
1861,14-07-2021,12.6225,12.96,10.485,12.59,,,-0.26%
1862,15-07-2021,12.59,12.945,11.0825,12.27,,,-2.54%
1863,16-07-2021,12.27,12.37,11.625,11.705,,,-4.60%
1864,19-07-2021,11.705,13.1975,11.705,12.68,,,8.33%
1865,20-07-2021,12.68,14.0925,11.7875,13.205,,,4.14%
1866,22-07-2021,13.205,13.205,11.7175,11.885,,,-10.00%
1867,23-07-2021,11.885,12.115,11.5675,11.7625,,,-1.03%
1868,26-07-2021,11.7625,12.54,10.395,12.45,,,5.84%
1869,27-07-2021,12.45,13.525,12.1025,13.2325,,,6.29%
1870,28-07-2021,13.2325,15.98,11.355,13.6925,,,3.48%
1871,29-07-2021,13.6925,13.6925,12.435,12.945,,,-5.46%
1872,30-07-2021,12.945,13.32,12.175,12.8025,,,-1.10%
1873,02-08-2021,12.8025,13.09,11.5175,12.805,,,0.02%
1874,03-08-2021,12.805,13.905,11.9625,13.7475,,,7.36%
1875,04-08-2021,13.7475,14.0575,12.65,13.2125,,,-3.89%
1876,05-08-2021,13.2125,13.4175,11.2025,12.8725,,,-2.57%
1877,06-08-2021,12.8725,13.1625,11.64,12.6075,,,-2.06%
1878,09-08-2021,12.6075,13.11,12.03,12.605,,,-0.02%
1879,10-08-2021,12.605,13.0675,9.9825,12.705,,,0.79%
1880,11-08-2021,12.705,13.3275,10.4725,12.7125,,,0.06%
1881,12-08-2021,12.7125,12.8175,11.3625,12.3725,,,-2.67%
1882,13-08-2021,12.3725,13.1625,11.395,12.99,,,4.99%
1883,16-08-2021,12.99,13.6575,11.375,13.4575,,,3.60%
1884,17-08-2021,13.4575,13.61,12.0275,13.4125,,,-0.33%
1885,18-08-2021,13.4125,13.4125,11.12,12.905,,,-3.78%
1886,20-08-2021,12.905,14.14,12.3475,14.015,,,8.60%
1887,23-08-2021,14.015,14.44,12.725,13.685,,,-2.35%
1888,24-08-2021,13.685,14.5075,13.0975,13.1875,,,-3.64%
1889,25-08-2021,13.1875,13.9725,12.265,13.4975,,,2.35%
1890,26-08-2021,13.4975,14.195,12.1125,13.5375,,,0.30%
1891,27-08-2021,13.5375,13.76,12.94,13.405,,,-0.98%
1892,30-08-2021,13.405,13.685,12.4025,13.3175,,,-0.65%
1893,31-08-2021,13.3175,14.765,12.635,14.52,,,9.03%
1894,01-09-2021,14.52,15.63,13.9,14.185,,,-2.31%
1895,02-09-2021,14.185,14.385,13.61,14.24,,,0.39%
1896,03-09-2021,14.24,14.645,13.58,14.5425,,,2.12%
1897,06-09-2021,14.5425,15.28,14.055,15.105,,,3.87%
1898,07-09-2021,15.105,15.23,14.585,14.895,,,-1.39%
1899,08-09-2021,14.895,15.0625,12.485,14.41,,,-3.26%
1900,09-09-2021,14.41,14.41,13.6375,13.9425,,,-3.24%
1901,13-09-2021,13.9425,14.7775,11.9175,14.025,,,0.59%
1902,14-09-2021,14.025,14.025,10.8725,13.575,,,-3.21%
1903,15-09-2021,13.575,13.875,12.37,13.73,,,1.14%
1904,16-09-2021,13.73,14.525,9.025,14.4125,,,4.97%
1905,17-09-2021,14.4125,15.65,12.1375,15.2325,,,5.69%
1906,20-09-2021,15.2325,17.8075,10.2275,17.4925,,,14.84%
1907,21-09-2021,17.4925,17.9975,13.0025,16.52,,,-5.56%
1908,22-09-2021,16.52,16.86,13.2775,16.4925,,,-0.17%
1909,23-09-2021,16.4925,16.9375,10.3125,16.6025,,,0.67%
1910,24-09-2021,16.6025,17.33,12.7725,16.9225,,,1.93%
1911,27-09-2021,16.9225,18.1375,13.515,18.0525,,,6.68%
1912,28-09-2021,18.0525,18.57,15.3725,18.535,,,2.67%
1913,29-09-2021,18.535,19.435,16.7575,18.8375,,,1.63%
1914,30-09-2021,18.8375,19.1375,17.15,18.4025,,,-2.31%
1915,01-10-2021,18.4025,19.075,16.9975,17.21,,,-6.48%
1916,04-10-2021,17.21,17.53,15.3175,16.735,,,-2.76%
1917,05-10-2021,16.735,17.1325,16.295,16.3975,,,-2.02%
1918,06-10-2021,16.3975,17.59,16.1075,17.3325,,,5.70%
1919,07-10-2021,17.3325,17.3325,14.4525,16.155,,,-6.79%
1920,08-10-2021,16.155,16.4025,15.5325,15.6525,,,-3.11%
1921,11-10-2021,15.6525,16.41,12.23,16.085,,,2.76%
1922,12-10-2021,16.085,16.3975,13.9375,15.8475,,,-1.48%
1923,13-10-2021,15.8475,16.22,13.38,16.1,,,1.59%
1924,14-10-2021,16.1,16.285,12.6125,15.7675,,,-2.07%
1925,18-10-2021,15.7675,17.315,14.155,17.185,,,8.99%
1926,19-10-2021,17.185,17.5425,14.235,17.3825,,,1.15%
1927,20-10-2021,17.3825,18.865,15.2325,18.3125,,,5.35%
1928,21-10-2021,18.3125,18.795,14.9075,18.035,,,-1.52%
1929,22-10-2021,18.035,18.035,14.355,17.545,,,-2.72%
1930,25-10-2021,17.545,18.7575,14.5075,17.61,,,0.37%
1931,26-10-2021,17.61,17.725,16.645,16.7525,,,-4.87%
1932,27-10-2021,16.7525,17.0325,15.4025,16.8275,,,0.45%
1933,28-10-2021,16.8275,18.4325,16.8125,17.9125,,,6.45%
1934,29-10-2021,17.9125,19.64,16.2825,17.425,,,-2.72%
1935,01-11-2021,17.425,18.095,15.3825,17.235,,,-1.09%
1936,02-11-2021,17.235,17.7875,16.36,17.0625,,,-1.00%
1937,03-11-2021,17.0625,17.0625,15.7,16.125,,,-5.49%
1938,04-11-2021,16.125,16.4125,14.305,15.7475,,,-2.34%
1939,08-11-2021,15.7475,16.925,13.99,16.34,,,3.76%
1940,09-11-2021,16.34,16.615,14.6425,16.0025,,,-2.07%
1941,10-11-2021,16.0025,16.685,15.14,16.305,,,1.89%
1942,11-11-2021,16.305,17.285,14.645,16.3525,,,0.29%
1943,12-11-2021,16.3525,16.3525,14.645,15.2175,,,-6.94%
1944,15-11-2021,15.2175,15.8425,13.4275,15.465,,,1.63%
1945,16-11-2021,15.465,15.6825,13.58,15.195,,,-1.75%
1946,17-11-2021,15.195,15.4125,13.915,14.98,,,-1.41%
1947,18-11-2021,14.98,16.1475,12.08,14.8575,,,-0.82%
1948,22-11-2021,14.8575,18.0825,13.5625,17.52,,,17.92%
1949,23-11-2021,17.52,20.025,16.7925,18.015,,,2.83%
1950,24-11-2021,18.015,18.015,15.5775,17.095,,,-5.11%
1951,25-11-2021,17.095,18.0725,16.0025,16.6625,,,-2.53%
1952,26-11-2021,16.6625,21.3925,16.05,20.8025,,,24.85%
1953,29-11-2021,20.8025,23.82,18.8925,20.83,,,0.13%
1954,30-11-2021,20.83,21.965,18.8075,21.1675,,,1.62%
1955,01-12-2021,21.1675,21.1675,18.935,19.4475,,,-8.13%
1956,02-12-2021,19.4475,22.965,18.0025,18.0875,,,-6.99%
1957,03-12-2021,18.0875,18.8325,17.21,18.455,,,2.03%
1958,06-12-2021,18.455,20.4775,18.3,20.0775,,,8.79%
1959,07-12-2021,20.0775,20.0775,18.2425,18.46,,,-8.06%
1960,08-12-2021,18.46,18.46,16.565,17.265,,,-6.47%
1961,09-12-2021,17.265,17.435,15.54,16.6025,,,-3.84%
1962,10-12-2021,16.6025,16.9325,15.21,16.06,,,-3.27%
1963,13-12-2021,16.06,16.86,14.675,16.57,,,3.18%
1964,14-12-2021,16.57,17.33,13.9375,16.9525,,,2.31%
1965,15-12-2021,16.9525,17.7125,15.7675,17.2175,,,1.56%
1966,16-12-2021,17.2175,17.2175,15.2625,15.895,,,-7.68%
1967,17-12-2021,15.895,16.9075,13.76,16.3375,,,2.78%
1968,20-12-2021,16.3375,20.135,16.3375,18.965,,,16.08%
1969,21-12-2021,18.965,18.965,16.6275,17.5375,,,-7.53%
1970,22-12-2021,17.5375,17.5375,15.69,16.58,,,-5.46%
1971,23-12-2021,16.58,16.58,15.68,15.825,,,-4.55%
1972,24-12-2021,15.825,16.6525,15.3325,16.1475,,,2.04%
1973,27-12-2021,16.1475,17.2775,15.2625,17.1175,,,6.01%
1974,28-12-2021,17.1175,17.1175,15.2075,16.475,,,-3.75%
1975,29-12-2021,16.475,16.8625,15.8,16.2425,,,-1.41%
1976,30-12-2021,16.2425,16.7875,15.2925,16.565,,,1.99%
1977,31-12-2021,16.565,16.7675,15.4,16.2225,,,-2.07%
1978,03-Jan-22,16.2225,16.81,15.4525,16.4525,16.2225,0.23,1.42
1979,04-Jan-22,16.4525,16.675,15.71,16.12,16.4525,-0.33,-2.02
1980,05-Jan-22,16.12,17.38,15.0875,17.2275,16.12,1.11,6.87
1981,06-Jan-22,17.2275,18.4175,16.4,17.9775,17.2275,0.75,4.35
1982,07-Jan-22,17.9775,18.09,16.86,17.6025,17.9775,-0.38,-2.09
1983,10-Jan-22,17.6025,18.39,15.8425,17.6775,17.6025,0.08,0.43
1984,11-Jan-22,17.6775,18.2475,16.4375,17.7575,17.6775,0.08,0.45
1985,12-Jan-22,17.7575,17.925,16.5475,17.1825,17.7575,-0.58,-3.24
1986,13-Jan-22,17.1825,17.525,16.6075,16.705,17.1825,-0.48,-2.78
1987,14-Jan-22,16.705,17.1,15.3425,16.555,16.705,-0.15,-0.9
1988,17-Jan-22,16.555,17.5475,16.2675,16.765,16.555,0.21,1.27
1989,18-Jan-22,16.765,17.875,16.765,17.78,16.765,1.02,6.05
1990,19-Jan-22,17.78,18.4475,15.94,17.8175,17.78,0.04,0.21
1991,20-Jan-22,17.8175,18.45,17.32,17.79,17.8175,-0.03,-0.15
1992,21-Jan-22,17.79,19.605,16.9825,18.8875,17.79,1.1,6.17
1993,24-Jan-22,18.8875,23.9,18.8875,22.825,18.8875,3.94,20.85
1994,25-Jan-22,22.825,24.1375,21.18,21.3575,22.825,-1.47,-6.43
1995,27-Jan-22,21.3575,23.8675,20.4425,21.065,21.3575,-0.29,-1.37
1996,28-Jan-22,21.065,21.32,20.2825,20.695,21.065,-0.37,-1.76
1997,31-Jan-22,20.695,22.11,20.695,21.9525,20.695,1.26,6.08
1998,01-Feb-22,21.9525,22.07,19.745,19.9775,21.9525,-1.98,-9
1999,02-Feb-22,19.9775,19.9775,18.5475,18.65,19.9775,-1.33,-6.64
2000,03-Feb-22,18.65,19.595,17.4075,19.16,18.65,0.51,2.73
2001,04-Feb-22,19.16,19.7775,18.595,18.8975,19.16,-0.26,-1.37
2002,07-Feb-22,18.8975,21.0825,18.1825,20.4375,18.8975,1.54,8.15
2003,08-Feb-22,20.4375,20.9375,19.555,19.685,20.4375,-0.75,-3.68
2004,09-Feb-22,19.685,19.685,17.885,18.555,19.685,-1.13,-5.74
2005,10-Feb-22,18.555,18.925,16.8,17.71,18.555,-0.85,-4.55
2006,11-Feb-22,17.71,19.5325,16.855,18.68,17.71,0.97,5.48
2007,14-Feb-22,18.68,23.535,18.68,22.9775,18.68,4.3,23.01
2008,15-Feb-22,22.9775,23.14,20.435,20.6125,22.9775,-2.37,-10.29
2009,16-Feb-22,20.6125,21.02,19.3525,20.5925,20.6125,-0.02,-0.1
2010,17-Feb-22,20.5925,22.37,19.4625,22.005,20.5925,1.41,6.86
2011,18-Feb-22,22.005,23.21,21.635,22.165,22.005,0.16,0.73
2012,21-Feb-22,22.165,23.755,20.57,22.9025,22.165,0.74,3.33
2013,22-Feb-22,22.9025,27.815,22.9025,26.6625,22.9025,3.76,16.42
2014,23-Feb-22,26.6625,26.6625,23.9075,24.5425,26.6625,-2.12,-7.95
2015,24-Feb-22,24.5425,33.9725,24.5425,31.9825,24.5425,7.44,30.31
2016,25-Feb-22,31.9825,31.9825,26.15,26.74,31.9825,-5.24,-16.39
2017,28-Feb-22,26.74,29.785,26.74,28.57,26.74,1.83,6.84
2018,02-Mar-22,28.57,30.8425,28.57,29.2325,28.57,0.66,2.32
2019,03-Mar-22,29.2325,29.2325,27.2225,28.155,29.2325,-1.08,-3.69
2020,04-Mar-22,28.155,29.925,27.2225,27.9575,28.155,-0.2,-0.7
2021,07-Mar-22,27.9575,30.2775,27.9575,29.33,27.9575,1.37,4.91
2022,08-Mar-22,29.33,30.0575,27.1125,28.5875,29.33,-0.74,-2.53
2023,09-Mar-22,28.5875,28.5875,27.305,27.4675,28.5875,-1.12,-3.92
2024,10-Mar-22,27.4675,27.4675,22.9625,25.5825,27.4675,-1.89,-6.86
2025,11-Mar-22,25.5825,25.8725,24.58,25.345,25.5825,-0.24,-0.93
2026,14-Mar-22,25.345,26.2125,25.09,25.6775,25.345,0.33,1.31
2027,15-Mar-22,25.6775,27.5425,23.6575,26.73,25.6775,1.05,4.1
2028,16-Mar-22,26.73,26.73,24.0125,24.1175,26.73,-2.61,-9.77
2029,17-Mar-22,24.1175,24.1175,20.77,22.61,24.1175,-1.51,-6.25
2030,21-Mar-22,22.61,24.7125,22.61,24.6225,22.61,2.01,8.9
2031,22-Mar-22,24.6225,25.1575,23.76,24.07,24.6225,-0.55,-2.24
2032,23-Mar-22,24.07,24.975,20.455,24.7475,24.07,0.68,2.81
2033,24-Mar-22,24.7475,25.53,23.8125,23.93,24.7475,-0.82,-3.3
2034,25-Mar-22,23.93,24.2725,22.91,23.43,23.93,-0.5,-2.09
2035,28-Mar-22,23.43,24.2125,19.59,22.61,23.43,-0.82,-3.5
2036,29-Mar-22,22.61,22.61,21.1025,21.3025,22.61,-1.31,-5.78
2037,30-Mar-22,21.3025,21.3025,19.73,20.61,21.3025,-0.69,-3.25
2038,31-Mar-22,20.61,20.9425,20.2125,20.56,20.61,-0.05,-0.24
2039,01-Apr-22,20.56,20.855,18.12,18.435,20.56,-2.13,-10.34
2040,04-Apr-22,18.435,18.825,17.5925,17.9075,18.435,-0.53,-2.86
2041,05-Apr-22,17.9075,18.63,16.79,18.4875,17.9075,0.58,3.24
2042,06-Apr-22,18.4875,19.2825,16.81,19.0225,18.4875,0.54,2.89
2043,07-Apr-22,19.0225,19.49,17.7175,18.9975,19.0225,-0.03,-0.13
2044,08-Apr-22,18.9975,20.0875,17.53,17.6875,18.9975,-1.31,-6.9
2045,11-Apr-22,17.6875,19.145,16.6425,18.27,17.6875,0.58,3.29
2046,12-Apr-22,18.27,18.6725,15.085,18.1575,18.27,-0.11,-0.62
2047,13-Apr-22,18.1575,18.4025,16.1925,17.785,18.1575,-0.37,-2.05
2048,18-Apr-22,17.785,20.4825,17.785,19.335,17.785,1.55,8.72
2049,19-Apr-22,19.335,20.8075,14.6275,19.775,19.335,0.44,2.28
2050,20-Apr-22,19.775,20.265,17.835,18.6725,19.775,-1.1,-5.58
2051,21-Apr-22,18.6725,18.6725,13.35,17.8525,18.6725,-0.82,-4.39
2052,22-Apr-22,17.8525,18.76,17.8125,18.3525,17.8525,0.5,2.8
2053,25-Apr-22,18.3525,21.755,18.3525,21.2575,18.3525,2.91,15.83
2054,26-Apr-22,21.2575,21.2575,19.005,19.1875,21.2575,-2.07,-9.74
2055,27-Apr-22,19.1875,21.365,19.1875,20.605,19.1875,1.42,7.39
2056,28-Apr-22,20.605,20.605,19.0225,19.3775,20.605,-1.23,-5.96
2057,29-Apr-22,19.3775,19.6475,18.2075,19.415,19.3775,0.04,0.19
2058,02-May-22,19.415,21.0625,19.415,20.2825,19.415,0.87,4.47
2059,04-May-22,20.2825,22.3875,18.4275,21.8775,20.2825,1.6,7.86
2060,05-May-22,21.8775,21.8775,19.615,20.2925,21.8775,-1.59,-7.24
2061,06-May-22,20.2925,21.81,19.3325,21.25,20.2925,0.96,4.72
2062,09-May-22,21.25,22.52,18.96,22.0325,21.25,0.78,3.68
2063,10-May-22,22.0325,22.515,21.2175,22.3025,22.0325,0.27,1.23
2064,11-May-22,22.3025,24.1875,20.4825,22.8025,22.3025,0.5,2.24
2065,12-May-22,22.8025,25.315,21.15,24.265,22.8025,1.46,6.41
2066,13-May-22,24.265,24.265,20.9675,23.485,24.265,-0.78,-3.21
2067,16-May-22,23.485,24.7125,21.275,24.5275,23.485,1.04,4.44
2068,17-May-22,24.5275,24.84,17.095,22.7425,24.5275,-1.79,-7.28
2069,18-May-22,22.7425,23.06,21.34,22.295,22.7425,-0.45,-1.97
2070,19-May-22,22.295,25.1475,22.295,24.5575,22.295,2.26,10.15
2071,20-May-22,24.5575,24.5575,22.4425,23.1,24.5575,-1.46,-5.94
2072,23-May-22,23.1,23.975,20.5,23.3975,23.1,0.3,1.29
2073,24-May-22,23.3975,25.99,23.155,25.635,23.3975,2.24,9.56
2074,25-May-22,25.635,25.635,24.3625,25.2825,25.635,-0.35,-1.38
2075,26-May-22,25.2825,25.2825,22.535,22.7175,25.2825,-2.57,-10.15
2076,27-May-22,22.7175,22.7175,21.2,21.48,22.7175,-1.24,-5.45
2077,30-May-22,21.48,21.48,19.72,19.98,21.48,-1.5,-6.98
2078,31-May-22,19.98,20.75,19.68,20.4775,19.98,0.5,2.49
2079,01-Jun-22,20.4775,21.3375,18.23,20.845,20.4775,0.37,1.79
2080,02-Jun-22,20.845,20.9975,18.3825,20.32,20.845,-0.53,-2.52
2081,03-Jun-22,20.32,20.32,18.735,19.975,20.32,-0.35,-1.7
2082,06-Jun-22,19.975,20.6825,18.65,20.2025,19.975,0.23,1.14
2083,07-Jun-22,20.2025,21.07,19.4325,20.425,20.2025,0.22,1.1
2084,08-Jun-22,20.425,20.6875,19.3875,19.8375,20.425,-0.59,-2.88
2085,09-Jun-22,19.8375,19.8375,18.155,19.14,19.8375,-0.7,-3.52
2086,10-Jun-22,19.14,19.755,18.255,19.575,19.14,0.44,2.27
2087,13-Jun-22,19.575,22.8025,19.575,22.365,19.575,2.79,14.25
2088,14-Jun-22,22.365,22.635,18.9475,21.8875,22.365,-0.48,-2.14
2089,15-Jun-22,21.8875,22.365,20.95,22.1475,21.8875,0.26,1.19
2090,16-Jun-22,22.1475,28.13,19.7475,22.8675,22.1475,0.72,3.25
2091,17-Jun-22,22.8675,23.69,18.0225,22.7575,22.8675,-0.11,-0.48
2092,20-Jun-22,22.7575,23.635,16.0025,22.4125,22.7575,-0.35,-1.52
2093,21-Jun-22,22.4125,22.4125,20.48,21.1425,22.4125,-1.27,-5.67
2094,22-Jun-22,21.1425,21.785,19.32,21.3,21.1425,0.16,0.74
2095,23-Jun-22,21.3,21.71,18.355,20.88,21.3,-0.42,-1.97
2096,24-Jun-22,20.88,21.2725,18.6825,20.55,20.88,-0.33,-1.58
2097,27-Jun-22,20.55,21.12,19.545,21.005,20.55,0.46,2.21
2098,28-Jun-22,21.005,21.68,20.5125,21.45,21.005,0.45,2.12
2099,29-Jun-22,21.45,22.085,21.45,21.9,21.45,0.45,2.1
2100,30-Jun-22,21.9,22.2725,21.5375,21.84,21.9,-0.06,-0.27
2101,01-Jul-22,21.84,22.43,21.1425,21.25,21.84,-0.59,-2.7
2102,04-Jul-22,21.25,22.2475,20.9225,20.9725,21.25,-0.28,-1.31
2103,05-Jul-22,20.9725,20.9925,20.235,20.7875,20.9725,-0.19,-0.88
2104,06-Jul-22,20.7875,20.7875,19.8225,20.2675,20.7875,-0.52,-2.5
2105,07-Jul-22,20.2675,20.2675,19.0125,19.2025,20.2675,-1.07,-5.25
2106,08-Jul-22,19.2025,19.2025,18.22,18.395,19.2025,-0.81,-4.21
2107,11-Jul-22,18.395,19.215,16.6475,18.3675,18.395,-0.03,-0.15
2108,12-Jul-22,18.3675,18.6375,17.3,18.5475,18.3675,0.18,0.98
2109,13-Jul-22,18.5475,18.7625,17.735,18.52,18.5475,-0.03,-0.15
2110,14-Jul-22,18.52,18.69,17.75,18.34,18.52,-0.18,-0.97
2111,15-Jul-22,18.34,18.34,17.53,17.5975,18.34,-0.74,-4.05
2112,18-Jul-22,17.5975,18.1825,16.47,17.16,17.5975,-0.44,-2.49
2113,19-Jul-22,17.16,17.6675,16.3525,17.2025,17.16,0.04,0.25
2114,20-Jul-22,17.2025,17.2725,15.6575,16.8225,17.2025,-0.38,-2.21
2115,21-Jul-22,16.8225,17.2075,15.9725,16.8575,16.8225,0.04,0.21
2116,22-Jul-22,16.8575,16.9625,16.1625,16.65,16.8575,-0.21,-1.23
2117,25-Jul-22,16.65,17.9075,16.1775,17.68,16.65,1.03,6.19
2118,26-Jul-22,17.68,18.2675,17.355,18.17,17.68,0.49,2.77
2119,27-Jul-22,18.17,18.635,17.7525,18.13,18.17,-0.04,-0.22
2120,28-Jul-22,18.13,18.13,16.8375,17.0125,18.13,-1.12,-6.16
2121,29-Jul-22,17.0125,18.645,16.49,16.55,17.0125,-0.46,-2.72
2122,01-Aug-22,16.55,17.625,15.8925,17.485,16.55,0.94,5.65
2123,02-Aug-22,17.485,18.755,17.485,18.53,17.485,1.05,5.98
2124,03-Aug-22,18.53,19.1725,17.95,18.45,18.53,-0.08,-0.43
2125,04-Aug-22,18.45,21.06,17.625,19.2575,18.45,0.81,4.38
2126,05-Aug-22,19.2575,19.39,18.0075,18.915,19.2575,-0.34,-1.78
2127,08-Aug-22,18.915,20.18,17.78,19.3025,18.915,0.39,2.05
2128,10-Aug-22,19.3025,20.77,18.8575,19.5875,19.3025,0.29,1.48
2129,11-Aug-22,19.5875,19.5875,18.2,18.355,19.5875,-1.23,-6.29
2130,12-Aug-22,18.355,18.525,17.41,17.6075,18.355,-0.75,-4.07
2131,16-Aug-22,17.6075,18.355,17.005,17.685,17.6075,0.08,0.44
2132,17-Aug-22,17.685,17.7875,16.5475,17.6775,17.685,-0.01,-0.04
2133,18-Aug-22,17.6775,18.44,16.715,17.35,17.6775,-0.33,-1.85
2134,19-Aug-22,17.35,18.5675,16.875,18.285,17.35,0.94,5.39
2135,22-Aug-22,18.285,19.295,17.2,19.0375,18.285,0.75,4.12
2136,23-Aug-22,19.0375,19.59,18.1775,19.05,19.0375,0.01,0.07
2137,24-Aug-22,19.05,19.3425,17.9875,18.43,19.05,-0.62,-3.25
2138,25-Aug-22,18.43,20.215,17.275,19.57,18.43,1.14,6.19
2139,26-Aug-22,19.57,19.57,15.825,18.215,19.57,-1.36,-6.92
2140,29-Aug-22,18.215,21.205,18.215,19.8225,18.215,1.61,8.83
2141,30-Aug-22,19.8225,19.8225,17.2575,18.7,19.8225,-1.12,-5.66
2142,01-Sep-22,18.7,20.9875,18.105,19.8725,18.7,1.17,6.27
2143,02-Sep-22,19.8725,20.1425,17.4025,19.55,19.8725,-0.32,-1.62
2144,05-Sep-22,19.55,20.29,19.45,19.6625,19.55,0.11,0.58
2145,06-Sep-22,19.6625,20,18.645,19.525,19.6625,-0.14,-0.7
2146,07-Sep-22,19.525,20.175,18.2775,19.3675,19.525,-0.16,-0.81
2147,08-Sep-22,19.3675,19.3675,17.3025,18.305,19.3675,-1.06,-5.49
2148,09-Sep-22,18.305,18.51,16.545,17.7175,18.305,-0.59,-3.21
2149,12-Sep-22,17.7175,18.3825,16.3925,17.9375,17.7175,0.22,1.24
2150,13-Sep-22,17.9375,17.9375,16.8575,17.47,17.9375,-0.47,-2.61
2151,14-Sep-22,17.47,18.565,17.26,18.2775,17.47,0.81,4.62
2152,15-Sep-22,18.2775,19.215,16.78,18.3925,18.2775,0.12,0.63
2153,16-Sep-22,18.3925,20.2425,18.3,19.8225,18.3925,1.43,7.77
2154,19-Sep-22,19.8225,21.205,16.4725,19.94,19.8225,0.12,0.59
2155,20-Sep-22,19.94,19.94,18.1125,18.7975,19.94,-1.14,-5.73
2156,21-Sep-22,18.7975,20.29,18.305,19.325,18.7975,0.53,2.81
2157,22-Sep-22,19.325,20.1375,17.4075,18.815,19.325,-0.51,-2.64
2158,23-Sep-22,18.815,20.8125,17.345,20.5925,18.815,1.78,9.45
2159,26-Sep-22,20.5925,22.8975,18.805,21.8925,20.5925,1.3,6.31
2160,27-Sep-22,21.8925,22.2925,20.7875,21.5675,21.8925,-0.33,-1.48
2161,28-Sep-22,21.5675,22.3625,21.49,22.095,21.5675,0.53,2.45
2162,29-Sep-22,22.095,22.2875,21.065,21.3025,22.095,-0.79,-3.59
2163,30-Sep-22,21.3025,21.9875,19.6975,19.9675,21.3025,-1.34,-6.27
2164,03-Oct-22,19.9675,21.68,19.9675,21.365,19.9675,1.4,7
2165,04-Oct-22,21.365,21.365,19.4475,19.57,21.365,-1.8,-8.4
2166,06-Oct-22,19.57,20.02,18.585,19.315,19.57,-0.26,-1.3
2167,07-Oct-22,19.315,19.725,18.6875,18.8125,19.315,-0.5,-2.6
2168,10-Oct-22,18.8125,20.34,18.8125,19.6225,18.8125,0.81,4.31
2169,11-Oct-22,19.6225,20.8175,19.09,20.49,19.6225,0.87,4.42
2170,12-Oct-22,20.49,20.885,19.885,20.175,20.49,-0.32,-1.54
2171,13-Oct-22,20.175,20.9425,18.4025,20.29,20.175,0.12,0.57
2172,14-Oct-22,20.29,20.63,18.075,18.2575,20.29,-2.03,-10.02
2173,17-Oct-22,18.2575,19.0775,18.2575,18.4175,18.2575,0.16,0.88
2174,18-Oct-22,18.4175,18.4175,16.575,17.4525,18.4175,-0.97,-5.24
2175,19-Oct-22,17.4525,17.555,16.2275,17.4875,17.4525,0.04,0.2
2176,20-Oct-22,17.4875,17.7625,15.5675,17.2325,17.4875,-0.26,-1.46
2177,21-Oct-22,17.2325,17.4275,16.585,17.28,17.2325,0.05,0.28
2178,24-Oct-22,17.28,17.6725,17.07,17.4225,17.28,0.14,0.82
2179,25-Oct-22,17.4225,17.6175,16.49,16.88,17.4225,-0.54,-3.11
2180,27-Oct-22,16.88,17.07,14.79,16.5975,16.88,-0.28,-1.67
2181,28-Oct-22,16.5975,17.0375,15.8475,15.9225,16.5975,-0.68,-4.07
2182,31-Oct-22,15.9225,16.63,15.07,15.8025,15.9225,-0.12,-0.75
2183,01-Nov-22,15.8025,16.2025,15.1075,16.13,15.8025,0.33,2.07
2184,02-Nov-22,16.13,16.855,14.68,16.6625,16.13,0.53,3.3
2185,03-Nov-22,16.6625,16.7325,14.985,15.9425,16.6625,-0.72,-4.32
2186,04-Nov-22,15.9425,16.2075,15.4825,15.655,15.9425,-0.29,-1.8
2187,07-Nov-22,15.655,16.355,15.2775,15.585,15.655,-0.07,-0.45
2188,09-Nov-22,15.585,16.0675,15.0175,15.915,15.585,0.33,2.12
2189,10-Nov-22,15.915,16.2925,15.4925,15.5675,15.915,-0.35,-2.18
2190,11-Nov-22,15.5675,15.5675,14.2775,14.405,15.5675,-1.16,-7.47
2191,14-Nov-22,14.405,15.27,12.555,14.91,14.405,0.51,3.51
2192,15-Nov-22,14.91,15.015,13.8275,14.635,14.91,-0.28,-1.84
2193,16-Nov-22,14.635,15.5325,13.9275,15.1,14.635,0.47,3.18
2194,17-Nov-22,15.1,16.2625,13.09,14.8775,15.1,-0.22,-1.47
2195,18-Nov-22,14.8775,15.6925,13.86,14.39,14.8775,-0.49,-3.28
2196,21-Nov-22,14.39,15.5475,13.3625,14.7975,14.39,0.41,2.83
2197,22-Nov-22,14.7975,16.2725,13.32,13.8425,14.7975,-0.96,-6.45
2198,23-Nov-22,13.8425,14.3275,11.875,14.0425,13.8425,0.2,1.44
2199,24-Nov-22,14.0425,14.0425,12.9975,13.4775,14.0425,-0.57,-4.02
2200,25-Nov-22,13.4775,15.7725,12.7725,13.3325,13.4775,-0.15,-1.08
2201,28-Nov-22,13.3325,14.0575,12.41,13.565,13.3325,0.23,1.74
2202,29-Nov-22,13.565,14.62,12.4075,13.615,13.565,0.05,0.37
2203,30-Nov-22,13.615,14.05,12.7525,13.8075,13.615,0.19,1.41
2204,01-Dec-22,13.8075,14.23,12.985,13.36,13.8075,-0.45,-3.24
2205,02-Dec-22,13.36,14.0925,12.96,13.45,13.36,0.09,0.67
2206,05-Dec-22,13.45,14.4175,13.45,13.7325,13.45,0.28,2.1
2207,06-Dec-22,13.7325,14.2525,12.18,14.0425,13.7325,0.31,2.26
2208,07-Dec-22,14.0425,14.4625,13.795,14.0775,14.0425,0.04,0.25
2209,08-Dec-22,14.0775,14.89,13.26,13.3975,14.0775,-0.68,-4.83
2210,09-Dec-22,13.3975,13.9625,11.9125,13.4775,13.3975,0.08,0.6
2211,12-Dec-22,13.4775,14.15,12.5275,13.3175,13.4775,-0.16,-1.19
2212,13-Dec-22,13.3175,13.5775,11.4325,12.8825,13.3175,-0.44,-3.27
2213,14-Dec-22,12.8825,13.0825,11.5275,12.885,12.8825,0,0.02
2214,15-Dec-22,12.885,13.8825,12.5875,13.7325,12.885,0.85,6.58
2215,16-Dec-22,13.7325,14.22,12.4925,14.07,13.7325,0.34,2.46
2216,19-Dec-22,14.07,14.4875,13.5,13.5525,14.07,-0.52,-3.68
2217,20-Dec-22,13.5525,14.9225,13.04,13.78,13.5525,0.23,1.68
2218,21-Dec-22,13.78,16.01,12.4625,15.5625,13.78,1.78,12.94
2219,22-Dec-22,15.5625,16.3,14.44,15.1875,15.5625,-0.38,-2.41
2220,23-Dec-22,15.1875,16.48,14.4825,16.16,15.1875,0.97,6.4
2221,26-Dec-22,16.16,17.23,14.3075,15.9325,16.16,-0.23,-1.41
2222,27-Dec-22,15.9325,16.1325,14.925,15.29,15.9325,-0.64,-4.03
2223,28-Dec-22,15.29,15.6475,15.2725,15.395,15.29,0.11,0.69
2224,29-Dec-22,15.395,15.77,14.71,14.8125,15.395,-0.58,-3.78
2225,30-Dec-22,14.8125,15.115,14.2825,14.8675,14.8125,0.06,0.37
2226,02-Jan-23,14.8675,15.4525,14.5675,14.685,14.8675,-0.18,-1.23
2227,03-Jan-23,14.685,14.99,14.305,14.385,14.685,-0.3,-2.04
2228,04-Jan-23,14.385,15.6825,14.33,15.1975,14.385,0.81,5.65
2229,05-Jan-23,15.1975,15.6,14.8125,14.9825,15.1975,-0.22,-1.41
2230,06-Jan-23,14.9825,15.4375,14.6225,15.025,14.9825,0.04,0.28
2231,09-Jan-23,15.025,15.3775,14.53,14.6525,15.025,-0.37,-2.48
2232,10-Jan-23,14.6525,15.935,14.5625,15.51,14.6525,0.86,5.85
2233,11-Jan-23,15.51,16.225,15.115,15.435,15.51,-0.08,-0.48
2234,12-Jan-23,15.435,16.0425,14.4175,15.275,15.435,-0.16,-1.04
2235,13-Jan-23,15.275,15.6025,14.395,14.46,15.275,-0.82,-5.34
2236,16-Jan-23,14.46,15.3625,14.46,15.0225,14.46,0.56,3.89
2237,17-Jan-23,15.0225,15.31,13.84,14.59,15.0225,-0.43,-2.88
2238,18-Jan-23,14.59,14.75,12.4725,14.3725,14.59,-0.22,-1.49
2239,19-Jan-23,14.3725,14.8325,13.8925,13.96,14.3725,-0.41,-2.87
2240,20-Jan-23,13.96,14.185,11.6425,13.7875,13.96,-0.17,-1.24
2241,23-Jan-23,13.7875,14.26,13.48,13.6175,13.7875,-0.17,-1.23
2242,24-Jan-23,13.6175,13.81,13.3,13.6575,13.6175,0.04,0.29
2243,25-Jan-23,13.6575,15.4225,13.5175,14.655,13.6575,1,7.3
2244,27-Jan-23,14.655,18.0125,14.5825,17.32,14.655,2.67,18.18
2245,30-Jan-23,17.32,19.39,17.29,17.71,17.32,0.39,2.25
2246,31-Jan-23,17.71,18.3675,16.565,16.875,17.71,-0.84,-4.71
2247,01-Feb-23,16.875,18.54,14.8475,16.78,16.875,-0.1,-0.56
2248,02-Feb-23,16.78,17.7675,15.5075,15.7325,16.78,-1.05,-6.24
2249,03-Feb-23,15.7325,15.7575,14.27,14.3975,15.7325,-1.34,-8.49
2250,06-Feb-23,14.3975,15.205,14.185,14.6875,14.3975,0.29,2.01
2251,07-Feb-23,14.6875,14.875,13.665,14.125,14.6875,-0.56,-3.83
2252,08-Feb-23,14.125,14.2475,13.535,13.595,14.125,-0.53,-3.75
2253,09-Feb-23,13.595,13.815,12.0625,13.04,13.595,-0.56,-4.08
2254,10-Feb-23,13.04,13.2775,12.2075,12.745,13.04,-0.3,-2.26
2255,13-Feb-23,12.745,14.095,11.83,13.68,12.745,0.94,7.34
2256,14-Feb-23,13.68,13.68,12.4525,13.4525,13.68,-0.23,-1.66
2257,15-Feb-23,13.4525,13.4525,11.28,12.86,13.4525,-0.59,-4.4
2258,16-Feb-23,12.86,13.1625,10.1725,12.89,12.86,0.03,0.23
2259,17-Feb-23,12.89,13.52,10.8025,13.085,12.89,0.2,1.51
2260,20-Feb-23,13.085,13.7075,10.9225,13.3825,13.085,0.3,2.27
2261,21-Feb-23,13.3825,14.295,13.3825,14.0075,13.3825,0.63,4.67
2262,22-Feb-23,14.0075,15.915,12.3775,15.5875,14.0075,1.58,11.28
2263,23-Feb-23,15.5875,16.01,14.5175,15.075,15.5875,-0.51,-3.29
2264,24-Feb-23,15.075,15.1425,14.0075,14.185,15.075,-0.89,-5.9
2265,27-Feb-23,14.185,15.0975,13.75,13.875,14.185,-0.31,-2.19
2266,28-Feb-23,13.875,14.5675,13.5,14.02,13.875,0.15,1.05
2267,01-Mar-23,14.02,14.02,12.275,12.995,14.02,-1.03,-7.31
2268,02-Mar-23,12.995,13.55,11.1,12.97,12.995,-0.03,-0.19
2269,03-Mar-23,12.97,12.97,11.98,12.18,12.97,-0.79,-6.09
2270,06-Mar-23,12.18,12.4725,11.8375,12.2675,12.18,0.09,0.72
2271,08-Mar-23,12.2675,12.8475,11.8975,12.45,12.2675,0.18,1.49
2272,09-Mar-23,12.45,12.8425,11.78,12.725,12.45,0.28,2.21
2273,10-Mar-23,12.725,13.8175,12.725,13.4125,12.725,0.69,5.4
2274,13-Mar-23,13.4125,16.4275,13.4125,16.215,13.4125,2.8,20.89
2275,14-Mar-23,16.215,16.6425,15.0025,16.2175,16.215,0,0.02
2276,15-Mar-23,16.2175,16.505,14.5175,16.295,16.2175,0.08,0.48
2277,16-Mar-23,16.295,17.355,13.95,16.2175,16.295,-0.08,-0.48
2278,17-Mar-23,16.2175,16.2175,14.6,14.7675,16.2175,-1.45,-8.94
2279,20-Mar-23,14.7675,17.22,14.52,16.0075,14.7675,1.24,8.4
2280,21-Mar-23,16.0075,16.035,14.0825,15.0825,16.0075,-0.93,-5.78
2281,22-Mar-23,15.0825,15.0925,14.2425,14.8075,15.0825,-0.28,-1.82
2282,23-Mar-23,14.8075,15.0575,13.9025,14.49,14.8075,-0.32,-2.14
2283,24-Mar-23,14.49,15.43,14.2025,15.24,14.49,0.75,5.18
2284,27-Mar-23,15.24,16.0925,15.0975,15.445,15.24,0.21,1.35
2285,28-Mar-23,15.445,15.6075,14.865,15.1,15.445,-0.35,-2.23
2286,29-Mar-23,15.1,15.1,13.32,13.6275,15.1,-1.47,-9.75
2287,31-Mar-23,13.6275,13.6275,12.0725,12.935,13.6275,-0.69,-5.08
2288,03-Apr-23,12.935,13.49,12.465,12.585,12.935,-0.35,-2.71
2289,05-Apr-23,12.585,12.805,12.0525,12.4125,12.585,-0.17,-1.37
2290,06-Apr-23,12.4125,12.57,11.65,11.7975,12.4125,-0.62,-4.95
2291,10-Apr-23,11.7975,12.5625,11.7975,12.2725,11.7975,0.48,4.03
2292,11-Apr-23,12.2725,12.2725,11.665,11.975,12.2725,-0.3,-2.42
2293,12-Apr-23,11.975,12.395,11.975,12.2725,11.975,0.3,2.48
2294,13-Apr-23,12.2725,12.51,11.84,11.9075,12.2725,-0.37,-2.97
2295,17-Apr-23,11.9075,13.2725,11.9075,12.265,11.9075,0.36,3
2296,18-Apr-23,12.265,12.525,11.8625,12.075,12.265,-0.19,-1.55
2297,19-Apr-23,12.075,12.47,11.1075,12.1525,12.075,0.08,0.64
2298,20-Apr-23,12.1525,12.3975,11.58,11.94,12.1525,-0.21,-1.75
2299,21-Apr-23,11.94,12.04,11.52,11.63,11.94,-0.31,-2.6
2300,24-Apr-23,11.63,12.205,11.58,11.6675,11.63,0.04,0.32
2301,25-Apr-23,11.6675,11.8125,11.425,11.52,11.6675,-0.15,-1.26
2302,26-Apr-23,11.52,11.8975,11.2975,11.6525,11.52,0.13,1.15
2303,27-Apr-23,11.6525,12.02,10.96,11.425,11.6525,-0.23,-1.95
2304,28-Apr-23,11.425,11.5425,10.7875,10.9475,11.425,-0.48,-4.18
2305,02-May-23,10.9475,12.0625,10.9475,11.8975,10.9475,0.95,8.68
2306,03-May-23,11.8975,12.25,11.13,11.84,11.8975,-0.06,-0.48
2307,04-May-23,11.84,12.03,11.185,11.7325,11.84,-0.11,-0.91
2308,05-May-23,11.7325,12.375,11.53,12.295,11.7325,0.56,4.79
2309,08-May-23,12.295,12.91,11.7225,12.635,12.295,0.34,2.77
2310,09-May-23,12.635,12.815,11.6575,12.6775,12.635,0.04,0.34
2311,10-May-23,12.6775,13.2975,11.5425,13.0825,12.6775,0.41,3.19
2312,11-May-23,13.0825,13.74,12.815,13.215,13.0825,0.13,1.01
2313,12-May-23,13.215,13.51,12.7375,12.8525,13.215,-0.36,-2.74
2314,15-May-23,12.8525,13.615,12.5375,13.1725,12.8525,0.32,2.49
2315,16-May-23,13.1725,13.485,11.71,13.2925,13.1725,0.12,0.91
2316,17-May-23,13.2925,13.58,11.895,13.105,13.2925,-0.19,-1.41
2317,18-May-23,13.105,13.105,11.1375,12.795,13.105,-0.31,-2.37
2318,19-May-23,12.795,12.82,11.6875,12.3025,12.795,-0.49,-3.85
2319,22-May-23,12.3025,12.82,11.555,12.57,12.3025,0.27,2.17
2320,23-May-23,12.57,13.075,12.3175,12.605,12.57,0.04,0.28
2321,24-May-23,12.605,13.4375,12.41,13.1125,12.605,0.51,4.03
2322,25-May-23,13.1125,13.1325,8.1825,12.52,13.1125,-0.59,-4.52
2323,26-May-23,12.52,12.8575,11.7,11.9,12.52,-0.62,-4.95
2324,29-May-23,11.9,12.4925,8.8075,12.2975,11.9,0.4,3.34
2325,30-May-23,12.2975,12.38,11.7675,12.01,12.2975,-0.29,-2.34
2326,31-May-23,12.01,12.4675,11.58,11.9725,12.01,-0.04,-0.31
2327,01-Jun-23,11.9725,11.9725,11.22,11.5975,11.9725,-0.38,-3.13
2328,02-Jun-23,11.5975,11.735,10.86,11.125,11.5975,-0.47,-4.07
2329,05-Jun-23,11.125,11.335,10.3225,11.1375,11.125,0.01,0.11
2330,06-Jun-23,11.1375,11.6175,10.465,11.38,11.1375,0.24,2.18
2331,07-Jun-23,11.38,11.5375,9.6375,11.4425,11.38,0.06,0.55
2332,08-Jun-23,11.4425,11.5675,10.13,11.2575,11.4425,-0.19,-1.62
2333,09-Jun-23,11.2575,11.2975,10.3075,11.12,11.2575,-0.14,-1.22
2334,12-Jun-23,11.12,11.8025,10.5825,11.245,11.12,0.13,1.12
2335,13-Jun-23,11.245,11.25,9.99,11.11,11.245,-0.14,-1.2
2336,14-Jun-23,11.11,11.3675,10.6325,11.1625,11.11,0.05,0.47
2337,15-Jun-23,11.1625,11.37,9.6925,11.08,11.1625,-0.08,-0.74
2338,16-Jun-23,11.08,11.08,10.5575,10.84,11.08,-0.24,-2.17
2339,19-Jun-23,10.84,11.4975,10.33,11.225,10.84,0.39,3.55
2340,20-Jun-23,11.225,11.4375,10.5675,11.1325,11.225,-0.09,-0.82
2341,21-Jun-23,11.1325,11.4325,10.77,11.2925,11.1325,0.16,1.44
2342,22-Jun-23,11.2925,11.7125,10.6925,11.5475,11.2925,0.26,2.26
2343,23-Jun-23,11.5475,11.8375,11.1425,11.235,11.5475,-0.31,-2.71
2344,26-Jun-23,11.235,11.925,11.235,11.395,11.235,0.16,1.42
2345,27-Jun-23,11.395,11.4225,10.6925,10.7775,11.395,-0.62,-5.42
2346,28-Jun-23,10.7775,11.535,10.6525,10.8875,10.7775,0.11,1.02
2347,30-Jun-23,10.8875,11.215,10.07,10.8,10.8875,-0.09,-0.8
2348,03-Jul-23,10.8,12.03,10.8,11.54,10.8,0.74,6.85
2349,04-Jul-23,11.54,11.99,11.5225,11.7,11.54,0.16,1.39
2350,05-Jul-23,11.7,12.21,11.5675,11.8825,11.7,0.18,1.56
2351,06-Jul-23,11.8825,12.205,11.7775,11.84,11.8825,-0.04,-0.36
2352,07-Jul-23,11.84,12.0725,11.08,11.5325,11.84,-0.31,-2.6
2353,10-Jul-23,11.5325,12.01,11.36,11.4625,11.5325,-0.07,-0.61
2354,11-Jul-23,11.4625,11.4625,10.945,11.0125,11.4625,-0.45,-3.93
2355,12-Jul-23,11.0125,11.2,10.72,10.935,11.0125,-0.08,-0.7
2356,13-Jul-23,10.935,11.1725,10.695,10.9375,10.935,0,0.02
2357,14-Jul-23,10.9375,10.9375,10.6125,10.6825,10.9375,-0.26,-2.33
2358,17-Jul-23,10.6825,11.3975,9.8575,11.315,10.6825,0.63,5.92
2359,18-Jul-23,11.315,12.02,11.0675,11.71,11.315,0.4,3.49
2360,19-Jul-23,11.71,11.9375,11.54,11.6,11.71,-0.11,-0.94
2361,20-Jul-23,11.6,12.255,11.37,11.785,11.6,0.19,1.59
2362,21-Jul-23,11.785,12.0325,11.06,11.485,11.785,-0.3,-2.55
2363,24-Jul-23,11.485,11.995,10.5375,11.6525,11.485,0.17,1.46
2364,25-Jul-23,11.6525,11.6525,10.1125,10.2425,11.6525,-1.41,-12.1
2365,26-Jul-23,10.2425,10.8625,10.2175,10.4575,10.2425,0.22,2.1
2366,27-Jul-23,10.4575,10.9825,9.8875,10.5125,10.4575,0.06,0.53
2367,28-Jul-23,10.5125,10.81,10.035,10.135,10.5125,-0.38,-3.59
2368,31-Jul-23,10.135,11.1875,10.135,10.4125,10.135,0.28,2.74
2369,01-Aug-23,10.4125,10.7025,10.195,10.2825,10.4125,-0.13,-1.25
2370,02-Aug-23,10.2825,11.805,9.95,11.2775,10.2825,1,9.68
2371,03-Aug-23,11.2775,11.96,10.9825,11.185,11.2775,-0.09,-0.82
2372,04-Aug-23,11.185,11.185,10.4825,10.5725,11.185,-0.61,-5.48
2373,07-Aug-23,10.5725,11.4175,10.4025,11.1025,10.5725,0.53,5.01
2374,08-Aug-23,11.1025,11.53,11.1025,11.325,11.1025,0.22,2
2375,09-Aug-23,11.325,11.765,10.485,11.14,11.325,-0.19,-1.63
2376,10-Aug-23,11.14,11.91,10.6275,11.4,11.14,0.26,2.33
2377,11-Aug-23,11.4,11.865,11.355,11.5225,11.4,0.12,1.07
2378,14-Aug-23,11.5225,12.755,10.4775,11.995,11.5225,0.47,4.1
2379,16-Aug-23,11.995,12.6825,11.995,12.125,11.995,0.13,1.08
2380,17-Aug-23,12.125,12.665,12.1125,12.24,12.125,0.12,0.95
2381,18-Aug-23,12.24,12.4925,10.7875,12.1425,12.24,-0.1,-0.8
2382,21-Aug-23,12.1425,12.59,11.1725,11.96,12.1425,-0.18,-1.5
2383,22-Aug-23,11.96,12.085,11.59,11.7475,11.96,-0.21,-1.78
2384,23-Aug-23,11.7475,11.885,10.3075,11.7275,11.7475,-0.02,-0.17
2385,24-Aug-23,11.7275,12.235,10.1975,11.7,11.7275,-0.03,-0.23
2386,25-Aug-23,11.7,12.2425,9.98,12.0825,11.7,0.38,3.27
2387,28-Aug-23,12.0825,12.72,9.5,12.3975,12.0825,0.32,2.61
2388,29-Aug-23,12.3975,12.4625,10.6475,12.225,12.3975,-0.17,-1.39
2389,30-Aug-23,12.225,12.2425,11.4625,11.8,12.225,-0.43,-3.48
2390,31-Aug-23,11.8,12.28,11.76,12.0625,11.8,0.26,2.22
2391,01-Sep-23,12.0625,12.18,10.4075,11.365,12.0625,-0.7,-5.78
2392,04-Sep-23,11.365,11.5425,10.86,10.9625,11.365,-0.4,-3.54
2393,05-Sep-23,10.9625,11.085,9.365,10.815,10.9625,-0.15,-1.35
2394,06-Sep-23,10.815,10.975,9.805,10.6775,10.815,-0.14,-1.27
2395,07-Sep-23,10.6775,11.025,9.8,10.8725,10.6775,0.2,1.83
2396,08-Sep-23,10.8725,10.97,10.0775,10.78,10.8725,-0.09,-0.85
2397,11-Sep-23,10.78,11.5,10.3375,11.3475,10.78,0.57,5.26
2398,12-Sep-23,11.3475,12.0225,10.7125,11.69,11.3475,0.34,3.02
2399,13-Sep-23,11.69,12.0475,11.535,11.8275,11.69,0.14,1.18
2400,14-Sep-23,11.8275,12.0425,11.21,11.3175,11.8275,-0.51,-4.31
2401,15-Sep-23,11.3175,11.32,10.0725,10.9025,11.3175,-0.42,-3.67
2402,18-Sep-23,10.9025,11.4075,10.45,10.835,10.9025,-0.07,-0.62
2403,20-Sep-23,10.835,11.47,10.835,11.1275,10.835,0.29,2.7
2404,21-Sep-23,11.1275,11.39,10.62,10.8175,11.1275,-0.31,-2.79
2405,22-Sep-23,10.8175,11.0725,10.3925,10.66,10.8175,-0.16,-1.46
2406,25-Sep-23,10.66,11.305,10.2725,10.9,10.66,0.24,2.25
2407,26-Sep-23,10.9,11.29,9.2475,11.185,10.9,0.29,2.61
2408,27-Sep-23,11.185,11.8225,9.39,11.585,11.185,0.4,3.58
2409,28-Sep-23,11.585,13.0225,9.3975,12.8225,11.585,1.24,10.68
2410,29-Sep-23,12.8225,12.8225,11.3075,11.4525,12.8225,-1.37,-10.68
2411,03-Oct-23,11.4525,12.4075,10.775,11.7875,11.4525,0.34,2.93
2412,04-Oct-23,11.7875,12.22,11.115,11.655,11.7875,-0.13,-1.12
2413,05-Oct-23,11.655,11.655,10.8425,10.94,11.655,-0.72,-6.13
2414,06-Oct-23,10.94,10.94,9.73,10.3,10.94,-0.64,-5.85
2415,09-Oct-23,10.3,11.6325,10.12,11.4,10.3,1.1,10.68
2416,10-Oct-23,11.4,11.4,10.855,11.27,11.4,-0.13,-1.14
2417,11-Oct-23,11.27,11.3225,10.39,10.985,11.27,-0.29,-2.53
2418,12-Oct-23,10.985,11.1175,10.565,10.6175,10.985,-0.37,-3.35
2419,13-Oct-23,10.6175,11.025,10.4025,10.6175,10.6175,0,0
2420,16-Oct-23,10.6175,11.1525,9.1525,11.07,10.6175,0.45,4.26
2421,17-Oct-23,11.07,11.07,10.4275,10.695,11.07,-0.38,-3.39
2422,18-Oct-23,10.695,11.17,10.485,10.965,10.695,0.27,2.52
2423,19-Oct-23,10.965,11.2125,10.0475,10.8975,10.965,-0.07,-0.62
2424,20-Oct-23,10.8975,11.09,10.075,10.8175,10.8975,-0.08,-0.73
2425,23-Oct-23,10.8175,11.3575,8.825,10.905,10.8175,0.09,0.81
2426,25-Oct-23,10.905,12.1775,9.965,11.3125,10.905,0.41,3.74
2427,26-Oct-23,11.3125,12.7,11.3125,11.73,11.3125,0.42,3.69
2428,27-Oct-23,11.73,12.305,10.6725,10.905,11.73,-0.83,-7.03
2429,30-Oct-23,10.905,12.1925,10.905,11.49,10.905,0.59,5.36
2430,31-Oct-23,11.49,12.285,11.2625,11.825,11.49,0.34,2.92
2431,01-Nov-23,11.825,12.195,11.825,12.0475,11.825,0.22,1.88
2432,02-Nov-23,12.0475,12.0475,10.9475,11.075,12.0475,-0.97,-8.07
2433,03-Nov-23,11.075,11.075,10.635,10.8825,11.075,-0.19,-1.74
2434,06-Nov-23,10.8825,11.28,10.38,11.105,10.8825,0.22,2.04
2435,07-Nov-23,11.105,12.1775,11,11.1925,11.105,0.09,0.79
2436,08-Nov-23,11.1925,11.3325,10.63,11.0375,11.1925,-0.16,-1.38
2437,09-Nov-23,11.0375,11.2525,10.37,10.9825,11.0375,-0.06,-0.5
2438,10-Nov-23,10.9825,11.3575,9.86,11.1075,10.9825,0.13,1.14
2439,12-Nov-23,11.1075,11.54,9.7525,11.3475,11.1075,0.24,2.16
2440,13-Nov-23,11.3475,11.6325,10.5025,11.1875,11.3475,-0.16,-1.41
2441,15-Nov-23,11.1875,11.4175,8.395,11.135,11.1875,-0.05,-0.47
2442,16-Nov-23,11.135,11.8075,10.6175,11.6475,11.135,0.51,4.6
2443,17-Nov-23,11.6475,12.09,10.19,11.8275,11.6475,0.18,1.55
2444,20-Nov-23,11.8275,12.67,11.2,12.1475,11.8275,0.32,2.71
2445,21-Nov-23,12.1475,12.435,10.755,12.2325,12.1475,0.09,0.7
2446,22-Nov-23,12.2325,12.7075,11.0225,11.865,12.2325,-0.37,-3
2447,23-Nov-23,11.865,12.14,10.975,11.315,11.865,-0.55,-4.64
2448,24-Nov-23,11.315,11.465,8.6775,11.33,11.315,0.02,0.13
2449,28-Nov-23,11.33,12.4925,11.065,12.175,11.33,0.85,7.46
2450,29-Nov-23,12.175,14.46,11.3325,12.7075,12.175,0.53,4.37
2451,30-Nov-23,12.7075,13.3525,11.7625,12.69,12.7075,-0.02,-0.14
2452,01-Dec-23,12.69,12.755,11.7775,12.3825,12.69,-0.31,-2.42
2453,04-Dec-23,12.3825,13.16,11.34,12.9925,12.3825,0.61,4.93
2454,05-Dec-23,12.9925,13.8825,11.475,13.4575,12.9925,0.47,3.58
2455,06-Dec-23,13.4575,14.0875,12.6875,13.74,13.4575,0.28,2.1
2456,07-Dec-23,13.74,13.74,12.545,12.6725,13.74,-1.07,-7.77
2457,08-Dec-23,12.6725,12.875,12.135,12.47,12.6725,-0.2,-1.6
2458,11-Dec-23,12.47,13.1225,12.2275,12.7575,12.47,0.29,2.31
2459,12-Dec-23,12.7575,12.8675,11.6925,12.7125,12.7575,-0.05,-0.35
2460,13-Dec-23,12.7125,12.8175,11.54,12.065,12.7125,-0.65,-5.09
2461,14-Dec-23,12.065,12.5125,11,12.32,12.065,0.26,2.11
2462,15-Dec-23,12.32,13.3425,10.8,13.1275,12.32,0.81,6.55
2463,18-Dec-23,13.1275,14.1175,13.125,13.9,13.1275,0.77,5.88
2464,19-Dec-23,13.9,14.12,13.5525,13.8675,13.9,-0.03,-0.23
2465,20-Dec-23,13.8675,14.87,12.7775,14.45,13.8675,0.58,4.2
2466,21-Dec-23,14.45,15.01,12.2825,13.7575,14.45,-0.69,-4.79
2467,22-Dec-23,13.7575,13.9875,12.225,13.7075,13.7575,-0.05,-0.36
2468,26-Dec-23,13.7075,14.95,13.7075,14.6775,13.7075,0.97,7.08
2469,27-Dec-23,14.6775,15.7325,14.47,15.5575,14.6775,0.88,6
2470,28-Dec-23,15.5575,16.47,14.9625,15.14,15.5575,-0.42,-2.68
2471,29-Dec-23,15.14,15.4275,14.3725,14.5025,15.14,-0.64,-4.21
2472,01-Jan-24,14.5025,14.8675,14.3275,14.68,14.5025,0.18,1.22
2473,02-Jan-24,14.68,15.08,14.2425,14.58,14.68,-0.1,-0.68
2474,03-Jan-24,14.58,14.78,14.0225,14.0975,14.58,-0.48,-3.31
2475,04-Jan-24,14.0975,14.2075,13.2125,13.33,14.0975,-0.77,-5.44
2476,05-Jan-24,13.33,13.4675,12.4875,12.63,13.33,-0.7,-5.25
2477,08-Jan-24,12.63,13.595,12.63,13.4625,12.63,0.83,6.59
2478,09-Jan-24,13.4625,13.505,12.775,13.2625,13.4625,-0.2,-1.49
2479,10-Jan-24,13.2625,14.5575,12.81,12.97,13.2625,-0.29,-2.21
2480,11-Jan-24,12.97,13.19,12.63,12.7675,12.97,-0.2,-1.56
2481,12-Jan-24,12.7675,13.285,12.42,13.1,12.7675,0.33,2.6
2482,15-Jan-24,13.1,13.885,11.7875,13.785,13.1,0.69,5.23
2483,16-Jan-24,13.785,14.0425,12.485,13.5725,13.785,-0.21,-1.54
2484,17-Jan-24,13.5725,15.23,12.715,15.08,13.5725,1.51,11.11
2485,18-Jan-24,15.08,15.705,12.98,14.07,15.08,-1.01,-6.7
2486,19-Jan-24,14.07,14.1125,13.6775,13.8775,14.07,-0.19,-1.37
2487,20-Jan-24,13.8775,14.2475,13.0975,13.8025,13.8775,-0.08,-0.54
2488,23-Jan-24,13.8025,15.405,12.195,14.8525,13.8025,1.05,7.61
2489,24-Jan-24,14.8525,15.6475,14.03,14.375,14.8525,-0.48,-3.21
2490,25-Jan-24,14.375,15.3375,13.36,13.865,14.375,-0.51,-3.55
2491,29-Jan-24,13.865,15.8475,13.795,15.68,13.865,1.82,13.09
2492,30-Jan-24,15.68,16.575,14.9875,16.1025,15.68,0.42,2.69
2493,31-Jan-24,16.1025,16.5325,15.8,16.0475,16.1025,-0.06,-0.34
2494,01-Feb-24,16.0475,16.1075,14.36,14.455,16.0475,-1.59,-9.92
2495,02-Feb-24,14.455,15.1325,14.025,14.6975,14.455,0.24,1.68
2496,05-Feb-24,14.6975,16.05,14.6975,15.6175,14.6975,0.92,6.26
2497,06-Feb-24,15.6175,15.9825,15.0875,15.785,15.6175,0.17,1.07
2498,07-Feb-24,15.785,16.0175,14.74,15.505,15.785,-0.28,-1.77
2499,08-Feb-24,15.505,16.0275,15.2425,15.8275,15.505,0.32,2.08
2500,09-Feb-24,15.8275,16.3325,15.265,15.4475,15.8275,-0.38,-2.4
2501,12-Feb-24,15.4475,16.535,15.4475,16.0625,15.4475,0.62,3.98
2502,13-Feb-24,16.0625,16.57,15.7525,15.8075,16.0625,-0.26,-1.59
2503,14-Feb-24,15.8075,16.1975,15.34,15.435,15.8075,-0.37,-2.36
2504,15-Feb-24,15.435,15.6625,15.1125,15.225,15.435,-0.21,-1.36
2505,16-Feb-24,15.225,15.5525,14.9025,15.2225,15.225,0,-0.02
2506,19-Feb-24,15.2225,16.1175,13.7,16.0175,15.2225,0.8,5.22
2507,20-Feb-24,16.0175,16.36,14.2125,16.0725,16.0175,0.06,0.34
2508,21-Feb-24,16.0725,16.31,15.68,15.9275,16.0725,-0.15,-0.9
2509,22-Feb-24,15.9275,16.15,15.1325,15.1975,15.9275,-0.73,-4.58
2510,23-Feb-24,15.1975,15.4425,14.84,14.9725,15.1975,-0.23,-1.48
2511,26-Feb-24,14.9725,15.96,13.7575,15.6,14.9725,0.63,4.19
2512,27-Feb-24,15.6,15.9975,15.53,15.7275,15.6,0.13,0.82
2513,28-Feb-24,15.7275,16.74,15.31,16.33,15.7275,0.6,3.83
2514,29-Feb-24,16.33,16.5525,15.37,15.5725,16.33,-0.76,-4.64
2515,01-Mar-24,15.5725,15.6425,15,15.235,15.5725,-0.34,-2.17
2516,04-Mar-24,14.9925,15.3025,14.8225,14.9225,14.9925,-0.07,-0.47
2517,05-Mar-24,14.9225,15.165,14.1775,14.38,14.9225,-0.54,-3.64
2518,06-Mar-24,14.38,14.71,13.905,14.295,14.38,-0.09,-0.59
2519,07-Mar-24,14.295,14.4325,13.56,13.6125,14.295,-0.68,-4.77
2520,11-Mar-24,13.6125,14.5525,13.6125,13.995,13.6125,0.38,2.81
2521,12-Mar-24,13.995,14.195,13.5775,13.6375,13.995,-0.36,-2.55
2522,13-Mar-24,13.6375,15.005,13.5325,14.4325,13.6375,0.8,5.83
2523,14-Mar-24,14.4325,14.6825,13.5225,13.6225,14.4325,-0.81,-5.61
2524,15-Mar-24,13.6225,14.3325,13.59,13.69,13.6225,0.07,0.5
2525,18-Mar-24,13.69,14.615,13.69,13.895,13.69,0.21,1.5
2526,19-Mar-24,13.895,14.445,13.875,14.1125,13.895,0.22,1.57
2527,20-Mar-24,14.1125,14.2825,13.085,13.4725,14.1125,-0.64,-4.53
2528,21-Mar-24,13.4725,13.4725,12.3425,12.5125,13.4725,-0.96,-7.13
2529,22-Mar-24,12.5125,13.0475,11.81,12.22,12.5125,-0.29,-2.34
2530,26-Mar-24,12.22,13.1025,12.085,12.82,12.22,0.6,4.91
2531,27-Mar-24,12.82,13.01,12.5325,12.7025,12.82,-0.12,-0.92
2532,28-Mar-24,12.7025,13.18,12.26,12.8325,12.7025,0.13,1.02
2533,01-Apr-24,12.8325,13.3575,12.005,12.0825,12.8325,-0.75,-5.84
2534,02-Apr-24,12.0825,12.305,11.5975,11.6525,12.0825,-0.43,-3.56
2535,03-Apr-24,11.6525,11.8275,11.3125,11.3725,11.6525,-0.28,-2.4
2536,04-Apr-24,11.3725,11.8375,10.86,11.22,11.3725,-0.15,-1.34
2537,05-Apr-24,11.22,11.6825,11.035,11.3375,11.22,0.12,1.05
2538,08-Apr-24,11.3375,11.7425,11.1325,11.61,11.3375,0.27,2.4
2539,09-Apr-24,11.61,11.6125,10.6175,11.355,11.61,-0.26,-2.2
2540,10-Apr-24,11.355,11.355,10.985,11.1075,11.355,-0.25,-2.18
2541,12-Apr-24,11.1075,11.605,11.1075,11.5325,11.1075,0.43,3.83
2542,15-Apr-24,11.5325,12.7375,11.3075,12.4675,11.5325,0.94,8.11
2543,16-Apr-24,12.4675,12.925,12.34,12.615,12.4675,0.15,1.18
2544,18-Apr-24,12.615,13.3875,12.0275,13.04,12.615,0.43,3.37
2545,19-Apr-24,13.04,14.4125,11.915,13.4575,13.04,0.42,3.2
2546,22-Apr-24,13.4575,13.4575,12.6125,12.7,13.4575,-0.76,-5.63
2547,23-Apr-24,12.7,12.7,9.8575,10.195,12.7,-2.51,-19.72
2548,24-Apr-24,10.195,11.1325,9.945,10.275,10.195,0.08,0.78
2549,25-Apr-24,10.275,11.4575,10.26,10.73,10.275,0.46,4.43
2550,26-Apr-24,10.73,11.315,10.5875,10.925,10.73,0.2,1.82
2551,29-Apr-24,10.925,12.4875,10.925,12.235,10.925,1.31,11.99
2552,30-Apr-24,12.235,13.2125,12.235,12.87,12.235,0.64,5.19
2553,02-May-24,12.87,13.9475,12.87,13.445,12.87,0.58,4.47
2554,03-May-24,13.445,15.3125,13.445,14.6175,13.445,1.17,8.72
2555,06-May-24,14.6175,16.9625,14.6175,16.6,14.6175,1.98,13.56
2556,07-May-24,16.6,17.6425,16.6,17.0075,16.6,0.41,2.45
2557,08-May-24,17.0075,18.3175,16.4625,17.08,17.0075,0.07,0.43
2558,09-May-24,17.08,19.1725,17.08,18.2,17.08,1.12,6.56
2559,10-May-24,18.2,19.0075,17.995,18.4725,18.2,0.27,1.5
2560,13-May-24,18.4725,21.485,18.4725,20.6,18.4725,2.13,11.52
2561,14-May-24,20.6,21.875,20.1125,20.195,20.6,-0.41,-1.97
2562,15-May-24,20.195,20.6575,19.87,20.2725,20.195,0.08,0.38
2563,16-May-24,20.2725,21.1125,18.965,19.995,20.2725,-0.28,-1.37
2564,17-May-24,19.995,20.3675,18.98,19.7975,19.995,-0.2,-0.99
2565,18-May-24,19.7975,20.945,17.3375,20.525,19.7975,0.73,3.67
2566,21-May-24,20.525,22.3025,20.525,21.81,20.525,1.29,6.26
2567,22-May-24,21.81,22.2925,18.185,21.4675,21.81,-0.34,-1.57
2568,23-May-24,21.4675,24.215,18.84,21.38,21.4675,-0.09,-0.41
2569,24-May-24,21.38,21.8975,20.59,21.71,21.38,0.33,1.54
2570,27-May-24,21.71,26.195,18.435,23.1925,21.71,1.48,6.83
2571,28-May-24,23.1925,24.475,22.025,24.195,23.1925,1,4.32
2572,29-May-24,24.195,24.7725,23.545,24.175,24.195,-0.02,-0.08
2573,30-May-24,24.175,24.52,22.7525,24.175,24.175,0,0
2574,31-May-24,24.175,24.81,22.5975,24.6025,24.175,0.43,1.77
2575,03-Jun-24,24.6025,24.6025,19.115,20.9375,24.6025,-3.67,-14.9
2576,04-Jun-24,20.9375,31.71,18.8025,26.7475,20.9375,5.81,27.75
2577,05-Jun-24,26.7475,26.925,18.6575,18.885,26.7475,-7.86,-29.4
2578,06-Jun-24,18.885,18.885,16.5575,16.8,18.885,-2.09,-11.04
2579,07-Jun-24,16.8,17.145,16.3725,16.8825,16.8,0.08,0.49
2580,10-Jun-24,16.8825,17.25,16.17,16.3975,16.8825,-0.49,-2.87
2581,11-Jun-24,16.3975,16.3975,14.675,14.765,16.3975,-1.63,-9.96
2582,12-Jun-24,14.765,14.765,13.165,14.3875,14.765,-0.38,-2.56
2583,13-Jun-24,14.3875,14.3875,13.3125,13.4875,14.3875,-0.9,-6.26
2584,14-Jun-24,13.4875,13.4875,12.655,12.8225,13.4875,-0.67,-4.93
2585,18-Jun-24,12.8225,13.42,12.625,12.965,12.8225,0.14,1.11
2586,19-Jun-24,12.965,13.815,11.63,13.7125,12.965,0.75,5.77
2587,20-Jun-24,13.7125,14.06,13.1025,13.345,13.7125,-0.37,-2.68
2588,21-Jun-24,13.345,13.59,12.475,13.18,13.345,-0.17,-1.24
2589,24-Jun-24,13.18,14.2675,13.15,14.0575,13.18,0.88,6.66
2590,25-Jun-24,14.0575,14.455,13.8425,14.3125,14.0575,0.26,1.81
2591,26-Jun-24,14.3125,14.5475,13.985,14.045,14.3125,-0.27,-1.87
2592,27-Jun-24,14.045,14.61,13.915,14.1525,14.045,0.11,0.77
2593,28-Jun-24,14.1525,14.29,13.6875,13.8025,14.1525,-0.35,-2.47
2594,01-Jul-24,13.8025,14.2275,13.7925,13.83,13.8025,0.03,0.2
2595,02-Jul-24,13.83,14.0125,13.3225,13.64,13.83,-0.19,-1.37
2596,03-Jul-24,13.64,13.715,12.87,13.205,13.64,-0.44,-3.19
2597,04-Jul-24,13.205,13.205,12.2575,12.855,13.205,-0.35,-2.65
2598,05-Jul-24,12.855,12.99,12.08,12.695,12.855,-0.16,-1.24
2599,08-Jul-24,12.695,13.7575,12.695,13.6,12.695,0.91,7.13
2600,09-Jul-24,13.6,14.4025,12.79,14.28,13.6,0.68,5
2601,10-Jul-24,14.28,14.915,13.4075,14.4325,14.28,0.15,1.07
2602,11-Jul-24,14.4325,14.4325,12.68,13.995,14.4325,-0.44,-3.03
2603,12-Jul-24,13.995,14.0525,13.2225,13.725,13.995,-0.27,-1.93
2604,15-Jul-24,13.725,14.34,13.5675,14.1875,13.725,0.46,3.37
2605,16-Jul-24,14.1875,14.5875,13.8025,14.2225,14.1875,0.04,0.25
2606,18-Jul-24,14.2225,14.71,13.75,14.51,14.2225,0.29,2.02
2607,19-Jul-24,14.51,14.965,12.7375,14.825,14.51,0.32,2.17
2608,22-Jul-24,14.825,15.625,13.115,15.4375,14.825,0.61,4.13
2609,23-Jul-24,15.4375,16.065,12.5925,12.7475,15.4375,-2.69,-17.43
2610,24-Jul-24,12.7475,14.0375,11.6175,11.7625,12.7475,-0.99,-7.73
2611,25-Jul-24,11.7625,13.2175,11.275,12.6175,11.7625,0.86,7.27
2612,26-Jul-24,12.6175,13.135,11.9775,12.2475,12.6175,-0.37,-2.93
2613,29-Jul-24,12.2475,13.255,12.0275,12.945,12.2475,0.7,5.7
2614,30-Jul-24,12.945,13.26,11.715,12.88,12.945,-0.07,-0.5
2615,31-Jul-24,12.88,13.3875,11.6225,13.25,12.88,0.37,2.87
2616,01-Aug-24,13.25,13.305,11.9825,12.93,13.25,-0.32,-2.42
2617,02-Aug-24,12.93,14.51,11.6925,14.32,12.93,1.39,10.75
2618,05-Aug-24,14.32,23.1525,13.9075,20.3675,14.32,6.05,42.23
2619,06-Aug-24,20.3675,20.3675,14.8675,18.7425,20.3675,-1.63,-7.98
2620,07-Aug-24,18.7425,18.7425,13.7225,16.17,18.7425,-2.57,-13.73
2621,08-Aug-24,16.17,17.23,14.38,16.6025,16.17,0.43,2.67
2622,09-Aug-24,16.6025,16.6025,13.4325,15.335,16.6025,-1.27,-7.63
2623,12-Aug-24,15.335,16.5575,13.395,15.8675,15.335,0.53,3.47
2624,13-Aug-24,15.8675,16.375,14.2225,16.1675,15.8675,0.3,1.89
2625,14-Aug-24,16.1675,16.22,13.8225,15.435,16.1675,-0.73,-4.53
2626,16-Aug-24,15.435,15.435,12.95,14.4025,15.435,-1.03,-6.69
2627,19-Aug-24,14.4025,14.83,13.1975,14.315,14.4025,-0.09,-0.61
2628,20-Aug-24,14.315,14.315,11.425,13.82,14.315,-0.5,-3.46
2629,21-Aug-24,13.82,14.045,11.8225,13.3325,13.82,-0.49,-3.53
2630,22-Aug-24,13.3325,13.7825,10.9575,13,13.3325,-0.33,-2.49
2631,23-Aug-24,13,13.62,10.84,13.5525,13,0.55,4.25
2632,26-Aug-24,13.5525,13.9925,12.01,13.795,13.5525,0.24,1.79
2633,27-Aug-24,13.795,14.01,12.71,13.6325,13.795,-0.16,-1.18
2634,28-Aug-24,13.6325,14.085,12.035,13.95,13.6325,0.32,2.33
2635,29-Aug-24,13.95,14.135,12.4825,13.7875,13.95,-0.16,-1.16
2636,30-Aug-24,13.7875,13.905,12.54,13.3925,13.7875,-0.4,-2.86
2637,02-Sep-24,13.3925,14.25,12.6275,14.06,13.3925,0.67,4.98
2638,03-Sep-24,14.06,14.15,12.69,13.8425,14.06,-0.22,-1.55
2639,04-Sep-24,13.8425,14.555,12.805,14.3775,13.8425,0.54,3.86
2640,05-Sep-24,14.3775,14.3775,13.335,14.2075,14.3775,-0.17,-1.18
2641,06-Sep-24,14.2075,15.6725,12.3525,15.2175,14.2075,1.01,7.11
2642,09-Sep-24,15.2175,15.5625,14.11,14.2375,15.2175,-0.98,-6.44
2643,10-Sep-24,14.2375,14.2375,12.1675,13.36,14.2375,-0.88,-6.16
2644,11-Sep-24,13.36,13.765,11.325,13.6275,13.36,0.27,2
2645,12-Sep-24,13.6275,13.6275,11.14,13.1825,13.6275,-0.45,-3.27
2646,13-Sep-24,13.1825,13.1825,12.4675,12.55,13.1825,-0.63,-4.8
2647,16-Sep-24,12.55,12.955,12.31,12.46,12.55,-0.09,-0.72
2648,17-Sep-24,12.46,12.75,11.8825,12.59,12.46,0.13,1.04
2649,18-Sep-24,12.59,13.8475,12.26,13.3725,12.59,0.78,6.22
2650,19-Sep-24,13.3725,13.3725,12.1,12.47,13.3725,-0.9,-6.75
2651,20-Sep-24,12.47,13.11,10.9025,12.79,12.47,0.32,2.57
2652,23-Sep-24,12.79,14.03,12.4275,13.785,12.79,1,7.78
2653,24-Sep-24,13.785,14.105,12.7425,13.3925,13.785,-0.39,-2.85
2654,25-Sep-24,13.3925,13.61,8.98,12.7425,13.3925,-0.65,-4.85
2655,26-Sep-24,12.7425,12.7425,11.3525,12.0025,12.7425,-0.74,-5.81
2656,27-Sep-24,12.0025,12.08,10.5025,11.9625,12.0025,-0.04,-0.33
2657,30-Sep-24,11.9625,13.2375,11.6,12.7875,11.9625,0.83,6.9
2658,01-Oct-24,12.7875,12.7875,11.7125,11.9875,12.7875,-0.8,-6.26
2659,03-Oct-24,11.9875,13.9275,11.685,13.17,11.9875,1.18,9.86
2660,04-Oct-24,13.17,14.48,12.285,14.1275,13.17,0.96,7.27
2661,07-Oct-24,14.1275,15.5,13.6175,15.08,14.1275,0.95,6.74
2662,08-Oct-24,15.08,15.555,13.8775,14.5875,15.08,-0.49,-3.27
2663,09-Oct-24,14.5875,14.5875,12.7,14.1225,14.5875,-0.47,-3.19
2664,10-Oct-24,14.1225,14.1225,11.7275,13.495,14.1225,-0.63,-4.44
2665,11-Oct-24,13.495,13.7025,11.535,13.22,13.495,-0.28,-2.04
2666,14-Oct-24,13.22,13.735,12.915,12.995,13.22,-0.23,-1.7
2667,15-Oct-24,12.995,13.3625,10.9225,13.0025,12.995,0.01,0.06
2668,16-Oct-24,13.0025,13.56,11.435,13.0525,13.0025,0.05,0.38
2669,17-Oct-24,13.0525,13.465,11.0625,13.3875,13.0525,0.34,2.57
2670,18-Oct-24,13.3875,14.06,12.8675,13.0375,13.3875,-0.35,-2.61
2671,21-Oct-24,13.0375,14.195,12.5525,13.7625,13.0375,0.73,5.56
2672,22-Oct-24,13.7625,14.515,9.47,14.395,13.7625,0.63,4.6
2673,23-Oct-24,14.395,15.0325,11.74,14.6225,14.395,0.23,1.58
2674,24-Oct-24,14.6225,14.8975,12.695,13.97,14.6225,-0.65,-4.46
2675,25-Oct-24,13.97,15.08,13.35,14.6325,13.97,0.66,4.74
2676,28-Oct-24,14.6325,15.4775,13.535,14.29,14.6325,-0.34,-2.34
2677,29-Oct-24,14.29,15.0275,13.5575,14.515,14.29,0.23,1.57
2678,30-Oct-24,14.515,15.7,14.28,15.51,14.515,1,6.85
2679,31-Oct-24,15.51,16.24,14.6525,15.55,15.51,0.04,0.26
2680,01-Nov-24,15.55,16.125,13.6325,15.9025,15.55,0.35,2.27
2681,04-Nov-24,15.9025,17.6,14.7775,16.6875,15.9025,0.79,4.94
2682,05-Nov-24,16.6875,19.02,15.795,16.1225,16.6875,-0.57,-3.39
2683,06-Nov-24,16.1225,20.75,14.7125,14.8675,16.1225,-1.26,-7.78
2684,07-Nov-24,14.8675,15.5225,14.2675,14.94,14.8675,0.07,0.49
2685,08-Nov-24,14.94,15.725,14.3925,14.47,14.94,-0.47,-3.15
2686,11-Nov-24,14.47,15.47,13.1175,14.27,14.47,-0.2,-1.38
2687,12-Nov-24,14.27,14.8375,12.74,14.59,14.27,0.32,2.24
2688,13-Nov-24,14.59,15.865,13.9325,15.435,14.59,0.85,5.79
2689,14-Nov-24,15.435,15.685,13.4075,14.775,15.435,-0.66,-4.28
2690,18-Nov-24,14.775,16.58,13.755,15.1675,14.775,0.39,2.66
2691,19-Nov-24,15.1675,16.185,12.7325,15.6625,15.1675,0.5,3.26
2692,21-Nov-24,15.6625,16.78,14.8375,15.99,15.6625,0.33,2.09
2693,22-Nov-24,15.99,18.67,12.7525,16.0975,15.99,0.11,0.67
2694,25-Nov-24,16.0975,16.865,13.63,15.3025,16.0975,-0.8,-4.94
2695,26-Nov-24,15.3025,16.26,13.8725,15.305,15.3025,0,0.02
2696,27-Nov-24,15.305,15.305,13.245,14.625,15.305,-0.68,-4.44
2697,28-Nov-24,14.625,15.5625,14.27,15.205,14.625,0.58,3.97
2698,29-Nov-24,15.205,15.4575,14.3325,14.425,15.205,-0.78,-5.13
2699,02-Dec-24,14.425,15.08,13.3125,14.7,14.425,0.28,1.91
2700,03-Dec-24,14.7,14.89,14.235,14.3725,14.7,-0.33,-2.23
2701,04-Dec-24,14.3725,14.7975,14.11,14.45,14.3725,0.08,0.54
2702,05-Dec-24,14.45,15.705,14.055,14.5275,14.45,0.08,0.54
2703,06-Dec-24,14.5275,15.0225,14.045,14.14,14.5275,-0.39,-2.67
2704,09-Dec-24,14.14,14.635,13.45,14.1075,14.14,-0.03,-0.23
2705,10-Dec-24,14.1075,14.6725,13.6975,13.7775,14.1075,-0.33,-2.34
2706,11-Dec-24,13.7775,14.11,13.175,13.2675,13.7775,-0.51,-3.7
2707,12-Dec-24,13.2675,13.4,12.9475,13.19,13.2675,-0.08,-0.58
2708,13-Dec-24,13.19,14.72,12.47,13.0525,13.19,-0.14,-1.04
2709,16-Dec-24,13.0525,14.505,13.0525,14.02,13.0525,0.97,7.41
2710,17-Dec-24,14.02,14.975,13.18,14.485,14.02,0.47,3.32
2711,18-Dec-24,14.485,15.2425,14.27,14.3725,14.485,-0.11,-0.78
2712,19-Dec-24,14.3725,15.435,13.87,14.51,14.3725,0.14,0.96
2713,20-Dec-24,14.51,15.5525,14.3975,15.0725,14.51,0.56,3.88
2714,23-Dec-24,15.0725,16.8825,13.4175,13.52,15.0725,-1.55,-10.3
2715,24-Dec-24,13.52,15.03,12.975,13.1775,13.52,-0.34,-2.53
2716,26-Dec-24,13.1775,14.3875,13.0825,14.035,13.1775,0.86,6.51
2717,27-Dec-24,14.035,14.2375,13.035,13.2375,14.035,-0.8,-5.68
2718,30-Dec-24,13.2375,14.37,13.2375,13.9725,13.2375,0.74,5.55
2719,31-Dec-24,13.9725,14.6375,13.9725,14.4475,13.9725,0.48,3.4
2720,01-Jan-25,14.4475,14.835,14.305,14.5075,14.4475,0.06,0.42
2721,02-Jan-25,14.5075,14.8025,13.63,13.7375,14.5075,-0.77,-5.31
2722,03-Jan-25,13.7375,13.9775,13.225,13.54,13.7375,-0.2,-1.44
2723,06-Jan-25,13.54,15.92,13.54,15.65,13.54,2.11,15.58
2724,07-Jan-25,15.65,15.65,14.345,14.66,15.65,-0.99,-6.33
2725,08-Jan-25,14.66,14.88,14.095,14.465,14.66,-0.2,-1.33
2726,09-Jan-25,14.465,14.885,13.7475,14.6575,14.465,0.19,1.33
2727,10-Jan-25,14.6575,15.515,14.6575,14.915,14.6575,0.26,1.76
2728,13-Jan-25,14.915,16.185,14.45,15.9975,14.915,1.08,7.26
2729,14-Jan-25,15.9975,15.9975,15.115,15.47,15.9975,-0.53,-3.3
2730,15-Jan-25,15.47,15.6625,15.1975,15.2575,15.47,-0.21,-1.37
2731,16-Jan-25,15.2575,15.5725,13.9575,15.465,15.2575,0.21,1.36
2732,17-Jan-25,15.465,16.3825,14.0525,15.7475,15.465,0.28,1.83
2733,20-Jan-25,15.7475,17.02,15.1825,16.415,15.7475,0.67,4.24
2734,21-Jan-25,16.415,17.445,15.2025,17.055,16.415,0.64,3.9
2735,22-Jan-25,17.055,17.295,15.905,16.7725,17.055,-0.28,-1.66
2736,23-Jan-25,16.7725,17.0825,15.6675,16.695,16.7725,-0.08,-0.46
2737,24-Jan-25,16.695,17.31,16.1175,16.745,16.695,0.05,0.3
2738,27-Jan-25,16.745,18.5225,16.745,18.1325,16.745,1.39,8.29
2739,28-Jan-25,18.1325,18.5025,16.8275,18.195,18.1325,0.06,0.34
2740,29-Jan-25,18.195,19.01,17.2875,18.64,18.195,0.45,2.45
2741,30-Jan-25,18.64,18.985,17.2175,17.39,18.64,-1.25,-6.71
2742,31-Jan-25,17.39,17.9425,16.1075,16.2475,17.39,-1.14,-6.57
2743,01-Feb-25,16.2475,16.58,14.0125,14.095,16.2475,-2.15,-13.25
2744,03-Feb-25,14.095,15.1125,14.095,14.3525,14.095,0.26,1.83
2745,04-Feb-25,14.3525,15.1325,13.665,14.0175,14.3525,-0.34,-2.33
2746,05-Feb-25,14.0175,14.2975,13.4975,14.0825,14.0175,0.07,0.46
2747,06-Feb-25,14.0825,14.64,13.15,14.175,14.0825,0.09,0.66
2748,07-Feb-25,14.175,14.505,13.55,13.685,14.175,-0.49,-3.46
2749,10-Feb-25,13.685,14.7175,13.685,14.445,13.685,0.76,5.55
2750,11-Feb-25,14.445,15.4325,13.845,14.87,14.445,0.43,2.94
2751,12-Feb-25,14.87,15.6225,14.6075,14.895,14.87,0.03,0.17
2752,13-Feb-25,14.895,15.465,12.195,14.955,14.895,0.06,0.4
2753,14-Feb-25,14.955,15.6775,14.3575,15.015,14.955,0.06,0.4
2754,17-Feb-25,15.015,16.31,14.4975,15.7225,15.015,0.71,4.71
2755,18-Feb-25,15.7225,16.3225,14.78,15.665,15.7225,-0.06,-0.37
2756,19-Feb-25,15.665,16.0225,14.7525,15.42,15.665,-0.25,-1.56
2757,20-Feb-25,15.42,15.9025,14.6375,14.6825,15.42,-0.74,-4.78
2758,21-Feb-25,14.6825,15.2425,12.0825,14.53,14.6825,-0.15,-1.04
2759,24-Feb-25,14.53,15.58,14.365,14.44,14.53,-0.09,-0.62
2760,25-Feb-25,14.4425,15.0775,13.605,13.72,14.4425,-0.72,-5
2761,27-Feb-25,13.715,14.0075,12.91,13.31,13.715,-0.41,-2.95
2762,28-Feb-25,13.3075,14.1225,13.2325,13.91,13.3075,0.6,4.53
2763,03-Mar-25,13.91,14.36,13.5675,13.76,13.91,-0.15,-1.08
2764,04-Mar-25,13.7625,14.1975,13.3725,13.83,13.7625,0.07,0.49
2765,05-Mar-25,13.83,14.13,13.095,13.67,13.83,-0.16,-1.16
2766,06-Mar-25,13.67,14.1775,13.28,13.73,13.67,0.06,0.44
2767,07-Mar-25,13.725,13.86,13.3325,13.47,13.725,-0.26,-1.86
2768,10-Mar-25,13.47,14.2075,13.47,13.99,13.47,0.52,3.86
2769,11-Mar-25,13.985,14.5025,13.675,14.07,13.985,0.09,0.61
2770,12-Mar-25,14.0725,14.3725,13.635,13.69,14.0725,-0.38,-2.72
2771,13-Mar-25,13.6925,13.9275,13.2225,13.28,13.6925,-0.41,-3.01
2772,17-Mar-25,13.28,14.0975,13.28,13.42,13.28,0.14,1.05
2773,18-Mar-25,13.415,13.6525,11.3425,13.21,13.415,-0.21,-1.53
2774,19-Mar-25,13.21,13.5725,12.585,13.3,13.21,0.09,0.68
2775,20-Mar-25,13.2975,13.2975,12.5125,12.6,13.2975,-0.7,-5.25
2776,21-Mar-25,12.6025,12.835,10.695,12.58,12.6025,-0.02,-0.18
2777,24-Mar-25,12.575,13.9525,12.575,13.7,12.575,1.13,8.95
2778,25-Mar-25,13.7,14.475,13.49,13.64,13.7,-0.06,-0.44
2779,26-Mar-25,13.635,13.915,13.305,13.47,13.635,-0.17,-1.21
2780,27-Mar-25,13.47,13.85,12.9775,13.3,13.47,-0.17,-1.26
2781,28-Mar-25,13.3,13.61,12.5725,12.72,13.3,-0.58,-4.36
2782,01-Apr-25,12.7175,14.0525,12.7175,13.78,12.7175,1.06,8.35
2783,02-Apr-25,13.7825,14.1425,13.5125,13.72,13.7825,-0.06,-0.45
2784,03-Apr-25,13.7225,14.1075,13.41,13.6,13.7225,-0.12,-0.89
2785,04-Apr-25,13.6,14.2475,13.395,13.76,13.6,0.16,1.18
2786,07-Apr-25,13.755,23.1875,13.755,22.79,13.755,9.04,65.69
2787,08-Apr-25,22.7925,22.7925,19.3825,20.44,22.7925,-2.35,-10.32
2788,09-Apr-25,20.4425,21.7475,19.6975,21.43,20.4425,0.99,4.83
2789,11-Apr-25,21.43,21.43,18.855,20.11,21.43,-1.32,-6.16
2790,15-Apr-25,20.1075,20.1075,15.9725,16.13,20.1075,-3.98,-19.78
2791,16-Apr-25,16.125,16.125,15.115,15.87,16.125,-0.26,-1.58
2792,17-Apr-25,15.865,16.4625,15.09,15.47,15.865,-0.4,-2.49
2793,21-Apr-25,15.4675,16.3325,14.2175,15.52,15.4675,0.05,0.34
2794,22-Apr-25,15.515,16.0075,14.54,15.23,15.515,-0.29,-1.84
2795,23-Apr-25,15.23,16.5175,12.8425,15.96,15.23,0.73,4.79
2796,24-Apr-25,15.96,16.7625,15.5525,16.25,15.96,0.29,1.82
2797,25-Apr-25,16.25,17.575,15.915,17.16,16.25,0.91,5.6
2798,28-Apr-25,17.1575,18.0725,16.6225,16.94,17.1575,-0.22,-1.27
2799,29-Apr-25,16.94,17.585,16.065,17.37,16.94,0.43,2.54
2800,30-Apr-25,17.37,18.56,15.985,18.22,17.37,0.85,4.89
2801,02-May-25,18.2225,18.8625,17.35,18.26,18.2225,0.04,0.21
2802,05-May-25,18.2575,18.795,18.0675,18.34,18.2575,0.08,0.45
2803,06-May-25,18.3375,19.3025,17.9875,19,18.3375,0.66,3.61
2804,07-May-25,18.995,19.73,18.365,19.06,18.995,0.07,0.34
2805,08-May-25,19.06,21.8925,18.1525,21.01,19.06,1.95,10.23
2806,09-May-25,21.0075,22.7475,21.0025,21.63,21.0075,0.62,2.96
2807,12-May-25,21.6325,21.6325,17.2075,18.39,21.6325,-3.24,-14.99
2808,13-May-25,18.3925,18.9025,17.8925,18.2,18.3925,-0.19,-1.05
2809,14-May-25,18.2,19.2425,17.0825,17.23,18.2,-0.97,-5.33
2810,15-May-25,17.225,17.6725,16.72,16.89,17.225,-0.34,-1.94
2811,16-May-25,16.8925,17.055,16.215,16.55,16.8925,-0.34,-2.03
2812,19-May-25,16.55,17.4475,15.8275,17.36,16.55,0.81,4.89
2813,20-May-25,17.355,17.66,15.9675,17.39,17.355,0.04,0.2
2814,21-May-25,17.385,17.9975,17.0425,17.55,17.385,0.17,0.95
2815,22-May-25,17.5475,18.2025,16.705,17.26,17.5475,-0.29,-1.64
2816,23-May-25,17.2575,17.5225,15.485,17.28,17.2575,0.02,0.13
2817,26-May-25,17.2775,18.4125,16.0575,18.02,17.2775,0.74,4.3
2818,27-May-25,18.02,19.185,17.42,18.54,18.02,0.52,2.89
2819,28-May-25,18.535,19.035,17.875,18.02,18.535,-0.52,-2.78
2820,29-May-25,18.0175,18.0175,16.2075,16.42,18.0175,-1.6,-8.87
2821,30-May-25,16.42,16.545,15.2875,16.08,16.42,-0.34,-2.07
2822,02-Jun-25,16.0775,17.7275,16.0775,17.16,16.0775,1.08,6.73
2823,03-Jun-25,17.1575,17.7275,16.2575,16.56,17.1575,-0.6,-3.48
2824,04-Jun-25,16.555,17.06,15.63,15.75,16.555,-0.81,-4.86
2825,05-Jun-25,15.745,15.9325,14.9825,15.08,15.745,-0.67,-4.22
2826,06-Jun-25,15.0825,15.61,14.3675,14.63,15.0825,-0.45,-3
2827,09-Jun-25,14.63,15.52,14.63,14.69,14.63,0.06,0.41
2828,10-Jun-25,14.6925,14.74,13.9325,14.02,14.6925,-0.67,-4.58
2829,11-Jun-25,14.015,14.155,13.5575,13.67,14.015,-0.35,-2.46
2830,12-Jun-25,13.6675,14.2725,13.13,14.02,13.6675,0.35,2.58
2831,13-Jun-25,14.015,15.975,14.015,15.08,14.015,1.07,7.6
2832,16-Jun-25,15.08,15.4725,14.5525,14.84,15.08,-0.24,-1.59
2833,17-Jun-25,14.8375,15.0225,14.3,14.4,14.8375,-0.44,-2.95
2834,18-Jun-25,14.4025,14.8175,14.105,14.28,14.4025,-0.12,-0.85
2835,19-Jun-25,14.275,14.37,13.74,14.26,14.275,-0.02,-0.11
2836,20-Jun-25,14.255,14.255,13.3225,13.67,14.255,-0.59,-4.1
2837,23-Jun-25,13.6725,14.5225,13.6625,14.05,13.6725,0.38,2.76
2838,24-Jun-25,14.0475,14.3425,13.3075,13.64,14.0475,-0.41,-2.9
2839,25-Jun-25,13.6425,13.6425,12.9,12.96,13.6425,-0.68,-5
2840,26-Jun-25,12.9625,13.33,12.515,12.59,12.9625,-0.37,-2.87
2841,27-Jun-25,12.59,12.9225,12.3225,12.39,12.59,-0.2,-1.59
2842,30-Jun-25,12.3875,13.0275,12.3875,12.79,12.3875,0.4,3.25
2843,01-Jul-25,12.785,12.9925,12.4375,12.53,12.785,-0.26,-1.99
2844,02-Jul-25,12.5275,12.6625,12.34,12.45,12.5275,-0.08,-0.62
2845,03-Jul-25,12.445,12.66,12.19,12.39,12.445,-0.06,-0.44
2846,04-Jul-25,12.385,12.6975,12.24,12.32,12.385,-0.07,-0.52
2847,07-Jul-25,12.315,12.79,11.94,12.56,12.315,0.25,1.99
2848,08-Jul-25,12.56,12.71,12.055,12.2,12.56,-0.36,-2.87
2849,09-Jul-25,12.195,12.355,11.75,11.94,12.195,-0.26,-2.09
2850,10-Jul-25,11.94,12.1875,11.6125,11.67,11.94,-0.27,-2.26
2851,11-Jul-25,11.6725,12.1225,11.535,11.82,11.6725,0.15,1.26
2852,14-Jul-25,11.8175,12.42,11.8175,11.98,11.8175,0.16,1.38
2853,15-Jul-25,11.98,12.025,11.405,11.48,11.98,-0.5,-4.17
2854,16-Jul-25,11.48,11.6675,11.1975,11.24,11.48,-0.24,-2.09
2855,17-Jul-25,11.24,11.5425,10.7275,11.24,11.24,0,0
2856,18-Jul-25,11.2425,11.86,9.9,11.39,11.2425,0.15,1.31
2857,21-Jul-25,11.3925,11.9425,11.0875,11.2,11.3925,-0.19,-1.69
2858,22-Jul-25,11.2025,11.2275,10.6875,10.75,11.2025,-0.45,-4.04
2859,23-Jul-25,10.7525,10.7525,10.22,10.52,10.7525,-0.23,-2.16
2860,24-Jul-25,10.515,11.105,9.8675,10.72,10.515,0.21,1.95
2861,25-Jul-25,10.7225,11.5825,10.6125,11.28,10.7225,0.56,5.2
2862,28-Jul-25,11.275,12.23,10.325,12.06,11.275,0.79,6.96
2863,29-Jul-25,12.0625,12.3,11.4,11.53,12.0625,-0.53,-4.41
2864,30-Jul-25,11.525,11.775,10.6125,11.21,11.525,-0.32,-2.73
2865,31-Jul-25,11.205,12.12,11.205,11.54,11.205,0.34,2.99
2866,01-Aug-25,11.5425,12.11,11.4025,11.98,11.5425,0.44,3.79
2867,04-Aug-25,11.975,12.63,11.8025,11.97,11.975,-0.01,-0.04
2868,05-Aug-25,11.9675,12.1775,11.64,11.71,11.9675,-0.26,-2.15
2869,06-Aug-25,11.7125,12.0475,10.6575,11.96,11.7125,0.25,2.11
2870,07-Aug-25,11.96,12.3075,11.555,11.69,11.96,-0.27,-2.26
2871,08-Aug-25,11.6875,12.1975,10.8975,12.03,11.6875,0.34,2.93
2872,11-Aug-25,12.0325,12.73,12.0325,12.22,12.0325,0.19,1.56
2873,12-Aug-25,12.2175,12.4225,11.595,12.23,12.2175,0.01,0.1
2874,13-Aug-25,12.2325,12.3525,10.7775,12.14,12.2325,-0.09,-0.76
2875,14-Aug-25,12.14,12.47,11.4725,12.36,12.14,0.22,1.81
2876,18-Aug-25,12.355,13.465,11.75,12.34,12.355,-0.02,-0.12
2877,19-Aug-25,12.34,12.34,11.76,11.79,12.34,-0.55,-4.46
2878,20-Aug-25,11.79,11.99,10.185,11.79,11.79,0,0
2879,21-Aug-25,11.785,11.8925,10.0875,11.37,11.785,-0.42,-3.52
2880,22-Aug-25,11.3725,11.785,10.695,11.73,11.3725,0.36,3.14
2881,25-Aug-25,11.7275,12.3475,11.545,11.76,11.7275,0.03,0.28
2882,26-Aug-25,11.7575,12.5475,10.9275,12.19,11.7575,0.43,3.68
2883,28-Aug-25,12.1925,13.145,11.575,12.18,12.1925,-0.01,-0.1
2884,29-Aug-25,12.1775,12.2025,11.5925,11.75,12.1775,-0.43,-3.51
2885,01-Sep-25,11.7525,12.195,11.235,11.29,11.7525,-0.46,-3.94
2886,02-Sep-25,11.2925,11.7825,10.78,11.4,11.2925,0.11,0.95
2887,03-Sep-25,11.4,11.5775,10.85,10.93,11.4,-0.47,-4.12
2888,04-Sep-25,10.93,11.2375,10.4925,10.85,10.93,-0.08,-0.73
2889,05-Sep-25,10.8525,11.435,9.9525,10.78,10.8525,-0.07,-0.67
2890,08-Sep-25,10.78,11.0825,10.42,10.84,10.78,0.06,0.56
2891,09-Sep-25,10.8375,11.45,9.8525,10.69,10.8375,-0.15,-1.36
2892,10-Sep-25,10.685,10.84,10.2475,10.54,10.685,-0.15,-1.36
2893,11-Sep-25,10.5375,10.7775,10.1825,10.36,10.5375,-0.18,-1.68
2894,12-Sep-25,10.36,10.36,9.85,10.12,10.36,-0.24,-2.32
2895,15-Sep-25,10.1225,10.6825,9.9025,10.4,10.1225,0.28,2.74
2896,16-Sep-25,10.3975,10.5,9.755,10.27,10.3975,-0.13,-1.23
2897,17-Sep-25,10.2725,10.3575,9.615,10.25,10.2725,-0.02,-0.22
2898,18-Sep-25,10.2475,10.2475,9.4925,9.89,10.2475,-0.36,-3.49
2899,19-Sep-25,9.885,10.255,9.3975,9.97,9.885,0.09,0.86
2900,22-Sep-25,9.9675,10.7325,9.9675,10.56,9.9675,0.59,5.94
2901,23-Sep-25,10.5575,10.9025,9.9625,10.63,10.5575,0.07,0.69
2902,24-Sep-25,10.625,10.8925,10.1125,10.52,10.625,-0.11,-0.99
2903,25-Sep-25,10.5225,10.8975,10.285,10.78,10.5225,0.26,2.45
2904,26-Sep-25,10.7825,11.6775,10.17,11.43,10.7825,0.65,6.01
2905,29-Sep-25,11.425,11.725,10.615,11.37,11.425,-0.06,-0.48
2906,30-Sep-25,11.365,11.7875,10.93,11.07,11.365,-0.3,-2.6
2907,01-Oct-25,11.065,11.255,10.1525,10.29,11.065,-0.78,-7
2908,03-Oct-25,10.2875,10.6225,9.945,10.06,10.2875,-0.23,-2.21
2909,06-Oct-25,10.06,10.5375,9.6575,10.19,10.06,0.13,1.29
2910,07-Oct-25,10.1925,10.45,10,10.05,10.1925,-0.14,-1.4
2911,08-Oct-25,10.05,10.5225,9.6875,10.31,10.05,0.26,2.59
2912,09-Oct-25,10.3125,10.565,9.9975,10.12,10.3125,-0.19,-1.87
2913,10-Oct-25,10.12,10.3425,9.71,10.1,10.12,-0.02,-0.2
2914,13-Oct-25,10.1025,11.2575,9.7775,11.01,10.1025,0.91,8.98
2915,14-Oct-25,11.0075,11.6675,10.0125,11.16,11.0075,0.15,1.39
2916,15-Oct-25,11.155,11.155,10.4325,10.53,11.155,-0.63,-5.6
2917,16-Oct-25,10.53,11.0575,10.3825,10.87,10.53,0.34,3.23
2918,17-Oct-25,10.865,11.81,9.775,11.63,10.865,0.77,7.04
2919,20-Oct-25,11.625,11.8775,10.6675,11.36,11.625,-0.27,-2.28
2920,21-Oct-25,11.355,11.595,10.7,11.3,11.355,-0.06,-0.48
2921,23-Oct-25,11.2975,12.05,10.7375,11.73,11.2975,0.43,3.83
2922,24-Oct-25,11.7325,11.94,11.4375,11.59,11.7325,-0.14,-1.21
2923,27-Oct-25,11.59,12.7275,11.2775,11.86,11.59,0.27,2.33
2924,28-Oct-25,11.8575,12.635,10.705,11.95,11.8575,0.09,0.78
2925,29-Oct-25,11.9525,12.1025,11.2275,11.97,11.9525,0.02,0.15
2926,30-Oct-25,11.9725,12.2725,11.705,12.07,11.9725,0.1,0.81
2927,31-Oct-25,12.0675,12.2875,11.77,12.15,12.0675,0.08,0.68
2928,03-Nov-25,12.1525,12.94,11.7875,12.67,12.1525,0.52,4.26
2929,04-Nov-25,12.665,12.935,10.98,12.65,12.665,-0.02,-0.12
2930,06-Nov-25,12.6525,12.865,12.0575,12.41,12.6525,-0.24,-1.92
2931,07-Nov-25,12.41,12.6675,11.9575,12.56,12.41,0.15,1.21
2932,10-Nov-25,12.5575,12.9275,11.405,12.3,12.5575,-0.26,-2.05
2933,11-Nov-25,12.3,13.005,11.9925,12.49,12.3,0.19,1.54
2934,12-Nov-25,12.49,12.7125,11.4425,12.11,12.49,-0.38,-3.04
2935,13-Nov-25,12.11,12.2725,11.23,12.16,12.11,0.05,0.41
2936,14-Nov-25,12.1625,12.445,11.8025,11.94,12.1625,-0.22,-1.83
2937,17-Nov-25,11.9375,12.28,10.895,11.79,11.9375,-0.15,-1.24
2938,18-Nov-25,11.7875,12.29,10.94,12.1,11.7875,0.31,2.65
2939,19-Nov-25,12.095,12.375,10.765,11.97,12.095,-0.13,-1.03
2940,20-Nov-25,11.9725,12.3775,11.055,12.14,11.9725,0.17,1.4
2941,21-Nov-25,12.135,13.85,12.135,13.63,12.135,1.5,12.32
2942,24-Nov-25,13.63,13.63,11.9375,13.24,13.63,-0.39,-2.86
2943,25-Nov-25,13.235,13.235,10.855,12.24,13.235,-1,-7.52
2944,26-Nov-25,12.2425,12.5725,11.585,11.97,12.2425,-0.27,-2.23
2945,27-Nov-25,11.9675,12.2425,11.5075,11.79,11.9675,-0.18,-1.48
2946,28-Nov-25,11.785,11.785,10.8175,11.62,11.785,-0.17,-1.4
2947,01-Dec-25,11.6175,12.01,10.9,11.63,11.6175,0.01,0.11
2948,02-Dec-25,11.625,11.94,11.03,11.23,11.625,-0.4,-3.4
2949,03-Dec-25,11.2275,11.3725,10.915,11.21,11.2275,-0.02,-0.16
2950,04-Dec-25,11.2125,11.27,10.58,10.82,11.2125,-0.39,-3.5
2951,05-Dec-25,10.8175,10.8675,10.1575,10.32,10.8175,-0.5,-4.6
2952,08-Dec-25,10.315,11.61,10.135,11.13,10.315,0.82,7.9
2953,09-Dec-25,11.125,11.8825,10.455,10.95,11.125,-0.18,-1.57
2954,10-Dec-25,10.9525,11.4225,10.49,10.91,10.9525,-0.04,-0.39
2955,11-Dec-25,10.9125,11.1925,10.3175,10.4,10.9125,-0.51,-4.7
2956,12-Dec-25,10.4,10.4,9.9625,10.11,10.4,-0.29,-2.79
2957,15-Dec-25,10.1075,10.8425,10.0475,10.25,10.1075,0.14,1.41
2958,16-Dec-25,10.25,10.4275,9.6625,10.06,10.25,-0.19,-1.85
2959,17-Dec-25,10.0625,10.1775,9.4825,9.84,10.0625,-0.22,-2.21
2960,18-Dec-25,9.8375,9.9475,9.6125,9.71,9.8375,-0.13,-1.3
2961,19-Dec-25,9.7075,10.3075,9.435,9.52,9.7075,-0.19,-1.93
2962,22-Dec-25,9.5225,9.8975,8.8625,9.68,9.5225,0.16,1.65
2963,23-Dec-25,9.675,9.785,9.3225,9.38,9.675,-0.3,-3.05
2964,24-Dec-25,9.3775,9.68,8.8825,9.19,9.3775,-0.19,-2
2965,26-Dec-25,9.19,9.395,9.02,9.15,9.19,-0.04,-0.44
2966,29-Dec-25,9.15,9.77,9.0475,9.72,9.15,0.57,6.23
2967,30-Dec-25,9.72,9.9875,9.5875,9.68,9.72,-0.04,-0.41
2968,31-Dec-25,9.6775,9.73,9.3125,9.48,9.6775,-0.2,-2.04
2969,01-Jan-26,9.475,9.475,8.72,9.19,9.475,-0.29,-3.01
2970,02-Jan-26,9.185,9.555,8.9675,9.45,9.185,0.27,2.89
2971,05-Jan-26,9.45,10.215,9.2925,10.02,9.45,0.57,6.03
2972,06-Jan-26,10.0225,10.285,9.6475,10.02,10.0225,0,-0.02
2973,07-Jan-26,10.0175,10.24,9.745,9.95,10.0175,-0.07,-0.67
2974,08-Jan-26,9.95,10.99,9.475,10.6,9.95,0.65,6.53
2975,09-Jan-26,10.6,11.035,10.2175,10.93,10.6,0.33,3.11
2976,12-Jan-26,10.925,11.945,10.5175,11.37,10.925,0.45,4.07
2977,13-Jan-26,11.3675,11.68,10.6375,11.2,11.3675,-0.17,-1.47
2978,14-Jan-26,11.1975,11.4725,11.0125,11.32,11.1975,0.12,1.09
2979,16-Jan-26,11.32,11.575,10.875,11.37,11.32,0.05,0.44
2980,19-Jan-26,11.3725,12.125,10.3925,11.83,11.3725,0.46,4.02
2981,20-Jan-26,11.8275,12.9025,10.995,12.73,11.8275,0.9,7.63
2982,21-Jan-26,12.73,14.43,12.4325,13.78,12.73,1.05,8.25
2983,22-Jan-26,13.78,14.3275,12.9075,13.35,13.78,-0.43,-3.12
2984,23-Jan-26,13.35,14.4325,12.2825,14.19,13.35,0.84,6.29
2985,27-Jan-26,14.1925,16.0575,13.9225,14.45,14.1925,0.26,1.81
2986,28-Jan-26,14.4525,14.51,13.44,13.53,14.4525,-0.92,-6.38
2987,29-Jan-26,13.525,14.1925,13.0725,13.37,13.525,-0.16,-1.15
2988,30-Jan-26,13.37,14.23,12.8825,13.63,13.37,0.26,1.94
