,Date ,Open ,High ,Low ,Close ,Shares Traded ,Turnover
0,01-Jan-14,6323.8,6327.2,6298.25,6301.65,69567668,2015.36
1,02-Jan-14,6301.25,6358.3,6211.3,6221.15,158132556,5249.79
2,03-Jan-14,6194.55,6221.7,6171.25,6211.15,139043889,5369.42
3,06-Jan-14,6220.85,6224.7,6170.25,6191.45,118344976,4722.67
4,07-Jan-14,6203.9,6221.5,6144.75,6162.25,138559000,5696.6
5,08-Jan-14,6178.05,6192.1,6160.35,6174.6,146912639,5816.54
6,09-Jan-14,6181.7,6188.05,6148.25,6168.35,150064466,5908.02
7,10-Jan-14,6178.85,6239.1,6139.6,6171.45,159920407,7347.29
8,13-Jan-14,6189.55,6288.2,6189.55,6272.75,135009945,5984.02
9,14-Jan-14,6260.25,6280.35,6234.15,6241.85,110231153,4703.01
10,15-Jan-14,6265.95,6325.2,6265.3,6320.9,145922867,6422.97
11,16-Jan-14,6341.35,6346.5,6299.85,6318.9,153420441,6758.63
12,17-Jan-14,6306.25,6327.1,6246.35,6261.65,167719501,7895.92
13,20-Jan-14,6261.75,6307.45,6243.35,6303.95,122136071,5499.51
14,21-Jan-14,6320.15,6330.3,6297.9,6313.8,141728380,5831.26
15,22-Jan-14,6309.05,6349.95,6287.45,6338.95,137490525,5635.92
16,23-Jan-14,6325.95,6355.6,6316.4,6345.65,120054602,5278.88
17,24-Jan-14,6301.65,6331.45,6263.9,6266.75,160270856,6209.06
18,27-Jan-14,6186.3,6188.55,6130.25,6135.85,190442601,7091.1
19,28-Jan-14,6131.85,6163.6,6085.95,6126.25,184111740,7710.08
20,29-Jan-14,6161,6170.45,6109.8,6120.25,146733030,6487.39
21,30-Jan-14,6067,6082.85,6027.25,6073.7,208061426,7694.04
22,31-Jan-14,6082.75,6097.85,6067.35,6089.5,146713083,5407.1
23,03-Feb-14,6058.8,6074.85,5994.45,6001.8,134893587,4635.69
24,04-Feb-14,5947.6,6017.8,5933.3,6000.9,183252654,6075.02
25,05-Feb-14,6004.25,6028.05,5962.05,6022.4,166627311,5572.13
26,06-Feb-14,6028.35,6048.35,5965.4,6036.3,185503324,6291.97
27,07-Feb-14,6077.65,6079.95,6030.9,6063.2,181932292,5591.39
28,10-Feb-14,6072.8,6083.05,6046.4,6053.45,133070328,4762.89
29,11-Feb-14,6072.45,6081.85,6053.25,6062.7,150520900,5268.8
30,12-Feb-14,6085.35,6106.6,6077.4,6084,138547391,5351.08
31,13-Feb-14,6087.55,6094.4,5991.1,6001.1,153652371,5037.18
32,14-Feb-14,6023.75,6056.4,5984.6,6048.35,140204479,5539.7
33,17-Feb-14,6057.1,6080.65,6038.3,6073.3,108492457,4455.65
34,18-Feb-14,6071.3,6141.7,6066.8,6127.1,126639146,4592.38
35,19-Feb-14,6132.05,6160.35,6125.75,6152.75,95248833,3735.52
36,20-Feb-14,6127.15,6129.1,6086.45,6091.45,132108928,4344.77
37,21-Feb-14,6108.3,6159.65,6108,6155.45,112596128,4001.93
38,24-Feb-14,6140.95,6191.85,6130.8,6186.1,144877047,4424.81
39,25-Feb-14,6205.7,6216.85,6176.6,6200.05,146259298,4782.95
40,26-Feb-14,6202.45,6245.95,6202.1,6238.8,181663811,6641.33
41,28-Feb-14,6228.45,6282.7,6228.1,6276.95,209914263,7869.42
42,03-Mar-14,6264.35,6277.75,6212.25,6221.45,144562338,5040.12
43,04-Mar-14,6216.75,6302.15,6215.7,6297.95,166818924,5550.29
44,05-Mar-14,6328.45,6336.25,6287.8,6328.65,160300066,5754.58
45,06-Mar-14,6344.75,6406.6,6339.7,6401.15,180731810,5844.96
46,07-Mar-14,6413.95,6537.8,6413.55,6526.65,284922346,11368.15
47,10-Mar-14,6491.7,6562.2,6487.35,6537.25,242143703,9992.74
48,11-Mar-14,6537.35,6562.85,6494.25,6511.9,238994883,8268.67
49,12-Mar-14,6497.5,6546.15,6487.3,6516.9,174977068,6176.54
50,13-Mar-14,6491.75,6561.45,6476.65,6493.1,167858387,8356.1
51,14-Mar-14,6447.25,6518.45,6432.7,6504.2,177336088,7114.55
52,18-Mar-14,6532.45,6574.95,6497.65,6516.65,179308616,7268.52
53,19-Mar-14,6530,6541.2,6506,6524.05,172464722,7666.24
54,20-Mar-14,6508.35,6523.65,6473.25,6483.1,141984189,6280.76
55,21-Mar-14,6515.2,6522.9,6485.7,6493.2,189854420,8841.94
56,22-Mar-14,6497.8,6502.65,6481.35,6494.9,9774392,373.66
57,24-Mar-14,6510.5,6591.5,6510.5,6583.5,158395722,6633.77
58,25-Mar-14,6550.1,6595.55,6544.85,6589.75,168125064,6475.61
59,26-Mar-14,6615.65,6627.45,6580.6,6601.4,186570474,7046.34
60,27-Mar-14,6613.1,6673.95,6599.5,6641.75,312383468,12924.37
61,28-Mar-14,6673.05,6702.6,6643.8,6695.9,134114378,6862.55
62,31-Mar-14,6723.15,6730.05,6662.4,6704.2,177579421,7743.3
63,01-Apr-14,6729.5,6732.25,6675.45,6721.05,147136671,7174.14
64,02-Apr-14,6757.6,6763.5,6723.6,6752.55,173335875,8007.75
65,03-Apr-14,6772.05,6776.75,6696.9,6736.1,197546648,7738.58
66,04-Apr-14,6741.85,6741.85,6685.15,6694.35,155127592,6676.88
67,07-Apr-14,6694.25,6725.15,6650.4,6695.05,133947319,6707.01
68,09-Apr-14,6722,6808.7,6705.1,6796.2,169794626,8892.66
69,10-Apr-14,6803.05,6819.05,6777.3,6796.4,191125947,9079.6
70,11-Apr-14,6758.35,6789.35,6743.15,6776.3,140734579,7463.19
71,15-Apr-14,6792.7,6813.4,6711.75,6733.1,123197822,7100.26
72,16-Apr-14,6727.25,6748.65,6665.15,6675.3,119768833,6168.64
73,17-Apr-14,6695.45,6783.05,6684.4,6779.4,131488368,6952.58
74,21-Apr-14,6789.25,6825.45,6786.9,6817.65,111840313,5711.98
75,22-Apr-14,6822.9,6838,6806.25,6815.35,114693049,5636.78
76,23-Apr-14,6823.25,6861.6,6820.75,6840.8,182972972,9247.25
77,25-Apr-14,6855.8,6869.85,6772.85,6782.75,154320793,8021.33
78,28-Apr-14,6778.55,6786.25,6750.3,6761.25,118162668,6297.18
79,29-Apr-14,6769,6779.7,6708.65,6715.25,115511531,5459.34
80,30-Apr-14,6724.95,6780.15,6656.8,6696.4,161106871,7066.78
81,02-May-14,6709.95,6737.65,6689.5,6694.8,114275323,5030.42
82,05-May-14,6681.65,6741.05,6680.45,6699.35,104989653,4881.32
83,06-May-14,6719.25,6743.45,6701.9,6715.3,88291413,4168.72
84,07-May-14,6708.6,6718.75,6642.9,6652.55,114099791,6513.29
85,08-May-14,6669.9,6688.4,6638.55,6659.85,101549745,5413.39
86,09-May-14,6654.15,6871.35,6652.15,6858.8,166442779,8027.14
87,12-May-14,6863.4,7020.05,6862.9,7014.25,157725090,8475.17
88,13-May-14,7080,7172.35,7067.15,7108.75,232221733,10573.11
89,14-May-14,7112,7142.25,7080.9,7108.75,177204155,9395.8
90,15-May-14,7111.3,7152.55,7082.55,7123.15,186848485,8947.95
91,16-May-14,7270.2,7563.5,7130.65,7203,393156741,21057.07
92,19-May-14,7276.85,7291.1,7193.55,7263.55,316246557,15228.6
93,20-May-14,7309.95,7353.65,7247.7,7275.5,255333095,11139.51
94,21-May-14,7274.85,7287.15,7206.7,7252.9,203137825,9544.12
95,22-May-14,7289.95,7319.55,7258.15,7276.4,240943899,10104.55
96,23-May-14,7306.5,7381,7293.9,7367.1,259638086,12002.13
97,26-May-14,7428.75,7504,7269.05,7359.05,273236339,13203.73
98,27-May-14,7363.1,7372.95,7274.75,7318,168599276,7931.22
99,28-May-14,7324.95,7344.75,7302.6,7329.65,175595609,8929.71
100,29-May-14,7316.6,7325.4,7224.4,7235.65,241115398,13385.17
101,30-May-14,7254.85,7272.5,7118.45,7229.95,312152571,13837.29
102,02-Jun-14,7264.05,7368.6,7239.5,7362.5,169891181,7833.43
103,03-Jun-14,7375.35,7424.95,7342.15,7415.85,234680218,10354.94
104,04-Jun-14,7417.55,7433.3,7391.35,7402.25,204592241,8913.89
105,05-Jun-14,7399.75,7484.7,7360.5,7474.1,250660653,11574.51
106,06-Jun-14,7521.5,7592.7,7497.65,7583.4,248397596,12322.96
107,09-Jun-14,7621.65,7673.7,7580.25,7654.6,231879926,10866.56
108,10-Jun-14,7679.05,7683.2,7579.3,7656.4,188669182,9475.21
109,11-Jun-14,7672.4,7700.05,7589.05,7626.85,186182446,10472.71
110,12-Jun-14,7641.3,7658,7593.8,7649.9,148207144,8187.49
111,13-Jun-14,7668.2,7678.5,7525.35,7542.1,174522339,11254.75
112,16-Jun-14,7534.8,7548.6,7487.55,7533.55,155377979,8449.27
113,17-Jun-14,7525.05,7637.6,7509.25,7631.7,157961787,8704.2
114,18-Jun-14,7636.05,7663,7515.5,7558.2,165078941,8963.97
115,19-Jun-14,7580.05,7606.45,7502.55,7540.7,148852437,8115.36
116,20-Jun-14,7543.3,7560.55,7497.3,7511.45,124132217,6801.49
117,23-Jun-14,7514,7534.8,7441.6,7493.35,127404790,6543.64
118,24-Jun-14,7515.2,7593.35,7515.2,7580.2,137002483,7146.44
119,25-Jun-14,7588.55,7589.25,7557.05,7569.25,114968325,6198.93
120,26-Jun-14,7554.1,7570.2,7481.3,7493.2,171676960,9190.64
121,27-Jun-14,7514.2,7538.75,7482.3,7508.8,126673395,6688.8
122,30-Jun-14,7534.05,7623.65,7531.6,7611.35,152303166,7887.37
123,01-Jul-14,7629,7649.5,7618.15,7634.7,139431498,6983.63
124,02-Jul-14,7683.05,7732.4,7677.3,7725.15,136324329,7363.75
125,03-Jul-14,7734.35,7754.65,7706.8,7714.8,133755275,7320.09
126,04-Jul-14,7718.1,7758,7661.3,7751.6,113070488,5863.82
127,07-Jul-14,7780.4,7792,7755.1,7787.15,173926355,8925.04
128,08-Jul-14,7804.05,7808.85,7595.9,7623.2,180646306,9002.25
129,09-Jul-14,7637.95,7650.1,7551.65,7585,168348843,8176.28
130,10-Jul-14,7589.5,7731.05,7479.05,7567.75,258385778,11431.68
131,11-Jul-14,7584.1,7625.85,7447.2,7459.6,187592951,8983.29
132,14-Jul-14,7469,7478.45,7422.15,7454.15,135231220,6659.48
133,15-Jul-14,7491.3,7534.9,7459.15,7526.65,122068670,6124.15
134,16-Jul-14,7564.15,7640.1,7532.45,7624.4,167973291,8186.24
135,17-Jul-14,7612.7,7655.65,7612.7,7640.45,141612002,6753.11
136,18-Jul-14,7630.25,7685,7595.5,7663.9,134603073,6903.7
137,21-Jul-14,7701.65,7722.1,7674,7684.2,105401279,5794.45
138,22-Jul-14,7708.2,7773.85,7704.8,7767.85,120081148,6494.69
139,23-Jul-14,7794.9,7809.2,7752.9,7795.75,122119113,7062.52
140,24-Jul-14,7796.25,7835.65,7771.65,7830.6,117608370,6271.45
141,25-Jul-14,7828.2,7840.95,7748.6,7790.45,153936037,7827.61
142,28-Jul-14,7792.9,7799.9,7722.65,7748.7,116534670,6107.78
143,30-Jul-14,7746.2,7798.7,7707.6,7791.4,178110084,10175.5
144,31-Jul-14,7784.65,7791.85,7711.15,7721.3,208857257,11718.26
145,01-Aug-14,7662.5,7716.7,7593.9,7602.6,181070405,9796.7
146,04-Aug-14,7639.55,7694.8,7622.05,7683.65,137040004,7495.07
147,05-Aug-14,7706.65,7752.45,7638.05,7746.55,128238762,6772.55
148,06-Aug-14,7726.15,7740.95,7658.95,7672.05,116361342,6905.9
149,07-Aug-14,7651.15,7708.95,7630.4,7649.25,116792296,6030.02
150,08-Aug-14,7588.7,7592.45,7540.1,7568.55,118429659,6283.56
151,11-Aug-14,7619.85,7635.55,7598.6,7625.95,106972573,5535.13
152,12-Aug-14,7688.8,7735.75,7654.8,7727.05,120611660,6181.17
153,13-Aug-14,7717.3,7757.1,7695.7,7739.55,154083920,8030.41
154,14-Aug-14,7756.15,7796.7,7739.1,7791.7,127328105,6745.33
155,18-Aug-14,7785.25,7880.5,7779.2,7874.25,126742201,6892.25
156,19-Aug-14,7901,7918.55,7881.15,7897.5,140615189,7928.8
157,20-Aug-14,7915.8,7922.7,7864.05,7875.3,117321408,6234.79
158,21-Aug-14,7875.35,7919.65,7855.95,7891.1,115221672,7502.01
159,22-Aug-14,7904.55,7929.05,7900.05,7913.2,104074858,7088.03
160,25-Aug-14,7931.75,7968.25,7897.95,7906.3,118465594,6152.32
161,26-Aug-14,7874.5,7915.45,7862.45,7904.75,142829732,6735.18
162,27-Aug-14,7933.9,7946.85,7916.55,7936.05,119961224,6261.16
163,28-Aug-14,7942.25,7967.8,7939.2,7954.35,189698796,10417.14
164,01-Sep-14,7990.35,8035,7984,8027.7,139328061,6944.65
165,02-Sep-14,8038.6,8101.95,8036.55,8083.05,134897503,7143.64
166,03-Sep-14,8110.85,8141.9,8092.25,8114.6,150726992,8444.29
167,04-Sep-14,8114.2,8114.8,8060.9,8095.95,141280504,6925.82
168,05-Sep-14,8099.9,8122.7,8049.85,8086.85,125981094,6559.7
169,08-Sep-14,8132.95,8180.2,8126.15,8173.9,120694390,6623.08
170,09-Sep-14,8161.9,8174.55,8126.5,8152.95,104740540,5364.95
171,10-Sep-14,8135.55,8135.75,8082.1,8094.1,107064326,5561.6
172,11-Sep-14,8115.15,8127.95,8057.3,8085.7,122818159,6492.35
173,12-Sep-14,8087.05,8114.3,8071.6,8105.5,111444349,6156.73
174,15-Sep-14,8070.35,8077.3,8030,8042,96502556,5387.06
175,16-Sep-14,8036.6,8044.9,7925.15,7932.9,127952551,6647.49
176,17-Sep-14,7971.5,7990.65,7936.95,7975.5,123722390,6689.37
177,18-Sep-14,7950.65,8120.85,7939.7,8114.75,116930309,6891.09
178,19-Sep-14,8129.4,8160.9,8105.35,8121.45,161284509,8957.42
179,22-Sep-14,8084.45,8159.9,8064.8,8146.3,105507265,5710.43
180,23-Sep-14,8144.4,8159.75,8008.1,8017.55,140780912,7947.61
181,24-Sep-14,8015.55,8042.05,7950.05,8002.4,182208501,7981.87
182,25-Sep-14,8003.3,8019.3,7877.35,7911.85,231899016,11692.69
183,26-Sep-14,7885.85,7993.3,7841.8,7968.85,147835866,8247.78
184,29-Sep-14,7978.45,7991.75,7934.7,7958.9,97267975,5089.35
185,30-Sep-14,7948.8,8030.9,7923.85,7964.8,141142071,7467.66
186,01-Oct-14,7960.5,7977.5,7936.7,7945.55,112997913,5979.61
187,07-Oct-14,7897.4,7943.05,7842.7,7852.4,148199508,7982.75
188,08-Oct-14,7828.75,7869.9,7815.75,7842.7,135914083,7408.61
189,09-Oct-14,7886.5,7972.35,7886.5,7960.55,123767811,6797.45
190,10-Oct-14,7911,7924.05,7848.45,7859.95,142926893,8473.9
191,13-Oct-14,7831,7901.15,7796,7884.25,118781369,6584.44
192,14-Oct-14,7923.25,7928,7825.45,7864,225472732,7709
193,16-Oct-14,7837.3,7893.9,7729.65,7748.2,213529479,9087.06
194,17-Oct-14,7733.75,7819.2,7723.85,7779.7,177623196,9626.9
195,20-Oct-14,7896.95,7905.95,7856.95,7879.4,176171562,8357.41
196,21-Oct-14,7906.15,7936.6,7874.35,7927.75,163403385,8432.94
197,22-Oct-14,7997.8,8005,7974.55,7995.9,151104463,7301.77
198,23-Oct-14,8027.7,8031.75,8008.85,8014.55,19640498,915.37
199,27-Oct-14,8064.35,8064.4,7985.65,7991.7,132824881,6511.8
200,28-Oct-14,8002.4,8037.8,7995.05,8027.6,124058566,6993.84
201,29-Oct-14,8077.05,8097.95,8052.25,8090.45,148313096,7406
202,30-Oct-14,8085.2,8181.55,8085.2,8169.2,205666559,11023.46
203,31-Oct-14,8200.8,8330.75,8198.05,8322.2,176165086,9450.53
204,03-Nov-14,8348.15,8350.6,8297.65,8324.15,141090166,7439.54
205,05-Nov-14,8351.25,8365.55,8323.5,8338.3,161614922,9021.74
206,07-Nov-14,8331.85,8360.35,8290.25,8337,153433693,11379.2
207,10-Nov-14,8337.8,8383.05,8304.45,8344.25,130749013,6932.28
208,11-Nov-14,8354.1,8378.7,8321.85,8362.65,122010840,6559.73
209,12-Nov-14,8378.9,8415.05,8370.5,8383.3,125243330,6535.31
210,13-Nov-14,8405.25,8408,8320.35,8357.85,127361048,6511.91
211,14-Nov-14,8360.7,8400.65,8346.8,8389.9,146768580,7849.19
212,17-Nov-14,8378.4,8438.1,8349.1,8430.75,113879138,7270.5
213,18-Nov-14,8441.25,8454.5,8407.25,8425.9,134678948,7323.18
214,19-Nov-14,8440.65,8455.65,8360.5,8382.3,125399132,6997.58
215,20-Nov-14,8406.5,8410.85,8353.15,8401.9,122775989,6218.34
216,21-Nov-14,8408.2,8489.8,8398.6,8477.35,137015453,7889.99
217,24-Nov-14,8490.95,8534.65,8490.8,8530.15,140657508,7180.3
218,25-Nov-14,8530.8,8535.35,8429.45,8463.1,271914173,12210.62
219,26-Nov-14,8450.3,8500.3,8438.65,8475.75,151922494,7123.76
220,27-Nov-14,8477.8,8506.75,8456.35,8494.2,194298604,9556.05
221,28-Nov-14,8516.8,8617,8516.25,8588.25,197214619,10053.47
222,01-Dec-14,8605.1,8623,8545.15,8555.9,151990638,8565.14
223,02-Dec-14,8535.45,8560.2,8504.65,8524.7,137386984,6753.13
224,03-Dec-14,8528.7,8546.95,8508.35,8537.65,153199341,7664.86
225,04-Dec-14,8582.4,8626.95,8526.4,8564.4,143477230,6687.99
226,05-Dec-14,8584.25,8588.35,8523.9,8538.3,143345553,6452.4
227,08-Dec-14,8538.65,8546.35,8432.25,8438.25,163819529,13929.39
228,09-Dec-14,8439.3,8444.5,8330.5,8340.7,146266705,7115.31
229,10-Dec-14,8318.05,8376.8,8317,8355.65,136656345,6738.18
230,11-Dec-14,8338.85,8348.3,8272.4,8292.9,133862999,6718.85
231,12-Dec-14,8302,8321.9,8216.3,8224.1,138080911,6894.03
232,15-Dec-14,8160.75,8242.4,8152.5,8219.6,137140608,6720.94
233,16-Dec-14,8172.6,8189.35,8052.6,8067.6,197337631,8920.29
234,17-Dec-14,8041.2,8082,7961.35,8029.8,216216145,9966.02
235,18-Dec-14,8138.9,8174.3,8084.9,8159.3,162112021,7352.6
236,19-Dec-14,8230.45,8263.45,8208.6,8225.2,174796496,8246.76
237,22-Dec-14,8255,8330.95,8228.2,8324,139159658,5745.04
238,23-Dec-14,8324.6,8364.75,8252.85,8267,132190368,5629.52
239,24-Dec-14,8272.05,8286.4,8155.25,8174.1,221905876,11229.76
240,26-Dec-14,8204.8,8234.55,8147.95,8200.7,75528707,2995.12
241,29-Dec-14,8214.7,8279.15,8214.7,8246.3,82086035,3340.07
242,30-Dec-14,8260.3,8268.25,8220.55,8248.25,77695770,3460.46
243,31-Dec-14,8243.9,8291,8243.75,8282.7,84532600,4221.32
244,01-Jan-15,8272.8,8294.7,8248.75,8284,56560411,2321.88
245,02-Jan-15,8288.7,8410.6,8288.7,8395.45,101887024,4715.72
246,05-Jan-15,8407.95,8445.6,8363.9,8378.4,118160545,5525.52
247,06-Jan-15,8325.3,8327.85,8111.35,8127.35,172799618,8089.19
248,07-Jan-15,8118.65,8151.2,8065.45,8102.1,164075424,7464.33
249,08-Jan-15,8191.4,8243.5,8167.3,8234.6,143802802,8147.4
250,09-Jan-15,8285.45,8303.3,8190.8,8284.5,152612528,9305.95
251,12-Jan-15,8291.35,8332.6,8245.6,8323,103153908,5437.76
252,13-Jan-15,8346.15,8356.65,8267.9,8299.4,129561892,6499.2
253,14-Jan-15,8307.25,8326.45,8236.65,8277.55,150621631,7020.91
254,15-Jan-15,8424.5,8527.1,8380.55,8494.15,232138802,10725.62
255,16-Jan-15,8504.05,8530.75,8452.25,8513.8,181365905,8690.54
256,19-Jan-15,8550.05,8570.95,8531.5,8550.7,129346422,6292.59
257,20-Jan-15,8575.1,8707.9,8574.5,8695.6,158713840,7838.19
258,21-Jan-15,8719.65,8741.85,8689.6,8729.5,191651012,9735.99
259,22-Jan-15,8745.85,8774.15,8727,8761.4,180912372,9025.95
260,23-Jan-15,8827.95,8866.4,8795.4,8835.6,197124706,9716.57
261,27-Jan-15,8871.35,8925.05,8825.45,8910.5,192010521,9988.36
262,28-Jan-15,8902.75,8985.05,8874.05,8914.3,190805926,10313.46
263,29-Jan-15,8901.5,8966.65,8861.25,8952.35,264245843,13427.54
264,30-Jan-15,8996.6,8996.6,8775.1,8808.9,275587957,12385.18
265,02-Feb-15,8802.5,8840.8,8751.1,8797.4,216556534,10430.34
266,03-Feb-15,8823.15,8837.3,8726.65,8756.55,208672175,9888.1
267,04-Feb-15,8789.15,8792.85,8704.4,8723.7,201252375,8707.82
268,05-Feb-15,8733.1,8838.45,8683.65,8711.7,179008853,9126.1
269,06-Feb-15,8696.85,8726.2,8645.55,8661.05,176554075,7912.1
270,09-Feb-15,8584.4,8605.55,8516.35,8526.35,151329604,6863.17
271,10-Feb-15,8478.1,8646.25,8470.5,8565.55,202294693,9965.76
272,11-Feb-15,8603.3,8651.95,8593.65,8627.4,166560867,7602.46
273,12-Feb-15,8676.95,8732.55,8599.25,8711.55,163681352,7669.87
274,13-Feb-15,8741.5,8822.1,8729.65,8805.5,228807812,10248.41
275,16-Feb-15,8831.4,8870.1,8793.4,8809.35,140637331,7047.32
276,18-Feb-15,8811.55,8894.3,8808.9,8869.1,152152801,10153.74
277,19-Feb-15,8883.05,8913.45,8794.45,8895.3,219867400,9794.26
278,20-Feb-15,8895.5,8899.95,8816.3,8833.6,203714864,8193.56
279,23-Feb-15,8856.85,8869,8736.1,8754.95,143932325,7171.05
280,24-Feb-15,8772.9,8800.5,8726.75,8762.1,154368611,7413.31
281,25-Feb-15,8801.9,8840.65,8751.4,8767.25,139406599,6986.78
282,26-Feb-15,8779,8786.05,8669.45,8683.85,224185492,10531.16
283,27-Feb-15,8729.5,8856.95,8717.45,8844.6,257226273,11924.49
284,28-Feb-15,8913.05,8941.1,8751.35,8901.85,246453954,10064.41
285,02-Mar-15,8953.85,8972.35,8885.45,8956.75,224772586,11525.5
286,03-Mar-15,8962.85,9008.4,8925.55,8996.25,183251960,9033.61
287,04-Mar-15,9109.15,9119.2,8893.95,8922.65,256060375,12130.98
288,05-Mar-15,8929.4,8957.55,8849.35,8937.75,165081476,8250.55
289,09-Mar-15,8891.15,8891.3,8740.45,8756.75,160332840,8132.43
290,10-Mar-15,8769.75,8778,8677.35,8712.05,168916337,8402.33
291,11-Mar-15,8728.75,8755.6,8682.35,8699.95,178053293,8259.67
292,12-Mar-15,8740.65,8787.2,8732.9,8776,179337979,8184.46
293,13-Mar-15,8844.05,8849.75,8631.75,8647.75,184665971,8121.26
294,16-Mar-15,8656.75,8663.55,8612,8633.15,168438040,7559.94
295,17-Mar-15,8689.1,8742.55,8630.8,8723.3,182504639,8086.26
296,18-Mar-15,8742.9,8747.25,8664,8685.9,161153533,8227.5
297,19-Mar-15,8749.45,8788.2,8614.65,8634.65,168628424,8460.35
298,20-Mar-15,8627.9,8627.9,8553,8570.9,179982752,8484.23
299,23-Mar-15,8591.55,8608.35,8540.55,8550.9,155425780,6195.45
300,24-Mar-15,8537.05,8627.75,8535.85,8542.95,161465466,7913.26
301,25-Mar-15,8568.9,8573.75,8516.55,8530.8,165952155,8200.05
302,26-Mar-15,8474.95,8499.45,8325.35,8342.15,288758332,13667.31
303,27-Mar-15,8396,8413.2,8269.15,8341.4,198979321,9528.86
304,30-Mar-15,8390.95,8504.55,8380.75,8492.3,142061290,6713.2
305,31-Mar-15,8527.6,8550.45,8454.15,8491,177059509,8108.36
306,01-Apr-15,8483.7,8603.4,8464.75,8586.25,136312446,6863.03
307,06-Apr-15,8615.8,8667.55,8573.75,8659.9,150877855,7633
308,07-Apr-15,8684.45,8693.6,8586.85,8660.3,141765381,7287.01
309,08-Apr-15,8698.95,8730.5,8679.8,8714.4,149617725,7889.65
310,09-Apr-15,8756.2,8785.5,8682.45,8778.3,158192905,8391.19
311,10-Apr-15,8774.35,8787.4,8733.6,8780.35,141464357,7119.96
312,13-Apr-15,8801.75,8841.65,8762.1,8834,122833397,6242.71
313,15-Apr-15,8844.75,8844.8,8722.4,8750.2,170458015,8908.26
314,16-Apr-15,8757.05,8760,8645.65,8706.7,149337173,8268.33
315,17-Apr-15,8698.05,8699.85,8596.7,8606,155474164,9134.37
316,20-Apr-15,8618.8,8619.95,8422.75,8448.1,154492312,8930.38
317,21-Apr-15,8416.1,8469.35,8352.7,8377.75,418959074,32873.45
318,22-Apr-15,8400.4,8449.95,8284.7,8429.7,176926942,10002.48
319,23-Apr-15,8478.2,8504.95,8361.85,8398.3,169840748,9801.34
320,24-Apr-15,8405.7,8413.3,8273.35,8305.25,177843969,10984.24
321,27-Apr-15,8330.55,8334.45,8202.35,8213.8,174706337,10143.36
322,28-Apr-15,8215.55,8308,8185.15,8285.6,183754628,9560.13
323,29-Apr-15,8274.8,8308.2,8219.2,8239.75,174958511,8571.95
324,30-Apr-15,8224.5,8229.4,8144.75,8181.5,281696257,14755.35
325,04-May-15,8230.05,8346,8220.45,8331.95,136913823,7856.18
326,05-May-15,8338.4,8355.65,8280.6,8324.8,156019941,8138.54
327,06-May-15,8316.6,8331.95,8083,8097,212509839,10894.12
328,07-May-15,8077,8122.6,7997.15,8057.3,166563657,8443.96
329,08-May-15,8131.5,8224.95,8123.45,8191.5,188776090,8961.33
330,11-May-15,8243.2,8332.75,8224.65,8325.25,197882948,8396.12
331,12-May-15,8326.15,8326.65,8115.3,8126.95,178753978,8779.53
332,13-May-15,8181.55,8254.95,8089.8,8235.45,175015183,8391.93
333,14-May-15,8232.45,8236.25,8137.3,8224.2,138964395,6763.72
334,15-May-15,8240.3,8279.2,8212.2,8262.35,133838055,6463.64
335,18-May-15,8284.95,8384.6,8271.95,8373.65,153340463,7459.18
336,19-May-15,8356.2,8427.8,8335,8365.65,144642344,7266.52
337,20-May-15,8392.65,8440.35,8391.45,8423.25,127388797,6151.44
338,21-May-15,8434.5,8446.35,8382.5,8421,148189485,7641.6
339,22-May-15,8432.5,8489.55,8420.6,8458.95,193080657,8261.69
340,25-May-15,8438.15,8441.95,8364.15,8370.25,125051166,5555.29
341,26-May-15,8377.1,8378.9,8320.05,8339.35,120428892,5908.3
342,27-May-15,8302.75,8342.85,8277.95,8334.6,170583401,8131.59
343,28-May-15,8345.7,8364.5,8270.15,8319,239549060,11449.91
344,29-May-15,8327.1,8443.9,8305.7,8433.65,375232198,20736.2
345,01-Jun-15,8417.25,8467.15,8405.4,8433.4,125990614,7254.01
346,02-Jun-15,8442.8,8445.35,8226.05,8236.45,151337661,8083.17
347,03-Jun-15,8232.45,8236.7,8094.15,8135.1,176661646,7920.26
348,04-Jun-15,8155.15,8160.05,8056.75,8130.65,159470840,7560.49
349,05-Jun-15,8119.15,8191,8100.15,8114.7,167055308,7588.4
350,08-Jun-15,8124.35,8131,8030.55,8044.15,140075743,6230.61
351,09-Jun-15,8026.5,8057.15,8005.15,8022.4,140217686,6442.05
352,10-Jun-15,8024.15,8152.25,8023.8,8124.45,141030200,6790.27
353,11-Jun-15,8157.3,8163.05,7958.25,7965.35,171348959,7868.44
354,12-Jun-15,7959.85,7995.6,7940.3,7982.9,140839875,6737.25
355,15-Jun-15,7986.6,8057.7,7944.85,8013.9,137116389,6129.12
356,16-Jun-15,8004.2,8061.85,7952.35,8047.3,127809460,5923.8
357,17-Jun-15,8084.2,8136.85,8048.95,8091.55,157205716,7878.66
358,18-Jun-15,8113.7,8186.9,8101.8,8174.6,149266110,7767.77
359,19-Jun-15,8201.15,8250.8,8195.65,8224.95,151575997,7722.05
360,22-Jun-15,8259.3,8369.45,8257.4,8353.1,126542473,6163.02
361,23-Jun-15,8377.45,8398.45,8334.95,8381.55,135844708,6437.33
362,24-Jun-15,8399.4,8421.35,8338.9,8360.85,134062733,7175.22
363,25-Jun-15,8336.25,8423.15,8329.5,8398,207421340,9911.16
364,26-Jun-15,8393.95,8408.55,8339.7,8381.1,113959476,5848.78
365,29-Jun-15,8247.05,8329.45,8195.65,8318.4,136106699,6604.12
366,30-Jun-15,8316.35,8378,8298.95,8368.5,163366250,8425.52
367,01-Jul-15,8376.25,8481.6,8370.15,8453.05,135887471,6938.05
368,02-Jul-15,8471.95,8479.25,8433.2,8444.9,115472141,6065.26
369,03-Jul-15,8440.1,8497.75,8424.15,8484.9,91142979,4983.21
370,06-Jul-15,8386.15,8533.15,8386.15,8522.15,104578132,5517.86
371,07-Jul-15,8525.5,8561.35,8483.85,8510.8,126038231,6054.41
372,08-Jul-15,8439.2,8457.5,8341.4,8363.05,193886999,8876.81
373,09-Jul-15,8364.85,8400.3,8323,8328.55,135358659,6610.4
374,10-Jul-15,8365.7,8377.1,8315.4,8360.55,158883926,8128.47
375,13-Jul-15,8397.25,8471.65,8355.4,8459.65,121380175,6506.28
376,14-Jul-15,8470.6,8480.25,8424.1,8454.1,104893796,5454.41
377,15-Jul-15,8463.4,8531.4,8462.95,8523.8,108835522,5805.53
378,16-Jul-15,8546.15,8616.1,8542.9,8608.05,119637042,6544.15
379,17-Jul-15,8623.65,8642.95,8593.15,8609.85,108190401,5713.13
380,20-Jul-15,8623.9,8624.1,8559,8603.45,93439295,5107.62
381,21-Jul-15,8601.5,8646.75,8517.9,8529.45,169151098,10699.52
382,22-Jul-15,8512.25,8643.9,8498.65,8633.5,141018383,7427.34
383,23-Jul-15,8643.95,8654.75,8573.8,8589.8,136962516,7747.81
384,24-Jul-15,8588.15,8589.15,8513.5,8521.55,131344832,6942.22
385,27-Jul-15,8492.1,8492.2,8351.55,8361,140828066,7353.09
386,28-Jul-15,8371.1,8397.4,8321.75,8337,179983810,8403.15
387,29-Jul-15,8365.6,8381.5,8338.45,8375.05,145399010,7232.34
388,30-Jul-15,8417,8458.9,8408.3,8421.8,221939186,10007.3
389,31-Jul-15,8456.1,8548.95,8448,8532.85,209629301,9522.19
390,03-Aug-15,8510.65,8563.95,8508.1,8543.05,161485758,7738.1
391,04-Aug-15,8564.1,8565.15,8448.25,8516.9,193226091,9003.82
392,05-Aug-15,8547.45,8591.85,8545.85,8567.95,136948290,6434.82
393,06-Aug-15,8585.8,8606.3,8551.5,8588.65,139116393,6595.25
394,07-Aug-15,8580.8,8595.95,8552.7,8564.6,148073594,6528.28
395,10-Aug-15,8577,8621.55,8497.8,8525.6,127194886,5780.49
396,11-Aug-15,8548.45,8556.25,8441.3,8462.35,159192694,7049.29
397,12-Aug-15,8445.7,8446.95,8337.95,8349.45,195904304,8630.35
398,13-Aug-15,8384.45,8429.5,8339.75,8355.85,195079107,7840.58
399,14-Aug-15,8402.35,8530.1,8381.2,8518.55,160680260,7090.58
400,17-Aug-15,8530.5,8530.6,8428.05,8477.3,180083830,6543.01
401,18-Aug-15,8505.85,8525.75,8433.6,8466.55,157991554,6501.24
402,19-Aug-15,8468.05,8520.45,8425.95,8495.15,134512114,6338.67
403,20-Aug-15,8471.05,8501.35,8359.75,8372.75,189841783,9193.19
404,21-Aug-15,8305.4,8322.2,8225.05,8299.95,207542070,9606.33
405,24-Aug-15,8055.95,8060.05,7769.4,7809,322096413,13856.66
406,25-Aug-15,7895.4,7925.4,7667.25,7880.7,308255265,13420.76
407,26-Aug-15,7865.25,7930.05,7777.1,7791.85,223261362,10207.56
408,27-Aug-15,7921.6,7963.6,7862.3,7948.95,314422773,14282.73
409,28-Aug-15,8053.7,8091.8,7961.65,8001.95,201572450,8641.87
410,31-Aug-15,8009.25,8043.6,7947.95,7971.3,204254629,9547.7
411,01-Sep-15,7907.95,7929.1,7746.5,7785.85,190581167,8633.26
412,02-Sep-15,7856.65,7862.55,7699.25,7717,222003483,9794.29
413,03-Sep-15,7774.45,7845.6,7754.05,7823,160609681,7060.37
414,04-Sep-15,7803.4,7804.9,7626.85,7655.05,199569987,8200.69
415,07-Sep-15,7685.85,7705.05,7545.9,7558.8,145763902,5768.15
416,08-Sep-15,7587.7,7720.9,7539.5,7688.25,177514609,7380.17
417,09-Sep-15,7805.85,7846.05,7764.55,7818.6,214842731,8550.1
418,10-Sep-15,7729.05,7819.85,7678.5,7788.1,165313439,6992.42
419,11-Sep-15,7833.8,7864.85,7759.9,7789.3,140576943,6014.16
420,14-Sep-15,7811.1,7879.95,7761.85,7872.25,126630775,5277.75
421,15-Sep-15,7867.35,7880,7799.75,7829.1,140722007,6252.35
422,16-Sep-15,7886.85,7913.9,7853.3,7899.15,144331414,6650.61
423,18-Sep-15,7967.45,8055,7955.85,7981.9,249313429,11328.64
424,21-Sep-15,7911.5,7987.9,7908.35,7977.1,125628591,5482.45
425,22-Sep-15,8014.8,8021.6,7787.75,7812,173569429,7887.06
426,23-Sep-15,7737.35,7882.9,7723.25,7845.95,151196367,6869.26
427,24-Sep-15,7838.4,7894.5,7804.1,7868.5,208766516,9732.18
428,28-Sep-15,7892.8,7893.95,7787.95,7795.7,140480206,7120.05
429,29-Sep-15,7725.7,7926.55,7691.2,7843.3,248106979,11184.67
430,30-Sep-15,7924.25,7957.7,7874.5,7948.9,217187896,9981.56
431,01-Oct-15,7992.05,8008.25,7930.65,7950.9,161809883,8896.78
432,05-Oct-15,8005.1,8128.9,8005.1,8119.3,188830270,9589.63
433,06-Oct-15,8180.45,8180.95,8096.5,8152.9,184037905,8461.64
434,07-Oct-15,8146.2,8188.9,8132.9,8177.4,199911165,7894.19
435,08-Oct-15,8196.75,8196.75,8105.85,8129.35,177030502,7837.16
436,09-Oct-15,8186.35,8232.2,8139.65,8189.7,205859184,7960.62
437,12-Oct-15,8231.5,8244.5,8128.2,8143.6,205255913,7604.3
438,13-Oct-15,8121.95,8150.25,8088.6,8131.7,150431773,6877.36
439,14-Oct-15,8102.4,8139.3,8096.35,8107.9,143158108,6607.21
440,15-Oct-15,8134.35,8190.55,8129.8,8179.5,172429864,7625.17
441,16-Oct-15,8193.65,8246.4,8147.65,8238.15,161153559,6956.78
442,19-Oct-15,8262.55,8283.05,8239.2,8275.05,128300205,6880.43
443,20-Oct-15,8280.3,8294.05,8229.2,8261.65,159947752,7661.53
444,21-Oct-15,8258.35,8294.4,8217.15,8251.7,149270047,6689.35
445,23-Oct-15,8308.25,8328.1,8280.75,8295.45,156664310,7466.28
446,26-Oct-15,8333.65,8336.3,8252.05,8260.55,138006303,6799.49
447,27-Oct-15,8230.35,8241.95,8217.05,8232.9,161493491,8271.49
448,28-Oct-15,8188.9,8209.1,8131.8,8171.2,194708669,9131.44
449,29-Oct-15,8175.45,8179.6,8098,8111.75,224234135,10569.95
450,30-Oct-15,8123.55,8146.1,8044.4,8065.8,205663493,9218.39
451,02-Nov-15,8054.55,8060.7,7995.6,8050.8,140323983,6552.67
452,03-Nov-15,8086.35,8100.35,8031.75,8060.7,136625382,5955.64
453,04-Nov-15,8104.9,8116.1,8027.3,8040.2,125935846,5696.01
454,05-Nov-15,8030.35,8031.2,7944.1,7955.45,136223827,6001.38
455,06-Nov-15,7956.55,8002.65,7926.15,7954.3,226329409,8771.77
456,09-Nov-15,7788.25,7937.75,7771.7,7915.2,218422388,9376.17
457,10-Nov-15,7877.6,7885.1,7772.85,7783.35,170267413,7153.47
458,11-Nov-15,7838.8,7847.95,7819.1,7825,22380435,1123.44
459,13-Nov-15,7762.45,7775.1,7730.9,7762.25,165876819,7731.55
460,16-Nov-15,7732.95,7838.85,7714.15,7806.6,154134885,6871.15
461,17-Nov-15,7848.75,7860.45,7793,7837.55,149451211,6367.14
462,18-Nov-15,7823.15,7843.4,7725.05,7731.8,148037721,6112.32
463,19-Nov-15,7788.5,7854.9,7765.45,7842.75,136702518,7410.15
464,20-Nov-15,7841.9,7906.95,7817.8,7856.55,156610433,7298.01
465,23-Nov-15,7869.5,7877.5,7825.2,7849.25,130871603,6099.09
466,24-Nov-15,7837,7870.35,7812.65,7831.6,134562905,6686.27
467,26-Nov-15,7837.15,7897.1,7832,7883.8,226632193,11054.04
468,27-Nov-15,7910.6,7959.3,7879.45,7942.7,154863047,7068.72
469,30-Nov-15,7936.25,7966,7922.8,7935.25,223041699,15368.67
470,01-Dec-15,7958.15,7972.15,7934.15,7954.9,142945421,6796.67
471,02-Dec-15,7976.7,7979.3,7910.8,7931.35,130207404,6242.53
472,03-Dec-15,7902.3,7912.3,7853.3,7864.15,129628400,5636.41
473,04-Dec-15,7817.6,7821.4,7775.7,7781.9,157231681,7758.36
474,07-Dec-15,7816.55,7825.4,7746.05,7765.4,141893279,6403.97
475,08-Dec-15,7738.5,7771.25,7685.45,7701.7,139318392,5986.06
476,09-Dec-15,7695.5,7702.85,7606.9,7612.5,144315690,6599.6
477,10-Dec-15,7643.3,7691.95,7610,7683.3,145249292,6492.02
478,11-Dec-15,7699.6,7703.05,7575.3,7610.45,172996480,6894.44
479,14-Dec-15,7558.2,7663.95,7551.05,7650.05,153492615,6290.42
480,15-Dec-15,7659.15,7705,7625.1,7700.9,138479057,6152.14
481,16-Dec-15,7725.25,7776.6,7715.75,7750.9,159149338,6703.76
482,17-Dec-15,7783.05,7852.9,7737.55,7844.35,181256780,7367.15
483,18-Dec-15,7828.9,7836.15,7753.35,7761.95,197319843,8074.5
484,21-Dec-15,7745.65,7840.75,7733.45,7834.45,130174102,5558.38
485,22-Dec-15,7829.4,7846.3,7776.85,7786.1,129633328,5028.11
486,23-Dec-15,7830.45,7871.45,7826.1,7865.95,121480721,4663.45
487,24-Dec-15,7888.75,7888.75,7835.5,7861.05,96374245,3383.99
488,28-Dec-15,7863.2,7937.2,7863,7925.15,126737811,5755.48
489,29-Dec-15,7929.2,7942.15,7902.75,7928.95,116535971,4950.36
490,30-Dec-15,7938.6,7944.75,7889.85,7896.25,110145855,4392.87
491,31-Dec-15,7897.8,7955.55,7891.15,7946.35,155645098,6780.85
492,01-Jan-16,7938.45,7972.55,7909.8,7963.2,64843836,2613.91
493,04-Jan-16,7924.55,7937.55,7781.1,7791.3,138864905,5897.08
494,05-Jan-16,7828.4,7831.2,7763.25,7784.65,149672973,5948.51
495,06-Jan-16,7788.05,7800.95,7721.2,7741,151715828,6722.17
496,07-Jan-16,7673.35,7674.95,7556.6,7568.3,194732861,7803.21
497,08-Jan-16,7611.65,7634.1,7581.05,7601.35,162348690,6753.57
498,11-Jan-16,7527.45,7605.1,7494.35,7563.85,194836791,7327.15
499,12-Jan-16,7587.2,7588.3,7487.8,7510.3,168975973,7071.48
500,13-Jan-16,7557.9,7590.95,7425.8,7562.4,221908258,9585.17
501,14-Jan-16,7467.4,7604.8,7443.8,7536.8,206988549,9246.75
502,15-Jan-16,7561.65,7566.5,7427.3,7437.8,203643071,8279.07
503,18-Jan-16,7420.35,7463.65,7336.4,7351,240798183,8431.56
504,19-Jan-16,7381.8,7462.75,7364.15,7435.1,194068339,7038.84
505,20-Jan-16,7357,7470.9,7241.5,7309.3,232614141,8794.16
506,21-Jan-16,7376.65,7398.7,7250,7276.8,248113284,9401.16
507,22-Jan-16,7355.7,7433.4,7327.6,7422.45,236282061,7666.39
508,25-Jan-16,7468.75,7487.15,7421.2,7436.15,168202502,5910.99
509,27-Jan-16,7469.6,7477.9,7419.7,7437.75,193389891,6834.77
510,28-Jan-16,7426.5,7468.85,7409.6,7424.65,283036298,10049.88
511,29-Jan-16,7413.35,7575.65,7402.8,7563.55,307934042,11277.33
512,01-Feb-16,7589.5,7600.45,7541.25,7555.95,206645021,8209.5
513,02-Feb-16,7566.65,7576.3,7428.05,7455.55,237338907,8030.99
514,03-Feb-16,7392.45,7419.4,7350.3,7361.8,197863301,6748.17
515,04-Feb-16,7411.45,7457.05,7365.95,7404,229563364,7465.35
516,05-Feb-16,7418.25,7503.15,7406.65,7489.1,257518899,8628.24
517,08-Feb-16,7489.7,7512.55,7363.2,7387.25,176758985,5746.45
518,09-Feb-16,7303.95,7323.45,7275.15,7298.2,218730280,7415.13
519,10-Feb-16,7264.3,7271.85,7177.75,7215.7,254481339,8129.65
520,11-Feb-16,7203.6,7208.65,6959.95,6976.35,301302956,9250.27
521,12-Feb-16,7023.65,7034.8,6869,6980.95,344210729,11062.63
522,15-Feb-16,7057.35,7182.8,7056.8,7162.95,365217073,10204.34
523,16-Feb-16,7201.25,7204.65,7037.7,7048.25,261607451,7638.39
524,17-Feb-16,7058.85,7123.7,6960.65,7108.45,268017961,7686.32
525,18-Feb-16,7177.4,7215.1,7127.85,7191.75,254331498,8051.51
526,19-Feb-16,7170.55,7226.85,7145.95,7210.75,198206480,6156.58
527,22-Feb-16,7208.85,7252.4,7200.7,7234.55,159162842,5832.89
528,23-Feb-16,7240.3,7241.7,7090.7,7109.55,200396978,6433.16
529,24-Feb-16,7075,7090.8,7009.75,7018.7,205898417,6497.18
530,25-Feb-16,7029.85,7034.2,6961.4,6970.6,291932544,9090.16
531,26-Feb-16,7039.3,7052.9,6985.1,7029.75,213142575,6880.96
532,29-Feb-16,7050.45,7094.6,6825.8,6987.05,487969285,15992.15
533,01-Mar-16,7038.25,7235.5,7035.1,7222.3,283561570,9896.58
534,02-Mar-16,7321.7,7380.35,7308.15,7368.85,348965708,10983.06
535,03-Mar-16,7429.55,7483.95,7406.05,7475.6,287248532,9255.43
536,04-Mar-16,7505.4,7505.9,7444.1,7485.35,290441230,8135.06
537,08-Mar-16,7486.4,7527.15,7442.15,7485.3,264945393,8417.86
538,09-Mar-16,7436.1,7539,7424.3,7531.8,252709391,9036.29
539,10-Mar-16,7545.35,7547.1,7447.4,7486.15,231584305,8875.92
540,11-Mar-16,7484.85,7543.95,7460.6,7510.2,204806572,7558.55
541,14-Mar-16,7542.6,7583.7,7515.05,7538.75,172067214,6330.45
542,15-Mar-16,7535.85,7545.2,7452.8,7460.6,199653871,7577.78
543,16-Mar-16,7457.05,7508,7405.15,7498.75,201430035,7102.59
544,17-Mar-16,7557.4,7585.3,7479.4,7512.55,247043954,9539.89
545,18-Mar-16,7534.65,7613.6,7517.9,7604.35,244727490,9971.59
546,21-Mar-16,7619.2,7713.55,7617.7,7704.25,202853386,8381.51
547,22-Mar-16,7695.55,7728.2,7643.8,7714.9,215355848,8628.05
548,23-Mar-16,7717.45,7726.85,7670.6,7716.5,205794773,7612.54
549,28-Mar-16,7741,7749.4,7587.7,7615.1,249905118,10102.36
550,29-Mar-16,7606.55,7652.9,7582.25,7597,223493457,10474.75
551,30-Mar-16,7651.1,7741.95,7643.45,7735.2,239843751,9908.6
552,31-Mar-16,7727.65,7777.6,7702,7738.4,391914059,15918.74
553,01-Apr-16,7718.05,7740.15,7666.1,7713.05,189571551,8118.47
554,04-Apr-16,7733.15,7764.45,7704.4,7758.8,160277940,6506.44
555,05-Apr-16,7736.3,7736.3,7588.65,7603.2,210126897,8412.34
556,06-Apr-16,7636.05,7638.65,7591.75,7614.35,170653808,6802.69
557,07-Apr-16,7630.4,7630.75,7535.85,7546.45,241684050,7709.23
558,08-Apr-16,7542.35,7569.35,7526.7,7555.2,147816460,5981.23
559,11-Apr-16,7577.8,7678.8,7516.85,7671.4,185353268,7055.61
560,12-Apr-16,7669.25,7717.4,7663.35,7708.95,168508978,6945.44
561,13-Apr-16,7777.15,7864.8,7772.2,7850.45,227217288,10071.44
562,18-Apr-16,7908.15,7920.6,7842.75,7914.7,190258561,10356.03
563,20-Apr-16,7950.05,7950.4,7877.55,7914.75,211630060,10069.83
564,21-Apr-16,7953.65,7978.45,7884.1,7912.05,230577117,9613.3
565,22-Apr-16,7891.8,7923.35,7873.35,7899.3,188988540,7714.04
566,25-Apr-16,7894.8,7911,7827,7855.05,150776959,7362.13
567,26-Apr-16,7828.15,7974.5,7822.55,7962.65,208656803,9686.21
568,27-Apr-16,7942,7991,7940.55,7979.9,213174058,9669.04
569,28-Apr-16,7967.4,7992,7834.45,7847.25,301485186,14943.3
570,29-Apr-16,7844.25,7889.05,7788.7,7849.8,251227047,9872.58
571,02-May-16,7822.7,7829.8,7777.3,7805.9,150818181,6079.16
572,03-May-16,7824.8,7890.25,7735.15,7747,192271370,8536.83
573,04-May-16,7724.15,7749,7697.25,7706.55,205939089,7816.27
574,05-May-16,7731,7777.55,7706.85,7735.5,190792828,8089.45
575,06-May-16,7717.65,7738.9,7678.35,7733.45,168662226,6296.51
576,09-May-16,7755.25,7873.65,7753.55,7866.05,165616829,7559.77
577,10-May-16,7873.55,7896.9,7837.7,7887.8,166957276,7306.72
578,11-May-16,7804.65,7893.1,7780.9,7848.85,220712496,9394.05
579,12-May-16,7871.45,7916.05,7849.65,7900.4,157444918,7171.91
580,13-May-16,7881,7881,7784.2,7814.9,185061782,10152.08
581,16-May-16,7831.2,7873.9,7772.15,7860.75,211547775,7790.24
582,17-May-16,7896.85,7940.1,7879.7,7890.75,189140810,8195.95
583,18-May-16,7846.75,7882.05,7810.75,7870.15,161169418,7333.13
584,19-May-16,7875.5,7876.2,7766.8,7783.4,175711829,7163.38
585,20-May-16,7792.2,7812.4,7735.75,7749.7,161889432,6798.89
586,23-May-16,7813.95,7820.6,7722.2,7731.05,177347948,7141.74
587,24-May-16,7738.05,7761.55,7715.8,7748.85,151538169,6119.23
588,25-May-16,7811.8,7941.2,7809.3,7934.9,181636649,8202.39
589,26-May-16,7974.45,8083,7948.5,8069.65,272456307,12422
590,27-May-16,8081.95,8164.2,8077.05,8156.65,268963949,10607.22
591,30-May-16,8166.5,8200,8150.8,8178.5,255086293,9199.38
592,31-May-16,8209.85,8213.6,8134.3,8160.1,485645737,21491.53
593,01-Jun-16,8179.2,8215.35,8171.05,8179.95,200371829,8408.53
594,02-Jun-16,8156.9,8229.5,8154.75,8218.95,187316365,8389.69
595,03-Jun-16,8246.2,8262,8209.85,8220.8,390652017,10762.52
596,06-Jun-16,8228.75,8234.7,8186.05,8201.05,176885226,7657.92
597,07-Jun-16,8235.55,8294.95,8216.4,8266.45,249365706,10462.49
598,08-Jun-16,8285.5,8288.9,8252.05,8273.05,179710369,7614.02
599,09-Jun-16,8273.35,8273.35,8184.6,8203.6,180293039,7973.1
600,10-Jun-16,8180.25,8265.6,8162.85,8170.05,187757375,7853.83
601,13-Jun-16,8102.25,8125.25,8063.9,8110.6,174916286,7343.99
602,14-Jun-16,8134.4,8134.95,8069.5,8108.85,150042362,6003.23
603,15-Jun-16,8139.4,8213.2,8123.15,8206.6,174953935,6945.89
604,16-Jun-16,8180.65,8180.65,8074.45,8140.75,195028743,7764.57
605,17-Jun-16,8176.65,8195.25,8135.8,8170.2,171842760,7741.9
606,20-Jun-16,8115.75,8244.15,8107.35,8238.5,173750792,7392.97
607,21-Jun-16,8255.4,8257.25,8202.15,8219.9,141161921,5978.26
608,22-Jun-16,8213.65,8238.35,8153.25,8203.7,140268297,6377.69
609,23-Jun-16,8201.15,8285.6,8188.3,8270.45,158852677,6805.86
610,24-Jun-16,8029.1,8100.7,7927.05,8088.6,306803641,13263.08
611,27-Jun-16,8039.35,8120.65,8039.35,8094.7,167462711,7614.06
612,28-Jun-16,8096.05,8146.35,8086.85,8127.85,175724276,7777.39
613,29-Jun-16,8173.1,8212.4,8157.65,8204,151499716,6940.87
614,30-Jun-16,8260.25,8308.15,8242.1,8287.75,288031935,12346.32
615,01-Jul-16,8313.05,8356.75,8308.65,8328.35,170581881,7358.38
616,04-Jul-16,8376.75,8398.45,8364.7,8370.7,158955823,6662.92
617,05-Jul-16,8379.3,8381.45,8319.95,8335.95,143253937,5976.01
618,07-Jul-16,8342,8361.95,8317.7,8337.9,160327315,7592.94
619,08-Jul-16,8350,8353.3,8287.55,8323.2,142159935,6886.33
620,11-Jul-16,8413.35,8475.25,8407.05,8467.9,154399933,7576.69
621,12-Jul-16,8502.6,8526.6,8479.2,8521.05,189339750,7873.74
622,13-Jul-16,8540.45,8550.25,8493.55,8519.5,201492184,8284.38
623,14-Jul-16,8515.75,8571.4,8500.7,8565,158738499,6890.07
624,15-Jul-16,8565.45,8594.8,8510.05,8541.4,228598684,12375.84
625,18-Jul-16,8564.05,8587.1,8494.35,8508.7,169400452,8200.06
626,19-Jul-16,8514.3,8540.05,8476.7,8528.55,173050805,7928.14
627,20-Jul-16,8515.45,8569.9,8512.55,8565.85,165349380,7936.36
628,21-Jul-16,8582.7,8585.25,8503.45,8510.1,154575685,7399.71
629,22-Jul-16,8519.65,8548.95,8489.8,8541.2,147619642,6504
630,25-Jul-16,8519.95,8641.15,8517.2,8635.65,154631398,7850.12
631,26-Jul-16,8633.75,8644.9,8577.15,8590.65,159563469,8765.45
632,27-Jul-16,8599.4,8665,8572.05,8615.8,189796380,10885.88
633,28-Jul-16,8636.95,8674.7,8625.25,8666.3,240721865,12998.06
634,29-Jul-16,8668.3,8670.35,8631.15,8638.5,161935155,8428.8
635,01-Aug-16,8654.3,8711.3,8590.5,8636.55,194186858,9881.67
636,02-Aug-16,8647.45,8687.2,8611.4,8622.9,174556789,8652.31
637,03-Aug-16,8635.2,8635.45,8529.6,8544.85,168033073,8507.82
638,04-Aug-16,8599.95,8601.4,8518.15,8551.1,169780463,7399.03
639,05-Aug-16,8600.2,8689.4,8590.15,8683.15,162784913,7635.01
640,08-Aug-16,8712.85,8723.5,8697.6,8711.35,177877012,7862.15
641,09-Aug-16,8727.8,8728.35,8638.2,8678.25,206261255,9111.4
642,10-Aug-16,8686.7,8690.1,8564.6,8575.3,178963496,8206.18
643,11-Aug-16,8572.8,8601.15,8540.05,8592.15,195114539,8634.8
644,12-Aug-16,8605.45,8684.3,8604.45,8672.15,272014034,11998.86
645,16-Aug-16,8670.25,8682.35,8600.45,8642.55,231771409,10937.35
646,17-Aug-16,8639.8,8667.1,8603.6,8624.05,179540691,8161.38
647,18-Aug-16,8648.85,8690.7,8645.05,8673.25,169431656,7900.6
648,19-Aug-16,8694.3,8696.6,8647.1,8666.9,197770568,8354.88
649,22-Aug-16,8667,8684.85,8614,8629.15,156976546,7394.57
650,23-Aug-16,8628.35,8642.15,8580,8632.6,193302503,7309.82
651,24-Aug-16,8648.5,8661.05,8620.9,8650.3,154168043,7199.72
652,25-Aug-16,8668.85,8683.05,8583.65,8592.2,219736214,10508.32
653,26-Aug-16,8614.35,8622.95,8547.55,8572.55,152146666,7153.37
654,29-Aug-16,8583.75,8622,8543.75,8607.45,133723771,6857.99
655,30-Aug-16,8646.75,8750.6,8642.25,8744.35,154828719,8392.76
656,31-Aug-16,8754.05,8819.2,8754.05,8786.2,373422334,22534.29
657,01-Sep-16,8793.6,8813.25,8759.95,8774.65,246336047,9653.93
658,02-Sep-16,8796.35,8824.1,8768.2,8809.65,197385217,8231.93
659,06-Sep-16,8852.7,8950.85,8848.45,8943,201617132,9571.31
660,07-Sep-16,8968.7,8968.7,8913.35,8917.95,299145644,11430.95
661,08-Sep-16,8915.5,8960.35,8896,8952.5,223937056,10773.98
662,09-Sep-16,8934.3,8939.15,8858.7,8866.7,181344327,9976.28
663,12-Sep-16,8732.95,8746.95,8699.4,8715.6,190199613,9248.73
664,14-Sep-16,8710.65,8739.85,8688.9,8726.6,189984289,9112.57
665,15-Sep-16,8743.85,8751.95,8704.35,8742.55,149889703,7347.34
666,16-Sep-16,8780.85,8847.65,8750.5,8779.85,274039556,14430.63
667,19-Sep-16,8788.45,8824.3,8774.2,8808.4,135814177,7364.64
668,20-Sep-16,8816.1,8816.45,8759.3,8775.9,140718486,7035.07
669,21-Sep-16,8790.3,8826.85,8757.3,8777.15,153441330,7572.41
670,22-Sep-16,8873.35,8893.35,8837.8,8867.45,178136644,9305.56
671,23-Sep-16,8880.75,8885.2,8820.3,8831.55,191618169,9793.98
672,26-Sep-16,8807.9,8809.55,8715.1,8723.05,169050086,8518.5
673,27-Sep-16,8748.9,8768.5,8690.5,8706.4,156100521,7446.12
674,28-Sep-16,8711.2,8767.05,8703.15,8745.15,170643694,8348.19
675,29-Sep-16,8792.7,8800.65,8558.25,8591.25,384395249,19467.3
676,30-Sep-16,8581.5,8637.15,8555.2,8611.15,187333285,8849.27
677,03-Oct-16,8666.15,8745.2,8635,8738.1,141472076,7173.62
678,04-Oct-16,8770,8783.65,8736.1,8769.15,189990151,8251.59
679,05-Oct-16,8806.35,8806.95,8731.4,8743.95,162103951,6866.33
680,06-Oct-16,8768.7,8781.15,8684.65,8709.55,168713605,8114.93
681,07-Oct-16,8721.7,8723.7,8663.8,8697.6,155053800,8144.3
682,10-Oct-16,8735.35,8745.8,8703.95,8708.8,111794053,5159.83
683,13-Oct-16,8671.5,8681.55,8541.35,8573.35,218861324,10581.55
684,14-Oct-16,8594,8604.45,8549.8,8583.4,167848947,9613.47
685,17-Oct-16,8612.95,8615.4,8506.15,8520.4,203516577,8590.35
686,18-Oct-16,8556.05,8685.1,8555.9,8677.9,216626083,9162.11
687,19-Oct-16,8697.5,8698.75,8636.7,8659.1,177397872,7790.01
688,20-Oct-16,8693.35,8727,8678.3,8699.4,165952091,7120.32
689,21-Oct-16,8708.6,8709.1,8652.05,8693.05,162162047,8022.44
690,24-Oct-16,8709.85,8736.95,8684.15,8708.95,161966274,6876.28
691,25-Oct-16,8721.7,8722.65,8663.45,8691.3,195696479,8718.02
692,26-Oct-16,8657.3,8657.3,8596.6,8615.25,226133074,9696.9
693,27-Oct-16,8607.1,8624.85,8550.25,8615.25,250336333,12300.53
694,28-Oct-16,8625,8653.75,8581.75,8638,180906084,8953.72
695,30-Oct-16,8672.35,8678.25,8616.25,8625.7,16610872,805.89
696,01-Nov-16,8653.15,8669.6,8614.5,8626.25,170068995,8441.3
697,02-Nov-16,8542.8,8549.5,8504.85,8514,160130480,7683.07
698,03-Nov-16,8499.85,8537.65,8476.15,8484.95,175773254,7558.06
699,04-Nov-16,8503.6,8504,8400.25,8433.75,231783152,11798.48
700,07-Nov-16,8535.75,8535.85,8481.45,8497.05,178070534,8436.7
701,08-Nov-16,8540,8559.4,8480.1,8543.55,201759648,8515.57
702,09-Nov-16,8067.5,8476.2,8002.25,8432,323968654,15536.37
703,10-Nov-16,8555.6,8598.45,8510.7,8525.75,271196930,12386.39
704,11-Nov-16,8456.65,8460.6,8284.95,8296.3,275221694,12485.11
705,15-Nov-16,8284.85,8288.55,8093.2,8108.45,370298063,17387.22
706,16-Nov-16,8205.65,8210.05,8089.4,8111.6,277801233,13705.03
707,17-Nov-16,8105.1,8151.25,8060.3,8079.95,197183084,8713.06
708,18-Nov-16,8097.55,8128.95,8048.3,8074.1,166199545,7901.64
709,21-Nov-16,8102.1,8102.45,7916.4,7929.1,225608889,9199.11
710,22-Nov-16,7989.15,8019.05,7938.15,8002.3,216677654,9000.44
711,23-Nov-16,8051.2,8055.2,7973.1,8033.3,186602328,8681.67
712,24-Nov-16,8011.8,8024.85,7952.55,7965.5,268619026,11868.11
713,25-Nov-16,8007.95,8122.25,7976.75,8114.3,183355873,8920.79
714,28-Nov-16,8080.65,8146.5,8066.5,8126.9,195595287,8666.87
715,29-Nov-16,8131.55,8197.35,8128.7,8142.15,195618384,8486.32
716,30-Nov-16,8172.15,8234.25,8139.25,8224.5,255725357,14473.78
717,01-Dec-16,8244,8250.8,8185.05,8192.9,162597213,7720.96
718,02-Dec-16,8153.55,8159.3,8070.05,8086.8,176767415,8050.5
719,05-Dec-16,8088.75,8141.9,8056.85,8128.75,130435865,6432.02
720,06-Dec-16,8153.15,8178.7,8130.85,8143.15,118854323,5417.56
721,07-Dec-16,8168.4,8190.45,8077.5,8102.05,175024334,7900.03
722,08-Dec-16,8152.1,8256.25,8151.75,8246.85,146857616,7275.01
723,09-Dec-16,8271.7,8274.95,8241.95,8261.75,154344775,6866.81
724,12-Dec-16,8230.65,8230.65,8154.45,8170.8,111432551,5026.02
725,13-Dec-16,8196.15,8228.85,8155.8,8221.8,189739559,8976.54
726,14-Dec-16,8229.35,8229.4,8165.1,8182.45,149132520,6763.63
727,15-Dec-16,8128.4,8225.9,8121.95,8153.6,187425988,8579.44
728,16-Dec-16,8178.2,8178.7,8127.45,8139.45,209268331,9854.07
729,19-Dec-16,8126,8132.5,8094.85,8104.35,110669713,5272.2
730,20-Dec-16,8110.6,8124.1,8062.75,8082.4,132026742,6296.67
731,21-Dec-16,8105.85,8112.55,8053.25,8061.3,127543733,6304.6
732,22-Dec-16,8043.85,8046.45,7964.95,7979.1,126409580,6206.58
733,23-Dec-16,7972.5,8022.6,7942.05,7985.75,127921701,5907.28
734,26-Dec-16,7965.1,7970.05,7893.8,7908.25,110171222,4808.67
735,27-Dec-16,7915.05,8044.65,7903.7,8032.85,122463312,5282.66
736,28-Dec-16,8047.55,8100.55,8028.4,8034.85,130580701,5816.34
737,29-Dec-16,8030.6,8111.1,8020.8,8103.6,183984077,7635.4
738,30-Dec-16,8119.65,8197,8114.75,8185.8,131457250,5800.7
739,02-Jan-17,8210.1,8212,8133.8,8179.5,122016111,5255.49
740,03-Jan-17,8196.05,8219.1,8148.6,8192.25,131186021,6053.67
741,04-Jan-17,8202.65,8218.5,8180.9,8190.5,136476345,6543.13
742,05-Jan-17,8226.65,8282.65,8223.7,8273.8,163957452,8180.68
743,06-Jan-17,8281.85,8306.85,8233.25,8243.8,143689850,7298.74
744,09-Jan-17,8259.35,8263,8227.75,8236.05,102211190,5197.62
745,10-Jan-17,8262.7,8293.8,8261,8288.6,147312927,6904.57
746,11-Jan-17,8327.8,8389,8322.25,8380.65,192285417,8938.68
747,12-Jan-17,8391.05,8417.2,8382.3,8407.2,177948383,7359.24
748,13-Jan-17,8457.65,8461.05,8373.15,8400.35,190949616,9156.16
749,16-Jan-17,8390.95,8426.7,8374.4,8412.8,127938836,6043.67
750,17-Jan-17,8415.05,8440.9,8378.3,8398,125781216,6389.21
751,18-Jan-17,8403.85,8460.3,8397.4,8417,168867039,7411.23
752,19-Jan-17,8418.4,8445.15,8404.05,8435.1,170956149,7324.14
753,20-Jan-17,8404.35,8423.65,8340.95,8349.35,208901233,9014.51
754,23-Jan-17,8329.6,8404.15,8327.2,8391.5,200993100,8664.94
755,24-Jan-17,8407.05,8480.95,8398.15,8475.8,184745781,8524.17
756,25-Jan-17,8499.45,8612.6,8493.95,8602.75,301490150,13901.89
757,27-Jan-17,8610.5,8672.7,8606.9,8641.25,283905821,11568.92
758,30-Jan-17,8635.55,8662.6,8617.75,8632.75,314110760,9333.49
759,31-Jan-17,8629.45,8631.75,8552.4,8561.3,537110119,14721.17
760,01-Feb-17,8570.35,8722.4,8537.5,8716.4,337797412,13494.05
761,02-Feb-17,8724.75,8757.6,8685.8,8734.25,292329202,11555.02
762,03-Feb-17,8735.15,8748.25,8707.75,8740.95,196936238,8193.45
763,06-Feb-17,8785.45,8814.1,8770.2,8801.05,200403782,8701.51
764,07-Feb-17,8805.7,8809.3,8741.05,8768.3,233294532,9060.63
765,08-Feb-17,8774.55,8791.25,8715,8769.05,225485726,9110.24
766,09-Feb-17,8795.55,8821.4,8724.1,8778.4,193282248,8972.67
767,10-Feb-17,8812.35,8822.1,8771.2,8793.55,232947341,10320.17
768,13-Feb-17,8819.8,8826.9,8754.2,8805.05,211180353,8659.48
769,14-Feb-17,8819.9,8820.45,8772.5,8792.3,194133563,8494.44
770,15-Feb-17,8778.95,8807.9,8712.85,8724.7,222828919,10472.37
771,16-Feb-17,8739,8783.95,8719.6,8778,190277738,9695.63
772,17-Feb-17,8883.7,8896.45,8804.25,8821.7,307526025,23432.58
773,20-Feb-17,8818.55,8886.25,8809.8,8879.2,173022362,7833.53
774,21-Feb-17,8890.75,8920.8,8860.95,8907.85,181091326,8863.71
775,22-Feb-17,8931.6,8960.75,8905.25,8926.9,254677956,13514.08
776,23-Feb-17,8956.4,8982.15,8927.55,8939.5,388874096,17243.08
777,27-Feb-17,8943.7,8951.8,8888.65,8896.7,195847099,10388.83
778,28-Feb-17,8898.95,8914.75,8867.6,8879.6,302722890,13819.57
779,01-Mar-17,8904.4,8960.8,8898.6,8945.8,212328974,9681.99
780,02-Mar-17,8982.85,8992.5,8879.8,8899.75,225608140,10075.19
781,03-Mar-17,8883.5,8907.1,8860.1,8897.55,208915878,9783.57
782,06-Mar-17,8915.1,8967.8,8914,8963.45,180194586,8955.06
783,07-Mar-17,8977.75,8977.85,8932.8,8946.9,178827506,8149.28
784,08-Mar-17,8950.7,8957.05,8891.95,8924.3,183325544,9489.36
785,09-Mar-17,8914.5,8945.8,8899.5,8927,176810453,8493.21
786,10-Mar-17,8953.7,8975.7,8903.95,8934.55,157419999,7385.28
787,14-Mar-17,9091.65,9122.75,9060.5,9087,278726933,14087.57
788,15-Mar-17,9086.85,9106.55,9075.5,9084.8,248033251,9671.51
789,16-Mar-17,9129.65,9158.45,9128.55,9153.7,215096446,9275.05
790,17-Mar-17,9207.8,9218.4,9147.6,9160.05,295554265,13226.29
791,20-Mar-17,9166.95,9167.6,9116.3,9126.85,342395900,9251.16
792,21-Mar-17,9133.95,9147.75,9087.2,9121.5,255396073,10191.6
793,22-Mar-17,9047.2,9072.9,9019.3,9030.45,239463699,10065.92
794,23-Mar-17,9048.75,9099.05,9048.6,9086.3,197705274,8699.36
795,24-Mar-17,9104,9133.55,9089.4,9108,210021581,8853.03
796,27-Mar-17,9093.45,9094.85,9024.65,9045.2,209036051,8921.57
797,28-Mar-17,9081.5,9110.4,9079.8,9100.8,188985603,8139.28
798,29-Mar-17,9128.7,9153.15,9109.1,9143.8,250902906,11089.43
799,30-Mar-17,9142.6,9183.15,9136.35,9173.75,333410368,15585.42
800,31-Mar-17,9158.9,9191.7,9152.1,9173.75,196771674,10955.05
801,03-Apr-17,9220.6,9245.35,9192.4,9237.85,143444541,8337.06
802,05-Apr-17,9264.4,9273.9,9215.4,9265.15,190529461,11461.96
803,06-Apr-17,9245.8,9267.95,9218.85,9261.95,191937207,10332.6
804,07-Apr-17,9223.7,9250.5,9188.1,9198.3,195918747,10217.13
805,10-Apr-17,9225.6,9225.65,9174.85,9181.45,139968750,8140.08
806,11-Apr-17,9184.55,9242.7,9172.85,9237,206261727,9385.2
807,12-Apr-17,9242.5,9246.4,9161.8,9203.45,166755013,8412.97
808,13-Apr-17,9202.5,9202.65,9144.95,9150.8,171695600,8908.17
809,17-Apr-17,9144.75,9160,9120.25,9139.3,132244225,6473.27
810,18-Apr-17,9163,9217.9,9095.45,9105.15,179569574,8527.5
811,19-Apr-17,9112.2,9120.5,9075.15,9103.5,179117382,8950.27
812,20-Apr-17,9108.1,9143.9,9102.65,9136.4,175629897,8843.5
813,21-Apr-17,9179.1,9183.65,9088.75,9119.4,159981265,8476.63
814,24-Apr-17,9135.35,9225.4,9130.55,9217.95,172908048,9720.75
815,25-Apr-17,9273.05,9309.2,9250.35,9306.6,173896951,10426.02
816,26-Apr-17,9336.2,9367,9301.35,9351.85,191395120,10483.32
817,27-Apr-17,9359.15,9367.15,9322.65,9342.15,215881711,12910.38
818,28-Apr-17,9340.95,9342.65,9282.25,9304.05,167229353,8673.32
819,02-May-17,9339.85,9352.55,9269.9,9313.8,166558241,9110.59
820,03-May-17,9344.7,9346.3,9298.4,9311.95,156342492,7975.14
821,04-May-17,9360.95,9365.65,9323.25,9359.9,277895923,12379.74
822,05-May-17,9374.55,9377.1,9272,9285.3,239133531,10466.68
823,08-May-17,9311.45,9338.7,9297.95,9314.05,179709949,8300.22
824,09-May-17,9337.35,9338.95,9307.7,9316.85,136417428,7504.66
825,10-May-17,9339.65,9414.75,9336,9407.3,157363135,8619.06
826,11-May-17,9448.6,9450.65,9411.3,9422.4,176439840,9289.89
827,12-May-17,9436.65,9437.75,9372.55,9400.9,159079418,9813.47
828,15-May-17,9433.55,9449.25,9423.1,9445.4,145163953,7790.97
829,16-May-17,9461,9517.2,9456.35,9512.25,171709433,9209.89
830,17-May-17,9517.6,9532.6,9486.1,9525.75,211856040,10726.23
831,18-May-17,9453.2,9489.1,9418.1,9429.45,199340647,10782.46
832,19-May-17,9469.9,9505.75,9390.75,9427.9,259861396,11544.77
833,22-May-17,9480.25,9498.65,9427.9,9438.25,202874757,9432.97
834,23-May-17,9445.05,9448.05,9370,9386.15,231345629,11553.27
835,24-May-17,9410.9,9431.9,9341.65,9360.55,218265181,11045.95
836,25-May-17,9384.05,9523.3,9379.2,9509.75,298147347,16964.26
837,26-May-17,9507.75,9604.9,9495.4,9595.1,225647631,11204.36
838,29-May-17,9560.05,9637.75,9547.7,9604.9,242266034,12484.61
839,30-May-17,9590.65,9635.3,9581.2,9624.55,199894193,9765.4
840,31-May-17,9636.55,9649.6,9609.25,9621.25,427053433,19605.94
841,01-Jun-17,9603.55,9634.65,9589.9,9616.1,181533283,9482.61
842,02-Jun-17,9657.15,9673.5,9637.45,9653.5,167195027,8564.3
843,05-Jun-17,9656.3,9687.2,9640.7,9675.1,131685021,7192.24
844,06-Jun-17,9704.25,9709.3,9630.2,9637.15,150379695,8416.55
845,07-Jun-17,9663.95,9678.55,9630.55,9663.9,165669924,8989.36
846,08-Jun-17,9682.4,9688.7,9641.5,9647.25,160165459,8822.63
847,09-Jun-17,9638.55,9676.25,9608.15,9668.25,163897548,9078.71
848,12-Jun-17,9646.7,9647.05,9598.5,9616.4,145786938,7686.89
849,13-Jun-17,9615.55,9654.15,9595.4,9606.9,133734363,7056.83
850,14-Jun-17,9621.55,9627.4,9580.45,9618.15,187378750,10540.68
851,15-Jun-17,9617.9,9621.4,9560.8,9578.05,176423424,9868.08
852,16-Jun-17,9595.45,9615.85,9565.5,9588.05,219808528,11920.62
853,19-Jun-17,9626.4,9673.3,9614.9,9657.55,146146062,8144.36
854,20-Jun-17,9670.5,9676.5,9643.75,9653.5,164437226,8476.67
855,21-Jun-17,9648.1,9650.45,9608.6,9633.6,148490556,8023.4
856,22-Jun-17,9642.65,9698.85,9617.75,9630,204888654,10738.45
857,23-Jun-17,9643.25,9647.65,9565.3,9574.95,180580579,9092.74
858,27-Jun-17,9594.05,9615.4,9473.45,9511.4,209593904,11084.51
859,28-Jun-17,9520.2,9522.5,9474.35,9491.25,177652206,9103.73
860,29-Jun-17,9522.95,9575.8,9493.8,9504.1,267283587,13395.85
861,30-Jun-17,9478.5,9535.8,9448.75,9520.9,185202600,8783.59
862,03-Jul-17,9587.95,9624,9543.55,9615,188690599,8720.76
863,04-Jul-17,9645.9,9650.65,9595.5,9613.3,149313755,7774.69
864,05-Jul-17,9619.75,9643.65,9607.35,9637.6,134849476,7311.1
865,06-Jul-17,9653.6,9700.7,9639.95,9674.55,152001940,7539.21
866,07-Jul-17,9670.35,9684.25,9642.65,9665.8,146232151,8514.53
867,10-Jul-17,9719.3,9782.15,9646.45,9771.05,40142973,1920.78
868,11-Jul-17,9797.45,9830.05,9778.85,9786.05,185322358,9908.41
869,12-Jul-17,9807.3,9824.95,9787.7,9816.1,150045594,7966.44
870,13-Jul-17,9855.8,9897.25,9853.45,9891.7,186866752,10244.56
871,14-Jul-17,9913.3,9913.3,9845.45,9886.35,164456602,9187.71
872,17-Jul-17,9908.15,9928.2,9894.7,9915.95,168596771,8310.48
873,18-Jul-17,9832.7,9885.35,9792.05,9827.15,303007860,13184.22
874,19-Jul-17,9855.95,9905.05,9851.65,9899.6,206376192,10935.6
875,20-Jul-17,9920.2,9922.55,9863.45,9873.3,166083004,8942.56
876,21-Jul-17,9899.6,9924.7,9838,9915.25,193286125,11860.28
877,24-Jul-17,9936.8,9982.05,9919.6,9966.4,179905535,10837.2
878,25-Jul-17,10010.55,10011.3,9949.1,9964.55,191206247,10491.32
879,26-Jul-17,9983.65,10025.95,9965.95,10020.65,203697844,11403.3
880,27-Jul-17,10063.25,10114.85,10005.5,10020.55,296782048,18601.99
881,28-Jul-17,9996.55,10026.05,9944.5,10014.5,197491415,11996.8
882,31-Jul-17,10034.7,10085.9,10016.95,10077.1,245096535,13131.89
883,01-Aug-17,10101.05,10128.6,10065.75,10114.65,190000516,11515.29
884,02-Aug-17,10136.3,10137.85,10054.2,10081.5,166463276,9165.92
885,03-Aug-17,10081.15,10081.15,9998.25,10013.65,198665837,10714.1
886,04-Aug-17,10008.6,10075.25,9988.35,10066.4,184082134,10397.88
887,07-Aug-17,10074.8,10088.1,10046.35,10057.4,141566282,7827.95
888,08-Aug-17,10068.35,10083.8,9947,9978.55,209645343,10780.41
889,09-Aug-17,9961.15,9969.8,9893.05,9908.05,174395293,8831.72
890,10-Aug-17,9872.85,9892.65,9776.2,9820.25,242820594,12040.13
891,11-Aug-17,9712.15,9771.65,9685.55,9710.8,294732998,13435.56
892,14-Aug-17,9755.75,9818.3,9752.1,9794.15,201613585,9486.82
893,16-Aug-17,9825.85,9903.95,9773.85,9897.3,226269013,10815.38
894,17-Aug-17,9945.55,9947.8,9883.75,9904.15,203652311,9927.47
895,18-Aug-17,9865.95,9865.95,9783.65,9837.4,253931517,15636.16
896,21-Aug-17,9864.25,9884.35,9740.1,9754.35,211627775,11764
897,22-Aug-17,9815.75,9828.45,9752.6,9765.55,189267122,9850.89
898,23-Aug-17,9803.05,9857.9,9786.75,9852.5,173815509,9961.13
899,24-Aug-17,9881.2,9881.5,9848.85,9857.05,190398702,10392.63
900,28-Aug-17,9907.15,9925.75,9882,9912.8,164493772,9900.06
901,29-Aug-17,9886.4,9887.35,9783.75,9796.05,178668444,8469.09
902,30-Aug-17,9859.5,9909.45,9850.8,9884.4,162704136,8008.72
903,31-Aug-17,9905.7,9925.1,9856.95,9917.9,337782004,14619.43
904,01-Sep-17,9937.65,9983.45,9909.85,9974.4,162730656,9314.82
905,04-Sep-17,9984.15,9988.4,9861,9912.85,153369495,8069.64
906,05-Sep-17,9933.25,9963.1,9901.05,9952.2,143522342,7566.62
907,06-Sep-17,9899.25,9931.55,9882.55,9916.2,153767846,8926.98
908,07-Sep-17,9945.85,9964.85,9917.2,9929.9,194626599,9455.48
909,08-Sep-17,9958.65,9963.6,9913.3,9934.8,168698771,8792.49
910,11-Sep-17,9971.75,10028.65,9968.8,10006.05,178409875,9545.94
911,12-Sep-17,10056.85,10097.55,10028.05,10093.05,188248293,9894.2
912,13-Sep-17,10099.25,10131.95,10063.15,10079.3,221608053,10682.41
913,14-Sep-17,10107.4,10126.5,10070.35,10086.6,232637517,11047.46
914,15-Sep-17,10062.35,10115.15,10043.65,10085.4,274799134,13650.9
915,18-Sep-17,10133.1,10171.7,10131.3,10153.1,160852680,8106.66
916,19-Sep-17,10175.6,10178.95,10129.95,10147.55,193345992,8796.21
917,20-Sep-17,10160.95,10171.05,10134.2,10141.15,205605243,10105.71
918,21-Sep-17,10139.6,10158.9,10058.6,10121.9,197710666,11114.28
919,22-Sep-17,10094.35,10095.05,9952.8,9964.4,233621596,11941.88
920,25-Sep-17,9960.1,9960.5,9816.05,9872.6,228206970,11258.68
921,26-Sep-17,9875.25,9891.35,9813,9871.5,196792799,9754.02
922,27-Sep-17,9920.6,9921.05,9714.4,9735.75,206305991,10127.39
923,28-Sep-17,9736.4,9789.2,9687.55,9768.95,396874518,18962.4
924,29-Sep-17,9814.3,9854,9775.35,9788.6,202350211,11087.11
925,03-Oct-17,9893.3,9895.4,9831.05,9859.5,167833406,9698.55
926,04-Oct-17,9884.35,9938.3,9850.65,9914.9,160993982,8790.29
927,05-Oct-17,9927,9945.95,9881.85,9888.7,152362417,7823.55
928,06-Oct-17,9908.15,9989.35,9906.6,9979.7,201858899,9986.18
929,09-Oct-17,9988.2,10015.75,9959.45,9988.75,148395842,7425.19
930,10-Oct-17,10013.7,10034,10002.3,10016.95,153246570,8055.5
931,11-Oct-17,10042.6,10067.25,9955.8,9984.8,195593061,10227.9
932,12-Oct-17,10011.2,10104.45,9977.1,10096.4,207106672,10579.8
933,13-Oct-17,10123.7,10191.9,10120.1,10167.45,237230047,12379.8
934,16-Oct-17,10207.4,10242.95,10175.1,10230.85,209327364,11774.68
935,17-Oct-17,10227.65,10251.85,10212.6,10234.45,201782377,10422.81
936,18-Oct-17,10209.4,10236.45,10175.75,10210.85,262111790,13177.83
937,19-Oct-17,10210.35,10211.95,10123.35,10146.55,31086379,1685.16
938,23-Oct-17,10176.65,10224.15,10124.5,10184.85,224799211,12144.31
939,24-Oct-17,10218.55,10237.75,10182.4,10207.7,223914325,11539.73
940,25-Oct-17,10321.15,10340.55,10240.9,10295.35,612620774,25922.51
941,26-Oct-17,10291.8,10355.65,10271.85,10343.8,443036008,23135.46
942,27-Oct-17,10362.3,10366.15,10311.3,10323.05,322411410,15149.9
943,30-Oct-17,10353.85,10384.5,10344.3,10363.65,244193178,12558.7
944,31-Oct-17,10364.9,10367.7,10323.95,10335.3,239809700,12830.06
945,01-Nov-17,10390.35,10451.65,10383.05,10440.5,268270466,14206.21
946,02-Nov-17,10440.5,10453,10412.55,10423.8,207735021,10779.63
947,03-Nov-17,10461.55,10461.7,10403.6,10452.5,206101238,10070.83
948,06-Nov-17,10431.75,10490.45,10413.75,10451.8,199559409,10231.76
949,07-Nov-17,10477.15,10485.75,10340.8,10350.15,295830692,16182.46
950,08-Nov-17,10361.95,10384.25,10285.5,10303.15,282950322,14789.39
951,09-Nov-17,10358.65,10368.45,10266.95,10308.95,247606613,12697.28
952,10-Nov-17,10304.35,10344.95,10254.1,10321.75,287962940,14682.6
953,13-Nov-17,10322,10334.15,10216.25,10224.95,216799588,11783.34
954,14-Nov-17,10223.4,10248,10175.55,10186.6,314413476,15398.97
955,15-Nov-17,10171.95,10175.45,10094,10118.05,213836202,11609.18
956,16-Nov-17,10152.9,10232.25,10139.2,10214.75,188180035,9995.55
957,17-Nov-17,10324.55,10343.6,10268.05,10283.6,209592893,11023.35
958,20-Nov-17,10287.2,10309.85,10261.5,10298.75,151751415,8502.63
959,21-Nov-17,10329.25,10358.7,10315.05,10326.9,191859084,10443.99
960,22-Nov-17,10350.8,10368.7,10309.55,10342.3,162504058,9136.04
961,23-Nov-17,10358.45,10374.3,10307.3,10348.75,157651842,8789.42
962,24-Nov-17,10366.8,10404.5,10362.25,10389.7,133177324,8197.66
963,27-Nov-17,10361.05,10407.15,10340.2,10399.55,146276512,7551.71
964,28-Nov-17,10387.9,10409.55,10355.2,10370.25,202050866,9979.25
965,29-Nov-17,10376.65,10392.95,10345.9,10361.3,157192930,8852.8
966,30-Nov-17,10332.7,10332.7,10211.25,10226.55,353105240,19005.56
967,01-Dec-17,10263.7,10272.7,10108.55,10121.8,147765528,8518.58
968,04-Dec-17,10175.05,10179.2,10095.7,10127.75,153240126,8458.66
969,05-Dec-17,10118.25,10147.95,10069.1,10118.25,160253042,8749.09
970,06-Dec-17,10088.8,10104.2,10033.35,10044.1,171208366,9598.82
971,07-Dec-17,10063.45,10182.65,10061.9,10166.7,171339022,9910.28
972,08-Dec-17,10198.45,10270.85,10195.25,10265.65,206234019,11468.15
973,11-Dec-17,10310.5,10329.2,10282.05,10322.25,152034656,8453.76
974,12-Dec-17,10324.9,10326.1,10230.2,10240.15,180546894,10380.24
975,13-Dec-17,10236.6,10296.55,10169.85,10192.95,187191964,10070.44
976,14-Dec-17,10229.3,10276.1,10141.55,10252.1,159103960,9549.23
977,15-Dec-17,10345.65,10373.1,10319.65,10333.25,262974703,15106.77
978,18-Dec-17,10263.1,10443.55,10074.8,10388.75,237506982,12921.61
979,19-Dec-17,10414.8,10472.2,10406,10463.2,174340665,10982.95
980,20-Dec-17,10494.4,10494.45,10437.15,10444.2,180597460,11303
981,21-Dec-17,10473.95,10473.95,10426.9,10440.3,156646972,9411.2
982,22-Dec-17,10457.3,10501.1,10448.25,10493,143119167,8755.32
983,26-Dec-17,10512.3,10545.45,10477.95,10531.5,160417384,9043.77
984,27-Dec-17,10531.05,10552.4,10469.25,10490.75,170307122,9077.6
985,28-Dec-17,10498.2,10534.55,10460.45,10477.9,281309989,14551.58
986,29-Dec-17,10492.35,10538.7,10488.65,10530.7,156736221,8943.1
987,01-Jan-18,10531.7,10537.85,10423.1,10435.55,134532090,7546.56
988,02-Jan-18,10477.55,10495.2,10404.65,10442.2,158092430,8665.47
989,03-Jan-18,10482.65,10503.6,10429.55,10443.2,172516859,9541.6
990,04-Jan-18,10469.4,10513,10441.45,10504.8,180257392,9561.95
991,05-Jan-18,10534.25,10566.1,10520.1,10558.85,186469717,10306.22
992,08-Jan-18,10591.7,10631.2,10588.55,10623.6,174181231,9907.27
993,09-Jan-18,10645.1,10659.15,10603.6,10637,211291563,10733.37
994,10-Jan-18,10652.05,10655.5,10592.7,10632.2,181900014,9720.65
995,11-Jan-18,10637.05,10664.6,10612.35,10651.2,158630055,9635.01
996,12-Jan-18,10682.55,10690.4,10597.1,10681.25,180592153,11005.12
997,15-Jan-18,10718.5,10782.65,10713.8,10741.55,181262074,11333.11
998,16-Jan-18,10761.5,10762.35,10687.85,10700.45,217468081,12709.44
999,17-Jan-18,10702.45,10803,10666.75,10788.55,260488465,14334.26
1000,18-Jan-18,10873.4,10887.5,10782.4,10817,321609375,17930.3
1001,19-Jan-18,10829.2,10906.85,10793.9,10894.7,214011963,11792.26
1002,22-Jan-18,10883.2,10975.1,10881.4,10966.2,238815813,14469.06
1003,23-Jan-18,10997.4,11092.9,10994.55,11083.7,293445774,16423.91
1004,24-Jan-18,11069.35,11110.1,11046.15,11086,292197072,16915.14
1005,25-Jan-18,11095.6,11095.6,11009.2,11069.65,340469462,19939.54
1006,29-Jan-18,11079.35,11171.55,11075.95,11130.4,249220726,16118.36
1007,30-Jan-18,11120.85,11121.1,11033.9,11049.65,234969503,13232.19
1008,31-Jan-18,11018.8,11058.5,10979.3,11027.7,253462573,14459.69
1009,01-Feb-18,11044.55,11117.35,10878.8,11016.9,315743486,17719.4
1010,02-Feb-18,10938.2,10954.95,10736.1,10760.6,291431992,16542.51
1011,05-Feb-18,10604.3,10702.75,10586.8,10666.55,247479157,13980.63
1012,06-Feb-18,10295.15,10594.15,10276.3,10498.25,274656443,15606.34
1013,07-Feb-18,10607.2,10614,10446.4,10476.7,258095424,13971.66
1014,08-Feb-18,10518.5,10637.8,10479.55,10576.85,239407938,12569.23
1015,09-Feb-18,10416.5,10480.2,10398.2,10454.95,197502912,10602.15
1016,12-Feb-18,10518.2,10555.5,10485.4,10539.75,224114801,11133.78
1017,14-Feb-18,10585.75,10590.55,10456.65,10500.9,236329440,12188.94
1018,15-Feb-18,10537.9,10618.1,10511.05,10545.5,217090245,11035.38
1019,16-Feb-18,10596.2,10612.9,10434.05,10452.3,190043189,10026.71
1020,19-Feb-18,10488.9,10489.35,10302.75,10378.4,193087737,9871.36
1021,20-Feb-18,10391,10429.35,10347.65,10360.4,193464871,9619.95
1022,21-Feb-18,10426,10426.1,10349.6,10397.45,241331542,12996.36
1023,22-Feb-18,10354.35,10397.55,10340.65,10382.7,323259078,17711.46
1024,23-Feb-18,10408.1,10499.1,10396.65,10491.05,217134363,12704.32
1025,26-Feb-18,10526.55,10592.95,10520.2,10582.6,177238616,10274.89
1026,27-Feb-18,10615.2,10631.65,10537.25,10554.3,193250158,10276.42
1027,28-Feb-18,10488.95,10535.5,10461.55,10492.85,294794221,16299.11
1028,01-Mar-18,10479.95,10525.5,10447.15,10458.35,181378504,10179.48
1029,05-Mar-18,10428.3,10428.7,10323.9,10358.85,199975720,10673.92
1030,06-Mar-18,10420.5,10441.35,10215.9,10249.25,229782297,12143.95
1031,07-Mar-18,10232.95,10243.35,10141.55,10154.2,257200599,12128.88
1032,08-Mar-18,10216.25,10270.35,10146.4,10242.65,233377712,11479.51
1033,09-Mar-18,10271.3,10296.7,10211.9,10226.85,192333334,9874.81
1034,12-Mar-18,10301.6,10433.65,10295.45,10421.4,223135459,10968.95
1035,13-Mar-18,10389.5,10478.6,10377.85,10426.85,274852794,23965.25
1036,14-Mar-18,10393.05,10420.35,10336.3,10410.9,186991169,9564.68
1037,15-Mar-18,10405.45,10420,10346.2,10360.15,179308593,8588.01
1038,16-Mar-18,10345.15,10346.3,10180.25,10195.15,338702439,18811.97
1039,19-Mar-18,10215.35,10224.55,10075.3,10094.25,216670033,11111.43
1040,20-Mar-18,10051.55,10155.65,10049.1,10124.35,209327593,10947.12
1041,21-Mar-18,10181.95,10227.3,10132.95,10155.25,211060429,11269.73
1042,22-Mar-18,10167.5,10207.85,10105.4,10114.75,237632983,11558.88
1043,23-Mar-18,9968.8,10027.7,9951.9,9998.05,294515154,14435.17
1044,26-Mar-18,9989.15,10143.5,9958.55,10130.65,270665332,12695.47
1045,27-Mar-18,10188,10207.9,10139.65,10184.15,232713976,11175.79
1046,28-Mar-18,10143.6,10158.35,10096.9,10113.7,354977198,18807.48
1047,02-Apr-18,10151.65,10220.1,10127.75,10211.8,223135459,10968.95
1048,03-Apr-18,10186.85,10255.35,10171.05,10245,211652029,10167.12
1049,04-Apr-18,10274.6,10279.85,10111.3,10128.4,238182921,11861.79
1050,05-Apr-18,10228.45,10331.8,10227.45,10325.15,244116235,11674.92
1051,06-Apr-18,10322.75,10350.45,10290.85,10331.6,206355691,10131.74
1052,09-Apr-18,10333.7,10397.7,10328.5,10379.35,228512954,10714.13
1053,10-Apr-18,10412.9,10424.85,10381.5,10402.25,259523888,11905.12
1054,11-Apr-18,10428.15,10428.15,10355.6,10417.15,258077363,11790.58
1055,12-Apr-18,10410.65,10469.9,10395.25,10458.65,246027888,12249.66
1056,13-Apr-18,10495.3,10519.9,10451.45,10480.6,219724716,12354.55
1057,16-Apr-18,10398.3,10540.15,10396.35,10528.35,200950876,11242.05
1058,17-Apr-18,10557.3,10560.45,10495.65,10548.7,212449535,10501.71
1059,18-Apr-18,10578.9,10594.2,10509.7,10526.2,211823044,9888.65
1060,19-Apr-18,10563.65,10572.2,10546.2,10565.3,270740891,12559.11
1061,20-Apr-18,10560.35,10582.35,10527.45,10564.05,252227268,15372.66
1062,23-Apr-18,10592.8,10638.35,10514.95,10584.7,200203196,13642.67
1063,24-Apr-18,10578.1,10636.8,10569,10614.35,225972673,12281.53
1064,25-Apr-18,10612.4,10612.6,10536.45,10570.55,195129613,11125.11
1065,26-Apr-18,10586.5,10628.4,10559.65,10617.8,345536167,19200.41
1066,27-Apr-18,10651.65,10719.8,10647.55,10692.3,306671172,16886.89
1067,30-Apr-18,10705.75,10759,10704.6,10739.35,179163468,10412.57
1068,02-May-18,10783.85,10784.65,10689.8,10718.05,236757172,14820.58
1069,03-May-18,10720.15,10720.6,10647.45,10679.65,190869804,11018.21
1070,04-May-18,10700.45,10700.45,10601.6,10618.25,192296041,9721.56
1071,07-May-18,10653.15,10725.65,10635.65,10715.5,173620240,9239.44
1072,08-May-18,10757.9,10758.55,10689.4,10717.8,278118616,12783.49
1073,09-May-18,10693.35,10766.25,10689.85,10741.7,222115640,10390.92
1074,10-May-18,10779.65,10785.55,10705,10716.55,197988475,10526.38
1075,11-May-18,10741.95,10812.05,10724.45,10806.5,209392114,10432.43
1076,14-May-18,10815.15,10834.85,10774.75,10806.6,176697512,9075.44
1077,15-May-18,10812.6,10929.2,10781.4,10801.85,262202312,13582.7
1078,16-May-18,10751.95,10790.45,10699.7,10741.1,238221884,11359.48
1079,17-May-18,10775.6,10777.25,10664.5,10682.7,220738923,12506.3
1080,18-May-18,10671.85,10674.95,10589.1,10596.4,229908939,13908.47
1081,21-May-18,10616.7,10621.7,10505.8,10516.7,197294184,11346.13
1082,22-May-18,10518.45,10558.6,10490.55,10536.7,249236637,12017.36
1083,23-May-18,10521.1,10533.55,10417.8,10430.35,299919120,13456.6
1084,24-May-18,10464.85,10535.15,10419.8,10513.85,306792497,12914.16
1085,25-May-18,10533.05,10628.05,10524,10605.15,268914888,12431.16
1086,28-May-18,10648.35,10709.8,10640.55,10688.65,239786001,11764.35
1087,29-May-18,10689.4,10717.25,10616.1,10633.3,232761575,11817.39
1088,30-May-18,10579,10648.7,10558.45,10614.35,246124259,12224.76
1089,31-May-18,10670.1,10763.8,10620.4,10736.15,629198569,29479.77
1090,01-Jun-18,10738.45,10764.75,10681.5,10696.2,227355567,12965.01
1091,04-Jun-18,10765.95,10770.3,10618.35,10628.5,210148313,14120.49
1092,05-Jun-18,10630.7,10633.15,10550.9,10593.15,172898027,10027.54
1093,06-Jun-18,10603.45,10698.35,10587.5,10684.65,195761429,9920.75
1094,07-Jun-18,10722.6,10818,10722.6,10768.35,227663151,11315.24
1095,08-Jun-18,10736.4,10779.45,10709.05,10767.65,215942528,12360.88
1096,11-Jun-18,10781.85,10850.55,10777.05,10786.95,217849903,11384.97
1097,12-Jun-18,10816.15,10856.55,10789.4,10842.85,204419184,11989.07
1098,13-Jun-18,10887.5,10893.25,10842.65,10856.7,220003032,12982.8
1099,14-Jun-18,10832.9,10833.7,10773.55,10808.05,190031664,11659.79
1100,15-Jun-18,10808.65,10834,10755.4,10817.7,314764425,19271.43
1101,18-Jun-18,10830.2,10830.2,10787.35,10799.85,202727202,11182.48
1102,19-Jun-18,10789.45,10789.45,10701.2,10710.45,231382790,12290.16
1103,20-Jun-18,10734.65,10781.8,10724.05,10772.05,199467082,10858.35
1104,21-Jun-18,10808.45,10809.6,10725.9,10741.1,230507383,12211.18
1105,22-Jun-18,10742.7,10837,10710.45,10821.85,236898415,13520.01
1106,25-Jun-18,10822.9,10831.05,10753.05,10762.45,236693278,12012.41
1107,26-Jun-18,10742.7,10805.25,10732.55,10769.15,226846382,12113.53
1108,27-Jun-18,10785.5,10785.5,10652.4,10671.4,253620792,13837.03
1109,28-Jun-18,10660.8,10674.2,10557.7,10589.1,363157327,20187.98
1110,29-Jun-18,10612.85,10723.05,10612.35,10714.3,250327878,14440.17
1111,02-Jul-18,10732.35,10736.15,10604.65,10657.3,304536687,13591.3
1112,03-Jul-18,10668.6,10713.3,10630.25,10699.9,208371545,10896.89
1113,04-Jul-18,10715,10777.15,10677.75,10769.9,179268271,10388.69
1114,05-Jul-18,10786.05,10786.05,10726.25,10749.75,227267176,13676.58
1115,06-Jul-18,10744.15,10816.35,10735.05,10772.65,256547706,14006.48
1116,09-Jul-18,10838.3,10860.35,10807.15,10852.9,189331016,10843.92
1117,10-Jul-18,10902.75,10956.9,10876.65,10947.25,203061980,12834.85
1118,11-Jul-18,10956.4,10976.65,10923,10948.3,229211999,15944.45
1119,12-Jul-18,11006.95,11078.3,10999.65,11023.2,256034815,15787.28
1120,13-Jul-18,11056.9,11071.35,10999.75,11018.9,241670818,14744.56
1121,16-Jul-18,11018.95,11019.5,10926.25,10936.85,216971413,13709.57
1122,17-Jul-18,10939.65,11018.5,10925.6,11008.05,217107580,12649.4
1123,18-Jul-18,11060.2,11076.2,10956.3,10980.45,232502459,13320.2
1124,19-Jul-18,10999.5,11006.5,10935.45,10957.1,222056399,12199.98
1125,20-Jul-18,10963.5,11030.25,10946.2,11010.2,193144113,14105.94
1126,23-Jul-18,11019.85,11093.4,11010.95,11084.75,236153085,14932.51
1127,24-Jul-18,11109,11143.4,11092.5,11134.3,212247395,13931.15
1128,25-Jul-18,11148.4,11157.15,11113.25,11132,212333169,12528.8
1129,26-Jul-18,11132.95,11185.85,11125.7,11167.3,376657398,21595.33
1130,27-Jul-18,11232.75,11283.4,11210.25,11278.35,324343457,15203.09
1131,30-Jul-18,11296.65,11328.1,11261.45,11319.55,287435926,14716.66
1132,31-Jul-18,11311.05,11366,11267.75,11356.5,264430889,15297.4
1133,01-Aug-18,11359.8,11390.55,11313.55,11346.2,278012697,14436.12
1134,02-Aug-18,11328.9,11328.9,11234.95,11244.7,216533127,12267.66
1135,03-Aug-18,11297.8,11368,11294.55,11360.8,225146360,12984.66
1136,06-Aug-18,11401.5,11427.65,11370.6,11387.1,210002582,11321.55
1137,07-Aug-18,11423.15,11428.95,11359.7,11389.45,233409612,12457.71
1138,08-Aug-18,11412.5,11459.95,11379.3,11450,217047641,12422.62
1139,09-Aug-18,11493.25,11495.2,11454.1,11470.7,311521403,15842.76
1140,10-Aug-18,11474.95,11478.75,11419.65,11429.5,336424182,15738.26
1141,13-Aug-18,11369.6,11406.3,11340.3,11355.75,254466760,12899.22
1142,14-Aug-18,11381.7,11452.45,11370.8,11435.1,239841680,13935.35
1143,16-Aug-18,11397.15,11449.85,11366.25,11385.05,299610298,17081.62
1144,17-Aug-18,11437.15,11486.45,11431.8,11470.75,241985503,13275.31
1145,20-Aug-18,11502.1,11565.3,11499.65,11551.75,239843358,14119.93
1146,21-Aug-18,11576.2,11581.75,11539.6,11570.9,231063669,13528.83
1147,23-Aug-18,11620.7,11620.7,11546.7,11582.75,256163842,16117.77
1148,24-Aug-18,11566.6,11604.6,11532,11557.1,225604574,13019.55
1149,27-Aug-18,11605.85,11700.95,11595.6,11691.95,205689327,11707.5
1150,28-Aug-18,11731.95,11760.2,11710.5,11738.5,249420312,13946.7
1151,29-Aug-18,11744.95,11753.2,11678.85,11691.9,259351550,14324.65
1152,30-Aug-18,11694.75,11698.8,11639.7,11676.8,323450305,18275.54
1153,31-Aug-18,11675.85,11727.65,11640.1,11680.5,357230312,20755.73
1154,03-Sep-18,11751.8,11751.8,11567.4,11582.35,241726864,16139.58
1155,04-Sep-18,11598.75,11602.55,11496.85,11520.3,262701030,16254.78
1156,05-Sep-18,11514.85,11542.65,11393.85,11476.95,253689858,15078.23
1157,06-Sep-18,11514.15,11562.25,11436.05,11536.9,255558129,15161
1158,07-Sep-18,11558.25,11603,11484.4,11589.1,305029077,16441.02
1159,10-Sep-18,11570.25,11573,11427.3,11438.1,295597988,16513.89
1160,11-Sep-18,11476.85,11479.4,11274,11287.5,318093125,18745.54
1161,12-Sep-18,11340.1,11380.75,11250.2,11369.9,276509748,15567.9
1162,14-Sep-18,11443.5,11523.25,11430.55,11515.2,285218296,16423.36
1163,17-Sep-18,11464.95,11464.95,11366.9,11377.75,207620518,11294.84
1164,18-Sep-18,11381.55,11411.45,11268.95,11278.9,248298794,13814.11
1165,19-Sep-18,11326.65,11332.05,11210.9,11234.35,258424384,15116.69
1166,21-Sep-18,11271.3,11346.8,10866.45,11143.1,741153209,35131.19
1167,24-Sep-18,11164.4,11170.15,10943.6,10967.4,398815949,23023.34
1168,25-Sep-18,10969.95,11080.6,10882.85,11067.45,417548830,22878.57
1169,26-Sep-18,11145.55,11145.55,10993.05,11053.8,351041146,17803.68
1170,27-Sep-18,11079.8,11089.45,10953.35,10977.55,418210067,22582.86
1171,28-Sep-18,11008.1,11034.1,10850.3,10930.45,492894147,23227.86
1172,01-Oct-18,10930.9,11035.65,10821.55,11008.3,398987274,20391.72
1173,03-Oct-18,10982.7,10989.05,10843.75,10858.25,398756507,21225.59
1174,04-Oct-18,10754.7,10754.7,10547.25,10599.25,438202008,23711.57
1175,05-Oct-18,10514.1,10540.65,10261.9,10316.45,625153832,25254.21
1176,08-Oct-18,10310.15,10398.35,10198.4,10348.05,470279031,22130.94
1177,09-Oct-18,10390.3,10397.6,10279.35,10301.05,443795275,18285.41
1178,10-Oct-18,10331.85,10482.35,10318.25,10460.1,373844130,19592.59
1179,11-Oct-18,10169.8,10335.95,10138.6,10234.65,498509417,21907.13
1180,12-Oct-18,10331.55,10492.45,10322.15,10472.5,354056762,18606.04
1181,15-Oct-18,10524.2,10526.3,10410.15,10512.5,267517728,14372.15
1182,16-Oct-18,10550.15,10604.9,10525.3,10584.75,273444095,15453.03
1183,17-Oct-18,10688.7,10710.15,10436.45,10453.05,293586908,17173.14
1184,19-Oct-18,10339.7,10380.1,10249.6,10303.55,368552204,20505.66
1185,22-Oct-18,10405.85,10408.55,10224,10245.25,306472776,17241.94
1186,23-Oct-18,10152.6,10222.1,10102.35,10146.8,312042090,18114.71
1187,24-Oct-18,10278.15,10290.65,10126.7,10224.75,362272428,19413.24
1188,25-Oct-18,10135.05,10166.6,10079.3,10124.9,522421914,23503.76
1189,26-Oct-18,10122.35,10128.85,10004.55,10030,375563273,16120.14
1190,29-Oct-18,10078.1,10275.3,10020.35,10250.85,375749433,17514.85
1191,30-Oct-18,10239.4,10285.1,10175.35,10198.4,298753965,14789.51
1192,31-Oct-18,10209.55,10396,10105.1,10386.6,386618948,21513.85
1193,01-Nov-18,10441.7,10441.9,10341.9,10380.45,359340403,18111.88
1194,02-Nov-18,10462.3,10606.95,10457.7,10553,434175607,21758.8
1195,05-Nov-18,10558.75,10558.8,10477,10524,311176379,14761.17
1196,06-Nov-18,10552,10600.25,10491.45,10530,309878810,14006.19
1197,07-Nov-18,10614.45,10616.45,10582.3,10598.4,32194181,1534.08
1198,09-Nov-18,10614.7,10619.55,10544.85,10585.2,305817331,15294.83
1199,12-Nov-18,10607.8,10645.5,10464.05,10482.2,267710127,13445.33
1200,13-Nov-18,10451.9,10596.25,10440.55,10582.5,262541595,13078.98
1201,14-Nov-18,10634.9,10651.6,10532.7,10576.3,396373781,19374.89
1202,15-Nov-18,10580.6,10646.5,10557.5,10616.7,306011926,14937.67
1203,16-Nov-18,10644,10695.15,10631.15,10682.2,353384918,16728.88
1204,19-Nov-18,10731.25,10774.7,10688.8,10763.4,280522364,13540.9
1205,20-Nov-18,10740.1,10740.85,10640.85,10656.2,304322623,13077.24
1206,21-Nov-18,10670.95,10671.3,10562.35,10600.05,310191008,15382.32
1207,22-Nov-18,10612.65,10646.25,10512,10526.75,246926671,12254.36
1208,26-Nov-18,10568.3,10637.8,10489.75,10628.6,332863041,15927.25
1209,27-Nov-18,10621.45,10695.15,10596.35,10685.6,382834178,17296.28
1210,28-Nov-18,10708.75,10757.8,10699.85,10728.85,437627174,17737.28
1211,29-Nov-18,10808.7,10883.05,10782.35,10858.7,712650890,26283.43
1212,30-Nov-18,10892.1,10922.45,10835.1,10876.75,467857329,19964.33
1213,03-Dec-18,10930.7,10941.2,10845.35,10883.75,422358631,18484.91
1214,04-Dec-18,10877.1,10890.95,10833.35,10869.5,332137359,15857.16
1215,05-Dec-18,10820.45,10821.05,10747.95,10782.9,322019985,15176.26
1216,06-Dec-18,10718.15,10722.65,10588.25,10601.15,328275196,16488.87
1217,07-Dec-18,10644.8,10704.55,10599.35,10693.7,335849636,18597.83
1218,10-Dec-18,10508.7,10558.85,10474.95,10488.45,393097292,16524.36
1219,11-Dec-18,10350.05,10567.15,10333.85,10549.15,438699334,20112.91
1220,12-Dec-18,10591,10752.2,10560.8,10737.6,371697496,17447.45
1221,13-Dec-18,10810.75,10838.6,10749.5,10791.55,387810061,17582.8
1222,14-Dec-18,10784.5,10815.75,10752.1,10805.45,350579275,14486.1
1223,17-Dec-18,10853.2,10900.35,10844.85,10888.35,306145514,12528.59
1224,18-Dec-18,10850.9,10915.4,10819.1,10908.7,294942271,13556.45
1225,19-Dec-18,10930.55,10985.15,10928,10967.3,321801803,17172.64
1226,20-Dec-18,10885.2,10962.55,10880.05,10951.7,328802751,14945.94
1227,21-Dec-18,10944.25,10963.65,10738.65,10754,389235107,18663.85
1228,24-Dec-18,10780.9,10782.3,10649.25,10663.5,230291344,10695.6
1229,26-Dec-18,10635.45,10747.5,10534.55,10729.85,271942701,12831.99
1230,27-Dec-18,10817.9,10834.2,10764.45,10779.8,470160392,19119.88
1231,28-Dec-18,10820.95,10893.6,10817.15,10859.9,253086507,12615.01
1232,31-Dec-18,10913.2,10923.55,10853.2,10862.55,186494657,10176.13
1233,01-Jan-19,10881.7,10923.6,10807.1,10910.1,159404542,8688.26
1234,02-Jan-19,10868.85,10895.35,10735.05,10792.5,309665939,15352.25
1235,03-Jan-19,10796.8,10814.05,10661.25,10672.25,286241745,15030.45
1236,04-Jan-19,10699.7,10741.05,10628.65,10727.35,296596655,14516.74
1237,07-Jan-19,10804.85,10835.95,10750.15,10771.8,269371080,12731.29
1238,08-Jan-19,10786.25,10818.45,10733.25,10802.15,277697672,13433.48
1239,09-Jan-19,10862.4,10870.4,10749.4,10855.15,333010535,16213.3
1240,10-Jan-19,10859.35,10859.35,10801.8,10821.6,254365477,12031.26
1241,11-Jan-19,10834.75,10850.15,10739.4,10794.95,260792200,13084.6
1242,14-Jan-19,10807,10808,10692.35,10737.6,298774178,12732.57
1243,15-Jan-19,10777.55,10896.95,10777.55,10886.8,310737078,14879.91
1244,16-Jan-19,10899.65,10928.15,10876.9,10890.3,276539042,13081.63
1245,17-Jan-19,10920.85,10930.65,10844.65,10905.2,271676319,13215.83
1246,18-Jan-19,10914.85,10928.2,10852.2,10906.95,323814108,16408.83
1247,21-Jan-19,10919.35,10987.45,10885.75,10961.85,288829125,17289.7
1248,22-Jan-19,10949.8,10949.8,10864.15,10922.75,300768112,17483.62
1249,23-Jan-19,10931.05,10944.8,10811.95,10831.5,298876314,14736.91
1250,24-Jan-19,10844.05,10866.6,10798.65,10849.8,361082096,15298.48
1251,25-Jan-19,10859.75,10931.7,10756.45,10780.55,463444758,20542.36
1252,28-Jan-19,10792.45,10804.45,10630.95,10661.55,419682627,21144.33
1253,29-Jan-19,10653.7,10690.35,10583.65,10652.2,356908994,18832.06
1254,30-Jan-19,10702.25,10710.2,10612.85,10651.8,410107910,21214.81
1255,31-Jan-19,10690.55,10838.05,10678.55,10830.95,604818027,27471.18
1256,01-Feb-19,10851.35,10983.45,10813.45,10893.65,482272661,23112.37
1257,04-Feb-19,10876.75,10927.9,10814.15,10912.25,318300039,15478.81
1258,05-Feb-19,10908.65,10956.7,10886.7,10934.35,268095127,13435.13
1259,06-Feb-19,10965.1,11072.6,10962.7,11062.45,298510497,15172.85
1260,07-Feb-19,11070.45,11118.1,11043.6,11069.4,263544426,13542.69
1261,08-Feb-19,11023.5,11041.2,10925.45,10943.6,352787419,15507.05
1262,11-Feb-19,10930.9,10930.9,10857.1,10888.8,285985383,13818.92
1263,12-Feb-19,10879.7,10910.9,10823.8,10831.4,292314643,14424.78
1264,13-Feb-19,10870.55,10891.65,10772.1,10793.65,321958549,15360.98
1265,14-Feb-19,10786.1,10792.7,10718.75,10746.05,627041405,20797.41
1266,15-Feb-19,10780.25,10785.75,10620.4,10724.4,521876968,20733.95
1267,18-Feb-19,10738.65,10759.9,10628.4,10640.95,345440240,14903.19
1268,19-Feb-19,10636.7,10722.85,10585.65,10604.35,291507060,13765.01
1269,20-Feb-19,10655.45,10752.7,10646.4,10735.45,289195306,13209.71
1270,21-Feb-19,10744.1,10808.85,10721.5,10789.85,279584955,14758.5
1271,22-Feb-19,10782.7,10801.55,10758.4,10791.65,396846597,24386.42
1272,25-Feb-19,10813.25,10887.1,10788.05,10880.1,385905142,16466.09
1273,26-Feb-19,10775.3,10888.75,10729.3,10835.3,414954476,19186.75
1274,27-Feb-19,10881.2,10939.7,10751.2,10806.65,381080073,18313.85
1275,28-Feb-19,10865.7,10865.7,10784.85,10792.5,644159018,27123.34
1276,01-Mar-19,10842.65,10877.9,10823.1,10863.5,308526309,15010.06
1277,05-Mar-19,10864.85,10994.9,10817,10987.45,373220239,17960.03
1278,06-Mar-19,11024.85,11062.3,10998.85,11053,372550850,17850.93
1279,07-Mar-19,11077.95,11089.05,11027.1,11058.2,321208766,15321.68
1280,08-Mar-19,11038.85,11049,11008.95,11035.4,326569833,14369.77
1281,11-Mar-19,11068.75,11180.9,11059.85,11168.05,352242287,17349.95
1282,12-Mar-19,11231.35,11320.4,11227,11301.2,391310519,20861.35
1283,13-Mar-19,11326.2,11352.3,11276.6,11341.7,382996187,20851.67
1284,14-Mar-19,11382.5,11383.45,11313.75,11343.25,294480678,15661.05
1285,15-Mar-19,11376.85,11487,11370.8,11426.85,463704896,25143.26
1286,18-Mar-19,11473.85,11530.15,11412.5,11462.2,320250041,16942.22
1287,19-Mar-19,11500.3,11543.85,11451.25,11532.4,326099667,16179.92
1288,20-Mar-19,11553.35,11556.1,11503.1,11521.05,366298049,18311.44
1289,22-Mar-19,11549.2,11572.8,11434.55,11456.9,386193935,19755.74
1290,25-Mar-19,11395.65,11395.65,11311.6,11354.25,294459196,14101.14
1291,26-Mar-19,11375.2,11496.75,11352.45,11483.25,282575496,14611.68
1292,27-Mar-19,11531.45,11546.2,11413,11445.05,350446089,18356.52
1293,28-Mar-19,11463.65,11588.5,11452.45,11570,527678809,25719.65
1294,29-Mar-19,11625.45,11630.35,11570.15,11623.9,416276981,20515.25
1295,01-Apr-19,11665.2,11738.1,11644.75,11669.15,379572660,18977.99
1296,02-Apr-19,11711.55,11729.35,11655.85,11713.2,386131413,18673.7
1297,03-Apr-19,11735.3,11761,11629.15,11643.95,365760070,19050.95
1298,04-Apr-19,11660.2,11662.55,11559.2,11598,349029830,19713.01
1299,05-Apr-19,11638.4,11689.65,11609.5,11665.95,266665797,15000.35
1300,08-Apr-19,11704.35,11710.3,11549.1,11604.5,260932608,14203.96
1301,09-Apr-19,11612.05,11683.9,11569.7,11671.95,300467538,15984.39
1302,10-Apr-19,11646.85,11680.05,11571.75,11584.3,359941110,22258.46
1303,11-Apr-19,11592.55,11606.7,11550.55,11596.7,279775726,14332.2
1304,12-Apr-19,11612.85,11657.35,11578.8,11643.45,246006184,13598.61
1305,15-Apr-19,11667,11704.6,11648.25,11690.35,289996075,15635.79
1306,16-Apr-19,11736.2,11810.95,11731.55,11787.15,354315040,17585.48
1307,18-Apr-19,11856.15,11856.15,11738.5,11752.8,339653709,18271.27
1308,22-Apr-19,11727.05,11727.05,11583.95,11594.45,260356055,13754.12
1309,23-Apr-19,11612.95,11645.95,11564.8,11575.95,272544486,14500.53
1310,24-Apr-19,11601.5,11740.85,11578.85,11726.15,335196513,17046.66
1311,25-Apr-19,11735.7,11796.75,11624.3,11641.8,604360395,28254.3
1312,26-Apr-19,11683.75,11762.9,11661.75,11754.65,333483764,18098.83
1313,30-Apr-19,11748.75,11756.25,11655.9,11748.15,532630874,23324.98
1314,02-May-19,11725.55,11789.3,11699.55,11724.75,380278045,17790.06
1315,03-May-19,11722.6,11770.9,11699.35,11712.25,305519934,15156.32
1316,06-May-19,11605.8,11632.55,11571.35,11598.25,299046480,14703.42
1317,07-May-19,11651.5,11657.05,11484.45,11497.9,337495624,16632.84
1318,08-May-19,11478.7,11479.1,11346.95,11359.45,372826025,17440.01
1319,09-May-19,11322.4,11357.6,11255.05,11301.8,373028059,17602.86
1320,10-May-19,11314.15,11345.8,11251.05,11278.9,387323416,18085.19
1321,13-May-19,11258.7,11300.2,11125.6,11148.2,357586433,16722.91
1322,14-May-19,11151.65,11294.75,11108.3,11222.05,398122725,19906.38
1323,15-May-19,11271.7,11286.8,11136.95,11157,414174258,17931.75
1324,16-May-19,11180.35,11281.55,11143.35,11257.1,350734572,15629.57
1325,17-May-19,11261.9,11426.15,11259.85,11407.15,412109200,20177.63
1326,20-May-19,11651.9,11845.2,11591.7,11828.25,452096261,25223.78
1327,21-May-19,11863.65,11883.55,11682.8,11709.1,381038129,20324.67
1328,22-May-19,11727.95,11784.8,11682.4,11737.9,355870667,19582.41
1329,23-May-19,11901.3,12041.15,11614.5,11657.05,569030654,31180.08
1330,24-May-19,11748,11859,11658.1,11844.1,374637415,20028.49
1331,27-May-19,11855.5,11957.15,11812.4,11924.75,348356214,17735.36
1332,28-May-19,11958.35,11958.55,11864.9,11928.75,598308334,28833.54
1333,29-May-19,11905.8,11931.9,11836.8,11861.1,318068673,15985.92
1334,30-May-19,11865.3,11968.55,11859.4,11945.9,421199867,20261.85
1335,31-May-19,11999.8,12039.25,11829.45,11922.8,438879129,22789
1336,03-Jun-19,11953.75,12103.05,11920.1,12088.55,315296955,17451.36
1337,04-Jun-19,12052.65,12095.2,12005.85,12021.65,289221904,15308.28
1338,06-Jun-19,12039.8,12039.8,11830.25,11843.75,415206942,21144.77
1339,07-Jun-19,11865.2,11897.5,11769.5,11870.65,302455910,14939.4
1340,10-Jun-19,11934.9,11975.05,11871.75,11922.7,303329445,13125.41
1341,11-Jun-19,11959.85,12000.35,11904.35,11965.6,332181958,15392.28
1342,12-Jun-19,11962.45,11962.45,11866.35,11906.2,283718253,14120.17
1343,13-Jun-19,11873.9,11931.35,11817.05,11914.05,447901993,18680.91
1344,14-Jun-19,11910.1,11911.85,11797.7,11823.3,390294634,16226.57
1345,17-Jun-19,11844,11844.05,11657.75,11672.15,295528399,13851.67
1346,18-Jun-19,11677.05,11727.2,11641.15,11691.5,365525622,16120.69
1347,19-Jun-19,11744.45,11802.5,11625.1,11691.45,446933027,18722.71
1348,20-Jun-19,11653.65,11843.5,11635.05,11831.75,442016954,18839.11
1349,21-Jun-19,11827.6,11827.95,11705.1,11724.1,468430388,23346.13
1350,24-Jun-19,11725.8,11754,11670.2,11699.65,277620788,12631.38
1351,25-Jun-19,11681,11814.4,11651,11796.45,300476353,13822.83
1352,26-Jun-19,11768.15,11871.85,11757.55,11847.55,327885018,14650.89
1353,27-Jun-19,11860.85,11911.15,11821.05,11841.55,480169350,23300.3
1354,28-Jun-19,11861.15,11871.7,11775.5,11788.85,303888701,15191.9
1355,01-Jul-19,11839.9,11884.65,11830.8,11865.6,278415889,12874.96
1356,02-Jul-19,11890.3,11917.45,11814.7,11910.3,363197036,13615.94
1357,03-Jul-19,11932.15,11945.2,11887.05,11916.75,340527508,14290.33
1358,04-Jul-19,11928.8,11969.25,11923.65,11946.75,333595172,14758.87
1359,05-Jul-19,11964.75,11981.75,11797.9,11811.15,530720039,18871.99
1360,08-Jul-19,11770.4,11771.9,11523.3,11558.6,464029444,19146.25
1361,09-Jul-19,11531.6,11582.55,11461,11555.9,442520253,21577.95
1362,10-Jul-19,11536.15,11593.7,11475.65,11498.9,337571014,16098.53
1363,11-Jul-19,11561.45,11599,11519.5,11582.9,317257578,14586.2
1364,12-Jul-19,11601.15,11639.55,11538.6,11552.5,359421182,16947.57
1365,15-Jul-19,11614.75,11618.4,11532.3,11588.35,368788782,15835.99
1366,16-Jul-19,11596.65,11670.05,11573.95,11662.6,480156167,15967.91
1367,17-Jul-19,11670.75,11706.65,11651.15,11687.5,464827734,15250.5
1368,18-Jul-19,11675.6,11677.15,11582.4,11596.9,498258158,16684.03
1369,19-Jul-19,11627.95,11640.35,11399.3,11419.25,446049198,17326.4
1370,22-Jul-19,11392.85,11398.15,11301.25,11346.2,516044335,19304.23
1371,23-Jul-19,11372.25,11398.15,11302.8,11331.05,458931191,19199.32
1372,24-Jul-19,11322.45,11359.75,11229.8,11271.3,413202832,18353.13
1373,25-Jul-19,11290.4,11361.4,11239.35,11252.15,553676897,24329.21
1374,26-Jul-19,11247.45,11307.6,11210.05,11284.3,522670420,20350.38
1375,29-Jul-19,11307.5,11310.95,11152.4,11189.2,482862376,18705.92
1376,30-Jul-19,11213.7,11267.45,11072.65,11085.4,479059399,20545.71
1377,31-Jul-19,11034.05,11145.3,10999.4,11118,536694278,23681.22
1378,01-Aug-19,11060.2,11076.75,10881,10980,499918953,21048.32
1379,02-Aug-19,10930.3,11080.15,10848.95,10997.35,547416246,23972.04
1380,05-Aug-19,10895.8,10895.8,10782.6,10862.6,506556609,20824.1
1381,06-Aug-19,10815.4,11018.55,10813.8,10948.25,517891491,21676.4
1382,07-Aug-19,10958.1,10975.65,10835.9,10855.5,548465787,21228.28
1383,08-Aug-19,10899.2,11058.05,10842.95,11032.45,482471622,20667.6
1384,09-Aug-19,11087.9,11181.45,11062.8,11109.65,538063563,21092.05
1385,13-Aug-19,11139.4,11145.9,10901.6,10925.85,624634647,24790.67
1386,14-Aug-19,11003.25,11078.15,10935.6,11029.4,511541716,19712.81
1387,16-Aug-19,11043.65,11068.65,10924.3,11047.8,470909918,19281.91
1388,19-Aug-19,11094.8,11146.9,11037.85,11053.9,369493161,14120.35
1389,20-Aug-19,11063.9,11076.3,10985.3,11017,444715679,16915.96
1390,21-Aug-19,11018.15,11034.2,10906.65,10918.7,557867906,16747.99
1391,22-Aug-19,10905.3,10908.25,10718.3,10741.35,668193449,18764.38
1392,23-Aug-19,10699.6,10862.55,10637.15,10829.35,667079625,20983.75
1393,26-Aug-19,11000.3,11070.3,10756.55,11057.85,684141923,22375.99
1394,27-Aug-19,11106.55,11141.75,11049.5,11105.35,685551267,27413.16
1395,28-Aug-19,11101.3,11129.65,10987.65,11046.1,549954696,16739.43
1396,29-Aug-19,10996.05,11021.1,10922.4,10948.3,649876160,20127.77
1397,30-Aug-19,10987.8,11042.6,10874.8,11023.25,628154431,21057.31
1398,03-Sep-19,10960.95,10967.5,10772.7,10797.9,483038985,16595.6
1399,04-Sep-19,10790.4,10858.75,10746.35,10844.65,508784352,19195.1
1400,05-Sep-19,10860.95,10920.1,10816,10847.9,595699267,18279.88
1401,06-Sep-19,10883.8,10957.05,10867.45,10946.2,497214445,18167.78
1402,09-Sep-19,10936.7,11028.85,10889.8,11003.05,412471067,14762.07
1403,11-Sep-19,11028.5,11054.8,11011.65,11035.7,687140326,19550.59
1404,12-Sep-19,11058.3,11081.75,10964.95,10982.8,551436050,17510.17
1405,13-Sep-19,10986.8,11084.45,10945.75,11075.9,624305151,18012.76
1406,16-Sep-19,10994.85,11052.7,10968.2,11003.5,434449776,15786.17
1407,17-Sep-19,11000.1,11000.1,10796.5,10817.6,482013044,17721.93
1408,18-Sep-19,10872.8,10885.15,10804.85,10840.65,519155072,16784.43
1409,19-Sep-19,10845.2,10845.2,10670.25,10704.8,642599183,16642.83
1410,20-Sep-19,10746.8,11381.9,10691,11274.2,1356767450,54081.53
1411,23-Sep-19,11542.7,11694.85,11471.35,11600.2,882826741,40005.01
1412,24-Sep-19,11590.7,11655.05,11539.2,11588.2,651722255,26930.07
1413,25-Sep-19,11564.85,11564.95,11416.1,11440.2,629054640,25266.24
1414,26-Sep-19,11469.85,11610.85,11466.35,11571.2,844465614,30707.84
1415,27-Sep-19,11556.35,11593.6,11499.75,11512.4,650017280,19036.94
1416,30-Sep-19,11491.15,11508.25,11390.8,11474.45,756848686,23748.07
1417,01-Oct-19,11515.4,11554.2,11247.9,11359.9,1305415159,28972.72
1418,03-Oct-19,11322.25,11370.4,11257.35,11314,1017479514,21658.38
1419,04-Oct-19,11388.45,11400.3,11158.35,11174.75,928524450,22470.76
1420,07-Oct-19,11196.2,11233.85,11112.65,11126.4,733198763,18641.37
1421,09-Oct-19,11152.95,11321.6,11090.15,11313.3,741148639,20961.54
1422,10-Oct-19,11280.5,11293.35,11208.55,11234.55,562017945,19234.31
1423,11-Oct-19,11257.7,11362.9,11189.4,11305.05,737795150,22511.39
1424,14-Oct-19,11335.9,11420.45,11290.05,11341.15,587579191,17499.48
1425,15-Oct-19,11360.85,11462.35,11342.1,11428.3,527396180,17041.55
1426,16-Oct-19,11464.95,11481.05,11411.1,11464,533468525,18266.06
1427,17-Oct-19,11466.3,11599.1,11439.65,11586.35,797572398,20839.2
1428,18-Oct-19,11580.3,11684.7,11553.15,11661.85,853440208,22315.99
1429,22-Oct-19,11657.15,11714.35,11573.65,11588.35,867601307,29726.27
1430,23-Oct-19,11596.2,11651.6,11554.4,11604.1,664159887,23397.69
1431,24-Oct-19,11661.65,11679.6,11534.65,11582.6,700481662,25177.46
1432,25-Oct-19,11646.15,11646.9,11490.75,11583.9,812027840,23611.51
1433,27-Oct-19,11662.25,11672.4,11604.6,11627.15,161779004,3548.21
1434,29-Oct-19,11643.95,11809.4,11627.35,11786.85,951722529,27054.87
1435,30-Oct-19,11883.9,11883.95,11784.45,11844.1,725219760,22672.18
1436,31-Oct-19,11890.45,11945,11855.1,11877.45,1414837250,31304.73
1437,01-Nov-19,11886.6,11918.3,11843.35,11890.6,855338495,24933.55
1438,04-Nov-19,11928.9,11989.15,11905.35,11941.3,823050457,23203.88
1439,05-Nov-19,11974.6,11978.95,11861.9,11917.2,631952071,20995.88
1440,06-Nov-19,11911.5,12002.9,11850.25,11966.05,603351290,23324.97
1441,07-Nov-19,12021.1,12021.4,11946.85,12012.05,562963817,20898.24
1442,08-Nov-19,11987.15,12034.15,11888.75,11908.15,789254360,22931.52
1443,11-Nov-19,11879.2,11932.65,11853.95,11913.45,548979515,16548.47
1444,13-Nov-19,11908.3,11946.8,11823.2,11840.45,659035969,20401.5
1445,14-Nov-19,11858.75,11895.65,11802.65,11872.1,559494025,19114.86
1446,15-Nov-19,11904.2,11973.65,11879.25,11895.45,580154179,22350.63
1447,18-Nov-19,11915.15,11946.2,11867.6,11884.5,514352437,17991.41
1448,19-Nov-19,11919.45,11958.85,11881.75,11940.1,613909679,21574.84
1449,20-Nov-19,12004.75,12038.6,11966.05,11999.1,646661147,24341.14
1450,21-Nov-19,12025.65,12028.2,11956.9,11968.4,557685781,21609.99
1451,22-Nov-19,11967.3,11968.1,11883.5,11914.4,486815185,19243.57
1452,25-Nov-19,11922.45,12084.5,11919.75,12073.75,534289467,19990.44
1453,26-Nov-19,12110.2,12132.45,12006.35,12037.7,1201335831,46030.62
1454,27-Nov-19,12068.5,12114.9,12055.15,12100.7,584226618,19937.4
1455,28-Nov-19,12132.1,12158.8,12099.95,12151.15,620479403,21229.58
1456,29-Nov-19,12146.2,12147.4,12017.4,12056.05,804430391,21838.04
1457,02-Dec-19,12137.05,12137.15,12023.7,12048.2,720945335,23113.18
1458,03-Dec-19,12067.65,12068.6,11956.4,11994.2,605789334,18203.76
1459,04-Dec-19,11969.95,12054.7,11935.3,12043.2,747193818,22132.83
1460,05-Dec-19,12071.25,12081.2,11998.75,12018.4,562228745,19589.81
1461,06-Dec-19,12047.35,12057.05,11888.85,11921.5,609221205,18245.49
1462,09-Dec-19,11939.1,11981.95,11888.05,11937.5,599115748,16672.87
1463,10-Dec-19,11950.5,11953.2,11844.7,11856.8,650219487,16514.63
1464,11-Dec-19,11867.35,11923.2,11832.3,11910.15,997655048,18760.57
1465,12-Dec-19,11944.3,12005.5,11934,11971.8,752617138,18401.22
1466,13-Dec-19,12026.4,12098.85,12023.6,12086.7,597712516,20626.8
1467,16-Dec-19,12131.35,12134.65,12046.3,12053.95,437703921,16110.34
1468,17-Dec-19,12082.45,12182.75,12070.35,12165,499585789,20968.79
1469,18-Dec-19,12197,12237.7,12163.45,12221.65,518854651,22341.06
1470,19-Dec-19,12223.4,12268.35,12191.15,12259.7,623049839,19761.9
1471,20-Dec-19,12266.45,12293.9,12252.75,12271.8,810676090,25750.24
1472,23-Dec-19,12235.45,12287.15,12213.25,12262.75,604782354,18078.23
1473,24-Dec-19,12269.25,12283.7,12202.1,12214.55,470290298,13864.56
1474,26-Dec-19,12211.85,12221.55,12118.85,12126.55,520326632,16362.31
1475,27-Dec-19,12172.9,12258.45,12157.9,12245.8,383788556,13676.2
1476,30-Dec-19,12274.9,12286.45,12213.8,12255.85,411084614,14556.73
1477,31-Dec-19,12247.1,12247.1,12151.8,12168.45,426931711,14812.89
1478,01-Jan-20,12202.15,12222.2,12165.3,12182.5,304078039,10445.68
1479,02-Jan-20,12198.55,12289.9,12195.25,12282.2,407697594,15256.55
1480,03-Jan-20,12261.1,12265.6,12191.35,12226.65,428770054,16827.27
1481,06-Jan-20,12170.6,12179.1,11974.2,11993.05,396501419,16869.22
1482,07-Jan-20,12079.1,12152.15,12005.35,12052.95,447818617,17797.68
1483,08-Jan-20,11939.1,12044.95,11929.6,12025.35,445991640,18281.15
1484,09-Jan-20,12153.15,12224.05,12132.55,12215.9,477469878,18456.64
1485,10-Jan-20,12271,12311.2,12213.2,12256.8,660627930,18818.62
1486,13-Jan-20,12296.7,12337.75,12285.8,12329.55,500968242,17522.13
1487,14-Jan-20,12333.1,12374.25,12308.7,12362.3,616260555,17948.92
1488,15-Jan-20,12349.4,12355.15,12278.75,12343.3,684352965,17882.51
1489,16-Jan-20,12347.1,12389.05,12315.8,12355.5,395670245,16004.06
1490,17-Jan-20,12328.4,12385.45,12321.4,12352.35,502060615,21397.63
1491,20-Jan-20,12430.5,12430.5,12216.9,12224.55,491609317,21415.43
1492,21-Jan-20,12195.3,12230.05,12162.3,12169.85,443976442,18682.65
1493,22-Jan-20,12218.35,12225.05,12087.9,12106.9,526294513,19758.68
1494,23-Jan-20,12123.75,12189,12094.1,12180.35,867653663,23829.39
1495,24-Jan-20,12174.55,12272.15,12149.65,12248.25,593237908,18032.27
1496,27-Jan-20,12197.1,12216.6,12107,12119,441158138,17988.61
1497,28-Jan-20,12148.1,12163.55,12024.5,12055.8,478484057,20917.62
1498,29-Jan-20,12114.9,12169.6,12103.8,12129.5,514362340,20646.18
1499,30-Jan-20,12147.75,12150.3,12010.6,12035.8,538138743,19372.67
1500,31-Jan-20,12100.4,12103.55,11945.85,11962.1,771278258,26044.91
1501,01-Feb-20,11939,12017.35,11633.3,11661.85,537634767,20598.12
1502,03-Feb-20,11627.45,11749.85,11614.5,11707.9,669815788,25415.26
1503,04-Feb-20,11786.25,11986.15,11783.4,11979.65,560430291,22338.5
1504,05-Feb-20,12005.85,12098.15,11953.35,12089.15,758032580,22998.05
1505,06-Feb-20,12120,12160.6,12084.65,12137.95,565116236,21735.92
1506,07-Feb-20,12151.15,12154.7,12073.95,12098.35,473475144,16339.61
1507,10-Feb-20,12102.35,12103.55,11990.75,12031.5,525674715,17185.14
1508,11-Feb-20,12108.4,12172.3,12099,12107.9,480491557,16209.52
1509,12-Feb-20,12151,12231.75,12144.3,12201.2,412399174,16598.33
1510,13-Feb-20,12219.55,12225.65,12139.8,12174.65,501510138,16315.27
1511,14-Feb-20,12190.15,12246.7,12091.2,12113.45,623053270,20759.51
1512,17-Feb-20,12131.8,12159.6,12037,12045.8,455412408,15439.55
1513,18-Feb-20,12028.25,12030.75,11908.05,11992.5,677307424,18853
1514,19-Feb-20,12090.6,12134.7,12042.1,12125.9,514030605,17610.89
1515,20-Feb-20,12119,12152,12071.45,12080.85,502875583,18831.51
1516,24-Feb-20,12012.55,12012.55,11813.4,11829.4,491224913,19421.04
1517,25-Feb-20,11877.5,11883.05,11779.9,11797.9,461349973,18510.82
1518,26-Feb-20,11738.55,11783.25,11639.6,11678.5,567990976,21887.07
1519,27-Feb-20,11661.25,11663.85,11536.7,11633.3,609266324,21623.47
1520,28-Feb-20,11382,11384.8,11175.05,11201.75,810523106,32297.15
1521,02-Mar-20,11387.35,11433,11036.25,11132.75,681148567,24204.55
1522,03-Mar-20,11217.55,11342.25,11152.55,11303.3,696919348,23281.2
1523,04-Mar-20,11351.35,11356.6,11082.15,11251,798021596,26928.46
1524,05-Mar-20,11306.05,11389.5,11244.6,11269,1353209029,26980.65
1525,06-Mar-20,10942.65,11035.1,10827.4,10989.45,1811564187,26455.29
1526,09-Mar-20,10742.05,10751.55,10294.45,10451.45,1566119057,35151.79
1527,11-Mar-20,10334.3,10545.1,10334,10458.4,1219079693,32548.47
1528,12-Mar-20,10039.95,10040.75,9508,9590.15,1344263317,39283.97
1529,13-Mar-20,9107.6,10159.4,8555.15,9955.2,1389061775,44167.89
1530,16-Mar-20,9587.8,9602.2,9165.1,9197.4,898523271,29181.8
1531,17-Mar-20,9285.4,9403.8,8915.6,8967.05,936185892,28004.16
1532,18-Mar-20,9088.45,9127.55,8407.05,8468.8,1517275761,39256.71
1533,19-Mar-20,8063.3,8575.45,7832.55,8263.45,926508824,34274.23
1534,20-Mar-20,8284.45,8883,8178.2,8745.45,1072263600,37321.25
1535,23-Mar-20,7945.7,8159.25,7583.6,7610.25,654151814,23891.9
1536,24-Mar-20,7848.3,8036.95,7511.1,7801.05,739354439,28282.09
1537,25-Mar-20,7735.15,8376.75,7714.75,8317.85,738114713,28482.01
1538,26-Mar-20,8451,8749.05,8304.9,8641.45,866534643,32228.31
1539,27-Mar-20,8949.1,9038.9,8522.9,8660.25,801923401,31336.86
1540,30-Mar-20,8385.95,8576,8244,8281.1,593953051,24724.44
1541,31-Mar-20,8529.35,8678.3,8358,8597.75,713390935,27401.3
1542,01-Apr-20,8584.1,8588.1,8198.35,8253.8,507509685,21307.3
1543,03-Apr-20,8356.55,8356.55,8055.8,8083.8,697752438,26561.18
1544,07-Apr-20,8446.3,8819.4,8360.95,8792.2,815245226,35206.69
1545,08-Apr-20,8688.9,9131.7,8653.9,8748.75,897562690,37641.68
1546,09-Apr-20,8973.05,9128.35,8904.55,9111.9,743036134,32907.82
1547,13-Apr-20,9103.95,9112.05,8912.4,8993.85,644468815,26749.06
1548,15-Apr-20,9196.4,9261.2,8874.1,8925.3,880159358,41878.64
1549,16-Apr-20,8851.25,9053.75,8821.9,8992.8,720116479,31318.29
1550,17-Apr-20,9323.45,9324,9091.35,9266.75,684910520,33334.73
1551,20-Apr-20,9390.2,9390.85,9230.8,9261.85,726364699,28620.91
1552,21-Apr-20,9016.95,9044.4,8909.4,8981.45,655122903,28273.89
1553,22-Apr-20,9026.75,9209.75,8946.25,9187.3,734383388,33981.82
1554,23-Apr-20,9232.35,9343.6,9170.15,9313.9,666650462,30270.55
1555,24-Apr-20,9163.9,9296.9,9141.3,9154.4,659439249,32859.05
1556,27-Apr-20,9259.7,9377.1,9250.35,9282.3,512793298,26696.54
1557,28-Apr-20,9389.8,9404.4,9260,9380.9,614548983,30091.41
1558,29-Apr-20,9408.6,9599.85,9392.35,9553.35,653026950,31673.23
1559,30-Apr-20,9753.5,9889.05,9731.5,9859.9,931173802,39332.46
1560,04-May-20,9533.5,9533.5,9266.95,9293.5,687487134,29785.95
1561,05-May-20,9429.4,9450.9,9190.75,9205.6,725196178,29700.2
1562,06-May-20,9226.8,9346.9,9116.5,9270.9,722185448,30798.1
1563,07-May-20,9234.05,9277.85,9175.9,9199.05,708740416,59705.53
1564,08-May-20,9376.95,9382.65,9238.2,9251.5,609053504,30743.45
1565,11-May-20,9348.15,9439.9,9219.95,9239.2,704647074,31048.47
1566,12-May-20,9168.85,9240.85,9043.95,9196.55,805458787,37706.27
1567,13-May-20,9584.2,9584.5,9351.1,9383.55,846395245,36488.9
1568,14-May-20,9213.95,9281.1,9119.75,9142.75,602555564,29541.59
1569,15-May-20,9182.4,9182.4,9050,9136.85,575857112,25847.33
1570,18-May-20,9158.3,9158.3,8806.75,8823.25,772983297,33347.46
1571,19-May-20,8961.7,9030.35,8855.3,8879.1,762152894,32026.94
1572,20-May-20,8889.15,9093.8,8875.35,9066.55,622308140,30721.99
1573,21-May-20,9079.45,9178.55,9056.1,9106.25,631542699,28303.51
1574,22-May-20,9067.9,9149.6,8968.55,9039.25,675759336,31625.47
1575,26-May-20,9099.75,9161.65,8996.65,9029.05,654959960,30871.59
1576,27-May-20,9082.2,9334,9004.25,9314.95,763492487,34603.88
1577,28-May-20,9364.95,9511.25,9336.5,9490.1,837911425,37761.91
1578,29-May-20,9422.2,9598.85,9376.9,9580.3,967005438,45006.25
1579,01-Jun-20,9726.85,9931.6,9706.95,9826.15,794183122,38096.92
1580,02-Jun-20,9880.85,9995.6,9824.05,9979.1,770192848,36723.11
1581,03-Jun-20,10108.3,10176.2,10035.55,10061.55,794664422,38343.61
1582,04-Jun-20,10054.25,10123.85,9944.25,10029.1,775106567,36399.04
1583,05-Jun-20,10093.8,10177.8,10040.75,10142.15,987122302,37824.63
1584,08-Jun-20,10326.75,10328.5,10120.25,10167.45,936485541,37819.06
1585,09-Jun-20,10181.15,10291.15,10021.45,10046.65,754217460,36201.05
1586,10-Jun-20,10072.6,10148.75,10036.85,10116.15,632383068,28485.47
1587,11-Jun-20,10094.1,10112.05,9885.05,9902,715453486,30813.85
1588,12-Jun-20,9544.95,9996.05,9544.35,9972.9,796306399,36505.77
1589,15-Jun-20,9919.35,9943.35,9726.35,9813.7,716053036,31926.65
1590,16-Jun-20,10014.8,10046.15,9728.5,9914,899895044,36257.89
1591,17-Jun-20,9876.7,10003.6,9833.8,9881.15,685418390,30700.69
1592,18-Jun-20,9863.25,10111.2,9845.05,10091.65,622895963,28594.32
1593,19-Jun-20,10119,10272.4,10072.65,10244.4,892096343,48103.56
1594,22-Jun-20,10318.75,10393.65,10277.6,10311.2,685385093,35529.8
1595,23-Jun-20,10347.95,10484.7,10301.75,10471,669195109,34148.13
1596,24-Jun-20,10529.25,10553.15,10281.95,10305.3,854799801,41394.45
1597,25-Jun-20,10235.55,10361.8,10194.5,10288.9,994190886,41726.07
1598,26-Jun-20,10378.9,10409.85,10311.25,10383,671910159,31841.68
1599,29-Jun-20,10311.95,10337.95,10223.6,10312.4,574544482,27019.46
1600,30-Jun-20,10382.6,10401.05,10267.35,10302.1,556238560,27342.55
1601,01-Jul-20,10323.8,10447.05,10299.6,10430.05,573550127,28736.28
1602,02-Jul-20,10493.05,10598.2,10485.55,10551.7,597423931,31235.17
1603,03-Jul-20,10614.95,10631.3,10562.65,10607.35,525190704,25186.39
1604,06-Jul-20,10723.85,10811.4,10695.1,10763.65,571212914,29857.54
1605,07-Jul-20,10802.85,10813.8,10689.7,10799.65,636764929,36502.37
1606,08-Jul-20,10818.65,10847.85,10676.55,10705.75,767941333,37676.34
1607,09-Jul-20,10755.55,10836.85,10733,10813.45,618652409,31315.87
1608,10-Jul-20,10764.1,10819.4,10713,10768.05,590705425,31557.58
1609,13-Jul-20,10851.85,10894.05,10756.05,10802.7,554050579,30606.3
1610,14-Jul-20,10750.85,10755.65,10562.9,10607.35,532368699,30902.47
1611,15-Jul-20,10701,10827.45,10577.75,10618.2,715901258,42376.03
1612,16-Jul-20,10706.2,10755.3,10595.2,10739.95,694402635,41453.95
1613,17-Jul-20,10752,10933.45,10749.65,10901.7,676881092,35592.83
1614,20-Jul-20,10999.45,11037.9,10953,11022.2,554306867,32738.64
1615,21-Jul-20,11126.1,11179.55,11113.25,11162.25,771998838,42461.89
1616,22-Jul-20,11231.2,11238.1,11056.55,11132.6,765074288,41068.72
1617,23-Jul-20,11135,11239.8,11103.15,11215.45,621575333,32744.93
1618,24-Jul-20,11149.95,11225.4,11090.3,11194.15,678935175,40217.17
1619,27-Jul-20,11225,11225,11087.85,11131.8,588148687,34539.73
1620,28-Jul-20,11154.1,11317.75,11151.4,11300.55,683891350,38677.47
1621,29-Jul-20,11276.9,11341.4,11149.75,11202.85,600726301,38726.02
1622,30-Jul-20,11254.3,11299.95,11084.95,11102.15,677761342,39150.44
1623,31-Jul-20,11139.5,11150.4,11026.65,11073.45,642560311,36220.09
1624,03-Aug-20,11057.55,11058.05,10882.25,10891.6,680929323,31149.94
1625,04-Aug-20,10946.65,11112.25,10908.1,11095.25,625738313,35357.96
1626,05-Aug-20,11155.75,11225.65,11064.05,11101.65,667639446,34894.58
1627,06-Aug-20,11185.7,11256.8,11127.3,11200.15,600374615,31501.08
1628,07-Aug-20,11186.65,11231.9,11142.05,11214.05,452629891,27054.43
1629,10-Aug-20,11270.25,11337.3,11238,11270.15,491999534,29108.25
1630,11-Aug-20,11322.25,11373.6,11299.15,11322.5,586084846,30314.89
1631,12-Aug-20,11289,11322,11242.65,11308.4,609858960,28088.09
1632,13-Aug-20,11334.85,11359.3,11269.95,11300.45,562355175,26500.52
1633,14-Aug-20,11353.3,11366.25,11111.45,11178.4,645109756,31059.23
1634,17-Aug-20,11248.9,11267.1,11144.5,11247.1,633963958,27468.67
1635,18-Aug-20,11259.8,11401.7,11253.15,11385.35,579242492,27267.51
1636,19-Aug-20,11452.15,11460.35,11394.1,11408.4,626217997,27528.12
1637,20-Aug-20,11317.45,11361.45,11289.8,11312.2,791587770,27676.18
1638,21-Aug-20,11409.65,11418.5,11362.2,11371.6,668719170,26294.26
1639,24-Aug-20,11412,11497.25,11410.65,11466.45,532900535,28920.84
1640,25-Aug-20,11513.1,11525.9,11423.35,11472.25,638152608,28742.82
1641,26-Aug-20,11512.85,11561.75,11461.85,11549.6,743442521,34852.01
1642,27-Aug-20,11609.3,11617.35,11540.6,11559.25,719776490,31580.61
1643,28-Aug-20,11602.95,11686.05,11589.4,11647.6,806997707,39349.92
1644,31-Aug-20,11777.55,11794.25,11325.85,11387.5,1371789450,61668.55
1645,01-Sep-20,11464.3,11553.55,11366.9,11470.25,783769555,36752.54
1646,02-Sep-20,11478.55,11554.75,11430.4,11535,593494423,27454.65
1647,03-Sep-20,11566.2,11584.95,11507.65,11527.45,607115212,26868.26
1648,04-Sep-20,11354.4,11452.05,11303.65,11333.85,681338905,31746.86
1649,07-Sep-20,11359.6,11381.15,11251.7,11355.05,560322964,25959.82
1650,08-Sep-20,11378.55,11437.25,11290.45,11317.35,572239350,27979.7
1651,09-Sep-20,11218.6,11298.15,11185.15,11278,728880693,32660.67
1652,10-Sep-20,11363.3,11464.05,11327.4,11449.25,679419973,39239.1
1653,11-Sep-20,11447.8,11493.5,11419.9,11464.45,554789157,29614.09
1654,14-Sep-20,11540.15,11568.9,11383.55,11440.05,642270123,33996.94
1655,15-Sep-20,11487.2,11535.95,11442.25,11521.8,506667239,28054.51
1656,16-Sep-20,11538.45,11618.1,11516.75,11604.55,527804775,27629.71
1657,17-Sep-20,11539.4,11587.2,11498.5,11516.1,517729494,29674.95
1658,18-Sep-20,11584.1,11584.1,11446.1,11504.95,764154094,48698.68
1659,21-Sep-20,11503.8,11535.25,11218.5,11250.55,602851737,37213.23
1660,22-Sep-20,11301.75,11302.2,11084.65,11153.65,672249921,36296.49
1661,23-Sep-20,11258.75,11259.55,11024.4,11131.85,714925847,35542.98
1662,24-Sep-20,11011,11015.3,10790.2,10805.55,706139506,33623.71
1663,25-Sep-20,10910.4,11072.6,10854.85,11050.25,559597322,31122.18
1664,28-Sep-20,11140.85,11239.35,11099.85,11227.55,472777324,24361.17
1665,29-Sep-20,11288.6,11305.4,11181,11222.4,498295735,26875.14
1666,30-Sep-20,11244.45,11295.4,11184.55,11247.55,499343849,28134.77
1667,01-Oct-20,11364.45,11428.6,11347.05,11416.95,447740006,26212.72
1668,05-Oct-20,11487.8,11578.05,11452.3,11503.35,530597393,31341.55
1669,06-Oct-20,11603.45,11680.3,11564.3,11662.4,561444728,30373.65
1670,07-Oct-20,11679.25,11763.05,11629.35,11738.85,513367516,32935.98
1671,08-Oct-20,11835.4,11905.7,11791.15,11834.6,608768573,38677.49
1672,09-Oct-20,11852.05,11938.6,11805.2,11914.2,611079482,34546.8
1673,12-Oct-20,11973.55,12022.05,11867.2,11930.95,522627571,26586.47
1674,13-Oct-20,11934.65,11988.2,11888.9,11934.5,458304851,29403.22
1675,14-Oct-20,11917.4,11997.2,11822.15,11971.05,569245407,29940.62
1676,15-Oct-20,12023.45,12025.45,11661.3,11680.35,608865041,35175.92
1677,16-Oct-20,11727.4,11789.75,11667.85,11762.45,555764762,30439.19
1678,19-Oct-20,11879.2,11898.25,11820.4,11873.05,541420990,29888.6
1679,20-Oct-20,11861,11949.25,11837.25,11896.8,453560934,28367.34
1680,21-Oct-20,11958.55,12018.65,11775.75,11937.65,623658140,37477.13
1681,22-Oct-20,11890,11939.55,11823.45,11896.45,544901152,33013.17
1682,23-Oct-20,11957.9,11974.55,11908.75,11930.35,502340361,27424.61
1683,26-Oct-20,11937.4,11942.85,11711.7,11767.75,519815905,29316.02
1684,27-Oct-20,11807.1,11899.05,11723,11889.4,616318543,37989.97
1685,28-Oct-20,11922.6,11929.4,11684.85,11729.6,704018608,37025.89
1686,29-Oct-20,11633.3,11744.15,11606.45,11670.8,554959844,30436.62
1687,30-Oct-20,11678.45,11748.95,11535.45,11642.4,553672805,28151.58
1688,02-Nov-20,11697.35,11725.65,11557.4,11669.15,568434165,35714.57
1689,03-Nov-20,11734.45,11836.2,11723.3,11813.5,674303605,36363.95
1690,04-Nov-20,11783.35,11929.65,11756.4,11908.5,667290347,38552.09
1691,05-Nov-20,12062.4,12131.1,12027.6,12120.3,632455414,32311.46
1692,06-Nov-20,12156.65,12280.4,12131.85,12263.55,576837602,34965.94
1693,09-Nov-20,12399.4,12474.05,12367.35,12461.05,553449924,34255.11
1694,10-Nov-20,12556.4,12643.9,12475.25,12631.1,847450692,51247.01
1695,11-Nov-20,12680.6,12769.75,12571.1,12749.15,880475468,54744.55
1696,12-Nov-20,12702.15,12741.15,12624.85,12690.8,622017762,36794.24
1697,13-Nov-20,12659.7,12735.95,12607.7,12719.95,513948665,34568.65
1698,14-Nov-20,12823.35,12828.7,12749.45,12780.25,107868139,5189.38
1699,17-Nov-20,12932.5,12934.05,12797.1,12874.2,707676873,40977.03
1700,18-Nov-20,12860.1,12948.85,12819.35,12938.25,731321438,39856.45
1701,19-Nov-20,12839.5,12963,12745.75,12771.7,768751782,44747.08
1702,20-Nov-20,12813.4,12892.45,12730.25,12859.05,663997267,42992.15
1703,23-Nov-20,12960.3,12968.85,12825.7,12926.45,633117401,42031.38
1704,24-Nov-20,13002.6,13079.1,12978,13055.15,571864976,37094.23
1705,25-Nov-20,13130,13145.85,12833.65,12858.4,679005507,37401.36
1706,26-Nov-20,12906.45,13018,12790.4,12987,549798925,34624.15
1707,27-Nov-20,13012.05,13035.3,12914.3,12968.95,1162360673,78522.93
1708,01-Dec-20,13062.2,13128.4,12962.8,13109.05,583633902,32917.26
1709,02-Dec-20,13121.4,13128.5,12983.55,13113.75,717711761,34008.74
1710,03-Dec-20,13215.3,13216.6,13107.9,13133.9,713688035,39627.71
1711,04-Dec-20,13177.4,13280.05,13152.85,13258.55,640514315,36428.05
1712,07-Dec-20,13264.85,13366.65,13241.95,13355.75,591722966,33578.64
1713,08-Dec-20,13393.85,13435.45,13311.05,13392.95,543165361,33755.81
1714,09-Dec-20,13458.1,13548.9,13449.6,13529.1,502605319,28726.97
1715,10-Dec-20,13488.5,13503.55,13399.3,13478.3,553402501,30400.2
1716,11-Dec-20,13512.3,13579.35,13402.85,13513.85,787707481,33696.57
1717,14-Dec-20,13571.45,13597.5,13472.45,13558.15,558390043,28133.58
1718,15-Dec-20,13547.2,13589.65,13447.05,13567.85,497600393,30828.33
1719,16-Dec-20,13663.1,13692.35,13606.45,13682.7,462151091,27460.18
1720,17-Dec-20,13713.55,13773.25,13673.55,13740.7,416008520,27712.93
1721,18-Dec-20,13764.4,13772.85,13658.6,13760.55,519393189,34803.3
1722,21-Dec-20,13741.9,13777.5,13131.45,13328.4,687255400,38243.62
1723,22-Dec-20,13373.65,13492.05,13192.9,13466.3,696197300,36328.33
1724,23-Dec-20,13473.5,13619.45,13432.2,13601.1,458651819,27073.45
1725,24-Dec-20,13672.15,13771.75,13626.9,13749.25,471367730,24764.35
1726,28-Dec-20,13815.15,13885.3,13811.55,13873.2,403634030,20923.06
1727,29-Dec-20,13910.35,13967.6,13859.9,13932.6,439593961,25154.23
1728,30-Dec-20,13980.9,13997,13864.95,13981.95,380681073,24633.12
1729,31-Dec-20,13970,14024.85,13936.45,13981.75,452410109,26305.82
1730,01-Jan-21,13996.1,14049.85,13991.35,14018.5,258090905,15873.75
1731,04-Jan-21,14104.35,14147.95,13953.75,14132.9,494999295,28705.09
1732,05-Jan-21,14075.15,14215.6,14048.15,14199.5,492475349,30872.87
1733,06-Jan-21,14240.95,14244.15,14039.9,14146.25,632323316,34615.55
1734,07-Jan-21,14253.75,14256.25,14123.1,14137.35,559173512,33446.47
1735,08-Jan-21,14258.4,14367.3,14221.65,14347.25,613472067,37615.19
1736,11-Jan-21,14474.05,14498.2,14383.1,14484.75,672878543,40186.21
1737,12-Jan-21,14473.8,14590.65,14432.85,14563.45,929566952,44976.12
1738,13-Jan-21,14639.8,14653.35,14435.7,14564.85,873956688,44682.93
1739,14-Jan-21,14550.05,14617.8,14471.5,14595.6,620194977,37534.37
1740,15-Jan-21,14594.35,14617.45,14357.85,14433.7,789557216,39912.18
1741,18-Jan-21,14453.3,14459.15,14222.8,14281.3,762043554,41716.22
1742,19-Jan-21,14371.65,14546.05,14350.85,14521.15,546108304,33084.79
1743,20-Jan-21,14538.3,14666.45,14517.55,14644.7,623069963,34639.36
1744,21-Jan-21,14730.95,14753.55,14517.25,14590.35,704646957,41939.04
1745,22-Jan-21,14583.4,14619.9,14357.75,14371.9,776750347,45322.54
1746,25-Jan-21,14477.8,14491.1,14218.6,14238.9,618631493,42278.39
1747,27-Jan-21,14237.95,14237.95,13929.3,13967.5,660711117,40579.24
1748,28-Jan-21,13810.4,13898.25,13713.25,13817.55,637871621,39881.82
1749,29-Jan-21,13946.6,13966.85,13596.75,13634.6,753206122,46918.29
1750,01-Feb-21,13758.6,14336.35,13661.75,14281.2,870529495,51840.22
1751,02-Feb-21,14481.1,14731.7,14469.15,14647.85,914965225,58177.74
1752,03-Feb-21,14754.9,14868.85,14574.15,14789.95,869477087,49312.35
1753,04-Feb-21,14789.05,14913.7,14714.75,14895.65,884686415,47811.8
1754,05-Feb-21,14952.6,15014.65,14864.75,14924.25,935629058,54394.63
1755,08-Feb-21,15064.3,15159.9,15041.05,15115.8,671242694,40483.96
1756,09-Feb-21,15164.15,15257.1,15064.3,15109.3,713279133,41930.72
1757,10-Feb-21,15119.05,15168.25,14977.2,15106.5,624791133,40707.97
1758,11-Feb-21,15073.25,15188.5,15065.4,15173.3,500122414,30933.44
1759,12-Feb-21,15186.2,15243.5,15081,15163.3,571808807,32304.24
1760,15-Feb-21,15270.3,15340.15,15243.4,15314.7,455959720,28955.29
1761,16-Feb-21,15371.45,15431.75,15242.2,15313.45,648545320,36550.03
1762,17-Feb-21,15279.9,15314.3,15170.75,15208.9,504767226,34073.12
1763,18-Feb-21,15238.7,15250.75,15078.05,15118.95,770629541,37093.99
1764,19-Feb-21,15074.8,15144.05,14898.2,14981.75,712213821,37419.34
1765,22-Feb-21,14999.05,15010.1,14635.05,14675.7,609898454,37578.07
1766,23-Feb-21,14782.25,14854.5,14651.85,14707.8,744092809,39508.09
1767,24-Feb-21,14729.15,15008.8,14723.05,14982,403754669,23723.99
1768,25-Feb-21,15079.85,15176.5,15065.35,15097.35,803883875,42983.07
1769,26-Feb-21,14888.6,14919.45,14467.75,14529.15,1103644519,65012.96
1770,01-Mar-21,14702.5,14806.8,14638.55,14761.55,507302977,30030.57
1771,02-Mar-21,14865.3,14959.1,14760.8,14919.1,621723916,34647.26
1772,03-Mar-21,15064.4,15273.15,14995.8,15245.6,544205583,34567.73
1773,04-Mar-21,15026.75,15202.35,14980.2,15080.75,534850447,36036.02
1774,05-Mar-21,14977.95,15092.35,14862.1,14938.1,640700362,37811.6
1775,08-Mar-21,15002.45,15111.15,14919.9,14956.2,580308065,29518.07
1776,09-Mar-21,15049.9,15126.85,14925.45,15098.4,675271251,38365.48
1777,10-Mar-21,15202.15,15218.45,15100.85,15174.8,404585756,25603.32
1778,12-Mar-21,15321.15,15336.3,14953.6,15030.95,493238854,32195.96
1779,15-Mar-21,15048.4,15048.4,14745.85,14929.5,467473367,28118
1780,16-Mar-21,14996.1,15051.6,14890.65,14910.45,437651327,27975.07
1781,17-Mar-21,14946.55,14956.55,14696.05,14721.3,479352147,27983.5
1782,18-Mar-21,14855.5,14875.2,14478.6,14557.85,542216908,31339.71
1783,19-Mar-21,14471.15,14788.25,14350.1,14744,919178208,49011.27
1784,22-Mar-21,14736.3,14763.9,14597.85,14736.4,458997059,27345.02
1785,23-Mar-21,14768.55,14878.6,14707,14814.75,474150088,30322.09
1786,24-Mar-21,14712.45,14752.35,14535,14549.4,456403503,27868.93
1787,25-Mar-21,14570.9,14575.6,14264.4,14324.9,606820996,35350.22
1788,26-Mar-21,14506.3,14572.9,14414.25,14507.3,481000845,29423.45
1789,30-Mar-21,14628.5,14876.3,14617.6,14845.1,594520567,35117.93
1790,31-Mar-21,14811.85,14813.75,14670.25,14690.7,436874691,29741.83
1791,01-Apr-21,14798.4,14883.2,14692.45,14867.35,430028476,29585.23
1792,05-Apr-21,14837.7,14849.85,14459.5,14637.8,500476690,33885.39
1793,06-Apr-21,14737,14779.1,14573.9,14683.5,474211156,31885.97
1794,07-Apr-21,14716.45,14879.8,14649.85,14819.05,476382016,35184.96
1795,08-Apr-21,14875.65,14984.15,14821.1,14873.8,503728173,34444.56
1796,09-Apr-21,14882.65,14918.45,14785.65,14834.85,498347599,35010.36
1797,12-Apr-21,14644.65,14652.5,14248.7,14310.8,638475842,43433.24
1798,13-Apr-21,14364.9,14528.9,14274.9,14504.8,588666016,40846.57
1799,15-Apr-21,14522.4,14597.55,14353.2,14581.45,556851211,40177.25
1800,16-Apr-21,14599.6,14697.7,14559,14617.85,568568743,36653.65
1801,19-Apr-21,14306.6,14382.3,14191.4,14359.45,503142904,34751.95
1802,20-Apr-21,14526.7,14526.95,14207.3,14296.4,456704716,34687.11
1803,22-Apr-21,14219.15,14424.75,14151.4,14406.15,516985252,37235.71
1804,23-Apr-21,14326.35,14461.15,14273.3,14341.35,476613608,31894.66
1805,26-Apr-21,14449.45,14557.5,14421.3,14485,448533329,33156.16
1806,27-Apr-21,14493.8,14667.55,14484.85,14653.05,442211685,32181.14
1807,28-Apr-21,14710.5,14890.25,14694.95,14864.55,453990807,37650.11
1808,29-Apr-21,14979,15044.35,14814.45,14894.9,511466673,41597.37
1809,30-Apr-21,14747.35,14855.45,14601.7,14631.1,594744498,40335.86
1810,03-May-21,14481.05,14673.85,14416.25,14634.15,443410846,32538.97
1811,04-May-21,14687.25,14723.4,14461.5,14496.5,479657079,34024.77
1812,05-May-21,14604.15,14637.9,14506.6,14617.85,437261063,28942.47
1813,06-May-21,14668.35,14743.9,14611.5,14724.8,445281496,31015.95
1814,07-May-21,14816.85,14863.05,14765.5,14823.15,483677266,33583.37
1815,10-May-21,14928.25,14966.9,14892.5,14942.35,510598577,31620.64
1816,11-May-21,14789.7,14900,14771.4,14850.75,616204478,32955.82
1817,12-May-21,14823.55,14824.05,14649.7,14696.5,620318215,32035.23
1818,14-May-21,14749.4,14749.65,14591.9,14677.8,602738614,39176.28
1819,17-May-21,14756.25,14938,14725.35,14923.15,534516176,35571.28
1820,18-May-21,15067.2,15137.25,15043.7,15108.1,571923125,35634.73
1821,19-May-21,15058.6,15133.4,15008.85,15030.15,563293717,31100.21
1822,20-May-21,15042.6,15069.8,14884.9,14906.05,467455658,28002.53
1823,21-May-21,14987.8,15190,14985.85,15175.3,557730470,31921.76
1824,24-May-21,15211.35,15256.25,15145.45,15197.7,566722866,32061.04
1825,25-May-21,15291.75,15293.85,15163.4,15208.45,417323446,26871.99
1826,26-May-21,15257.05,15319.9,15194.95,15301.45,377682051,26187.83
1827,27-May-21,15323.95,15384.55,15272.5,15337.85,682374351,48219.93
1828,28-May-21,15421.2,15469.65,15394.75,15435.65,455582440,32992.08
1829,31-May-21,15437.75,15606.35,15374,15582.8,435999456,32739.29
1830,01-Jun-21,15629.65,15660.75,15528.3,15574.85,409562322,27964.09
1831,02-Jun-21,15520.35,15597.45,15459.85,15576.2,428641666,28781.87
1832,03-Jun-21,15655.55,15705.1,15611,15690.35,410240584,27519.48
1833,04-Jun-21,15712.5,15733.6,15622.35,15670.25,414162241,25363.03
1834,07-Jun-21,15725.1,15773.45,15678.1,15751.65,393970049,25411.48
1835,08-Jun-21,15773.9,15778.8,15680,15740.1,378164658,24172.13
1836,09-Jun-21,15766.3,15800.45,15566.9,15635.35,457855735,26926.49
1837,10-Jun-21,15692.1,15751.25,15648.5,15737.75,298297041,23032.9
1838,11-Jun-21,15796.45,15835.55,15749.8,15799.35,363011297,24591.69
1839,14-Jun-21,15791.4,15823.05,15606.5,15811.85,392862037,28001.5
1840,15-Jun-21,15866.95,15901.6,15842.4,15869.25,323262818,22181.26
1841,16-Jun-21,15847.5,15880.85,15742.6,15767.55,340191175,22505.95
1842,17-Jun-21,15648.3,15769.35,15616.75,15691.4,357649243,26048.47
1843,18-Jun-21,15756.5,15761.5,15450.9,15683.35,640821642,42024.55
1844,21-Jun-21,15525.85,15765.15,15505.65,15746.5,351530072,22525.89
1845,22-Jun-21,15840.5,15895.75,15752.1,15772.75,322237561,24440.47
1846,23-Jun-21,15862.8,15862.95,15673.95,15686.95,287536735,23222.94
1847,24-Jun-21,15737.3,15821.4,15702.7,15790.45,316662241,29623.58
1848,25-Jun-21,15839.35,15870.8,15772.3,15860.35,314614380,26933.22
1849,28-Jun-21,15915.35,15915.65,15792.15,15814.7,255099272,18713.41
1850,29-Jun-21,15807.5,15835.9,15724.05,15748.45,360334724,24392.13
1851,30-Jun-21,15776.9,15839.1,15708.75,15721.5,262386323,20379.76
1852,01-Jul-21,15755.05,15755.55,15667.05,15680,224921644,17359.97
1853,02-Jul-21,15705.85,15738.35,15635.95,15722.2,254808999,18015.42
1854,05-Jul-21,15793.4,15845.95,15762.05,15834.35,207032153,14976.54
1855,06-Jul-21,15813.75,15914.2,15801,15818.25,391410742,24456.05
1856,07-Jul-21,15819.6,15893.55,15779.7,15879.65,329308646,22259.96
1857,08-Jul-21,15855.4,15885.75,15682.9,15727.9,307928495,19597.95
1858,09-Jul-21,15688.25,15730.85,15632.75,15689.8,243249366,19976.86
1859,12-Jul-21,15766.8,15789.2,15644.75,15692.6,216272488,18482.89
1860,13-Jul-21,15794,15820.8,15744.6,15812.35,246676549,18205.97
1861,14-Jul-21,15808.7,15877.35,15764.2,15853.95,239924352,18372.84
1862,15-Jul-21,15872.15,15952.35,15855,15924.2,284851049,20961.37
1863,16-Jul-21,15958.35,15962.25,15882.6,15923.4,276298105,18758.13
1864,19-Jul-21,15754.5,15836.9,15707.5,15752.4,242131813,18088.78
1865,20-Jul-21,15703.95,15728.45,15578.55,15632.1,274284165,21329.55
1866,22-Jul-21,15736.6,15834.8,15726.4,15824.05,265250867,23988.39
1867,23-Jul-21,15856.8,15899.8,15768.4,15856.05,294098244,20685.82
1868,26-Jul-21,15849.3,15893.35,15797,15824.45,267076679,19487.18
1869,27-Jul-21,15860.5,15881.55,15701,15746.45,311012065,26117.34
1870,28-Jul-21,15761.55,15767.5,15513.45,15709.4,318601589,26090.48
1871,29-Jul-21,15762.7,15817.35,15737.8,15778.45,401584915,29460.54
1872,30-Jul-21,15800.6,15862.8,15744.85,15763.05,400021237,30539.63
1873,02-Aug-21,15874.9,15892.9,15834.65,15885.15,244847433,20766.99
1874,03-Aug-21,15951.55,16146.9,15914.35,16130.75,341289658,26373.24
1875,04-Aug-21,16195.25,16290.2,16176.15,16258.8,427337644,32434.78
1876,05-Aug-21,16288.95,16349.45,16210.3,16294.6,418174517,31386.78
1877,06-Aug-21,16304.4,16336.75,16223.3,16238.2,320087281,24716.17
1878,09-Aug-21,16281.35,16320.75,16179.05,16258.25,240452917,18302.03
1879,10-Aug-21,16274.8,16359.25,16202.25,16280.1,287989486,22600.38
1880,11-Aug-21,16327.3,16338.75,16162.55,16282.25,277895886,20306.59
1881,12-Aug-21,16303.65,16375.5,16286.9,16364.4,280181324,18548.87
1882,13-Aug-21,16385.7,16543.6,16376.3,16529.1,321866286,27163.08
1883,16-Aug-21,16518.4,16589.4,16480.75,16563.05,254049330,21456.2
1884,17-Aug-21,16545.25,16628.55,16495.4,16614.6,297388470,25696.44
1885,18-Aug-21,16691.95,16701.85,16535.85,16568.85,251796822,22721.54
1886,20-Aug-21,16382.5,16509.55,16376.05,16450.5,350819323,30118.23
1887,23-Aug-21,16592.25,16592.5,16395.7,16496.45,275597782,24355.77
1888,24-Aug-21,16561.4,16647.1,16495.3,16624.6,275362819,24992.32
1889,25-Aug-21,16654,16712.45,16617.5,16634.65,265920141,22210.6
1890,26-Aug-21,16627.95,16683.7,16603.4,16636.9,253530997,22320.21
1891,27-Aug-21,16642.55,16722.05,16565.6,16705.2,217405743,20499.85
1892,30-Aug-21,16775.85,16951.5,16764.85,16931.05,283483108,23615.87
1893,31-Aug-21,16947.5,17153.5,16915.85,17132.2,464390247,40147.89
1894,01-Sep-21,17185.6,17225.75,17055.05,17076.25,301894634,27691.93
1895,02-Sep-21,17095.4,17245.5,17059.7,17234.15,242377518,22620.36
1896,03-Sep-21,17262.45,17340.1,17212.2,17323.6,261373795,23579.17
1897,06-Sep-21,17399.35,17429.55,17345.55,17377.8,228045532,21270.62
1898,07-Sep-21,17401.55,17436.5,17287,17362.1,243417811,19848.94
1899,08-Sep-21,17375.75,17383.4,17254.2,17353.5,252652423,22696.35
1900,09-Sep-21,17312.85,17379.65,17302.7,17369.25,241509352,17719.78
1901,13-Sep-21,17363.55,17378.35,17269.15,17355.3,241053924,18498.63
1902,14-Sep-21,17420.35,17438.55,17367.05,17380,230354386,18702.82
1903,15-Sep-21,17387.65,17532.7,17386.9,17519.45,388191629,24256.8
1904,16-Sep-21,17539.2,17644.6,17510.45,17629.5,503310763,30189.77
1905,17-Sep-21,17709.65,17792.95,17537.65,17585.15,508285916,43345.58
1906,20-Sep-21,17443.85,17622.75,17361.8,17396.9,339102046,25304.27
1907,21-Sep-21,17450.5,17578.35,17326.1,17562,363578479,26520.99
1908,22-Sep-21,17580.9,17610.45,17524,17546.65,295191136,21772.23
1909,23-Sep-21,17670.85,17843.9,17646.55,17822.95,320514486,25005.36
1910,24-Sep-21,17897.45,17947.65,17819.4,17853.2,360130853,30787.59
1911,27-Sep-21,17932.2,17943.5,17802.9,17855.1,295714657,24244.98
1912,28-Sep-21,17906.45,17912.85,17576.1,17748.6,397997281,27055.36
1913,29-Sep-21,17657.95,17781.75,17608.15,17711.3,562237732,30621.28
1914,30-Sep-21,17718.9,17742.15,17585.35,17618.15,378592721,27167.19
1915,01-Oct-21,17531.9,17557.15,17452.9,17532.05,305763919,20911.61
1916,04-Oct-21,17615.55,17750.9,17581.35,17691.25,295761839,21343.51
1917,05-Oct-21,17661.35,17833.45,17640.9,17822.3,427000191,23066.8
1918,06-Oct-21,17861.5,17884.6,17613.15,17646,395833550,24504.3
1919,07-Oct-21,17810.55,17857.55,17763.8,17790.35,419890959,27371.98
1920,08-Oct-21,17886.85,17941.85,17840.35,17895.2,324066351,22778.68
1921,11-Oct-21,17867.55,18041.95,17839.1,17945.95,375756457,29000.2
1922,12-Oct-21,17915.8,18008.65,17864.95,17991.95,355568313,26491.42
1923,13-Oct-21,18097.85,18197.8,18050.75,18161.75,506679748,34503
1924,14-Oct-21,18272.85,18350.75,18248.7,18338.55,538714440,38903.16
1925,18-Oct-21,18500.1,18543.15,18445.3,18477.05,469883515,36800.84
1926,19-Oct-21,18602.35,18604.45,18377.7,18418.75,368230309,30505.86
1927,20-Oct-21,18439.9,18458.3,18209.35,18266.6,371276478,28968.42
1928,21-Oct-21,18382.7,18384.2,18048,18178.1,365902008,30839.79
1929,22-Oct-21,18230.7,18314.25,18034.35,18114.9,324748084,26938.88
1930,25-Oct-21,18229.5,18241.4,17968.5,18125.4,418703647,34572.34
1931,26-Oct-21,18154.5,18310.45,18099.3,18268.4,341377869,29764.61
1932,27-Oct-21,18295.85,18342.05,18167.9,18210.95,335248487,30823.75
1933,28-Oct-21,18187.65,18190.7,17799.45,17857.25,374205784,30222.34
1934,29-Oct-21,17833.05,17915.85,17613.1,17671.65,336466864,28136
1935,01-Nov-21,17783.15,17954.1,17697.1,17929.65,281190130,24354.38
1936,02-Nov-21,17970.9,18012.25,17847.6,17888.95,296441997,23371.51
1937,03-Nov-21,17947.95,17988.75,17757.95,17829.2,330995982,26186.85
1938,04-Nov-21,17935.05,17947.55,17900.6,17916.8,48520856,3637.06
1939,08-Nov-21,18040.2,18087.8,17836.1,18068.55,338919483,30908.23
1940,09-Nov-21,18084.35,18112.6,17983.05,18044.25,270197527,23686.09
1941,10-Nov-21,17973.45,18061.25,17915,18017.2,261446523,22281.11
1942,11-Nov-21,17967.45,17971.35,17798.2,17873.6,232121151,20074.78
1943,12-Nov-21,17977.6,18123,17905.9,18102.75,249111898,22164.33
1944,15-Nov-21,18140.95,18210.15,18071.3,18109.45,280428633,19099.6
1945,16-Nov-21,18127.05,18132.65,17958.8,17999.2,267431829,24101.67
1946,17-Nov-21,17939.35,18022.65,17879.25,17898.65,295715938,22950.84
1947,18-Nov-21,17890.55,17945.6,17688.5,17764.8,278425148,22625.36
1948,22-Nov-21,17796.25,17805.25,17280.45,17416.55,356400425,29570.57
1949,23-Nov-21,17281.75,17553.7,17216.1,17503.35,308843255,26240.41
1950,24-Nov-21,17550.05,17600.6,17354,17415.05,298052158,23766.93
1951,25-Nov-21,17417.3,17564.35,17351.7,17536.25,255947032,21953.33
1952,26-Nov-21,17338.75,17355.4,16985.7,17026.45,356330009,28485.53
1953,29-Nov-21,17055.8,17160.7,16782.4,17053.95,348888750,27428.2
1954,30-Nov-21,17051.15,17324.65,16931.4,16983.2,497999836,41494.9
1955,01-Dec-21,17104.4,17213.05,17064.25,17166.9,295542125,24098.73
1956,02-Dec-21,17183.2,17420.35,17149.3,17401.65,279867500,22473.64
1957,03-Dec-21,17424.9,17489.8,17180.8,17196.7,292526485,23100.57
1958,06-Dec-21,17209.05,17216.75,16891.7,16912.25,231716681,17912.15
1959,07-Dec-21,17044.1,17251.65,16987.75,17176.7,254144221,21693.69
1960,08-Dec-21,17315.25,17484.6,17308.95,17469.75,257791948,21665.95
1961,09-Dec-21,17524.4,17543.25,17379.6,17516.85,237170272,18984.75
1962,10-Dec-21,17476.05,17534.35,17405.25,17511.3,204467484,16399.53
1963,13-Dec-21,17619.1,17639.5,17355.95,17368.25,256560534,20592.03
1964,14-Dec-21,17283.2,17376.2,17225.8,17324.9,270965586,20459.79
1965,15-Dec-21,17323.65,17351.2,17192.2,17221.4,214972109,17046.42
1966,16-Dec-21,17373,17379.35,17184.95,17248.4,219496063,18493.54
1967,17-Dec-21,17276,17298.15,16966.45,16985.2,354591366,31326.91
1968,20-Dec-21,16824.25,16840.1,16410.2,16614.2,330614079,25123.59
1969,21-Dec-21,16773.15,16936.4,16688.25,16770.85,241030834,19783.04
1970,22-Dec-21,16865.55,16971,16819.5,16955.45,207946105,17443.94
1971,23-Dec-21,17066.8,17118.65,17015.55,17072.6,196965302,15755.89
1972,24-Dec-21,17149.5,17155.6,16909.6,17003.75,182564833,15435.01
1973,27-Dec-21,16937.75,17112.05,16833.2,17086.25,144777457,12567.03
1974,28-Dec-21,17177.6,17250.25,17161.15,17233.25,176026100,14553.76
1975,29-Dec-21,17220.1,17285.95,17176.65,17213.6,161679423,14320.79
1976,30-Dec-21,17201.45,17264.05,17146.35,17203.95,320831676,21929.19
1977,31-Dec-21,17244.5,17400.8,17238.5,17354.05,167025720,14588.54
1978,03-Jan-22,17387.15,17646.65,17383.3,17625.7,200456430,16181.36
1979,04-Jan-22,17681.4,17827.6,17593.55,17805.25,247437472,18604.16
1980,05-Jan-22,17820.1,17944.7,17748.85,17925.25,251460038,23737.31
1981,06-Jan-22,17768.5,17797.95,17655.55,17745.9,236454824,22643.82
1982,07-Jan-22,17797.6,17905,17704.55,17812.7,239338015,21447.89
1983,10-Jan-22,17913.3,18017.45,17879.15,18003.3,232418075,20853.64
1984,11-Jan-22,17997.75,18081.25,17964.4,18055.75,220238796,20781.46
1985,12-Jan-22,18170.4,18227.95,18128.8,18212.35,244974287,22298.69
1986,13-Jan-22,18257,18272.25,18163.8,18257.8,303700545,28670.93
1987,14-Jan-22,18185,18286.95,18119.65,18255.75,229451608,21024.51
1988,17-Jan-22,18235.65,18321.55,18228.75,18308.1,266702919,23859.38
1989,18-Jan-22,18337.2,18350.95,18085.9,18113.05,227507319,20852.67
1990,19-Jan-22,18129.2,18129.2,17884.9,17938.4,276662654,25310.19
1991,20-Jan-22,17921,17943.7,17648.45,17757,258094246,25863.29
1992,21-Jan-22,17613.7,17707.6,17485.85,17617.15,277645373,25941.64
1993,24-Jan-22,17575.15,17599.4,16997.85,17149.1,323847388,28387.73
1994,25-Jan-22,17001.55,17309.15,16836.8,17277.95,326515896,31344.46
1995,27-Jan-22,17062,17182.5,16866.75,17110.15,395596577,36296.64
1996,28-Jan-22,17208.3,17373.5,17077.1,17101.95,355284285,29799.89
1997,31-Jan-22,17301.05,17410,17264.15,17339.85,321660346,25474.13
1998,01-Feb-22,17529.45,17622.4,17244.55,17576.85,386391485,30033.66
1999,02-Feb-22,17706.2,17794.6,17674.8,17780,271205907,23611.59
2000,03-Feb-22,17767.75,17781.15,17511.15,17560.2,226614989,20373.06
2001,04-Feb-22,17590.2,17617.8,17462.55,17516.3,261434170,20651.85
2002,07-Feb-22,17456.3,17536.75,17119.4,17213.6,265037933,21925.11
2003,08-Feb-22,17279.85,17306.45,17043.65,17266.75,268526210,23846.16
2004,09-Feb-22,17370.1,17477.15,17339,17463.8,236350514,19327.67
2005,10-Feb-22,17554.1,17639.45,17427.15,17605.85,273606440,22210.93
2006,11-Feb-22,17451,17454.75,17303,17374.75,253141660,23230.82
2007,14-Feb-22,17076.15,17099.5,16809.65,16842.8,305510740,24976.16
2008,15-Feb-22,16933.25,17375,16839.25,17352.45,298658142,24765.67
2009,16-Feb-22,17408.45,17490.6,17257.7,17322.2,244549223,21128.38
2010,17-Feb-22,17396.55,17442.9,17235.85,17304.6,232136131,19381.26
2011,18-Feb-22,17236.05,17380.8,17219.2,17276.3,189620888,16126.96
2012,21-Feb-22,17192.25,17351.05,17070.7,17206.65,215183301,18725.57
2013,22-Feb-22,16847.95,17148.55,16843.8,17092.2,300131995,24040.84
2014,23-Feb-22,17194.5,17220.7,17027.85,17063.25,200229631,17662.47
2015,24-Feb-22,16548.9,16705.25,16203.25,16247.95,457967874,36650.83
2016,25-Feb-22,16515.65,16748.8,16478.3,16658.4,329780732,25743.77
2017,28-Feb-22,16481.6,16815.9,16356.3,16793.9,404214666,33831.57
2018,02-Mar-22,16593.1,16678.5,16478.65,16605.95,517723542,39407.44
2019,03-Mar-22,16723.2,16768.95,16442.95,16498.05,442068263,31413
2020,04-Mar-22,16339.45,16456,16133.8,16245.35,456143040,34821.1
2021,07-Mar-22,15867.95,15944.6,15711.45,15863.15,585403660,38038.75
2022,08-Mar-22,15747.75,16028.75,15671.45,16013.45,543600673,38704.4
2023,09-Mar-22,16078,16418.05,15990,16345.35,462231428,35329.34
2024,10-Mar-22,16757.1,16757.3,16447.9,16594.9,486445481,35513.73
2025,11-Mar-22,16528.8,16694.4,16470.9,16630.45,343717045,24720.34
2026,14-Mar-22,16633.7,16887.95,16606.5,16871.3,314669685,23824.02
2027,15-Mar-22,16900.65,16927.75,16555,16663,381631902,29731.09
2028,16-Mar-22,16876.65,16987.9,16837.85,16975.35,259973396,21361.32
2029,17-Mar-22,17202.9,17344.6,17175.75,17287.05,448335248,35367.28
2030,21-Mar-22,17329.5,17353.35,17096.4,17117.6,285451208,22886.39
2031,22-Mar-22,17120.4,17334.4,17006.3,17315.5,338263468,27347.6
2032,23-Mar-22,17405.05,17442.4,17199.6,17245.65,292120348,24705.28
2033,24-Mar-22,17094.95,17291.75,17091.15,17222.75,290280124,25011.72
2034,25-Mar-22,17289,17294.9,17076.55,17153,237115741,20031.39
2035,28-Mar-22,17181.85,17235.1,17003.9,17222,253240837,19976.26
2036,29-Mar-22,17297.2,17343.65,17235.7,17325.3,235149625,20305.78
2037,30-Mar-22,17468.15,17522.5,17387.2,17498.25,505031841,28907.47
2038,31-Mar-22,17519.2,17559.8,17435.2,17464.75,281111679,24032.07
2039,01-Apr-22,17436.9,17703.7,17422.7,17670.45,291773447,21132.13
2040,04-Apr-22,17809.1,18114.65,17791.4,18053.4,345526502,38623.94
2041,05-Apr-22,18080.6,18095.45,17921.55,17957.4,283453612,25096.7
2042,06-Apr-22,17842.75,17901,17779.85,17807.65,328824420,24252.48
2043,07-Apr-22,17723.3,17787.5,17623.7,17639.55,308840215,26236.91
2044,08-Apr-22,17698.15,17842.75,17600.55,17784.35,274447433,25608.1
2045,11-Apr-22,17740.9,17779.05,17650.95,17674.95,251701846,21001.58
2046,12-Apr-22,17584.85,17595.3,17442.35,17530.3,266029060,23958.77
2047,13-Apr-22,17599.9,17663.65,17457.4,17475.65,245061941,20229.83
2048,18-Apr-22,17183.45,17237.75,17067.85,17173.65,376130248,30154.62
2049,19-Apr-22,17258.95,17275.65,16824.7,16958.65,401399563,35467.13
2050,20-Apr-22,17045.25,17186.9,16978.95,17136.55,286069736,25972.15
2051,21-Apr-22,17234.6,17414.7,17215.5,17392.6,285200022,24999.9
2052,22-Apr-22,17242.75,17315.3,17149.2,17171.95,262739740,23371.7
2053,25-Apr-22,17009.05,17054.3,16888.7,16953.95,275685925,22699.65
2054,26-Apr-22,17121.3,17223.85,17064.45,17200.8,261065753,22079.92
2055,27-Apr-22,17073.35,17110.7,16958.45,17038.4,265140480,25373.8
2056,28-Apr-22,17189.5,17322.5,17071.05,17245.05,312914417,28488.87
2057,29-Apr-22,17329.25,17377.65,17053.25,17102.55,336243642,29582.86
2058,02-May-22,16924.45,17092.25,16917.25,17069.1,278155513,21222.64
2059,04-May-22,17096.6,17132.85,16623.95,16677.6,310632799,27405.52
2060,05-May-22,16854.75,16945.7,16651.85,16682.65,265793403,21792.91
2061,06-May-22,16415.55,16484.2,16340.9,16411.25,300527719,25472.95
2062,09-May-22,16227.7,16403.7,16142.1,16301.85,288402950,23274.74
2063,10-May-22,16248.9,16404.55,16197.3,16240.05,283061200,22685.27
2064,11-May-22,16270.05,16318.75,15992.6,16167.1,284294438,22994.38
2065,12-May-22,16021.1,16041.95,15735.75,15808,314921678,25352.34
2066,13-May-22,15977,16083.6,15740.85,15782.15,369135540,27454.12
2067,16-May-22,15845.1,15977.95,15739.65,15842.3,217646558,17852.19
2068,17-May-22,15912.6,16284.25,15900.8,16259.3,295687774,22782.99
2069,18-May-22,16318.15,16399.8,16211.2,16240.3,290441105,23889.84
2070,19-May-22,15917.4,15984.75,15775.2,15809.4,313876082,24340.84
2071,20-May-22,16043.8,16283.05,16003.85,16266.15,252402013,22806.69
2072,23-May-22,16290.95,16414.7,16185.75,16214.7,293829853,25110.85
2073,24-May-22,16225.55,16262.8,16078.6,16125.15,249778296,21895.75
2074,25-May-22,16196.35,16223.35,16006.95,16025.8,243342347,21400.14
2075,26-May-22,16105,16204.45,15903.7,16170.15,314305739,27721.21
2076,27-May-22,16296.6,16370.6,16221.95,16352.45,274064956,21341.98
2077,30-May-22,16527.9,16695.5,16506.15,16661.4,251400757,21216.5
2078,31-May-22,16578.45,16690.75,16521.9,16584.55,651613610,52929.35
2079,01-Jun-22,16594.4,16649.2,16438.85,16522.75,249619038,19350.33
2080,02-Jun-22,16481.65,16646.4,16443.05,16628,235958283,20055.84
2081,03-Jun-22,16761.65,16793.85,16567.9,16584.3,245514871,22249.29
2082,06-Jun-22,16530.7,16610.95,16444.55,16569.55,233589132,17999.41
2083,07-Jun-22,16469.6,16487.25,16347.1,16416.35,233814633,17921.95
2084,08-Jun-22,16474.95,16514.3,16293.35,16356.25,243481044,18336.15
2085,09-Jun-22,16263.85,16492.8,16243.85,16478.1,204954394,16721.68
2086,10-Jun-22,16283.95,16324.7,16172.6,16201.8,189680523,18388.03
2087,13-Jun-22,15877.55,15886.15,15684,15774.4,225534385,20002.64
2088,14-Jun-22,15674.25,15858,15659.45,15732.1,225425862,19825.41
2089,15-Jun-22,15729.25,15783.65,15678.9,15692.15,183011236,16063.24
2090,16-Jun-22,15832.25,15863.15,15335.1,15360.6,264735957,21383.06
2091,17-Jun-22,15272.65,15400.4,15183.4,15293.5,342629997,29074
2092,20-Jun-22,15334.5,15382.5,15191.1,15350.15,260022438,18531.78
2093,21-Jun-22,15455.95,15707.25,15419.85,15638.8,262794687,18934.27
2094,22-Jun-22,15545.65,15565.4,15385.95,15413.3,220889589,16817.07
2095,23-Jun-22,15451.55,15628.45,15367.5,15556.65,259171810,21722.06
2096,24-Jun-22,15657.4,15749.25,15619.45,15699.25,219599372,18259.72
2097,27-Jun-22,15926.2,15927.45,15815.5,15832.05,210932505,17770.42
2098,28-Jun-22,15757.45,15892.1,15710.15,15850.2,251865155,18419.75
2099,29-Jun-22,15701.7,15861.6,15687.8,15799.1,444949551,22528.57
2100,30-Jun-22,15774.5,15890,15728.85,15780.25,306027777,23970.65
2101,01-Jul-22,15703.7,15793.95,15511.05,15752.05,364090131,25891.94
2102,04-Jul-22,15710.5,15852.35,15661.8,15835.35,304328467,19875.22
2103,05-Jul-22,15909.15,16025.75,15785.45,15810.85,254164463,19129.6
2104,06-Jul-22,15818.2,16011.35,15800.9,15989.8,288375300,22836.77
2105,07-Jul-22,16113.75,16150.5,16045.95,16132.9,264615218,21465.33
2106,08-Jul-22,16273.65,16275.5,16157.9,16220.6,281102369,20990.69
2107,11-Jul-22,16136.15,16248.55,16115.5,16216,255915072,20240.69
2108,12-Jul-22,16126.2,16158.75,16031.15,16058.3,208648707,16042.52
2109,13-Jul-22,16128.2,16140,15950.15,15966.65,233264100,19649.66
2110,14-Jul-22,16018.85,16070.85,15858.2,15938.65,228603433,18858.83
2111,15-Jul-22,16010.8,16066.95,15927.3,16049.2,205768079,17031.43
2112,18-Jul-22,16151.4,16287.95,16142.2,16278.5,227744850,19420.93
2113,19-Jul-22,16187.05,16359.5,16187.05,16340.55,222630928,18068.59
2114,20-Jul-22,16562.8,16588,16490.95,16520.85,284359582,22061.81
2115,21-Jul-22,16523.55,16626.95,16483.9,16605.25,243625339,20603.17
2116,22-Jul-22,16661.25,16752.25,16610.9,16719.45,190906776,18600.11
2117,25-Jul-22,16662.55,16706.05,16564.25,16631,211392171,19384.43
2118,26-Jul-22,16632.9,16636.1,16463.3,16483.85,208208122,20087.54
2119,27-Jul-22,16475.35,16653.45,16438.75,16641.8,185210970,17608.03
2120,28-Jul-22,16774.85,16947.65,16746.25,16929.6,376256315,26674.28
2121,29-Jul-22,17079.5,17172.8,17018.15,17158.25,436059722,28241.29
2122,01-Aug-22,17243.2,17356.25,17154.8,17340.05,381532671,23221.04
2123,02-Aug-22,17310.15,17390.15,17215.85,17345.45,333639093,22576.94
2124,03-Aug-22,17349.25,17407.5,17225.85,17388.15,285414666,20842.13
2125,04-Aug-22,17463.1,17490.7,17161.25,17382,324981426,21848.21
2126,05-Aug-22,17423.65,17474.4,17348.75,17397.5,355310802,20013.14
2127,08-Aug-22,17401.5,17548.8,17359.75,17525.1,256994113,18475.21
2128,10-Aug-22,17566.1,17566.1,17442.8,17534.75,312716544,21952.35
2129,11-Aug-22,17711.65,17719.3,17631.95,17659,311247237,20476.53
2130,12-Aug-22,17659.65,17724.65,17597.85,17698.15,303872483,18422.47
2131,16-Aug-22,17797.2,17839.1,17764.05,17825.25,278042725,18495.27
2132,17-Aug-22,17868.15,17965.95,17833.35,17944.25,262768582,21209.54
2133,18-Aug-22,17898.65,17968.45,17852.05,17956.5,263914197,18441.68
2134,19-Aug-22,17966.55,17992.2,17710.75,17758.45,295627263,21531.99
2135,22-Aug-22,17682.9,17690.05,17467.35,17490.7,287559133,19605.44
2136,23-Aug-22,17357.35,17625.55,17345.2,17577.5,285616338,20365.8
2137,24-Aug-22,17525.45,17623.65,17499.25,17604.95,261953239,17819.88
2138,25-Aug-22,17679,17726.5,17487.45,17522.45,230181848,17566.7
2139,26-Aug-22,17619.3,17685.85,17519.35,17558.9,266636238,17500.8
2140,29-Aug-22,17188.65,17380.15,17166.2,17312.9,244854637,19351.5
2141,30-Aug-22,17414.95,17777.65,17401.5,17759.3,324687477,26284.26
2142,01-Sep-22,17485.7,17695.6,17468.45,17542.8,308526598,26813.95
2143,02-Sep-22,17598.4,17643.85,17476.45,17539.45,256268616,19548.88
2144,05-Sep-22,17546.45,17683.15,17540.35,17665.8,230309013,17011.26
2145,06-Sep-22,17695.7,17764.65,17587.65,17655.6,251204527,17521.09
2146,07-Sep-22,17519.4,17650.75,17484.3,17624.4,354137885,25419.5
2147,08-Sep-22,17748.15,17807.65,17691.95,17798.75,279845682,19925.25
2148,09-Sep-22,17923.35,17925.95,17786,17833.35,270299618,20564.06
2149,12-Sep-22,17890.85,17980.55,17889.15,17936.35,228242025,17648.17
2150,13-Sep-22,18044.45,18088.3,18015.45,18070.05,259922741,21039.08
2151,14-Sep-22,17771.15,18091.55,17771.15,18003.75,365866933,26611.96
2152,15-Sep-22,18046.35,18096.15,17861.5,17877.4,289637528,22007.78
2153,16-Sep-22,17796.8,17820.05,17497.25,17530.85,468464263,36013.89
2154,19-Sep-22,17540.65,17667.2,17429.7,17622.25,258329581,19548.99
2155,20-Sep-22,17770.4,17919.3,17744.4,17816.25,263100874,20456.69
2156,21-Sep-22,17766.35,17838.7,17663.6,17718.35,245532498,19816.78
2157,22-Sep-22,17609.65,17722.75,17532.45,17629.8,284094023,21303.96
2158,23-Sep-22,17593.85,17642.15,17291.65,17327.35,390754862,23750.53
2159,26-Sep-22,17156.3,17196.4,16978.3,17016.3,492002942,27533.01
2160,27-Sep-22,17110.9,17176.45,16942.35,17007.4,359895458,22712.8
2161,28-Sep-22,16870.55,17037.6,16820.4,16858.6,323922457,21400.93
2162,29-Sep-22,16993.6,17026.05,16788.6,16818.1,340034380,24758.63
2163,30-Sep-22,16798.05,17187.1,16747.7,17094.35,380204763,26205.63
2164,03-Oct-22,17102.1,17114.65,16855.55,16887.35,285850587,21860.54
2165,04-Oct-22,17147.45,17287.3,17117.3,17274.3,231601639,18480.43
2166,06-Oct-22,17379.25,17428.8,17315.65,17331.8,268239320,20404.46
2167,07-Oct-22,17287.2,17337.35,17216.95,17314.65,216273136,17043.26
2168,10-Oct-22,17094.35,17280.15,17064.7,17241,234005512,16220.67
2169,11-Oct-22,17256.05,17261.8,16950.3,16983.55,282617982,22178.37
2170,12-Oct-22,17025.55,17142.35,16960.05,17123.6,256037322,18098.41
2171,13-Oct-22,17087.35,17112.35,16956.95,17014.35,266438674,18189.64
2172,14-Oct-22,17322.3,17348.55,17169.75,17185.7,226997138,17813.47
2173,17-Oct-22,17144.8,17328.55,17098.55,17311.8,212223419,16887.83
2174,18-Oct-22,17438.75,17527.8,17434.05,17486.95,239493630,18224.95
2175,19-Oct-22,17568.15,17607.6,17472.85,17512.25,210480869,17200.79
2176,20-Oct-22,17423.1,17584.15,17421,17563.95,249604832,18345.6
2177,21-Oct-22,17622.85,17670.15,17520.75,17576.3,277702680,23547.38
2178,24-Oct-22,17736.35,17777.55,17707.4,17730.75,45029477,3772.49
2179,25-Oct-22,17808.3,17811.5,17637,17656.35,251358203,20338.32
2180,27-Oct-22,17771.4,17783.9,17654.5,17736.95,324649088,24166.3
2181,28-Oct-22,17756.4,17838.9,17723.7,17786.8,250030113,19099.59
2182,31-Oct-22,17910.2,18022.8,17899.9,18012.2,227174539,19846.47
2183,01-Nov-22,18130.7,18175.8,18060.15,18145.4,349924808,26796.59
2184,02-Nov-22,18177.9,18178.75,18048.65,18082.85,270878019,20072.62
2185,03-Nov-22,17968.35,18106.3,17959.2,18052.7,212968291,16037.78
2186,04-Nov-22,18053.4,18135.1,18017.15,18117.15,267941526,21062.54
2187,07-Nov-22,18211.75,18255.5,18064.75,18202.8,314758398,25124.84
2188,09-Nov-22,18288.25,18296.4,18117.5,18157,307155149,23344.58
2189,10-Nov-22,18044.35,18103.1,17969.4,18028.2,256451785,19848.06
2190,11-Nov-22,18272.35,18362.3,18259.35,18349.7,378469072,30732.11
2191,14-Nov-22,18376.4,18399.45,18311.4,18329.15,301401961,21697.66
2192,15-Nov-22,18362.75,18427.95,18282,18403.4,250926391,17836.19
2193,16-Nov-22,18398.25,18442.15,18344.15,18409.65,219268992,19732.87
2194,17-Nov-22,18358.7,18417.6,18312.95,18343.9,200512910,16410.36
2195,18-Nov-22,18382.95,18394.6,18209.8,18307.65,198794846,16553.69
2196,21-Nov-22,18246.4,18262.3,18133.35,18159.95,213794598,15037.5
2197,22-Nov-22,18179.15,18261.85,18137.7,18244.2,177681099,14750.98
2198,23-Nov-22,18325.2,18325.4,18246,18267.25,178791087,15674.45
2199,24-Nov-22,18326.1,18529.7,18294.25,18484.1,204044559,18218.35
2200,25-Nov-22,18528.45,18534.9,18445.1,18512.75,205876043,17112.8
2201,28-Nov-22,18430.55,18614.25,18365.6,18562.75,206468884,19006.92
2202,29-Nov-22,18552.45,18678.1,18552.15,18618.05,195255179,16568.17
2203,30-Nov-22,18625.7,18816.05,18616.55,18758.35,345636288,32757.21
2204,01-Dec-22,18871.95,18887.6,18778.2,18812.5,324955829,22216.65
2205,02-Dec-22,18752.4,18781.95,18639.2,18696.1,254401004,20233.76
2206,05-Dec-22,18719.55,18728.6,18591.35,18701.05,288393766,19471.83
2207,06-Dec-22,18600.65,18654.9,18577.9,18642.75,217777090,17772.27
2208,07-Dec-22,18638.85,18668.3,18528.4,18560.5,200501720,17496.8
2209,08-Dec-22,18570.85,18625,18536.95,18609.35,202811256,19277.65
2210,09-Dec-22,18662.4,18664.7,18410.1,18496.6,215839572,20317.78
2211,12-Dec-22,18402.15,18521.55,18345.7,18497.15,193883468,16688.2
2212,13-Dec-22,18524.4,18617.25,18490.2,18608,187585567,16536.17
2213,14-Dec-22,18671.25,18696.1,18632.9,18660.3,208030337,16626
2214,15-Dec-22,18614.4,18652.9,18387.7,18414.9,183127544,15618.55
2215,16-Dec-22,18319.1,18440.95,18255.15,18269,277650193,23292.95
2216,19-Dec-22,18288.1,18431.65,18244.55,18420.45,154847475,14455.23
2217,20-Dec-22,18340.3,18404.9,18202.65,18385.3,169041783,15038.56
2218,21-Dec-22,18435.15,18473.35,18162.75,18199.1,187594274,17223.44
2219,22-Dec-22,18288.8,18318.75,18068.6,18127.35,195699650,16725.23
2220,23-Dec-22,17977.65,18050.45,17779.5,17806.8,221454773,18486.94
2221,26-Dec-22,17830.4,18084.1,17774.25,18014.6,176652342,13708.21
2222,27-Dec-22,18089.8,18149.25,17967.45,18132.3,214257094,13000.64
2223,28-Dec-22,18084.75,18173.1,18068.35,18122.5,193873167,13997.59
2224,29-Dec-22,18045.7,18229.7,17992.8,18191,281052828,18466.05
2225,30-Dec-22,18259.1,18265.25,18080.3,18105.3,192005563,14475.22
2226,02-Jan-23,18131.7,18215.15,18086.5,18197.45,256073979,11793.06
2227,03-Jan-23,18163.2,18251.95,18149.8,18232.55,208699772,13680.91
2228,04-Jan-23,18230.65,18243,18020.6,18042.95,235162202,16687.71
2229,05-Jan-23,18101.95,18120.3,17892.6,17992.15,269949738,22108.53
2230,06-Jan-23,18008.05,18047.4,17795.55,17859.45,238220578,17495.25
2231,09-Jan-23,17952.55,18141.4,17936.15,18101.2,257237669,19916.16
2232,10-Jan-23,18121.3,18127.6,17856,17914.15,283277918,20570.3
2233,11-Jan-23,17924.25,17976.35,17824.35,17895.7,259853294,20204.33
2234,12-Jan-23,17920.85,17945.8,17761.65,17858.2,227769060,19762.43
2235,13-Jan-23,17867.5,17999.35,17774.25,17956.6,256700729,21341.7
2236,16-Jan-23,18033.15,18049.65,17853.65,17894.85,206195816,16728.37
2237,17-Jan-23,17922.8,18072.05,17886.95,18053.3,219055125,17461.09
2238,18-Jan-23,18074.3,18183.75,18032.45,18165.35,255840928,20500.07
2239,19-Jan-23,18119.8,18155.2,18063.75,18107.85,237833991,18413.13
2240,20-Jan-23,18115.6,18145.45,18016.2,18027.65,237225269,19519.96
2241,23-Jan-23,18118.45,18162.6,18063.45,18118.55,202460434,17060.12
2242,24-Jan-23,18183.95,18201.25,18078.65,18118.3,216910302,19705.91
2243,25-Jan-23,18093.35,18100.6,17846.15,17891.95,257227052,20890.56
2244,27-Jan-23,17877.2,17884.75,17493.55,17604.35,476342611,40104.83
2245,30-Jan-23,17541.95,17709.15,17405.55,17648.95,432434028,38159.88
2246,31-Jan-23,17731.45,17735.7,17537.55,17662.15,398338541,35023.7
2247,01-Feb-23,17811.6,17972.2,17353.4,17616.3,512870802,38486.19
2248,02-Feb-23,17517.1,17653.9,17445.95,17610.4,490113567,37639.96
2249,03-Feb-23,17721.75,17870.3,17584.2,17854.05,424123037,34503.67
2250,06-Feb-23,17818.55,17823.7,17698.35,17764.6,282544790,21864.88
2251,07-Feb-23,17790.1,17811.15,17652.55,17721.5,354395693,23611.08
2252,08-Feb-23,17750.3,17898.7,17744.15,17871.7,290994265,23733.4
2253,09-Feb-23,17885.5,17916.9,17779.8,17893.45,260854055,21529.97
2254,10-Feb-23,17847.55,17876.95,17801,17856.5,231991834,17063.99
2255,13-Feb-23,17859.1,17880.7,17719.75,17770.9,231276483,17406.31
2256,14-Feb-23,17840.35,17954.55,17800.05,17929.85,244512944,20579.8
2257,15-Feb-23,17896.6,18034.1,17853.8,18015.85,229273800,21457.34
2258,16-Feb-23,18094.75,18134.75,18000.65,18035.85,230246175,18891.55
2259,17-Feb-23,17974.85,18034.25,17884.6,17944.2,208053929,16998.33
2260,20-Feb-23,17965.55,18004.35,17818.4,17844.6,174563233,14729.07
2261,21-Feb-23,17905.8,17924.9,17800.3,17826.7,198248205,15593.09
2262,22-Feb-23,17755.35,17772.5,17529.45,17554.3,204021979,17162.09
2263,23-Feb-23,17574.65,17620.05,17455.4,17511.25,240807918,19313.68
2264,24-Feb-23,17591.35,17599.75,17421.8,17465.8,209406363,16100.18
2265,27-Feb-23,17428.6,17451.6,17299,17392.7,246448847,16638.41
2266,28-Feb-23,17383.25,17440.45,17255.2,17303.95,420881259,32959.77
2267,01-Mar-23,17360.1,17467.75,17345.25,17450.9,272881409,19784.53
2268,02-Mar-23,17421.5,17445.8,17306,17321.9,310669094,22068.68
2269,03-Mar-23,17451.25,17644.75,17427.7,17594.35,356169518,24143.96
2270,06-Mar-23,17680.35,17799.95,17671.95,17711.45,362801096,26959.41
2271,08-Mar-23,17665.75,17766.5,17602.25,17754.4,267041402,23155.56
2272,09-Mar-23,17772.05,17772.35,17573.6,17589.6,262352056,21964.17
2273,10-Mar-23,17443.8,17451.5,17324.35,17412.9,235927570,19794.73
2274,13-Mar-23,17421.9,17529.9,17113.45,17154.3,254914657,22860.67
2275,14-Mar-23,17160.55,17224.65,16987.1,17043.3,290604200,26057.6
2276,15-Mar-23,17166.45,17211.35,16938.9,16972.15,248188970,22659.09
2277,16-Mar-23,16994.65,17062.45,16850.15,16985.6,349820607,24198.71
2278,17-Mar-23,17111.8,17145.8,16958.15,17100.05,408121255,30478.42
2279,20-Mar-23,17066.6,17066.6,16828.35,16988.4,241777405,21454.09
2280,21-Mar-23,17060.4,17127.7,17016,17107.5,246737873,22039.11
2281,22-Mar-23,17177.45,17207.25,17107.85,17151.9,185700457,15712
2282,23-Mar-23,17097.4,17205.4,17045.3,17076.9,219171517,19676.97
2283,24-Mar-23,17076.2,17109.45,16917.35,16945.05,228038299,19019.88
2284,27-Mar-23,16984.3,17091,16918.55,16985.7,218418670,18466.56
2285,28-Mar-23,17031.75,17061.75,16913.75,16951.7,238840919,20942.5
2286,29-Mar-23,16977.3,17126.15,16940.6,17080.7,345911087,27261.74
2287,31-Mar-23,17210.35,17381.6,17204.65,17359.75,263889033,24970.98
2288,03-Apr-23,17427.95,17428.05,17312.75,17398.05,230170687,20359.58
2289,05-Apr-23,17422.3,17570.55,17402.7,17557.05,248345193,23911.75
2290,06-Apr-23,17533.85,17638.7,17502.85,17599.15,242708337,23543.21
2291,10-Apr-23,17634.9,17694.1,17597.95,17624.05,254819382,21092.06
2292,11-Apr-23,17704.8,17748.75,17655.15,17722.3,304263454,25841.64
2293,12-Apr-23,17759.55,17825.75,17717.25,17812.4,232816318,22851.93
2294,13-Apr-23,17807.3,17842.15,17729.65,17828,285764798,26460.2
2295,17-Apr-23,17863,17863,17574.05,17706.85,357401212,35118.57
2296,18-Apr-23,17766.6,17766.6,17610.2,17660.15,258856690,23032.99
2297,19-Apr-23,17653.35,17666.15,17579.85,17618.75,281463379,21562.08
2298,20-Apr-23,17638.6,17684.45,17584.35,17624.45,215103396,19457.45
2299,21-Apr-23,17639.75,17663.2,17553.95,17624.05,230156645,19091.44
2300,24-Apr-23,17707.55,17754.5,17612.5,17743.4,255740393,23142.94
2301,25-Apr-23,17761.55,17807.45,17716.85,17769.25,297445999,28819.53
2302,26-Apr-23,17767.3,17827.75,17711.2,17813.6,233008677,21295.14
2303,27-Apr-23,17813.1,17931.6,17797.9,17915.05,241434660,24454.15
2304,28-Apr-23,17950.4,18089.15,17885.3,18065,290263674,27026.12
2305,02-May-23,18124.8,18180.25,18101.75,18147.65,265216308,23615.47
2306,03-May-23,18113.8,18116.35,18042.4,18089.85,226171254,19079.79
2307,04-May-23,18081,18267.45,18066.7,18255.8,226643581,21889.48
2308,05-May-23,18117.3,18216.95,18055.45,18069,239702311,26152.88
2309,08-May-23,18120.6,18286.95,18100.3,18264.4,228399379,22687.94
2310,09-May-23,18303.4,18344.2,18229.65,18265.95,245368649,23478.06
2311,10-May-23,18313.6,18326.75,18211.95,18315.1,220450874,21416.41
2312,11-May-23,18357.8,18389.7,18270.4,18297,248932544,26440.1
2313,12-May-23,18273.75,18342.75,18194.55,18314.8,241702589,22046.04
2314,15-May-23,18339.3,18458.9,18287.9,18398.85,216088535,19329.75
2315,16-May-23,18432.35,18432.35,18264.35,18286.5,219490491,21063.78
2316,17-May-23,18300.45,18309,18115.35,18181.75,229898510,20903.12
2317,18-May-23,18287.5,18297.2,18104.85,18129.95,272103515,24172.44
2318,19-May-23,18186.15,18218.1,18060.4,18203.4,260898407,22105.67
2319,22-May-23,18201.1,18335.25,18178.85,18314.4,262560942,25147.58
2320,23-May-23,18362.9,18419.75,18324.2,18348,270354216,28648.15
2321,24-May-23,18294.8,18392.6,18262.95,18285.4,232621507,24273.17
2322,25-May-23,18268.9,18338.1,18202.4,18321.15,235915651,22411.41
2323,26-May-23,18368.35,18508.55,18333.15,18499.35,198668359,19094.08
2324,29-May-23,18619.15,18641.2,18581.25,18598.65,265323978,19237.57
2325,30-May-23,18606.65,18662.45,18575.5,18633.85,234391323,21660.69
2326,31-May-23,18594.2,18603.9,18483.85,18534.4,696495765,70755.08
2327,01-Jun-23,18579.4,18580.3,18464.55,18487.75,265630759,24056.99
2328,02-Jun-23,18550.85,18573.7,18478.4,18534.1,270923679,23171.88
2329,05-Jun-23,18612,18640.15,18582.8,18593.85,256111496,20369.16
2330,06-Jun-23,18600.8,18622.75,18531.6,18599,220789926,21957.47
2331,07-Jun-23,18665.6,18738.95,18636,18726.4,260109671,21482.77
2332,08-Jun-23,18725.35,18777.9,18615.6,18634.55,286468927,22762.3
2333,09-Jun-23,18655.9,18676.65,18555.4,18563.4,221760885,20181.42
2334,12-Jun-23,18595.05,18633.6,18559.75,18601.5,179463966,15386.04
2335,13-Jun-23,18631.8,18728.9,18631.8,18716.15,233167883,22612.62
2336,14-Jun-23,18744.6,18769.7,18690,18755.9,261354575,19520.08
2337,15-Jun-23,18774.45,18794.1,18669.05,18688.1,263004991,24820.77
2338,16-Jun-23,18723.3,18864.7,18710.5,18826,272771256,28877.67
2339,19-Jun-23,18873.3,18881.45,18719.15,18755.45,219815214,22699.84
2340,20-Jun-23,18752.35,18839.7,18660.65,18816.7,211649257,19687.08
2341,21-Jun-23,18849.4,18875.9,18794.85,18856.85,217481345,19102.48
2342,22-Jun-23,18853.6,18886.6,18759.5,18771.25,252697871,24990.87
2343,23-Jun-23,18741.85,18756.4,18647.1,18665.5,210562119,20619.6
2344,26-Jun-23,18682.35,18722.05,18646.7,18691.2,171271325,17355.14
2345,27-Jun-23,18748.55,18829.25,18714.25,18817.4,222464605,21415.89
2346,28-Jun-23,18908.15,19011.25,18861.35,18972.1,398782019,37356.94
2347,30-Jun-23,19076.85,19201.7,19024.6,19189.05,247906587,26376.62
2348,03-Jul-23,19246.5,19345.1,19234.4,19322.55,226050219,22681.54
2349,04-Jul-23,19406.6,19434.15,19300,19389,226916635,26634.06
2350,05-Jul-23,19405.95,19421.6,19339.6,19398.5,224418797,24699.24
2351,06-Jul-23,19385.7,19512.2,19373,19497.3,268261285,28540.18
2352,07-Jul-23,19422.8,19523.6,19303.6,19331.8,237102566,23089.25
2353,10-Jul-23,19400.35,19435.85,19327.1,19355.9,268246132,25991.55
2354,11-Jul-23,19427.1,19515.1,19406.45,19439.4,251263638,26883.78
2355,12-Jul-23,19497.45,19507.7,19361.75,19384.3,327941559,40163.14
2356,13-Jul-23,19495.2,19567,19385.8,19413.75,310442517,27244.56
2357,14-Jul-23,19493.45,19595.35,19433.5,19564.5,291165841,25484.44
2358,17-Jul-23,19612.15,19731.85,19562.95,19711.45,268707894,25975.57
2359,18-Jul-23,19787.5,19819.45,19690.2,19749.25,286353897,33269.08
2360,19-Jul-23,19802.95,19851.7,19727.45,19833.15,259660464,26447.9
2361,20-Jul-23,19831.7,19991.85,19758.4,19979.15,274698867,30622.66
2362,21-Jul-23,19800.45,19887.4,19700,19745,312461795,33802.14
2363,24-Jul-23,19748.45,19782.75,19658.3,19672.35,265562151,24522.29
2364,25-Jul-23,19729.35,19729.35,19615.95,19680.6,369653496,29665.67
2365,26-Jul-23,19733.35,19825.6,19716.7,19778.3,244747425,23023.86
2366,27-Jul-23,19850.9,19867.55,19603.55,19659.9,334891351,35019.13
2367,28-Jul-23,19659.75,19695.9,19563.1,19646.05,258671382,22995.98
2368,31-Jul-23,19666.35,19772.75,19597.6,19753.8,295053318,23075.38
2369,01-Aug-23,19784,19795.6,19704.6,19733.55,298048161,24554.71
2370,02-Aug-23,19655.4,19678.25,19423.55,19526.55,290666798,23997.47
2371,03-Aug-23,19463.75,19537.65,19296.45,19381.65,315688612,29899.38
2372,04-Aug-23,19462.8,19538.85,19436.45,19517,280799561,28086.15
2373,07-Aug-23,19576.85,19620.45,19524.8,19597.3,216586074,21655.87
2374,08-Aug-23,19627.2,19634.4,19533.1,19570.85,260294052,25437.47
2375,09-Aug-23,19578.8,19645.5,19467.5,19632.55,266495074,23201.75
2376,10-Aug-23,19605.55,19623.6,19495.4,19543.1,312193785,29430.34
2377,11-Aug-23,19554.25,19557.75,19412.75,19428.3,235524048,24521.24
2378,14-Aug-23,19383.95,19465.85,19257.9,19434.55,243850815,22767.43
2379,16-Aug-23,19369,19482.75,19317.2,19465,226627230,21484.66
2380,17-Aug-23,19450.55,19461.55,19326.25,19365.25,268663456,26505.65
2381,18-Aug-23,19301.75,19373.8,19253.6,19310.15,256142364,25641.41
2382,21-Aug-23,19320.65,19425.95,19296.3,19393.6,262589133,20738.75
2383,22-Aug-23,19417.1,19443.5,19381.3,19396.45,208704354,20226.48
2384,23-Aug-23,19439.2,19472.05,19366.6,19444,225214991,20167.16
2385,24-Aug-23,19535.15,19584.45,19369,19386.7,268256859,24338.24
2386,25-Aug-23,19297.4,19339.55,19229.7,19265.8,466518217,24998.12
2387,28-Aug-23,19298.35,19366.85,19249.7,19306.05,248178769,18237.22
2388,29-Aug-23,19374.85,19377.9,19309.1,19342.65,307388116,22501.12
2389,30-Aug-23,19433.45,19452.8,19334.75,19347.45,233004568,19877.49
2390,31-Aug-23,19375.55,19388.2,19223.65,19253.8,562557215,45699.54
2391,01-Sep-23,19258.15,19458.55,19255.7,19435.3,372502191,25962.38
2392,04-Sep-23,19525.05,19545.15,19432.85,19528.8,396071122,24822.79
2393,05-Sep-23,19564.65,19587.05,19525.75,19574.9,303958622,24029.89
2394,06-Sep-23,19581.2,19636.45,19491.5,19611.05,512974083,32500.52
2395,07-Sep-23,19598.65,19737,19550.05,19727.05,304929822,23591
2396,08-Sep-23,19774.8,19867.15,19727.05,19819.95,288093693,23530.84
2397,11-Sep-23,19890,20008.15,19865.35,19996.35,248763130,21924.34
2398,12-Sep-23,20110.15,20110.35,19914.65,19993.2,328064239,30110.8
2399,13-Sep-23,19989.5,20096.9,19944.1,20070,251394599,24332.36
2400,14-Sep-23,20127.95,20167.65,20043.45,20103.1,275111881,21902.65
2401,15-Sep-23,20156.45,20222.45,20129.7,20192.35,438185104,42681.35
2402,18-Sep-23,20155.95,20195.35,20115.7,20133.3,264870758,21135.95
2403,20-Sep-23,19980.75,20050.65,19878.85,19901.4,378065882,37351.58
2404,21-Sep-23,19840.55,19848.75,19709.95,19742.35,275132260,26711.83
2405,22-Sep-23,19744.85,19798.65,19657.5,19674.25,246410075,24137.57
2406,25-Sep-23,19678.2,19734.15,19601.55,19674.55,188398392,20194.48
2407,26-Sep-23,19682.8,19699.35,19637.45,19664.7,204869058,18118.19
2408,27-Sep-23,19637.05,19730.7,19554,19716.45,203559874,19659.17
2409,28-Sep-23,19761.8,19766.65,19492.1,19523.55,352810261,30069.78
2410,29-Sep-23,19581.2,19726.25,19551.05,19638.3,243508919,20978.72
2411,03-Oct-23,19622.4,19623.2,19479.65,19528.75,221719625,21459.58
2412,04-Oct-23,19446.3,19457.8,19333.6,19436.1,277148310,26017.47
2413,05-Oct-23,19521.85,19576.95,19487.3,19545.75,234865323,22019.04
2414,06-Oct-23,19621.2,19675.75,19589.4,19653.5,159051277,16096.52
2415,09-Oct-23,19539.45,19588.95,19480.5,19512.35,165094800,15499.67
2416,10-Oct-23,19565.6,19717.8,19565.45,19689.85,216559447,18735.62
2417,11-Oct-23,19767,19839.2,19756.95,19811.35,213729730,19900.99
2418,12-Oct-23,19822.7,19843.3,19772.65,19794,217904144,20999.94
2419,13-Oct-23,19654.55,19805.4,19635.3,19751.05,254955979,24363.02
2420,16-Oct-23,19737.25,19781.3,19691.85,19731.75,180964341,14746.01
2421,17-Oct-23,19843.2,19849.75,19775.65,19811.5,185846716,16839.87
2422,18-Oct-23,19820.45,19840.95,19659.95,19671.1,198942937,18581.64
2423,19-Oct-23,19545.2,19681.8,19512.35,19624.7,230312163,23582.01
2424,20-Oct-23,19542.15,19593.8,19518.7,19542.65,198341255,17944.31
2425,23-Oct-23,19521.6,19556.85,19257.85,19281.75,176044288,16212.9
2426,25-Oct-23,19286.45,19347.3,19074.15,19122.15,225291741,19818.32
2427,26-Oct-23,19027.25,19041.7,18837.85,18857.25,300356469,28939.64
2428,27-Oct-23,18928.75,19076.15,18926.65,19047.25,205201044,19947.48
2429,30-Oct-23,19053.4,19158.5,18940,19140.9,180132492,17095.73
2430,31-Oct-23,19232.95,19233.7,19056.45,19079.6,206049341,19397.36
2431,01-Nov-23,19064.05,19096.05,18973.7,18989.15,194103279,18452.51
2432,02-Nov-23,19120,19175.25,19064.15,19133.25,245595109,19771.49
2433,03-Nov-23,19241,19276.25,19210.9,19230.6,189516123,17304.87
2434,06-Nov-23,19345.85,19423,19309.7,19411.75,180690631,16296.56
2435,07-Nov-23,19404.05,19423.5,19329.1,19406.7,198660124,18288.06
2436,08-Nov-23,19449.6,19464.4,19401.5,19443.5,194967997,17060.45
2437,09-Nov-23,19457.4,19463.9,19378.35,19395.3,208418472,19087.29
2438,10-Nov-23,19351.85,19451.3,19329.45,19425.35,152215785,12916.21
2439,12-Nov-23,19547.25,19547.25,19510.25,19525.55,37311902,2482.27
2440,13-Nov-23,19486.75,19494.4,19414.75,19443.55,189275733,13527.22
2441,15-Nov-23,19651.4,19693.2,19579.65,19675.45,291464988,24957.24
2442,16-Nov-23,19674.7,19875.25,19627,19765.2,282686669,26041.45
2443,17-Nov-23,19674.75,19806,19667.45,19731.8,236827462,21681.28
2444,20-Nov-23,19731.15,19756.45,19670.5,19694,173780543,16737.05
2445,21-Nov-23,19770.9,19829.1,19754.05,19783.4,194969012,17947.2
2446,22-Nov-23,19784,19825.55,19703.85,19811.85,184497984,17405.48
2447,23-Nov-23,19828.45,19875.15,19786.75,19802,170024085,15906.94
2448,24-Nov-23,19809.6,19832.85,19768.85,19794.7,145895044,14389.29
2449,28-Nov-23,19844.65,19916.85,19800,19889.7,229595031,23043.25
2450,29-Nov-23,19976.55,20104.65,19956.3,20096.6,236241768,22367.64
2451,30-Nov-23,20108.5,20158.7,20015.85,20133.15,486585349,48877.95
2452,01-Dec-23,20194.1,20291.55,20183.7,20267.9,265812566,22461.53
2453,04-Dec-23,20601.95,20702.65,20507.75,20686.8,381107418,33917.52
2454,05-Dec-23,20808.9,20864.05,20711.15,20855.1,421008350,41763.52
2455,06-Dec-23,20950.75,20961.95,20852.15,20937.7,359212958,35654.76
2456,07-Dec-23,20932.4,20941.25,20850.8,20901.15,274985308,24862.43
2457,08-Dec-23,20934.1,21006.1,20862.7,20969.4,292440768,27449.96
2458,11-Dec-23,20965.3,21026.1,20923.7,20997.1,212921451,21150.17
2459,12-Dec-23,21018.55,21037.9,20867.15,20906.4,244867128,25404.64
2460,13-Dec-23,20929.75,20950,20769.5,20926.35,260269318,25918.44
2461,14-Dec-23,21110.4,21210.9,21074.45,21182.7,334410589,32593.42
2462,15-Dec-23,21287.45,21492.3,21235.3,21456.65,508761756,50114.46
2463,18-Dec-23,21434.8,21482.8,21365.35,21418.65,249668965,23615.28
2464,19-Dec-23,21477.65,21505.05,21337.75,21453.1,249750062,23750.61
2465,20-Dec-23,21543.5,21593,21087.35,21150.15,363886229,30993.12
2466,21-Dec-23,21033.95,21288.35,20976.8,21255.05,277548079,26001.02
2467,22-Dec-23,21295.85,21390.5,21232.45,21349.4,284708918,27709.29
2468,26-Dec-23,21365.2,21477.15,21329.45,21441.35,219467748,20081.33
2469,27-Dec-23,21497.65,21675.75,21495.8,21654.75,256542963,23059.25
2470,28-Dec-23,21715,21801.45,21678,21778.7,393080755,35031
2471,29-Dec-23,21737.65,21770.3,21676.9,21731.4,270922276,23697.88
2472,01-Jan-24,21727.75,21834.35,21680.85,21741.9,153995217,14184.09
2473,02-Jan-24,21751.35,21755.6,21555.65,21665.8,263711568,25316.13
2474,03-Jan-24,21661.1,21677,21500.35,21517.35,311933117,32329.23
2475,04-Jan-24,21605.8,21685.65,21564.55,21658.6,339172697,30868.15
2476,05-Jan-24,21705.75,21749.6,21629.2,21710.8,309303266,26554.49
2477,08-Jan-24,21747.6,21763.95,21492.9,21513,231452935,21140.94
2478,09-Jan-24,21653.6,21724.45,21517.85,21544.85,228568589,24055.74
2479,10-Jan-24,21529.3,21641.85,21448.65,21618.7,216991926,20958.96
2480,11-Jan-24,21688,21726.5,21593.75,21647.2,212453866,23492.12
2481,12-Jan-24,21773.55,21928.25,21715.15,21894.55,294678459,30565.5
2482,15-Jan-24,22053.15,22115.55,21963.55,22097.45,345543523,29523.15
2483,16-Jan-24,22080.5,22124.15,21969.8,22032.3,292433764,24435.94
2484,17-Jan-24,21647.25,21851.5,21550.45,21571.95,455999867,47533.44
2485,18-Jan-24,21414.2,21539.4,21285.55,21462.25,387341268,39718.84
2486,19-Jan-24,21615.2,21670.6,21575,21622.4,343055124,34429.24
2487,20-Jan-24,21706.15,21720.3,21541.8,21571.8,162073740,13917.46
2488,23-Jan-24,21716.7,21750.25,21192.6,21238.8,449718534,48813.68
2489,24-Jan-24,21185.25,21482.35,21137.2,21453.95,407460664,41718.64
2490,25-Jan-24,21454.6,21459,21247.05,21352.6,418143077,40088.5
2491,29-Jan-24,21433.1,21763.25,21429.6,21737.6,376702289,34516.42
2492,30-Jan-24,21775.75,21813.05,21501.8,21522.1,375137333,32916.3
2493,31-Jan-24,21487.25,21741.35,21448.85,21725.7,410583065,41587.85
2494,01-Feb-24,21780.65,21832.95,21658.75,21697.45,332541208,34042.15
2495,02-Feb-24,21812.75,22126.8,21805.55,21853.8,442794738,38395.9
2496,05-Feb-24,21921.05,21964.3,21726.95,21771.7,440849699,33807.94
2497,06-Feb-24,21825.2,21951.4,21737.55,21929.4,370968111,32910.82
2498,07-Feb-24,22045.05,22053.3,21860.15,21930.5,346263704,30088.76
2499,08-Feb-24,22009.65,22011.05,21665.3,21717.95,491069786,41082.02
2500,09-Feb-24,21727,21804.45,21629.9,21782.5,349222850,31176.16
2501,12-Feb-24,21800.8,21831.7,21574.75,21616.05,287436165,23921.14
2502,13-Feb-24,21664.3,21766.8,21543.35,21743.25,365785766,29896.62
2503,14-Feb-24,21578.15,21870.85,21530.2,21840.05,359120861,32535
2504,15-Feb-24,21906.55,21953.85,21794.8,21910.75,345394395,29559.69
2505,16-Feb-24,22020.3,22068.65,21968.95,22040.7,343892935,30666.89
2506,19-Feb-24,22103.45,22186.65,22021.05,22122.25,218252325,21375.71
2507,20-Feb-24,22099.2,22215.6,22045.85,22196.95,295705319,26872.32
2508,21-Feb-24,22248.85,22249.4,21997.95,22055.05,364545679,29741.39
2509,22-Feb-24,22081.55,22252.5,21875.25,22217.45,343495136,33985.94
2510,23-Feb-24,22290,22297.5,22186.1,22212.7,225983194,24617.01
2511,26-Feb-24,22169.2,22202.15,22075.15,22122.05,207775504,20850.26
2512,27-Feb-24,22090.2,22218.25,22085.65,22198.35,252199186,24620.71
2513,28-Feb-24,22214.1,22229.15,21915.85,21951.15,202952371,20579.8
2514,29-Feb-24,21935.2,22060.55,21860.65,21982.8,360165824,40196.12
2515,01-Mar-24,22048.3,22353.3,22047.75,22338.75,351503075,29646.47
2516,04-Mar-24,22403.5,22440.9,22358.3,22405.6,298794435,23771.71
2517,05-Mar-24,22371.25,22416.9,22269.15,22356.3,296153036,29165.37
2518,06-Mar-24,22327.5,22497.2,22224.35,22474.05,312262560,31029.01
2519,07-Mar-24,22505.3,22525.65,22430,22493.55,379865142,33558.46
2520,11-Mar-24,22517.5,22526.6,22307.25,22332.65,277897373,27222.37
2521,12-Mar-24,22334.45,22452.55,22256,22335.7,299201167,29781.12
2522,13-Mar-24,22432.2,22446.75,21905.65,21997.7,493341697,40109.23
2523,14-Mar-24,21982.55,22204.6,21917.5,22146.65,426742460,37348.3
2524,15-Mar-24,22064.85,22120.9,21931.7,22023.35,661460455,60260.88
2525,18-Mar-24,21990.1,22123.7,21916.55,22055.7,356321519,23015.51
2526,19-Mar-24,21946.45,21978.3,21793.1,21817.45,344157465,30291.6
2527,20-Mar-24,21843.9,21930.9,21710.2,21839.1,312414696,28939.85
2528,21-Mar-24,21989.9,22080.95,21941.3,22011.95,353172434,31258.4
2529,22-Mar-24,21932.2,22180.7,21883.3,22096.75,388656439,39023.19
2530,26-Mar-24,21947.9,22073.2,21947.55,22004.7,328403719,33382.08
2531,27-Mar-24,22053.95,22193.6,22052.85,22123.65,409136866,38830.73
2532,28-Mar-24,22163.6,22516,22163.6,22326.9,407422815,45656.57
2533,01-Apr-24,22455,22529.95,22427.75,22462,243637071,21420.69
2534,02-Apr-24,22458.8,22497.6,22388.15,22453.3,289524237,27940.93
2535,03-Apr-24,22385.7,22521.1,22346.5,22434.65,309647491,30793.28
2536,04-Apr-24,22592.1,22619,22303.8,22514.65,400986156,40705.56
2537,05-Apr-24,22486.4,22537.6,22427.6,22513.7,242244731,24797.82
2538,08-Apr-24,22578.35,22697.3,22550.35,22666.3,227633561,22480.2
2539,09-Apr-24,22765.1,22768.4,22612.25,22642.75,232356772,21651.69
2540,10-Apr-24,22720.25,22775.7,22673.7,22753.8,276847931,25355.05
2541,12-Apr-24,22677.4,22726.45,22503.75,22519.4,357187778,36456.91
2542,15-Apr-24,22339.05,22427.45,22259.55,22272.5,355465814,29474.59
2543,16-Apr-24,22125.3,22213.75,22079.45,22147.9,317267066,28661.04
2544,18-Apr-24,22212.35,22326.5,21961.7,21995.85,456906707,43314.67
2545,19-Apr-24,21861.5,22179.55,21777.65,22147,362530569,36073.63
2546,22-Apr-24,22336.9,22375.65,22198.15,22336.4,279259571,26841.2
2547,23-Apr-24,22447.05,22447.55,22349.45,22368,231520813,25651.64
2548,24-Apr-24,22421.55,22476.45,22384,22402.4,235898642,21925.6
2549,25-Apr-24,22316.9,22625.95,22305.25,22570.35,475044740,53803.8
2550,26-Apr-24,22620.4,22620.4,22385.55,22419.95,329887340,36984.89
2551,29-Apr-24,22475.55,22655.8,22441.9,22643.4,291957361,32431.45
2552,30-Apr-24,22679.65,22783.35,22568.4,22604.85,361859375,38741.7
2553,02-May-24,22567.85,22710.5,22567.85,22648.2,445909456,43133.31
2554,03-May-24,22766.35,22794.7,22348.05,22475.85,438060727,44432.55
2555,06-May-24,22561.6,22588.8,22409.45,22442.7,320255789,33417.53
2556,07-May-24,22489.75,22499.05,22232.05,22302.5,297815469,31512.26
2557,08-May-24,22231.2,22368.65,22185.2,22302.5,277438692,29717.33
2558,09-May-24,22224.8,22307.75,21932.4,21957.5,331327454,37870.88
2559,10-May-24,21990.95,22131.3,21950.3,22055.2,265804411,28717.71
2560,13-May-24,22027.95,22131.65,21821.05,22104.05,278186886,29036.08
2561,14-May-24,22112.9,22270.05,22081.25,22217.85,230238941,23741.66
2562,15-May-24,22255.6,22297.55,22151.75,22200.55,231935478,23815.79
2563,16-May-24,22319.2,22432.25,22054.55,22403.85,368945092,38836.11
2564,17-May-24,22415.25,22502.15,22345.65,22466.1,242654570,27388.67
2565,18-May-24,22512.85,22520.25,22470.05,22502,19064566,1572.77
2566,21-May-24,22404.55,22591.1,22404.55,22529.05,347591587,30782.35
2567,22-May-24,22576.6,22629.5,22483.15,22597.8,290345590,28556.14
2568,23-May-24,22614.1,22993.6,22577.45,22967.65,369767547,39157.65
2569,24-May-24,22930.75,23026.4,22908,22957.1,261927120,27966.99
2570,27-May-24,23038.95,23110.8,22871.2,22932.45,260006078,27204.54
2571,28-May-24,22977.15,22998.55,22858.5,22888.15,217890750,23054.65
2572,29-May-24,22762.75,22825.5,22685.45,22704.7,269932784,27549.09
2573,30-May-24,22617.45,22705.75,22417,22488.65,373374457,32991.46
2574,31-May-24,22568.1,22653.75,22465.1,22530.7,572122639,67040.32
2575,03-Jun-24,23337.9,23338.7,23062.3,23263.9,569425569,56418.25
2576,04-Jun-24,23179.5,23179.5,21281.45,21884.5,1006105058,93786.44
2577,05-Jun-24,22128.35,22670.4,21791.95,22620.35,638487077,64326.85
2578,06-Jun-24,22798.6,22910.15,22642.6,22821.4,480413289,49047.39
2579,07-Jun-24,22821.85,23320.2,22789.05,23290.15,473554898,47621.54
2580,10-Jun-24,23319.15,23411.9,23227.15,23259.2,304392368,29060.4
2581,11-Jun-24,23283.75,23389.45,23206.65,23264.85,305185666,29190.91
2582,12-Jun-24,23344.45,23441.95,23295.95,23322.95,295630910,31795.48
2583,13-Jun-24,23480.95,23481.05,23353.9,23398.9,268279841,30151.67
2584,14-Jun-24,23464.95,23490.4,23334.25,23465.6,223086741,25746.34
2585,18-Jun-24,23570.8,23579.05,23499.7,23557.9,272207297,29389.75
2586,19-Jun-24,23629.85,23664,23412.9,23516,328811255,39430.39
2587,20-Jun-24,23586.15,23624,23442.6,23567,280336970,33390.07
2588,21-Jun-24,23661.15,23667.1,23398.2,23501.1,609877803,70062.97
2589,24-Jun-24,23382.3,23558.1,23350,23537.85,239358460,24862.37
2590,25-Jun-24,23577.1,23754.15,23562.05,23721.3,298111025,34263.36
2591,26-Jun-24,23723.1,23889.9,23670.45,23868.8,287824687,33979.62
2592,27-Jun-24,23881.55,24087.45,23805.4,24044.5,515227010,61216.71
2593,28-Jun-24,24085.9,24174,23985.8,24010.6,354779832,41242.87
2594,01-Jul-24,23992.95,24164,23992.7,24141.95,242468081,28204.06
2595,02-Jul-24,24228.75,24236.35,24056.4,24123.85,309629240,34838.65
2596,03-Jul-24,24291.75,24309.15,24207.1,24286.5,289201551,36661.17
2597,04-Jul-24,24369.95,24401,24281,24302.15,251189844,28466.6
2598,05-Jul-24,24213.35,24363,24168.85,24323.85,298381204,32052.48
2599,08-Jul-24,24329.45,24344.6,24240.55,24320.55,266299131,26356.03
2600,09-Jul-24,24351,24443.6,24331.9,24433.2,250537091,29361.08
2601,10-Jul-24,24459.85,24461.05,24141.8,24324.45,292263786,35358.54
2602,11-Jul-24,24396.55,24402.65,24193.75,24315.95,306404194,32115.44
2603,12-Jul-24,24387.95,24592.2,24331.15,24502.15,325823474,39565.33
2604,15-Jul-24,24587.6,24635.05,24522.75,24586.7,305395934,31593.04
2605,16-Jul-24,24615.9,24661.25,24587.65,24613,283212233,28668.71
2606,18-Jul-24,24543.8,24837.75,24504.45,24800.85,350924425,40477.17
2607,19-Jul-24,24853.8,24854.8,24508.15,24530.9,343772965,33588.08
2608,22-Jul-24,24445.75,24595.2,24362.3,24509.25,324190553,32496.23
2609,23-Jul-24,24568.9,24582.55,24074.2,24479.05,436408768,44921.42
2610,24-Jul-24,24444.95,24504.25,24307.25,24413.5,366616574,39538.11
2611,25-Jul-24,24230.95,24426.15,24210.8,24406.1,391821970,37853.62
2612,26-Jul-24,24423.35,24861.15,24410.9,24834.85,383826136,42118.36
2613,29-Jul-24,24943.3,24999.75,24774.6,24836.1,354966070,37102.92
2614,30-Jul-24,24839.4,24971.75,24798.65,24857.3,384989431,37576.58
2615,31-Jul-24,24886.7,24984.6,24856.5,24951.15,333646302,35411.32
2616,01-Aug-24,25030.95,25078.3,24956.4,25010.9,431313292,38822.9
2617,02-Aug-24,24789,24851.9,24686.85,24717.7,345027881,35368.54
2618,05-Aug-24,24302.85,24350.05,23893.7,24055.6,486994718,45066.65
2619,06-Aug-24,24189.85,24382.6,23960.4,23992.55,312339387,31553.65
2620,07-Aug-24,24289.4,24337.7,24184.9,24297.5,317564429,29738.85
2621,08-Aug-24,24248.55,24340.5,24079.7,24117,311875940,30858.18
2622,09-Aug-24,24386.85,24419.75,24311.2,24367.5,215129992,22339.19
2623,12-Aug-24,24320.05,24472.8,24212.1,24347,279925100,30311.85
2624,13-Aug-24,24342.35,24359.95,24116.5,24139,239727640,25459.58
2625,14-Aug-24,24184.4,24196.5,24099.7,24143.75,303254705,27834.61
2626,16-Aug-24,24334.85,24563.9,24204.5,24541.15,271611087,28521.9
2627,19-Aug-24,24636.35,24638.8,24522.95,24572.65,243645503,22124.41
2628,20-Aug-24,24648.9,24734.3,24607.2,24698.85,238318940,25478.73
2629,21-Aug-24,24680.55,24787.95,24654.5,24770.2,257114212,27404.63
2630,22-Aug-24,24863.4,24867.35,24784.45,24811.5,220345125,24227.03
2631,23-Aug-24,24845.4,24858.4,24771.65,24823.15,206800655,23134.22
2632,26-Aug-24,24906.1,25043.8,24874.7,25010.6,210266456,22166.86
2633,27-Aug-24,25024.8,25073.1,24973.65,25017.75,223346636,26695
2634,28-Aug-24,25030.8,25129.6,24964.65,25052.35,220419448,26994.19
2635,29-Aug-24,25035.3,25192.9,24998.5,25151.95,353993900,43221.73
2636,30-Aug-24,25249.7,25268.35,25199.4,25235.9,638166179,89554.91
2637,02-Sep-24,25333.6,25333.65,25235.5,25278.7,222815249,28187.71
2638,03-Sep-24,25313.4,25321.7,25235.8,25279.85,212131921,27276.14
2639,04-Sep-24,25089.95,25216,25083.8,25198.7,253788501,26293.35
2640,05-Sep-24,25250.5,25275.45,25127.75,25145.1,222242223,26272.38
2641,06-Sep-24,25093.7,25168.75,24801.3,24852.15,311671856,33001.17
2642,09-Sep-24,24823.4,24957.5,24753.15,24936.4,254367252,25180.28
2643,10-Sep-24,24999.4,25130.5,24896.8,25041.1,251274802,27846.31
2644,11-Sep-24,25034,25113.7,24885.15,24918.45,279229206,29395.73
2645,12-Sep-24,25059.65,25433.35,24941.45,25388.9,380069653,41747.91
2646,13-Sep-24,25430.45,25430.5,25292.45,25356.5,250781898,25530.69
2647,16-Sep-24,25406.65,25445.7,25336.2,25383.75,168694880,18705.01
2648,17-Sep-24,25416.9,25441.65,25352.25,25418.55,215956868,25280.83
2649,18-Sep-24,25402.4,25482.2,25285.55,25377.55,215727159,28832
2650,19-Sep-24,25487.05,25611.95,25376.05,25415.8,314461263,34389.27
2651,20-Sep-24,25525.95,25849.25,25426.6,25790.95,533067422,68915.27
2652,23-Sep-24,25872.55,25956,25847.35,25939.05,209187756,24825.74
2653,24-Sep-24,25921.45,26011.55,25886.85,25940.4,384115033,35573.63
2654,25-Sep-24,25899.45,26032.8,25871.35,26004.15,278540972,27868.08
2655,26-Sep-24,26005.4,26250.9,25998.4,26216.05,370895477,40838.36
2656,27-Sep-24,26248.25,26277.35,26151.4,26178.95,490332370,55420.63
2657,30-Sep-24,26061.3,26134.7,25794.1,25810.85,375370974,36028.06
2658,01-Oct-24,25788.45,25907.6,25739.2,25796.9,247423786,27473.29
2659,03-Oct-24,25452.85,25639.45,25230.3,25250.1,423395030,45689.5
2660,04-Oct-24,25181.9,25485.05,24966.8,25014.6,374914801,42719.71
2661,07-Oct-24,25084.1,25143,24694.35,24795.75,374345795,40550.24
2662,08-Oct-24,24832.2,25044,24756.8,25013.15,333220055,33493.36
2663,09-Oct-24,25065.8,25234.05,24947.7,24981.95,290562844,30877.63
2664,10-Oct-24,25067.05,25134.05,24979.4,24998.45,261364749,28046.45
2665,11-Oct-24,24985.3,25028.65,24920.05,24964.25,210462717,21734.97
2666,14-Oct-24,25023.45,25159.75,25017.5,25127.95,206423311,21270.9
2667,15-Oct-24,25186.3,25212.05,25008.15,25057.35,257228772,29113.88
2668,16-Oct-24,25008.55,25093.4,24908.45,24971.3,226774456,24115.83
2669,17-Oct-24,25027.4,25029.5,24728.9,24749.85,252755662,32606.34
2670,18-Oct-24,24664.95,24886.2,24567.65,24854.05,290855392,31772.76
2671,21-Oct-24,24956.15,24978.3,24679.6,24781.1,241978957,32207.22
2672,22-Oct-24,24798.65,24882,24445.8,24472.1,279484697,32801.59
2673,23-Oct-24,24378.15,24604.25,24378.1,24435.5,284556771,31928.1
2674,24-Oct-24,24412.7,24480.65,24341.2,24399.4,216686434,27817.66
2675,25-Oct-24,24418.05,24440.25,24073.9,24180.8,372642214,37068.91
2676,28-Oct-24,24251.1,24492.6,24134.9,24339.15,278562235,28136.06
2677,29-Oct-24,24328.85,24484.5,24140.85,24466.85,332044690,35579.48
2678,30-Oct-24,24371.45,24498.2,24307.3,24340.85,285196335,31068.7
2679,31-Oct-24,24349.85,24372.45,24172.6,24205.35,287007588,33403.89
2680,01-Nov-24,24302.75,24368.25,24280.2,24304.35,38811387,3348.45
2681,04-Nov-24,24315.75,24316.75,23816.15,23995.35,285531635,31561.52
2682,05-Nov-24,23916.5,24229.05,23842.75,24213.3,289511197,30074.77
2683,06-Nov-24,24308.75,24537.6,24204.05,24484.05,351082031,34108.84
2684,07-Nov-24,24489.6,24503.35,24179.05,24199.35,322185588,30971.89
2685,08-Nov-24,24207.7,24276.15,24066.65,24148.2,298725122,27670.3
2686,11-Nov-24,24087.25,24336.8,24004.6,24141.3,273370562,26600.28
2687,12-Nov-24,24225.8,24242,23839.15,23883.45,255825829,26852.73
2688,13-Nov-24,23822.45,23873.6,23509.6,23559.05,304569316,27765.81
2689,14-Nov-24,23542.15,23675.9,23484.15,23532.7,257708474,24814.37
2690,18-Nov-24,23605.3,23606.8,23350.4,23453.8,263311912,25257.33
2691,19-Nov-24,23529.55,23780.65,23464.8,23518.5,297477279,30486.78
2692,21-Nov-24,23488.45,23507.3,23263.15,23349.9,420332354,40900.89
2693,22-Nov-24,23411.8,23956.1,23359,23907.25,367562789,39257.52
2694,25-Nov-24,24253.55,24351.55,24135.45,24221.9,687172787,85975.81
2695,26-Nov-24,24343.3,24343.3,24125.4,24194.5,230691771,24140.67
2696,27-Nov-24,24204.8,24354.55,24145.65,24274.9,295011445,31149.09
2697,28-Nov-24,24274.15,24345.75,23873.35,23914.15,366745300,41198.27
2698,29-Nov-24,23927.15,24188.45,23927.15,24131.1,282104071,30509.98
2699,02-Dec-24,24140.85,24301.7,24008.65,24276.05,220384187,23162.75
2700,03-Dec-24,24367.5,24481.35,24280,24457.15,339470947,34228.3
2701,04-Dec-24,24488.75,24573.2,24366.3,24467.45,348003156,34639.78
2702,05-Dec-24,24539.15,24857.75,24295.55,24708.4,361469920,40471.33
2703,06-Dec-24,24729.45,24751.05,24620.5,24677.8,226731303,23904.13
2704,09-Dec-24,24633.9,24705,24580.05,24619,248139308,25099.79
2705,10-Dec-24,24652.65,24677.8,24510.65,24610.05,261048951,26093.38
2706,11-Dec-24,24620.5,24691.75,24583.85,24641.8,187252712,21592.23
2707,12-Dec-24,24604.45,24675.25,24527.95,24548.7,266051129,28235.17
2708,13-Dec-24,24498.35,24792.3,24180.8,24768.3,310080852,30429.73
2709,16-Dec-24,24753.4,24781.25,24601.75,24668.25,187551629,18608.23
2710,17-Dec-24,24584.8,24624.1,24303.45,24336,264881033,26765.16
2711,18-Dec-24,24297.95,24394.45,24149.85,24198.85,235346534,23315.92
2712,19-Dec-24,23877.15,24004.9,23870.3,23951.7,271128027,27815.23
2713,20-Dec-24,23960.7,24065.8,23537.35,23587.5,442714411,47084.68
2714,23-Dec-24,23738.2,23869.55,23647.2,23753.45,189758237,18243.28
2715,24-Dec-24,23769.1,23867.65,23685.15,23727.65,177664746,16010.71
2716,26-Dec-24,23775.8,23854.5,23653.6,23750.2,177681783,16695.1
2717,27-Dec-24,23801.4,23938.85,23800.6,23813.4,176821521,17164.99
2718,30-Dec-24,23796.9,23915.35,23599.3,23644.9,364929453,33823.95
2719,31-Dec-24,23560.6,23689.85,23460.45,23644.8,193627727,18646.79
2720,01-Jan-25,23637.65,23822.8,23562.8,23742.9,154921938,14266.26
2721,02-Jan-25,23783,24226.7,23751.55,24188.65,283200811,32237.25
2722,03-Jan-25,24196.4,24196.45,23976,24004.75,312279515,29411.99
2723,06-Jan-25,24045.8,24089.95,23551.9,23616.05,278061806,25853.64
2724,07-Jan-25,23679.9,23795.2,23637.8,23707.9,262337253,22485.65
2725,08-Jan-25,23746.65,23751.85,23496.15,23688.95,266375381,24718.54
2726,09-Jan-25,23674.75,23689.5,23503.05,23526.5,269239831,26793.85
2727,10-Jan-25,23551.9,23596.6,23344.35,23431.5,261022434,25017.6
2728,13-Jan-25,23195.4,23340.95,23047.25,23085.95,316481107,26890.37
2729,14-Jan-25,23165.9,23264.95,23134.15,23176.05,311235510,31174.05
2730,15-Jan-25,23250.45,23293.65,23146.45,23213.2,228039156,21587.78
2731,16-Jan-25,23377.25,23391.65,23272.05,23311.8,299416081,29784.82
2732,17-Jan-25,23277.1,23292.1,23100.35,23203.2,272945267,27040.78
2733,20-Jan-25,23290.4,23391.1,23170.65,23344.75,301455455,27333.97
2734,21-Jan-25,23421.65,23426.3,22976.85,23024.65,312871897,30106.72
2735,22-Jan-25,23099.15,23169.55,22981.3,23155.35,275951918,25462.05
2736,23-Jan-25,23128.3,23270.8,23090.65,23205.35,275558357,27723.78
2737,24-Jan-25,23183.9,23347.3,23050,23092.2,264336332,24412.46
2738,27-Jan-25,22940.15,23007.45,22786.9,22829.15,257372790,24202.41
2739,28-Jan-25,22960.45,23137.95,22857.65,22957.25,361868609,33221.8
2740,29-Jan-25,23026.75,23183.35,22976.5,23163.1,251208119,22307.38
2741,30-Jan-25,23169.5,23322.05,23139.2,23249.5,384687127,35252.87
2742,31-Jan-25,23296.75,23546.8,23277.4,23508.4,326919177,28638.01
2743,01-Feb-25,23528.6,23632.45,23318.3,23482.15,287703637,25741.04
2744,03-Feb-25,23319.35,23381.6,23222,23361.05,347241171,32019.13
2745,04-Feb-25,23509.9,23762.75,23423.15,23739.25,376742506,35974.3
2746,05-Feb-25,23801.75,23807.3,23680.45,23696.3,267014345,25806.44
2747,06-Feb-25,23761.95,23773.55,23556.25,23603.35,306978683,30885.59
2748,07-Feb-25,23649.5,23694.5,23443.2,23559.95,368092482,30042
2749,10-Feb-25,23543.8,23568.6,23316.3,23381.6,225529166,21254.72
2750,11-Feb-25,23383.55,23390.05,22986.65,23071.8,267969979,27191.96
2751,12-Feb-25,23050.8,23144.7,22798.35,23045.25,279656513,26989.94
2752,13-Feb-25,23055.75,23235.5,22992.2,23031.4,265706855,25218.86
2753,14-Feb-25,23096.45,23133.7,22774.85,22929.25,254479643,22049.89
2754,17-Feb-25,22809.9,22974.2,22725.45,22959.5,207393944,19809.44
2755,18-Feb-25,22963.65,22992.5,22801.5,22945.3,210616675,19431.37
2756,19-Feb-25,22847.25,23049.95,22814.85,22932.9,206999204,19817.93
2757,20-Feb-25,22821.1,22923.85,22812.75,22913.15,240836647,21303.88
2758,21-Feb-25,22857.2,22921,22720.3,22795.9,242753984,21994.37
2759,24-Feb-25,22609.35,22668.05,22518.8,22553.35,214317552,20772.95
2760,25-Feb-25,22516.45,22625.3,22513.9,22547.55,250279519,24917.83
2761,27-Feb-25,22568.95,22613.3,22508.4,22545.05,289230479,29775.64
2762,28-Feb-25,22433.4,22450.35,22104.85,22124.7,551285287,52745.2
2763,03-Mar-25,22194.55,22261.55,22004.7,22119.3,282399735,25942.05
2764,04-Mar-25,21974.45,22105.05,21964.6,22082.65,253260641,22979.56
2765,05-Mar-25,22073.05,22394.9,22067.8,22337.3,305942691,26371.61
2766,06-Mar-25,22476.35,22556.45,22245.85,22544.7,372083680,30550.28
2767,07-Mar-25,22508.65,22633.8,22464.75,22552.5,289765795,21446.95
2768,10-Mar-25,22521.85,22676.75,22429.05,22460.3,293855491,22330.86
2769,11-Mar-25,22345.95,22522.1,22314.7,22497.9,347924102,29208.22
2770,12-Mar-25,22536.35,22577.4,22329.55,22470.5,369736725,33406.41
2771,13-Mar-25,22541.5,22558.05,22377.35,22397.2,287535243,22855.58
2772,17-Mar-25,22353.15,22577,22353.15,22508.75,251102239,24122.27
2773,18-Mar-25,22662.25,22857.8,22599.2,22834.3,272578844,26387.47
2774,19-Mar-25,22874.95,22940.7,22807.95,22907.6,323992121,26994.95
2775,20-Mar-25,23036.6,23216.7,22973.95,23190.65,313729818,27573.99
2776,21-Mar-25,23168.25,23402.7,23132.8,23350.4,540966316,51005.67
2777,24-Mar-25,23515.4,23708.75,23433.5,23658.35,311900413,28871.35
2778,25-Mar-25,23751.5,23869.6,23601.4,23668.65,338216746,35415.03
2779,26-Mar-25,23700.95,23736.5,23451.7,23486.85,278590831,26877.28
2780,27-Mar-25,23433.95,23646.45,23412.2,23591.95,510302142,46481.84
2781,28-Mar-25,23600.4,23649.2,23450.2,23519.35,387455531,29156.37
2782,01-Apr-25,23341.1,23565.15,23136.4,23165.7,375118343,30680.7
2783,02-Apr-25,23192.6,23350,23158.45,23332.35,340970371,24334.3
2784,03-Apr-25,23150.3,23306.5,23145.8,23250.1,283196379,23501.33
2785,04-Apr-25,23190.4,23214.7,22857.45,22904.45,466776198,33761.96
2786,07-Apr-25,21758.4,22254,21743.65,22161.6,647107618,49172.14
2787,08-Apr-25,22446.75,22697.2,22270.85,22535.85,468250807,37226.82
2788,09-Apr-25,22460.3,22468.7,22353.25,22399.15,383822618,28996.55
2789,11-Apr-25,22695.4,22923.9,22695.4,22828.55,402162001,33683.6
2790,15-Apr-25,23368.35,23368.35,23207,23328.55,388321931,34216.17
2791,16-Apr-25,23344.1,23452.2,23273.05,23437.2,348424960,28102.36
2792,17-Apr-25,23401.85,23872.35,23298.55,23851.65,505333905,38450.09
2793,21-Apr-25,23949.15,24189.55,23903.65,24125.55,406145632,33125.62
2794,22-Apr-25,24185.4,24242.6,24072,24167.25,440940490,35479.29
2795,23-Apr-25,24357.6,24359.3,24119.95,24328.95,415042544,34527.08
2796,24-Apr-25,24277.9,24347.85,24216.15,24246.7,358768165,33057.29
2797,25-Apr-25,24289,24365.45,23847.85,24039.35,387741866,33430.86
2798,28-Apr-25,24070.25,24355.1,24054.05,24328.5,320467976,28278.82
2799,29-Apr-25,24370.7,24457.65,24290.75,24335.95,357563224,30436.88
2800,30-Apr-25,24342.05,24396.15,24198.75,24334.2,424452559,41073.48
2801,02-May-25,24311.9,24589.15,24238.5,24346.7,421112627,34043.27
2802,05-May-25,24419.5,24526.4,24400.65,24461.15,291471628,26918.36
2803,06-May-25,24500.75,24509.65,24331.8,24379.6,302354059,26481.15
2804,07-May-25,24233.3,24449.6,24220,24414.4,330137191,27648.34
2805,08-May-25,24431.5,24447.25,24150.2,24273.8,411362230,36893.06
2806,09-May-25,23935.75,24164.25,23935.75,24008,335550680,28942.61
2807,12-May-25,24420.1,24944.8,24378.85,24924.7,368707684,30362.27
2808,13-May-25,24864.05,24973.8,24547.5,24578.35,422977876,34576.66
2809,14-May-25,24613.8,24767.55,24535.55,24666.9,345490805,25585.37
2810,15-May-25,24694.45,25116.25,24494.45,25062.1,500821889,44147.39
2811,16-May-25,25064.65,25070,24953.05,25019.8,432717092,43815.86
2812,19-May-25,25005.35,25062.95,24916.65,24945.45,255254340,21598.6
2813,20-May-25,24996.2,25010.35,24669.7,24683.9,414799113,31063.03
2814,21-May-25,24744.25,24946.2,24685.35,24813.45,332724952,23179.85
2815,22-May-25,24733.95,24737.5,24462.4,24609.7,403279638,30579.52
2816,23-May-25,24639.5,24909.05,24614.05,24853.15,270470348,20200.73
2817,26-May-25,24919.35,25079.2,24900.5,25001.15,302799227,20060.68
2818,27-May-25,24956.65,25062.9,24704.1,24826.2,525653668,33638.3
2819,28-May-25,24832.5,24864.25,24737.05,24752.45,684425321,37143.55
2820,29-May-25,24825.1,24892.6,24677.3,24833.6,345370611,29730.05
2821,30-May-25,24812.6,24863.95,24717.4,24750.7,853890978,52247.87
2822,02-Jun-25,24669.7,24754.4,24526.15,24716.6,311100908,25091.04
2823,03-Jun-25,24786.3,24845.1,24502.15,24542.5,349288937,28906.4
2824,04-Jun-25,24560.45,24644.25,24530.45,24620.2,280862575,21907.07
2825,05-Jun-25,24691.2,24899.85,24613.1,24750.9,388405978,30186.46
2826,06-Jun-25,24748.7,25029.5,24671.45,25003.05,335581057,30041.71
2827,09-Jun-25,25160.1,25160.1,25077.15,25103.2,279219989,25606.21
2828,10-Jun-25,25196.05,25199.3,25055.45,25104.25,307323471,28813.93
2829,11-Jun-25,25134.15,25222.4,25081.3,25141.4,301245273,25871.18
2830,12-Jun-25,25164.45,25196.2,24825.9,24888.2,328310748,29573.27
2831,13-Jun-25,24473,24754.35,24473,24718.6,318711364,24838.56
2832,16-Jun-25,24732.35,24967.1,24703.6,24946.5,305813047,23857.15
2833,17-Jun-25,24977.85,24982.05,24813.7,24853.4,242415740,21818.05
2834,18-Jun-25,24788.35,24947.55,24750.45,24812.05,237599011,22044.05
2835,19-Jun-25,24803.25,24863.1,24733.4,24793.25,274619935,23620.79
2836,20-Jun-25,24787.65,25136.2,24783.65,25112.4,574654035,55782.03
2837,23-Jun-25,24939.75,25057,24824.85,24971.9,248534153,20797.88
2838,24-Jun-25,25179.9,25317.7,24999.7,25044.35,450185468,35508.9
2839,25-Jun-25,25150.35,25266.8,25125.05,25244.75,260582584,22985.17
2840,26-Jun-25,25268.95,25565.3,25259.9,25549,428891818,38689.39
2841,27-Jun-25,25576.65,25654.2,25523.55,25637.8,563957748,47108.6
2842,30-Jun-25,25661.65,25669.35,25473.3,25517.05,270981274,24673.48
2843,01-Jul-25,25551.35,25593.4,25501.8,25541.8,260669106,23921.02
2844,02-Jul-25,25588.3,25608.1,25378.75,25453.4,309828013,26681.66
2845,03-Jul-25,25505.1,25587.5,25384.35,25405.3,293428797,24531.7
2846,04-Jul-25,25428.85,25470.25,25331.65,25461,193511595,19101.33
2847,07-Jul-25,25450.45,25489.8,25407.25,25461.3,196051345,16923.26
2848,08-Jul-25,25427.85,25548.05,25424.15,25522.5,210410530,21947.32
2849,09-Jul-25,25514.6,25548.7,25424.35,25476.1,239081546,20549.5
2850,10-Jul-25,25511.65,25524.05,25340.45,25355.25,219609322,21435.36
2851,11-Jul-25,25255.5,25322.45,25129,25149.85,249987681,26251.65
2852,14-Jul-25,25149.5,25151.1,25001.95,25082.3,259533624,23316.33
2853,15-Jul-25,25089.5,25245.2,25088.45,25195.8,241340130,23282.7
2854,16-Jul-25,25196.6,25255.3,25121.05,25212.05,228815928,22254.54
2855,17-Jul-25,25230.75,25238.35,25101,25111.45,243412540,24715.35
2856,18-Jul-25,25108.55,25144.6,24918.65,24968.4,316979826,26330.8
2857,21-Jul-25,24999,25111.4,24882.3,25090.7,305216414,26062.25
2858,22-Jul-25,25166.65,25182,25035.55,25060.9,483725120,31248.06
2859,23-Jul-25,25139.35,25233.5,25085.5,25219.9,271539651,23042.49
2860,24-Jul-25,25243.3,25246.25,25018.7,25062.1,338728860,27433.34
2861,25-Jul-25,25010.35,25010.35,24806.35,24837,278136104,25273.64
2862,28-Jul-25,24782.45,24889.2,24646.6,24680.9,262142969,24976.54
2863,29-Jul-25,24609.65,24847.15,24598.6,24821.1,284657235,25954.42
2864,30-Jul-25,24890.4,24902.3,24771.95,24855.05,243886726,23525.25
2865,31-Jul-25,24642.25,24956.5,24635,24768.35,346303628,30477.71
2866,01-Aug-25,24734.9,24784.15,24535.05,24565.35,263357194,24972.45
2867,04-Aug-25,24596.05,24736.25,24554,24722.75,259329477,20372.68
2868,05-Aug-25,24720.25,24733.1,24590.3,24649.55,251849778,23815.36
2869,06-Aug-25,24641.35,24671.4,24539.2,24574.2,225091071,20559.22
2870,07-Aug-25,24464.2,24634.2,24344.15,24596.15,616739190,35574.59
2871,08-Aug-25,24544.25,24585.5,24337.5,24363.3,312630157,38135.74
2872,11-Aug-25,24371.5,24600.85,24347.45,24585.05,241145497,21081.61
2873,12-Aug-25,24563.35,24702.6,24465.65,24487.4,237002462,22258.29
2874,13-Aug-25,24586.2,24664.55,24535.25,24619.35,236006791,22843.14
2875,14-Aug-25,24607.25,24673.65,24596.9,24631.3,270162203,22375.44
2876,18-Aug-25,24938.2,25022,24852.85,24876.95,363071305,37637.67
2877,19-Aug-25,24891.35,25012.65,24873.95,24980.65,252340828,24781.97
2878,20-Aug-25,24965.8,25088.7,24929.7,25050.55,287054119,25330.45
2879,21-Aug-25,25142,25153.65,25054.9,25083.75,226542052,21865.07
2880,22-Aug-25,25064.15,25084.85,24859.15,24870.1,210165384,19655.78
2881,25-Aug-25,24949.15,25021.55,24894.35,24967.75,213032133,19871.25
2882,26-Aug-25,24899.5,24919.65,24689.6,24712.05,750473927,47068.2
2883,28-Aug-25,24695.8,24702.65,24481.6,24500.9,326601486,29371.67
2884,29-Aug-25,24466.7,24572.45,24404.7,24426.85,325543583,26796.69
2885,01-Sep-25,24432.7,24635.6,24432.7,24625.05,229327424,20704.88
2886,02-Sep-25,24653,24756.1,24522.35,24579.6,271558516,22051.8
2887,03-Sep-25,24616.5,24737.05,24533.2,24715.05,340283328,23533.08
2888,04-Sep-25,24980.75,24980.75,24708.2,24734.3,314094160,30252.19
2889,05-Sep-25,24818.85,24832.35,24621.6,24741,210071924,18530.24
2890,08-Sep-25,24802.6,24885.5,24751.55,24773.15,213228202,20122.88
2891,09-Sep-25,24864.1,24891.8,24814,24868.6,226919775,22356.88
2892,10-Sep-25,24991,25035.7,24915.05,24973.1,244146466,22458.98
2893,11-Sep-25,24945.5,25037.3,24940.15,25005.5,224570983,21316.72
2894,12-Sep-25,25074.45,25139.45,25038.05,25114,225739766,21335.67
2895,15-Sep-25,25118.9,25138.45,25048.75,25069.2,185375759,17115.6
2896,16-Sep-25,25073.6,25261.4,25070.45,25239.1,240122320,22642.86
2897,17-Sep-25,25276.6,25346.5,25275.35,25330.25,268936695,23484.12
2898,18-Sep-25,25441.05,25448.55,25329.75,25423.6,272193683,24198.11
2899,19-Sep-25,25410.2,25431.4,25286.3,25327.05,380362832,38805.58
2900,22-Sep-25,25238.1,25331.7,25151.05,25202.35,254509892,25277.82
2901,23-Sep-25,25209,25261.9,25084.65,25169.5,299204338,31435.17
2902,24-Sep-25,25108.75,25149.85,25027.45,25056.9,244382281,22310.05
2903,25-Sep-25,25034.5,25092.7,24878.3,24890.85,342534768,32715.91
2904,26-Sep-25,24818.55,24868.6,24629.45,24654.7,291537949,29987.93
2905,29-Sep-25,24728.55,24791.3,24606.2,24634.9,394388242,40004.93
2906,30-Sep-25,24691.95,24731.8,24587.7,24611.1,304924720,29285.11
2907,01-Oct-25,24620.55,24867.95,24605.95,24836.3,308135228,29041.17
2908,03-Oct-25,24759.55,24904.8,24747.55,24894.25,366929642,31409.06
2909,06-Oct-25,24916.55,25095.95,24881.65,25077.65,271953070,25160.76
2910,07-Oct-25,25085.3,25220.9,25076.3,25108.3,286833765,26176.23
2911,08-Oct-25,25079.75,25192.5,25008.5,25046.15,225967495,21701.19
2912,09-Oct-25,25074.3,25199.25,25024.3,25181.8,286253252,22617.86
2913,10-Oct-25,25167.65,25330.75,25156.85,25285.35,232943306,21749.23
2914,13-Oct-25,25177.3,25267.3,25152.3,25227.35,234285202,20806.83
2915,14-Oct-25,25277.55,25310.35,25060.55,25145.5,292129083,24151.97
2916,15-Oct-25,25181.95,25365.15,25159.35,25323.55,289930172,25202.02
2917,16-Oct-25,25394.9,25625.4,25376.85,25585.3,372777021,32008.64
2918,17-Oct-25,25546.85,25781.5,25508.6,25709.85,422055809,35106.96
2919,20-Oct-25,25824.6,25926.2,25788.5,25843.15,301133193,29637.12
2920,21-Oct-25,25901.2,25934.35,25825.8,25868.6,42477128,3831.1
2921,23-Oct-25,26057.2,26104.2,25862.45,25891.4,448404894,41777.68
2922,24-Oct-25,25935.1,25944.15,25718.2,25795.15,284913477,23527.98
2923,27-Oct-25,25843.2,26005.95,25827,25966.05,266337274,23989.06
2924,28-Oct-25,25939.95,26041.7,25810.05,25936.2,395231207,37023.32
2925,29-Oct-25,25982,26097.85,25960.3,26053.9,321880610,26309.32
2926,30-Oct-25,25984.4,26032.05,25845.25,25877.85,257373001,24180.46
2927,31-Oct-25,25863.8,25953.75,25711.2,25722.1,334384400,28788.4
2928,03-Nov-25,25696.85,25803.1,25645.5,25763.35,275858501,23949.88
2929,04-Nov-25,25744.75,25787.4,25578.4,25597.65,305143084,29307.41
2930,06-Nov-25,25593.35,25679.15,25491.55,25509.7,371852417,36129.62
2931,07-Nov-25,25433.8,25551.25,25318.45,25492.3,305606393,35487
2932,10-Nov-25,25503.5,25653.45,25503.5,25574.35,243592948,25023.65
2933,11-Nov-25,25617,25715.8,25449.25,25694.95,297714069,28285.51
2934,12-Nov-25,25834.3,25934.55,25781.15,25875.8,343864299,30633.19
2935,13-Nov-25,25906.1,26010.7,25808.4,25879.15,385170023,30145.74
2936,14-Nov-25,25767.9,25940.2,25740.8,25910.05,518943416,33121.81
2937,17-Nov-25,25948.2,26024.2,25906.35,26013.45,264610565,23384.35
2938,18-Nov-25,26021.8,26029.85,25876.5,25910.05,280000989,26059.6
2939,19-Nov-25,25918.1,26074.65,25856.2,26052.65,250110008,24496.86
2940,20-Nov-25,26132.1,26246.65,26063.2,26192.15,240425729,25000.17
2941,21-Nov-25,26109.55,26179.2,26052.2,26068.15,235581427,24720.07
2942,24-Nov-25,26122.8,26142.8,25912.15,25959.5,464655063,44895.45
2943,25-Nov-25,25998.5,26032.6,25857.5,25884.8,260454909,25320.15
2944,26-Nov-25,25842.95,26215.15,25842.95,26205.3,275265169,31666.03
2945,27-Nov-25,26261.25,26310.45,26141.9,26215.55,240287057,25306.47
2946,28-Nov-25,26237.45,26280.75,26172.4,26202.95,202511545,20525.36
2947,01-Dec-25,26325.8,26325.8,26124.2,26175.75,213828573,21734.75
2948,02-Dec-25,26087.95,26154.6,25997.85,26032.2,254803113,26298.82
2949,03-Dec-25,26004.9,26066.45,25891,25986,265660108,25320.85
2950,04-Dec-25,25981.85,26098.25,25938.95,26033.75,248099545,26377.76
2951,05-Dec-25,25999.8,26202.6,25985.35,26186.45,249254405,27491.07
2952,08-Dec-25,26159.8,26178.7,25892.25,25960.55,320729920,31677.57
2953,09-Dec-25,25867.1,25923.65,25728,25839.65,275978160,29894.41
2954,10-Dec-25,25864.05,25947.65,25734.55,25758,207944446,21975.7
2955,11-Dec-25,25771.4,25922.8,25693.25,25898.55,206099631,20145.19
2956,12-Dec-25,25971.2,26057.6,25938.45,26046.95,216344338,19484.07
2957,15-Dec-25,25930.05,26047.15,25904.75,26027.3,181557703,17444.03
2958,16-Dec-25,25951.5,25980.75,25834.35,25860.1,264351195,23554.69
2959,17-Dec-25,25902.4,25929.15,25770.35,25818.55,206521258,19787.57
2960,18-Dec-25,25764.7,25902.35,25726.3,25815.55,197553755,20046.07
2961,19-Dec-25,25911.5,25993.35,25880.45,25966.4,382927284,36600.58
2962,22-Dec-25,26055.85,26180.7,26047.8,26172.4,252990050,25333.26
2963,23-Dec-25,26205.2,26233.55,26119.05,26177.15,216553840,19670.5
2964,24-Dec-25,26170.65,26236.4,26123,26142.1,188846828,17474.44
2965,26-Dec-25,26121.25,26144.2,26008.6,26042.3,142243763,12263.06
2966,29-Dec-25,26063.35,26106.8,25920.3,25942.1,234312888,18184.45
2967,30-Dec-25,25940.9,25976.75,25878,25938.85,396893959,39492.31
2968,31-Dec-25,25971.05,26187.95,25969,26129.6,246314941,20703.99
2969,01-Jan-26,26173.3,26197.55,26113.4,26146.55,425631910,23454.66
2970,02-Jan-26,26155.1,26340,26118.4,26328.55,357547806,23770.13
2971,05-Jan-26,26333.7,26373.2,26210.05,26250.3,338777649,25742.83
2972,06-Jan-26,26189.7,26273.95,26124.75,26178.7,383040203,34567.52
2973,07-Jan-26,26143.1,26187.15,26067.9,26140.75,338216740,30232.63
2974,08-Jan-26,26106.5,26133.2,25858.45,25876.85,328520950,27556.32
2975,09-Jan-26,25840.4,25940.6,25623,25683.3,348757262,27486.64
2976,12-Jan-26,25669.05,25813.15,25473.4,25790.25,275757268,23874.45
2977,13-Jan-26,25897.35,25899.8,25603.3,25732.3,339536336,31434.03
2978,14-Jan-26,25648.55,25791.75,25603.95,25665.6,393126596,28944.88
2979,16-Jan-26,25696.05,25873.5,25662.4,25694.35,434041776,37156.05
2980,19-Jan-26,25653.1,25653.3,25494.35,25585.5,443087953,33632.38
2981,20-Jan-26,25580.3,25585,25171.35,25232.5,409772324,31020.36
2982,21-Jan-26,25141,25300.95,24919.8,25157.5,395624981,30984.61
2983,22-Jan-26,25344.15,25435.75,25168.5,25289.9,486395433,34583.24
2984,23-Jan-26,25344.6,25347.95,25025.3,25048.65,393944908,31844.65
2985,27-Jan-26,25063.35,25246.65,24932.55,25175.4,618696080,50989.25
2986,28-Jan-26,25258.85,25372.1,25187.65,25342.75,574903942,42364.52
2987,29-Jan-26,25345,25458.15,25159.8,25418.9,582389331,44306.95
2988,30-Jan-26,25247.55,25370.7,25213.65,25320.65,508388604,40772.08
